INT	STRING	FLOAT	FLOAT	FLOAT	FLOAT	INT	INT	INT	INT
INT	STRING	FLOAT	FLOAT	FLOAT	FLOAT	INT	INT	INT	INT
0	男主角.obj	1	2	1	0.15	182	183	184	530
1	女主角.obj	1	2	1	0.15	185	186	187	263
2	巴天石.obj	1	2	1	0.15	182	183	184	373
3	白堤柳鬼.obj	1	2	1	0.15	182	183	184	577
5	毕昇.obj	1	2	1	0.15	182	183	184	453
7	蔡京.obj	1	2	1	0.15	182	183	184	691
8	残破兵俑.obj	1	2	1	0.15	182	183	184	444
9	单正.obj	1	2	1	0.15	182	183	184	179
10	稻草人.obj	1	2	1	0.15	182	183	184	620
11	丁春秋.obj	1	2	1	0.15	182	183	184	109
12	段誉.obj	1	2	1	0.15	182	183	184	448
13	断桥花妖.obj	1	2	1	0.15	182	183	184	399
15	方百花.obj	1	2	1	0.15	182	183	184	404
16	鬼面人.obj	1	2	1	0.15	182	183	184	875
17	韩印雪.obj	1	2	1	0.15	182	183	184	828
19	黑蜂.obj	1	2	1	0.15	182	183	184	911
20	金左焕.obj	1	2	1	0.15	182	183	184	794
21	酒徒.obj	1	2	1	0.15	182	183	184	786
22	郎中.obj	1	2	1	0.15	182	183	184	779
25	李师师.obj	1	2	1	0.15	182	183	184	419
26	李十二娘.obj	1	2	1	0.15	182	183	184	418
27	辽兵.obj	1	2	1	0.15	182	183	184	388
32	米芾.obj	1	2	1	0.15	182	183	184	625
33	白苗卫兵.obj	1	2	1	0.15	182	183	184	388
34	木人.obj	1	2	1	0.15	182	183	184	412
35	欧阳修.obj	1	2	1	0.15	182	183	184	440
37	秦红棉.obj	1	2	1	0.15	182	183	184	616
38	秦家寨探子.obj	1	2	1	0.15	182	183	184	612
39	山鬼.obj	1	2	1	0.15	182	183	184	369
40	山蛛.obj	1	2	1	0.15	182	183	184	362
42	石人.obj	1	2	1	0.15	182	183	184	605
44	书生.obj	1	2	1	0.15	182	183	184	133
45	蜀道黑猿.obj	1	2	1	0.15	182	183	184	703
50	宋兵.obj	1	2	1	0.15	182	183	184	318
51	宋将士.obj	1	2	1	0.15	182	183	184	322
52	苏辙.obj	1	2	1	0.15	182	183	184	668
53	藤甲贼.obj	1	2	1	0.15	182	183	184	698
54	藤员佐为.obj	1	2	1	0.15	182	183	184	696
56	吴长风.obj	1	2	1	0.15	182	183	184	214
57	萧峰.obj	1	2	1	0.15	182	183	184	678
58	萧奉先.obj	1	2	1	0.15	182	183	184	677
59	萧远山.obj	1	2	1	0.15	182	183	184	679
60	邪剑仙.obj	1	2	1	0.15	182	183	184	778
61	熊.obj	1	2	1	0.15	182	183	184	486
63	薛慕华.obj	1	2	1	0.15	182	183	184	692
64	雪人.obj	1	2	1	0.15	182	183	184	816
65	丫鬟.obj	1	2	1	0.15	182	183	184	116
67	杨文广.obj	1	2	1	0.15	182	183	184	423
68	药篓.obj	1	2	1	0.15	182	183	184	674
70	叶二娘.obj	1	2	1	0.15	182	183	184	209
71	银川公主.obj	1	2	1	0.15	182	183	184	803
72	游坦之.obj	1	2	1	0.15	182	183	184	474
73	云中鹤.obj	1	2	1	0.15	182	183	184	134
74	摘星子.obj	1	2	1	0.15	182	183	184	398
75	张耒.obj	1	2	1	0.15	182	183	184	379
76	张玄素.obj	1	2	1	0.15	182	183	184	378
78	宗赞王子.obj	1	2	1	0.15	182	183	184	329
79	商人.obj	1	2	1	0.15	182	183	184	218
80	老道士.obj	1	2	1	0.15	182	183	184	654
82	刀白凤.obj	1	2	1	0.15	182	183	184	169
83	完颜阿骨达.obj	1	2	1	0.15	182	183	184	328
84	康广陵.obj	1	2	1	0.15	182	183	184	376
85	小男孩.obj	1	2	1	0.15	182	183	184	347
86	天山中年女弟子.obj	1	2	1	0.15	182	183	184	249
87	高俅.obj	1	2	1	0.15	182	183	184	872
88	林和靖.obj	1	2	1	0.15	182	183	184	427
89	小道士.obj	1	2	1	0.15	182	183	184	355
90	程景.obj	1	2	1	0.15	182	183	184	618
91	客栈老板.obj	1	2	1	0.15	182	183	184	339
93	沈括.obj	1	2	1	0.15	182	183	184	460
94	佛印.obj	1	2	1	0.15	182	183	184	145
95	阿紫.obj	1	2	1	0.15	182	183	184	814
96	康敏.obj	1	2	1	0.15	182	183	184	377
97	钟万仇.obj	1	2	1	0.15	182	183	184	797
98	本因.obj	1	2	1	0.15	182	183	184	415
99	奚长老.obj	1	2	1	0.15	182	183	184	262
100	苏星河.obj	1	2	1	0.15	182	183	184	666
101	鸠摩智.obj	1	2	1	0.15	182	183	184	883
102	胖妇.obj	1	2	1	0.15	182	183	184	660
104	黄裳.obj	1	2	1	0.15	182	183	184	894
105	铁匠.obj	1	2	1	0.15	182	183	184	800
106	裁缝.obj	1	2	1	0.15	182	183	184	705
107	奸商.obj	1	2	1	0.15	182	183	184	388
108	酒店老板.obj	1	2	1	0.15	182	183	184	782
109	钱庄老板.obj	1	2	1	0.15	182	183	184	799
110	玄慈.obj	1	2	1	0.15	182	183	184	506
111	慧伦.obj	1	2	1	0.15	182	183	184	387
112	小和尚.obj	1	2	1	0.15	182	183	184	343
113	镖头.obj	1	2	1	0.15	182	183	184	388
114	捕快.obj	1	2	1	0.15	182	183	184	395
115	少妇.obj	1	2	1	0.15	182	183	184	356
116	王安石.obj	1	2	1	0.15	182	183	184	508
117	苏轼.obj	1	2	1	0.15	182	183	184	667
118	慕容复.obj	1	2	1	0.15	182	183	184	386
119	风波恶.obj	1	2	1	0.15	182	183	184	830
120	阿碧.obj	1	2	1	0.15	182	183	184	813
121	阿珠.obj	1	2	1	0.15	182	183	184	812
122	仇道士.obj	1	2	1	0.15	182	183	184	139
123	段延庆.obj	1	2	1	0.15	182	183	184	445
124	段正淳.obj	1	2	1	0.15	182	183	184	447
125	段正明.obj	1	2	1	0.15	182	183	184	446
126	方腊.obj	1	2	1	0.15	182	183	184	405
127	方七佛.obj	1	2	1	0.15	182	183	184	402
128	方七佛.obj	1	2	1	0.15	182	183	184	402
129	玛拉.obj	1	2	1	0.15	182	183	184	511
130	冯阿三.obj	1	2	1	0.15	182	183	184	154
131	韩世忠.obj	1	2	1	0.15	182	183	184	827
134	红玉.obj	1	2	1	0.15	182	183	184	635
135	天山女弟子.obj	1	2	1	0.15	182	183	184	250
136	朱丹臣.obj	1	2	1	0.15	182	183	184	416
141	城市飞人.obj	1	2	1	0.15	182	183	184	239
142	鸽子01.obj	1	2	1	0.15	182	183	184	886
143	鸽子02.obj	1	2	1	0.15	182	183	184	887
144	鸽子03.obj	1	2	1	0.15	182	183	184	888
145	怪兽.obj	1	2	1	0.15	182	183	184	382
151	狗.obj	1	2	1	0.15	182	183	184	489
152	羊.obj	1	2	1	0.15	182	183	184	648
153	高山白猿.obj	1	2	1	0.15	182	183	184	873
154	黑衣马匪.obj	1	2	1	0.15	182	183	184	912
155	东北虎.obj	1	2	1	0.15	182	183	184	114
157	巴伦莽盖.obj	1	2	1	0.15	182	183	184	372
158	棕熊.obj	1	2	1	0.15	182	183	184	435
159	红枫蜘蛛.obj	1	2	1	0.15	182	183	184	633
160	轻甲莽盖.obj	1	2	1	0.15	182	183	184	756
161	重甲莽盖.obj	1	2	1	0.15	182	183	184	788
162	沼泽鳄鱼.obj	1	2	1	0.15	182	183	184	463
163	金钱豹.obj	1	2	1	0.15	182	183	184	796
164	雪山莽盖.obj	1	2	1	0.15	182	183	184	818
165	大黄蜂.obj	1	2	1	0.15	182	183	184	246
166	蒙古黑蜂.obj	1	2	1	0.15	182	183	184	686
167	丛林蜂.obj	1	2	1	0.15	182	183	184	112
168	白狼王.obj	1	2	1	0.15	182	183	184	585
169	草原狼.obj	1	2	1	0.15	182	183	184	671
170	西北狼.obj	1	2	1	0.15	182	183	184	709
171	红衣马匪.obj	1	2	1	0.15	182	183	184	640
172	马匪探子.obj	1	2	1	0.15	182	183	184	833
173	闪电马匪.obj	1	2	1	0.15	182	183	184	809
174	追风马匪.obj	1	2	1	0.15	182	183	184	773
175	秦家寨兵.obj	1	2	1	0.15	182	183	184	612
176	秦家寨教头.obj	1	2	1	0.15	182	183	184	612
177	秦家寨喽啰.obj	1	2	1	0.15	182	183	184	612
178	弯刀马匪.obj	1	2	1	0.15	182	183	184	380
179	秦观.obj	1	2	1	0.15	182	183	184	617
180	全冠清.obj	1	2	1	0.15	182	183	184	150
200	赫连铁树.obj	1	2	1	0.15	182	183	184	740
201	宋大官员1.obj	1	2	1	0.15	182	183	184	319
202	宋大官员2.obj	1	2	1	0.15	182	183	184	320
203	宋大官员3.obj	1	2	1	0.15	182	183	184	321
204	宋将士1.obj	1	2	1	0.15	182	183	184	388
205	宋将士2.obj	1	2	1	0.15	182	183	184	388
206	宋将士3.obj	1	2	1	0.15	182	183	184	388
207	宋将士4.obj	1	2	1	0.15	182	183	184	388
208	捕快B.obj	1	2	1	0.15	182	183	184	396
209	白苗贵族女.obj	1	2	1	0.15	182	183	184	595
210	黑苗卫兵.obj	1	2	1	0.15	182	183	184	388
211	苏辙A.obj	1	2	1	0.15	182	183	184	669
212	苏辙B.obj	1	2	1	0.15	182	183	184	670
213	峨嵋中年女侠.obj	1	2	1	0.15	182	183	184	370
214	小茗.obj	1	2	1	0.15	182	183	184	350
215	小诗.obj	1	2	1	0.15	182	183	184	351
216	峨嵋男弟子.obj	1	2	1	0.15	182	183	184	371
217	孟青青.obj	1	2	1	0.15	182	183	184	314
218	符敏仪.obj	1	2	1	0.15	182	183	184	624
219	菊剑.obj	1	2	1	0.15	182	183	184	676
220	兰剑.obj	1	2	1	0.15	182	183	184	151
221	梅剑.obj	1	2	1	0.15	182	183	184	431
222	竹剑.obj	1	2	1	0.15	182	183	184	623
223	余婆.obj	1	2	1	0.15	182	183	184	143
224	天山男弟子.obj	1	2	1	0.15	182	183	184	251
225	天山童姥.obj	1	2	1	0.15	182	183	184	252
226	虚竹.obj	1	2	1	0.15	182	183	184	700
227	蒙古牧民1.obj	1	2	1	0.15	182	183	184	682
228	蒙古牧民2.obj	1	2	1	0.15	182	183	184	683
229	蒙古男1.obj	1	2	1	0.15	182	183	184	388
230	蒙古男2.obj	1	2	1	0.15	182	183	184	388
231	西夏步兵.obj	1	2	1	0.15	182	183	184	388
232	西夏将军1.obj	1	2	1	0.15	182	183	184	388
233	西夏将军2.obj	1	2	1	0.15	182	183	184	388
234	小男孩.obj	1	2	1	0.15	182	183	184	347
235	小男孩2.obj	1	2	1	0.15	182	183	184	348
236	小男孩3.obj	1	2	1	0.15	182	183	184	349
237	小女孩.obj	1	2	1	0.15	182	183	184	344
238	小女孩2.obj	1	2	1	0.15	182	183	184	345
239	小女孩3.obj	1	2	1	0.15	182	183	184	346
240	杨文广A.obj	1	2	1	0.15	182	183	184	424
241	杨文广B.obj	1	2	1	0.15	182	183	184	425
242	杨文广C.obj	1	2	1	0.15	182	183	184	426
244	阿拉伯人B.obj	1	2	1	0.15	182	183	184	810
245	阿拉伯人C.obj	1	2	1	0.15	182	183	184	811
246	白苗族小男孩.obj	1	2	1	0.15	182	183	184	594
247	北方贵族.obj	1	2	1	0.15	182	183	184	176
248	北方老年男性.obj	1	2	1	0.15	182	183	184	175
249	北方猎户.obj	1	2	1	0.15	182	183	184	173
250	北方青年女性.obj	1	2	1	0.15	182	183	184	177
251	唱戏的.obj	1	2	1	0.15	182	183	184	217
252	大理士兵.obj	1	2	1	0.15	182	183	184	242
253	德国人.obj	1	2	1	0.15	182	183	184	381
254	犯人.obj	1	2	1	0.15	182	183	184	488
255	富书生A.obj	1	2	1	0.15	182	183	184	340
256	富书生B.obj	1	2	1	0.15	182	183	184	341
257	黑苗贵族女.obj	1	2	1	0.15	182	183	184	910
258	黑苗男.obj	1	2	1	0.15	182	183	184	909
259	黑苗女.obj	1	2	1	0.15	182	183	184	907
260	黑苗族小男孩.obj	1	2	1	0.15	182	183	184	908
261	轿夫.obj	1	2	1	0.15	182	183	184	757
262	酒店老板1.obj	1	2	1	0.15	182	183	184	783
263	酒店老板2.obj	1	2	1	0.15	182	183	184	784
264	酒店老板3.obj	1	2	1	0.15	182	183	184	785
265	郎中1.obj	1	2	1	0.15	182	183	184	780
266	郎中2.obj	1	2	1	0.15	182	183	184	781
267	老道士1.obj	1	2	1	0.15	182	183	184	655
268	老年员外.obj	1	2	1	0.15	182	183	184	652
269	辽国老年武官2.obj	1	2	1	0.15	182	183	184	766
270	辽国老年武官.obj	1	2	1	0.15	182	183	184	765
271	辽国骑兵1.obj	1	2	1	0.15	182	183	184	767
272	辽国骑兵2.obj	1	2	1	0.15	182	183	184	768
273	辽国骑兵3.obj	1	2	1	0.15	182	183	184	769
274	辽国中年武官2.obj	1	2	1	0.15	182	183	184	760
275	辽国中年武官.obj	1	2	1	0.15	182	183	184	759
276	辽文官.obj	1	2	1	0.15	182	183	184	771
277	蒙古女1.obj	1	2	1	0.15	182	183	184	680
278	蒙古女2.obj	1	2	1	0.15	182	183	184	681
279	名医1.obj	1	2	1	0.15	182	183	184	211
280	名医2.obj	1	2	1	0.15	182	183	184	212
281	农妇1.obj	1	2	1	0.15	182	183	184	152
282	农妇2.obj	1	2	1	0.15	182	183	184	153
283	女真武士.obj	1	2	1	0.15	182	183	184	388
284	欧阳修B.obj	1	2	1	0.15	182	183	184	441
285	欧阳修C.obj	1	2	1	0.15	182	183	184	442
286	胖大商人.obj	1	2	1	0.15	182	183	184	659
287	普通侠士1.obj	1	2	1	0.15	182	183	184	388
288	普通侠士2.obj	1	2	1	0.15	182	183	184	388
289	普通侠士3.obj	1	2	1	0.15	182	183	184	388
290	乞丐.obj	1	2	1	0.15	182	183	184	132
291	青年道姑.obj	1	2	1	0.15	182	183	184	822
292	穷书生A.obj	1	2	1	0.15	182	183	184	621
293	穷书生B.obj	1	2	1	0.15	182	183	184	622
294	少妇2.obj	1	2	1	0.15	182	183	184	357
295	少妇3.obj	1	2	1	0.15	182	183	184	358
296	少妇4.obj	1	2	1	0.15	182	183	184	359
297	少妇4.obj	1	2	1	0.15	182	183	184	359
298	宋朝小官吏.obj	1	2	1	0.15	182	183	184	327
299	西藏喇嘛.obj	1	2	1	0.15	182	183	184	735
300	小贩.obj	1	2	1	0.15	182	183	184	352
301	小贩B.obj	1	2	1	0.15	182	183	184	353
302	小贩C.obj	1	2	1	0.15	182	183	184	354
303	新手指导男.obj	1	2	1	0.15	182	183	184	401
304	新手指导女.obj	1	2	1	0.15	182	183	184	400
305	丫鬟B.obj	1	2	1	0.15	182	183	184	117
306	渔夫.obj	1	2	1	0.15	182	183	184	473
307	月老.obj	1	2	1	0.15	182	183	184	411
308	中年贵妇.obj	1	2	1	0.15	182	183	184	121
309	中年贵妇B.obj	1	2	1	0.15	182	183	184	122
310	钟灵.obj	1	2	1	0.15	182	183	184	798
312	王语嫣.obj	1	2	1	0.15	182	183	184	509
313	大理俗家女弟子.obj	1	2	1	0.15	182	183	184	241
314	大理小沙弥.obj	1	2	1	0.15	182	183	184	243
316	本参.obj	1	2	1	0.15	182	183	184	608
317	本观.obj	1	2	1	0.15	182	183	184	608
319	破痴.obj	1	2	1	0.15	182	183	184	608
330	白世镜.obj	1	2	1	0.15	182	183	184	575
331	吕师襄.obj	1	2	1	0.15	182	183	184	213
332	余道安.obj	1	2	1	0.15	182	183	184	144
333	慕容博.obj	1	2	1	0.15	182	183	184	385
334	少林女弟子.obj	1	2	1	0.15	182	183	184	360
335	俗家弟子.obj	1	2	1	0.15	182	183	184	146
336	程若清.obj	1	2	1	0.15	182	183	184	619
337	鹤云道人.obj	1	2	1	0.15	182	183	184	890
338	林灵素.obj	1	2	1	0.15	182	183	184	428
339	宁虚散人.obj	1	2	1	0.15	182	183	184	315
340	李傀儡.obj	1	2	1	0.15	182	183	184	417
341	吴领军.obj	1	2	1	0.15	182	183	184	215
342	出尘子.obj	1	2	1	0.15	182	183	184	166
343	狮吼子.obj	1	2	1	0.15	182	183	184	490
344	天狼子.obj	1	2	1	0.15	182	183	184	255
345	赵天师.obj	1	2	1	0.15	182	183	184	608
346	破痴.obj	1	2	1	0.15	182	183	184	608
347	张函芝.obj	1	2	1	0.15	182	183	184	608
348	南海鳄神.obj	1	2	1	0.15	182	183	184	181
349	黑苗老头.obj	1	2	1	0.15	182	183	184	608
350	扫地老僧.obj	1	2	1	0.15	182	183	184	608
351	阿拉伯男人1.obj	1	2	1	0.15	182	183	184	608
352	阿拉伯男人2.obj	1	2	1	0.15	182	183	184	608
353	李秋水.obj	1	2	1	0.15	182	183	184	608
354	陈孤雁.obj	1	2	1	0.15	182	183	184	608
355	刘竹庄.obj	1	2	1	0.15	182	183	184	608
356	徐长老.obj	1	2	1	0.15	182	183	184	608
357	张全祥.obj	1	2	1	0.15	182	183	184	608
358	左慈.obj	1	2	1	0.15	182	183	184	608
359	范百龄.obj	1	2	1	0.15	182	183	184	608
360	苟渎.obj	1	2	1	0.15	182	183	184	608
361	石清露.obj	1	2	1	0.15	182	183	184	608
362	石嫂.obj	1	2	1	0.15	182	183	184	608
363	林世长.obj	1	2	1	0.15	182	183	184	608
364	玄寂.obj	1	2	1	0.15	182	183	184	608
365	玄难.obj	1	2	1	0.15	182	183	184	608
366	赵天师新.obj	1	2	1	0.15	182	183	184	743
367	北院辽兵.obj	1	2	1	0.15	182	183	184	178
368	楚王.obj	1	2	1	0.15	182	183	184	438
369	楚王精英卫士.obj	1	2	1	0.15	182	183	184	439
370	僵尸.obj	1	2	1	0.15	182	183	184	149
371	精英西夏黑黄纹衣武士.obj	1	2	1	0.15	182	183	184	632
372	精英西夏红衣武士.obj	1	2	1	0.15	182	183	184	629
373	精英西夏黄衣武士.obj	1	2	1	0.15	182	183	184	631
374	精英西夏灰衣武士.obj	1	2	1	0.15	182	183	184	628
375	精英西夏魁梧武士.obj	1	2	1	0.15	182	183	184	630
376	聚贤庄家丁.obj	1	2	1	0.15	182	183	184	657
377	魁梧青年侠客.obj	1	2	1	0.15	182	183	184	877
378	魁梧中年侠士.obj	1	2	1	0.15	182	183	184	876
379	老乞丐.obj	1	2	1	0.15	182	183	184	651
380	李延宗.obj	1	2	1	0.15	182	183	184	420
381	辽国皇帝.obj	1	2	1	0.15	182	183	184	764
382	辽国皇太叔A.obj	1	2	1	0.15	182	183	184	761
383	辽国皇太叔B.obj	1	2	1	0.15	182	183	184	762
384	辽国皇太叔C.obj	1	2	1	0.15	182	183	184	763
385	南院辽兵.obj	1	2	1	0.15	182	183	184	183
386	普通西夏武士.obj	1	2	1	0.15	182	183	184	410
387	青年女侠.obj	1	2	1	0.15	182	183	184	821
388	青年书生.obj	1	2	1	0.15	182	183	184	820
389	少林老僧.obj	1	2	1	0.15	182	183	184	361
390	瘦削青年侠客.obj	1	2	1	0.15	182	183	184	574
391	瘦削中年侠士.obj	1	2	1	0.15	182	183	184	573
392	万劫谷卫兵.obj	1	2	1	0.15	182	183	184	110
393	中年女侠.obj	1	2	1	0.15	182	183	184	120
394	中年乞丐.obj	1	2	1	0.15	182	183	184	118
395	中年书生.obj	1	2	1	0.15	182	183	184	119
396	背包袱路人.obj	1	2	1	0.15	182	183	184	658
397	打伞女.obj	1	2	1	0.15	182	183	184	390
398	俩人抬箱子.obj	1	2	1	0.15	182	183	184	147
399	骑驴老头.obj	1	2	1	0.15	182	183	184	870
400	骑马的路人.obj	1	2	1	0.15	182	183	184	869
401	耍猴人.obj	1	2	1	0.15	182	183	184	656
402	挑扁担小贩.obj	1	2	1	0.15	182	183	184	394
403	推车小贩.obj	1	2	1	0.15	182	183	184	397
404	甲虫.obj	1	2	1	0.15	182	183	184	381
405	老鼠.obj	1	2	1	0.15	182	183	184	381
406	小蝙蝠.obj	1	2	1	0.15	182	183	184	381
407	小青蛙.obj	1	2	1	0.15	182	183	184	381
408	小蜥蜴.obj	1	2	1	0.15	182	183	184	381
409	蝎子.obj	1	2	1	0.15	182	183	184	381
410	红色帽子圣诞老人.obj	1	2	1	0.15	182	183	184	231
411	蓝色帽子圣诞老人.obj	1	2	1	0.15	182	183	184	231
412	李秋水1.obj	1	2	1	0.15	182	183	184	422
413	天山童姥.obj	1	2	1	0.15	182	183	184	253
414	天山童姥.obj	1	2	1	0.15	182	183	184	254
415	胖一般商人.obj	1	2	1	0.15	182	183	184	659
416	大理俗家弟子.obj	1	2	1	0.15	182	183	184	659
417	洛阳兵1.obj	1	2	1	0.15	182	183	184	381
418	洛阳兵2.obj	1	2	1	0.15	182	183	184	381
419	大理骑乘弟子.obj	1	2	1	0.15	182	183	184	608
420	峨嵋骑乘弟子.obj	1	2	1	0.15	182	183	184	608
421	丐帮骑乘弟子.obj	1	2	1	0.15	182	183	184	608
422	明教骑乘弟子.obj	1	2	1	0.15	182	183	184	608
423	少林骑乘弟子.obj	1	2	1	0.15	182	183	184	608
424	天山骑乘弟子.obj	1	2	1	0.15	182	183	184	608
425	武当骑乘弟子.obj	1	2	1	0.15	182	183	184	608
426	逍遥骑乘弟子.obj	1	2	1	0.15	182	183	184	608
427	星宿骑乘弟子.obj	1	2	1	0.15	182	183	184	608
428	骑象人.obj	1	2	1	0.15	182	183	184	608
429	李十二娘2.obj	1	2	1	0.15	182	183	184	418
430	苏星河2.obj	1	2	1	0.15	182	183	184	666
431	小茗2.obj	1	2	1	0.15	182	183	184	350
432	阮星竹.obj	1	2	1	0.15	182	183	184	350
433	草药矿石/灵药药鼎.obj	1	2	1	0.15	182	183	184	485
434	峨嵋高级骑乘弟子.obj	1	2	1	0.15	182	183	184	874
435	丐帮高级骑乘弟子.obj	1	2	1	0.15	182	183	184	874
436	明教高级骑乘弟子.obj	1	2	1	0.15	182	183	184	874
437	少林高级骑乘弟子.obj	1	2	1	0.15	182	183	184	874
438	天龙高级骑乘弟子.obj	1	2	1	0.15	182	183	184	874
439	天山高级骑乘弟子.obj	1	2	1	0.15	182	183	184	874
440	武当高级骑乘弟子.obj	1	2	1	0.15	182	183	184	874
441	逍遥高级骑乘弟子.obj	1	2	1	0.15	182	183	184	874
442	星宿高级骑乘弟子.obj	1	2	1	0.15	182	183	184	874
443	漂亮女.obj	1	2	1	0.15	182	183	184	475
444	变身冰人.obj	1	2	1	0.15	182	183	184	186
445	变身雪人.obj	1	2	1	0.15	182	183	184	201
446	变身月饼.obj	1	2	1	0.15	182	183	184	192
500	赤脚野人.obj	1	2	1	0.15	182	183	184	739
501	丛林野人.obj	1	2	1	0.15	182	183	184	113
502	毒狼蛛.obj	1	2	1	0.15	182	183	184	452
503	大黑熊.obj	1	2	1	0.15	182	183	184	247
504	恶猿.obj	1	2	1	0.15	182	183	184	383
505	黑熊.obj	1	2	1	0.15	182	183	184	901
506	黑沼豹.obj	1	2	1	0.15	182	183	184	900
507	花斑豹.obj	1	2	1	0.15	182	183	184	664
508	荒原豹.obj	1	2	1	0.15	182	183	184	673
509	沙坡狼.obj	1	2	1	0.15	182	183	184	461
510	狼蛛.obj	1	2	1	0.15	182	183	184	500
511	红袍蜘蛛.obj	1	2	1	0.15	182	183	184	641
512	白花蜘蛛.obj	1	2	1	0.15	182	183	184	592
513	花岗石人.obj	1	2	1	0.15	182	183	184	663
514	镜湖水鬼.obj	1	2	1	0.15	182	183	184	805
515	拦路水鬼.obj	1	2	1	0.15	182	183	184	393
516	纵火水鬼.obj	1	2	1	0.15	182	183	184	642
517	太湖水鬼.obj	1	2	1	0.15	182	183	184	256
518	灰熊.obj	1	2	1	0.15	182	183	184	481
519	镜湖鳄鱼.obj	1	2	1	0.15	182	183	184	807
520	白棋子1.obj	1	2	1	0.15	182	183	184	580
521	白棋子2.obj	1	2	1	0.15	182	183	184	581
522	黑棋子1.obj	1	2	1	0.15	182	183	184	898
523	黑棋子2.obj	1	2	1	0.15	182	183	184	899
524	白茅草人.obj	1	2	1	0.15	182	183	184	596
525	鳄鱼帮打手.obj	1	2	1	0.15	182	183	184	880
526	鳄鱼帮混混.obj	1	2	1	0.15	182	183	184	881
527	鳄鱼帮堂主.obj	1	2	1	0.15	182	183	184	879
528	狼人神汉.obj	1	2	1	0.15	182	183	184	498
529	狼族荆棘使.obj	1	2	1	0.15	182	183	184	499
530	山越刀客.obj	1	2	1	0.15	182	183	184	364
531	山越盗匪.obj	1	2	1	0.15	182	183	184	367
532	山越护法.obj	1	2	1	0.15	182	183	184	366
533	山越祭司.obj	1	2	1	0.15	182	183	184	368
534	山越战士.obj	1	2	1	0.15	182	183	184	365
535	闪电豹.obj	1	2	1	0.15	182	183	184	808
536	深谷白猿.obj	1	2	1	0.15	182	183	184	471
537	石人偃师.obj	1	2	1	0.15	182	183	184	606
538	蜀道白猿.obj	1	2	1	0.15	182	183	184	702
539	水鬼刺客.obj	1	2	1	0.15	182	183	184	458
540	水鬼探子.obj	1	2	1	0.15	182	183	184	459
541	蓑衣野人.obj	1	2	1	0.15	182	183	184	687
542	太湖鳄鱼.obj	1	2	1	0.15	182	183	184	257
543	叶岩石人.obj	1	2	1	0.15	182	183	184	210
544	遗弃木人.obj	1	2	1	0.15	182	183	184	776
545	遗弃铜人.obj	1	2	1	0.15	182	183	184	777
546	凿船水鬼.obj	1	2	1	0.15	182	183	184	168
547	南海鳄鱼.obj	1	2	1	0.15	182	183	184	182
548	嗜血鳄鱼.obj	1	2	1	0.15	182	183	184	219
549	树甲哨兵.obj	1	2	1	0.15	182	183	184	429
550	狼人探子.obj	1	2	1	0.15	182	183	184	497
551	狼人土司.obj	1	2	1	0.15	182	183	184	495
552	狼人勇士.obj	1	2	1	0.15	182	183	184	494
553	狼人战士.obj	1	2	1	0.15	182	183	184	496
554	云母石人.obj	1	2	1	0.15	182	183	184	135
555	醉人蜂.obj	1	2	1	0.15	182	183	184	787
556	南海海盗.obj	1	2	1	0.15	182	183	184	180
557	镜湖花妖.obj	1	2	1	0.15	182	183	184	806
558	獠牙雪人.obj	1	2	1	0.15	182	183	184	501
559	藤甲勇士.obj	1	2	1	0.15	182	183	184	697
560	雪山猎人.obj	1	2	1	0.15	182	183	184	817
561	花岗石狮.obj	1	2	1	0.15	182	183	184	607
562	阿鼻修罗.obj	1	2	1	0.15	182	183	184	148
563	万劫修罗.obj	1	2	1	0.15	182	183	184	148
564	修罗探子.obj	1	2	1	0.15	182	183	184	148
565	永夜修罗.obj	1	2	1	0.15	182	183	184	148
566	白额虎.obj	1	2	1	0.15	182	183	184	114
567	大偃师.obj	1	2	1	0.15	182	183	184	606
568	木人巷首领.obj	1	2	1	0.15	182	183	184	414
569	棋局首领.obj	1	2	1	0.15	182	183	184	432
570	金刚.obj	1	2	1	0.15	182	183	184	793
571	红熊王.obj	1	2	1	0.15	182	183	184	634
572	火柱战斗01.obj	1	2	1	0.15	182	183	184	388
573	火柱战斗02.obj	1	2	1	0.15	182	183	184	388
574	虚竹小和尚.obj	1	2	1	0.15	182	183	184	700
600	风狼.obj	1	2	1	0.15	182	183	184	585
601	雪狼.obj	1	2	1	0.15	182	183	184	585
602	雪山狼.obj	1	2	1	0.15	182	183	184	585
603	颖水狼.obj	1	2	1	0.15	182	183	184	585
604	红枫熊.obj	1	2	1	0.15	182	183	184	481
605	花港毒蜂.obj	1	2	1	0.15	182	183	184	112
606	柳鬼.obj	1	2	1	0.15	182	183	184	577
607	龙井水贼.obj	1	2	1	0.15	182	183	184	393
608	龙泉豹.obj	1	2	1	0.15	182	183	184	664
609	龙血石人.obj	1	2	1	0.15	182	183	184	663
610	女娲石人.obj	1	2	1	0.15	182	183	184	663
611	石老人.obj	1	2	1	0.15	182	183	184	663
612	卢崖铜人.obj	1	2	1	0.15	182	183	184	777
613	南海盗神.obj	1	2	1	0.15	182	183	184	180
614	秦家寨护卫.obj	1	2	1	0.15	182	183	184	612
615	秦家寨劫匪.obj	1	2	1	0.15	182	183	184	612
616	偃师护法.obj	1	2	1	0.15	182	183	184	606
617	棚民.obj	1	2	1	0.15	182	183	184	393
618	鳄鱼帮杀手.obj	1	2	1	0.15	182	183	184	880
619	芦苇草人.obj	1	2	1	0.15	182	183	184	620
620	榆木傀儡.obj	1	2	1	0.15	182	183	184	776
621	枯木明王.obj	1	2	1	0.15	182	183	184	432
622	梵火明王.obj	1	2	1	0.15	182	183	184	432
623	裂金明王.obj	1	2	1	0.15	182	183	184	432
624	腐水明王.obj	1	2	1	0.15	182	183	184	432
625	红色怪兽.obj	1	2	1	0.15	182	183	184	382
626	绿色怪兽.obj	1	2	1	0.15	182	183	184	382
627	紫色怪兽.obj	1	2	1	0.15	182	183	184	382
628	遗弃木人1.obj	1	2	1	0.15	182	183	184	776
629	遗弃木人2.obj	1	2	1	0.15	182	183	184	776
630	遗弃木人3.obj	1	2	1	0.15	182	183	184	776
631	遗弃木人4.obj	1	2	1	0.15	182	183	184	776
632	秦家寨探子1.obj	1	2	1	0.15	182	183	184	612
633	秦家寨探子2.obj	1	2	1	0.15	182	183	184	612
634	秦家寨探子3.obj	1	2	1	0.15	182	183	184	612
635	秦家寨探子4.obj	1	2	1	0.15	182	183	184	612
636	高山白猿1.obj	1	2	1	0.15	182	183	184	873
637	高山白猿2.obj	1	2	1	0.15	182	183	184	873
638	高山白猿3.obj	1	2	1	0.15	182	183	184	873
639	高山白猿4.obj	1	2	1	0.15	182	183	184	873
640	镜湖花妖1.obj	1	2	1	0.15	182	183	184	806
641	镜湖花妖2.obj	1	2	1	0.15	182	183	184	806
642	镜湖花妖3.obj	1	2	1	0.15	182	183	184	806
643	镜湖花妖4.obj	1	2	1	0.15	182	183	184	806
644	高山白猿5.obj	1	2	1	0.15	182	183	184	873
645	高山白猿6.obj	1	2	1	0.15	182	183	184	873
646	高山白猿7.obj	1	2	1	0.15	182	183	184	873
647	高山白猿8.obj	1	2	1	0.15	182	183	184	873
648	山蛛1.obj	1	2	1	0.15	182	183	184	633
649	山蛛2.obj	1	2	1	0.15	182	183	184	633
650	山蛛3.obj	1	2	1	0.15	182	183	184	633
651	山蛛4.obj	1	2	1	0.15	182	183	184	633
652	遗弃木人1.obj	1	2	1	0.15	182	183	184	776
653	遗弃木人2.obj	1	2	1	0.15	182	183	184	776
654	遗弃木人3.obj	1	2	1	0.15	182	183	184	776
655	遗弃木人4.obj	1	2	1	0.15	182	183	184	776
656	雪人1.obj	1	2	1	0.15	182	183	184	501
657	雪人2.obj	1	2	1	0.15	182	183	184	501
658	雪人3.obj	1	2	1	0.15	182	183	184	501
659	雪人4.obj	1	2	1	0.15	182	183	184	577
660	花岗石人1.obj	1	2	1	0.15	182	183	184	663
661	花岗石人2.obj	1	2	1	0.15	182	183	184	663
662	花岗石人3.obj	1	2	1	0.15	182	183	184	663
663	花岗石人4.obj	1	2	1	0.15	182	183	184	663
664	蛤蟆首领.obj	1	2	1	0.15	182	183	184	701
665	木人巷小首领.obj	1	2	1	0.15	182	183	184	413
666	人类首领2.obj	1	2	1	0.15	182	183	184	138
667	人类首领.obj	1	2	1	0.15	182	183	184	137
668	野外首领.obj	1	2	1	0.15	182	183	184	790
669	野外小首领.obj	1	2	1	0.15	182	183	184	789
670	野猪首领.obj	1	2	1	0.15	182	183	184	791
671	矮花妖.obj	1	2	1	0.15	182	183	184	604
672	白帝.obj	1	2	1	0.15	182	183	184	578
673	赤帝.obj	1	2	1	0.15	182	183	184	738
674	毒丝蜘蛛王.obj	1	2	1	0.15	182	183	184	451
675	驳马.obj	1	2	1	0.15	182	183	184	834
676	副本9层蝙蝠.obj	1	2	1	0.15	182	183	184	170
677	副本9层鬼魂.obj	1	2	1	0.15	182	183	184	171
678	火狻猊.obj	1	2	1	0.15	182	183	184	479
679	泥浆武士.obj	1	2	1	0.15	182	183	184	464
680	死亡嫔妃.obj	1	2	1	0.15	182	183	184	443
681	幽灵.obj	1	2	1.6	0.15	182	183	184	374
682	缩小白帝.obj	1	2	0.6	0.15	182	183	184	578
683	缩小赤帝.obj	1	2	0.6	0.15	182	183	184	738
684	缩小毒丝蜘蛛王.obj	1	2	0.6	0.15	182	183	184	451
685	冰boos.obj	1	2	1	0.15	182	183	184	155
686	冰boos猛将.obj	1	2	1	0.15	182	183	184	156
687	火boos.obj	1	2	1	0.15	182	183	184	477
688	火boos四足.obj	1	2	1	0.15	182	183	184	478
689	玄boos六臂.obj	1	2	1	0.15	182	183	184	503
690	玄boss猛将.obj	1	2	1	0.15	182	183	184	505
691	玄boos.obj	1	2	1	0.15	182	183	184	502
692	boos六爪.obj	1	2	1	0.15	182	183	184	0
693	毒boos.obj	1	2	1	0.15	182	183	184	449
694	毒boos四足.obj	1	2	1	0.15	182	183	184	450
695	企鹅王.obj	1	2	1	0.15	182	183	184	141
701	青色霸王龙.obj	1	2	1	0.15	182	183	184	601
702	白色北极熊.obj	1	2	1	0.15	182	183	184	601
703	绿色大螳螂.obj	1	2	1	0.15	182	183	184	601
704	黑色大猩猩.obj	1	2	1	0.15	182	183	184	601
705	棕黄色袋鼠.obj	1	2	1	0.15	182	183	184	601
706	黄色剑齿虎.obj	1	2	1	0.15	182	183	184	601
707	红色剑龙.obj	1	2	1	0.15	182	183	184	601
708	黑白企鹅.obj	1	2	1	0.15	182	183	184	601
709	棕身白颈鸵鸟.obj	1	2	1	0.15	182	183	184	601
710	青色鸭嘴兽.obj	1	2	1	0.15	182	183	184	601
711	粉白企鹅.obj	1	2	1	0.15	182	183	184	601
712	蓝白企鹅.obj	1	2	1	0.15	182	183	184	601
713	粉色北极熊.obj	1	2	1	0.15	182	183	184	601
714	蓝色北极熊.obj	1	2	1	0.15	182	183	184	601
715	粉色大螳螂.obj	1	2	1	0.15	182	183	184	601
716	蓝色大螳螂.obj	1	2	1	0.15	182	183	184	601
717	粉色袋鼠.obj	1	2	1	0.15	182	183	184	601
718	蓝色袋鼠.obj	1	2	1	0.15	182	183	184	601
719	粉色剑齿虎.obj	1	2	1	0.15	182	183	184	601
720	蓝色剑齿虎.obj	1	2	1	0.15	182	183	184	601
721	粉身白颈鸵鸟.obj	1	2	1	0.15	182	183	184	601
722	蓝身白颈鸵鸟.obj	1	2	1	0.15	182	183	184	601
723	褐色鸭嘴兽.obj	1	2	1	0.15	182	183	184	601
724	蓝色鸭嘴兽.obj	1	2	1	0.15	182	183	184	601
725	红色霸王龙.obj	1	2	1	0.15	182	183	184	601
726	黄色霸王龙.obj	1	2	1	0.15	182	183	184	601
727	黄色大猩猩.obj	1	2	1	0.15	182	183	184	601
728	蓝色大猩猩.obj	1	2	1	0.15	182	183	184	601
729	黄色剑龙.obj	1	2	1	0.15	182	183	184	601
730	蓝色剑龙.obj	1	2	1	0.15	182	183	184	601
731	橙色宠物豹.obj	1	2	1	0.15	182	183	184	601
732	绿色宠物鳄鱼.obj	1	2	1	0.15	182	183	184	601
733	橙色宠物虎.obj	1	2	1	0.15	182	183	184	601
734	灰色宠物狼.obj	1	2	1	0.15	182	183	184	601
735	紫色山羊.obj	1	2	1	0.15	182	183	184	601
736	蓝色雪貂.obj	1	2	1	0.15	182	183	184	601
737	钛白色北极熊.obj	1	2	1	0.15	182	183	184	601
738	瑰紫色北极熊.obj	1	2	1	0.15	182	183	184	601
739	黑紫色北极熊.obj	1	2	1	0.15	182	183	184	601
740	棕皮红角宠物鳄鱼.obj	1	2	1	0.15	182	183	184	601
741	褐色宠物鳄鱼.obj	1	2	1	0.15	182	183	184	601
742	青色宠物鳄鱼.obj	1	2	1	0.15	182	183	184	601
743	紫色黄吻宠物鳄鱼.obj	1	2	1	0.15	182	183	184	601
744	褐色宠物虎.obj	1	2	1	0.15	182	183	184	601
745	黑色宠物虎.obj	1	2	1	0.15	182	183	184	601
746	蓝色宠物虎.obj	1	2	1	0.15	182	183	184	601
747	紫灰色宠物虎.obj	1	2	1	0.15	182	183	184	601
748	白色宠物虎.obj	1	2	1	0.15	182	183	184	601
749	白色黑斑色宠物狼.obj	1	2	1	0.15	182	183	184	601
750	黄色宠物狼.obj	1	2	1	0.15	182	183	184	601
751	紫色宠物狼.obj	1	2	1	0.15	182	183	184	601
752	棕色宠物狼.obj	1	2	1	0.15	182	183	184	601
753	粉色柴猫.obj	1	2	1	0.15	182	183	184	601
754	蓝灰鸭.obj	1	2	1	0.15	182	183	184	601
755	粉羽黑翎公鸡.obj	1	2	1	0.15	182	183	184	601
756	灰色剑齿虎.obj	1	2	1	0.15	182	183	184	601
757	白色剑齿虎.obj	1	2	1	0.15	182	183	184	601
758	黑色剑齿虎.obj	1	2	1	0.15	182	183	184	601
759	绿身白颈鸵鸟.obj	1	2	1	0.15	182	183	184	601
760	黑身白颈鸵鸟.obj	1	2	1	0.15	182	183	184	601
761	白色宠物豹.obj	1	2	1	0.15	182	183	184	601
762	黑色宠物豹.obj	1	2	1	0.15	182	183	184	601
763	红色宠物豹.obj	1	2	1	0.15	182	183	184	601
764	紫色宠物豹.obj	1	2	1	0.15	182	183	184	601
765	紫色大猩猩.obj	1	2	1	0.15	182	183	184	601
766	红毛大猩猩.obj	1	2	1	0.15	182	183	184	601
767	黄毛白冠大猩猩.obj	1	2	1	0.15	182	183	184	601
768	黑色棕毛駮马.obj	1	2	1	0.15	182	183	184	601
769	红色黄斑剑龙.obj	1	2	1	0.15	182	183	184	601
770	红色紫斑剑龙.obj	1	2	1	0.15	182	183	184	601
771	蓝色桔斑剑龙.obj	1	2	1	0.15	182	183	184	601
772	紫色绿斑剑龙.obj	1	2	1	0.15	182	183	184	601
801	白鹅.obj	1	2	1	0.15	182	183	184	601
802	白猫.obj	1	2	1	0.15	182	183	184	601
803	白色冰蚕.obj	1	2	1	0.15	182	183	184	601
804	白色山羊.obj	1	2	1	0.15	182	183	184	589
805	白色雪貂.obj	1	2	1	0.15	182	183	184	601
806	白兔.obj	1	2	1	0.15	182	183	184	576
807	淡褐浣熊.obj	1	2	1	0.15	182	183	184	601
808	淡黄猴子.obj	1	2	1	0.15	182	183	184	468
809	淡黄色駮马.obj	1	2	1	0.15	182	183	184	601
810	淡黄野猪.obj	1	2	1	0.15	182	183	184	601
811	粉红色猪.obj	1	2	1	0.15	182	183	184	601
812	褐色白头猫头鹰.obj	1	2	1	0.15	182	183	184	601
813	褐色白头鹰.obj	1	2	1	0.15	182	183	184	601
814	褐色刺猬.obj	1	2	1	0.15	182	183	184	601
815	黑色蝙蝠.obj	1	2	1	0.15	182	183	184	601
816	黑燕子.obj	1	2	1	0.15	182	183	184	601
817	黄鸭.obj	1	2	1	0.15	182	183	184	601
818	黄羽黑翎公鸡.obj	1	2	1	0.15	182	183	184	601
819	灰毛驴.obj	1	2	1	0.15	182	183	184	601
820	灰色狗.obj	1	2	1	0.15	182	183	184	601
821	灰色松鼠.obj	1	2	1	0.15	182	183	184	601
822	蓝色鹦鹉.obj	1	2	1	0.15	182	183	184	601
823	绿褐龟.obj	1	2	1	0.15	182	183	184	647
824	绿色青蛙.obj	1	2	1	0.15	182	183	184	601
825	青色蜥蜴.obj	1	2	1	0.15	182	183	184	601
826	金羽鹅.obj	1	2	1	0.15	182	183	184	601
827	黄色柴猫.obj	1	2	1	0.15	182	183	184	601
828	白色红斑冰蚕.obj	1	2	1	0.15	182	183	184	601
829	黑色山羊.obj	1	2	1	0.15	182	183	184	601
830	金色雪貂.obj	1	2	1	0.15	182	183	184	601
831	粉红兔.obj	1	2	1	0.15	182	183	184	601
832	淡青浣熊.obj	1	2	1	0.15	182	183	184	601
833	白黄猴子.obj	1	2	1	0.15	182	183	184	468
834	纯白駮马.obj	1	2	1	0.15	182	183	184	601
835	白色赤足野猪.obj	1	2	1	0.15	182	183	184	601
836	黑色猪.obj	1	2	1	0.15	182	183	184	601
837	蓝色紫头猫头鹰.obj	1	2	1	0.15	182	183	184	601
838	粉色青头鹰.obj	1	2	1	0.15	182	183	184	601
839	青色刺猬.obj	1	2	1	0.15	182	183	184	601
840	白色蝙蝠.obj	1	2	1	0.15	182	183	184	601
841	紫色燕子.obj	1	2	1	0.15	182	183	184	601
842	灰鸭.obj	1	2	1	0.15	182	183	184	601
843	火红羽毛公鸡.obj	1	2	1	0.15	182	183	184	601
844	黑毛驴.obj	1	2	1	0.15	182	183	184	601
845	土黄狗.obj	1	2	1	0.15	182	183	184	601
846	淡蓝色松鼠.obj	1	2	1	0.15	182	183	184	601
847	杂色鹦鹉.obj	1	2	1	0.15	182	183	184	601
848	褐色龟.obj	1	2	1	0.15	182	183	184	601
849	蓝色青蛙.obj	1	2	1	0.15	182	183	184	601
850	白色斑点蜥蜴.obj	1	2	1	0.15	182	183	184	601
851	白色白狐.obj	1	2	1	0.15	182	183	184	601
852	淡青条纹尾白狐.obj	1	2	1	0.15	182	183	184	601
853	淡褐黄鸟.obj	1	2	1	0.15	182	183	184	601
854	淡青黄鸟.obj	1	2	1	0.15	182	183	184	601
855	青色孔雀.obj	1	2	1	0.15	182	183	184	601
856	绿色孔雀.obj	1	2	1	0.15	182	183	184	601
857	土黄色年兽.obj	1	2	1	0.15	182	183	184	601
858	淡蓝年兽.obj	1	2	1	0.15	182	183	184	601
859	黑色麒麟.obj	1	2	1	0.15	182	183	184	601
860	红麒麟.obj	1	2	1	0.15	182	183	184	601
861	灰色犀牛.obj	1	2	1	0.15	182	183	184	601
862	白犀牛.obj	1	2	1	0.15	182	183	184	601
863	灰色小象.obj	1	2	1	0.15	182	183	184	601
864	灰色黑斑象.obj	1	2	1	0.15	182	183	184	601
865	白英招.obj	1	2	1	0.15	182	183	184	601
866	淡黄色英招.obj	1	2	1	0.15	182	183	184	601
867	褐色壳淡黄色龙龟.obj	1	2	1	0.15	182	183	184	601
868	紫壳淡桔黄龙龟.obj	1	2	1	0.15	182	183	184	601
869	青龙.obj	1	2	1	0.15	182	183	184	601
870	赤龙.obj	1	2	1	0.15	182	183	184	601
871	白色黄斑冰蚕.obj	1	2	1	0.15	182	183	184	601
872	银色冰蚕.obj	1	2	1	0.15	182	183	184	601
873	银色紫斑冰蚕.obj	1	2	1	0.15	182	183	184	601
874	银色金斑冰蚕.obj	1	2	1	0.15	182	183	184	601
875	纯红尾巴白狐.obj	1	2	1	0.15	182	183	184	601
876	淡黑条纹尾白狐.obj	1	2	1	0.15	182	183	184	601
877	淡红条纹尾白狐.obj	1	2	1	0.15	182	183	184	601
878	淡黄条纹尾白狐.obj	1	2	1	0.15	182	183	184	601
879	火尾白狐.obj	1	2	1	0.15	182	183	184	601
880	粉红雪貂.obj	1	2	1	0.15	182	183	184	601
881	白黑条纹雪貂.obj	1	2	1	0.15	182	183	184	601
882	白色黑斑雪貂.obj	1	2	1	0.15	182	183	184	601
883	淡紫色雪貂.obj	1	2	1	0.15	182	183	184	601
884	白色金斑英招.obj	1	2	1	0.15	182	183	184	601
885	金色冰蹄英招.obj	1	2	1	0.15	182	183	184	601
886	青色黑斑英招.obj	1	2	1	0.15	182	183	184	601
887	青色英招.obj	1	2	1	0.15	182	183	184	601
888	银色火蹄英招.obj	1	2	1	0.15	182	183	184	601
889	棕黄英招.obj	1	2	1	0.15	182	183	184	601
890	淡银浣熊.obj	1	2	1	0.15	182	183	184	601
891	淡紫浣熊.obj	1	2	1	0.15	182	183	184	601
892	淡黄浣熊.obj	1	2	1	0.15	182	183	184	601
893	白黄鸟.obj	1	2	1	0.15	182	183	184	601
894	淡黄黄鸟.obj	1	2	1	0.15	182	183	184	601
895	粉红黄鸟.obj	1	2	1	0.15	182	183	184	601
896	黑白相间黄鸟.obj	1	2	1	0.15	182	183	184	601
897	火爪白黄鸟.obj	1	2	1	0.15	182	183	184	601
898	火爪火眼黄鸟.obj	1	2	1	0.15	182	183	184	601
899	黑色红蹄红角駮马.obj	1	2	1	0.15	182	183	184	601
900	纯白黑蹄黑角駮马.obj	1	2	1	0.15	182	183	184	601
901	淡黄黑蹄黑角駮马.obj	1	2	1	0.15	182	183	184	601
902	黑色駮马.obj	1	2	1	0.15	182	183	184	601
903	金色野猪.obj	1	2	1	0.15	182	183	184	601
904	淡红野猪.obj	1	2	1	0.15	182	183	184	601
905	黄毛青斑野猪.obj	1	2	1	0.15	182	183	184	601
906	淡黄色年兽.obj	1	2	1	0.15	182	183	184	601
907	淡蓝紫斑年兽.obj	1	2	1	0.15	182	183	184	601
908	红色年兽.obj	1	2	1	0.15	182	183	184	601
909	土黄红斑年兽.obj	1	2	1	0.15	182	183	184	601
910	紫色金爪年兽.obj	1	2	1	0.15	182	183	184	601
911	紫色年兽.obj	1	2	1	0.15	182	183	184	601
912	白羽黑翎鹅.obj	1	2	1	0.15	182	183	184	601
913	黑色白斑猪.obj	1	2	1	0.15	182	183	184	601
914	粉色青头猫头鹰.obj	1	2	1	0.15	182	183	184	601
915	黄纹黑点斑点白头猫头鹰.obj	1	2	1	0.15	182	183	184	601
916	金色银头猫头鹰.obj	1	2	1	0.15	182	183	184	601
917	黄纹黑点斑点白鹰.obj	1	2	1	0.15	182	183	184	601
918	全身金色的鹰.obj	1	2	1	0.15	182	183	184	601
919	全身银色的鹰.obj	1	2	1	0.15	182	183	184	601
920	银纹金头鹰.obj	1	2	1	0.15	182	183	184	601
921	黑色刺猬.obj	1	2	1	0.15	182	183	184	601
922	金色刺猬.obj	1	2	1	0.15	182	183	184	601
923	黄金龟.obj	1	2	1	0.15	182	183	184	601
924	白龙龟.obj	1	2	1	0.15	182	183	184	601
925	金壳白龙龟.obj	1	2	1	0.15	182	183	184	601
926	金壳冰角白龙龟.obj	1	2	1	0.15	182	183	184	601
927	金壳火角白龙龟.obj	1	2	1	0.15	182	183	184	601
928	青壳黑龙龟.obj	1	2	1	0.15	182	183	184	601
929	深褐色壳棕黄龙龟.obj	1	2	1	0.15	182	183	184	601
930	赤红蝙蝠.obj	1	2	1	0.15	182	183	184	601
931	白麒麟.obj	1	2	1	0.15	182	183	184	601
932	冰麒麟.obj	1	2	1	0.15	182	183	184	601
933	黄色麒麟.obj	1	2	1	0.15	182	183	184	601
934	金额金角白麒麟.obj	1	2	1	0.15	182	183	184	601
935	金额金角冰爪冰眼白麒麟.obj	1	2	1	0.15	182	183	184	601
936	金额金角火爪白麒麟.obj	1	2	1	0.15	182	183	184	601
937	玉色麒麟.obj	1	2	1	0.15	182	183	184	601
938	粉红燕子.obj	1	2	1	0.15	182	183	184	601
939	金色燕子.obj	1	2	1	0.15	182	183	184	601
940	黑皮白肚皮毛驴.obj	1	2	1	0.15	182	183	184	601
941	白色黑尾松鼠.obj	1	2	1	0.15	182	183	184	601
942	淡紫色松鼠.obj	1	2	1	0.15	182	183	184	601
943	淡桔紫斑犀牛.obj	1	2	1	0.15	182	183	184	601
944	金额火角黑犀牛.obj	1	2	1	0.15	182	183	184	601
945	金额金角白犀牛.obj	1	2	1	0.15	182	183	184	601
946	青色杂黑犀牛.obj	1	2	1	0.15	182	183	184	601
947	棕黄犀牛.obj	1	2	1	0.15	182	183	184	601
948	白色金斑象.obj	1	2	1	0.15	182	183	184	601
949	白色小象.obj	1	2	1	0.15	182	183	184	601
950	粉红小象.obj	1	2	1	0.15	182	183	184	601
951	黑色火牙金斑象.obj	1	2	1	0.15	182	183	184	601
952	青色小象.obj	1	2	1	0.15	182	183	184	601
953	红色鹦鹉.obj	1	2	1	0.15	182	183	184	601
954	黄色鹦鹉.obj	1	2	1	0.15	182	183	184	601
955	金色鹦鹉.obj	1	2	1	0.15	182	183	184	601
956	白色红纹孔雀.obj	1	2	1	0.15	182	183	184	601
957	白色孔雀.obj	1	2	1	0.15	182	183	184	601
958	白色绿纹火尾孔雀.obj	1	2	1	0.15	182	183	184	601
959	白色绿纹孔雀.obj	1	2	1	0.15	182	183	184	601
960	粉色孔雀.obj	1	2	1	0.15	182	183	184	601
961	粉色青蛙.obj	1	2	1	0.15	182	183	184	601
962	白龙.obj	1	2	1	0.15	182	183	184	601
963	黑龙.obj	1	2	1	0.15	182	183	184	601
964	黄龙.obj	1	2	1	0.15	182	183	184	601
965	火龙.obj	1	2	1	0.15	182	183	184	601
966	金额金角白龙.obj	1	2	1	0.15	182	183	184	601
967	金额金角火爪白龙.obj	1	2	1	0.15	182	183	184	601
968	金额金角火爪火眼白龙.obj	1	2	1	0.15	182	183	184	601
969	金色蜥蜴.obj	1	2	1	0.15	182	183	184	601
970	褐色蜥蜴.obj	1	2	1	0.15	182	183	184	601
971	淡青猴子.obj	1	2	1	0.15	182	183	184	468
972	黑獾.obj	1	2	1	0.15	182	183	184	601
973	白獾.obj	1	2	1	0.15	182	183	184	601
974	淡红獾.obj	1	2	1	0.15	182	183	184	601
975	火獾.obj	1	2	1	0.15	182	183	184	601
976	紫獾.obj	1	2	1	0.15	182	183	184	601
977	青獾.obj	1	2	1	0.15	182	183	184	601
978	棕獾.obj	1	2	1	0.15	182	183	184	601
979	白色墨镜猫.obj	1	2	1	0.15	182	183	184	601
980	黑色墨镜猫.obj	1	2	1	0.15	182	183	184	601
981	蓝白熊猫.obj	1	2	1	0.15	182	183	184	601
982	红白熊猫.obj	1	2	1	0.15	182	183	184	601
983	黄色宠物蝴蝶.obj	1	2	1	0.15	182	183	184	601
984	蓝色宠物蝴蝶.obj	1	2	1	0.15	182	183	184	601
985	绿宠物螃蟹.obj	1	2	1	0.15	182	183	184	601
986	红宠物螃蟹.obj	1	2	1	0.15	182	183	184	601
987	黄宠物蜗牛.obj	1	2	1	0.15	182	183	184	601
988	蓝宠物蜗牛.obj	1	2	1	0.15	182	183	184	601
989	黄色宠物蝎子.obj	1	2	1	0.15	182	183	184	601
990	紫色宠物蝎子.obj	1	2	1	0.15	182	183	184	601
991	灰色龙猫.obj	1	2	1	0.15	182	183	184	601
992	蓝色龙猫.obj	1	2	1	0.15	182	183	184	601
993	黑色犀鸟.obj	1	2	1	0.15	182	183	184	601
994	绿色犀鸟.obj	1	2	1	0.15	182	183	184	601
995	褐色宠物穿山甲.obj	1	2	1	0.15	182	183	184	601
996	紫色宠物穿山甲.obj	1	2	1	0.15	182	183	184	601
997	绿色宠物大甲虫.obj	1	2	1	0.15	182	183	184	601
998	金色宠物大甲虫.obj	1	2	1	0.15	182	183	184	601
999	蓝色宠物当扈.obj	1	2	1	0.15	182	183	184	601
1000	红色宠物当扈.obj	1	2	1	0.15	182	183	184	601
1001	白雕.obj	1	2	1	0.15	405	405	405	599
1002	白虎.obj	1	2	1	0.15	188	189	190	597
1003	白狼.obj	1	2	1	0.15	200	201	202	584
1004	白鹿.obj	1	2	1	0.15	206	207	208	602
1005	白骆驼.obj	1	2	1	0.15	2039	2039	2039	600
1006	白牦牛.obj	1	2	1	0.15	194	195	196	582
1007	雕.obj	1	2	1	0.15	405	405	405	815
1008	鹤.obj	1	2	1	0.15	404	404	404	889
1009	红白凤.obj	1	2	1	0.15	405	405	405	636
1010	虎.obj	1	2	1	0.15	188	189	190	699
1011	黄骠马.obj	1	2	1	0.15	191	192	193	896
1012	灰狼.obj	1	2	1	0.15	182	183	184	482
1013	金翼鹤.obj	1	2	1	0.15	404	404	404	795
1014	鹿.obj	1	2	1	0.15	206	207	208	891
1015	骆驼.obj	1	2	1	0.15	203	204	205	835
1016	牦牛.obj	1	2	1	0.15	194	195	196	487
1017	青白骢马.obj	1	2	1	0.15	191	192	193	823
1018	青凤.obj	1	2	1	0.15	405	405	405	819
1019	狮子.obj	1	2	1	0.15	188	189	190	491
1020	白狮.obj	1	2	1	0.15	188	189	190	583
1021	交通工具_鹰.obj	1	2	1	0.15	182	183	184	136
1022	坐骑结婚初阶.obj	1	2	1	0.15	182	183	184	665
1023	坐骑结婚中阶.obj	1	2	1	0.15	182	183	184	665
1024	坐骑结婚高阶.obj	1	2	1	0.15	182	183	184	665
1025	走雕.obj	1	2	1	0.15	197	198	199	742
1026	走白雕.obj	1	2	1	0.15	197	198	199	741
1027	象.obj	1	2	1	0.15	462	462	463	736
1028	白象.obj	1	2	1	0.15	462	462	463	598
1029	骑乘陆吾.obj	1	2	1	0.15	203	204	205	861
1030	骑乘木牛流马.obj	1	2	1	0.15	459	461	460	847
1031	骑乘鸵鸟.obj	1	2	1	0.15	470	471	472	866
1032	骑乘犀牛.obj	1	2	1	0.15	203	204	205	852
1033	骑乘熊.obj	1	2	1	0.15	194	195	196	850
1034	骑乘玄龟.obj	1	2	1	0.15	194	195	196	853
1035	骑乘蜘蛛.obj	1	2	1	0.15	464	466	465	859
1036	骑乘河马.obj	1	2	1	0.15	462	462	463	849
1037	骑乘马车.obj	1	2	1	0.15	477	478	479	864
1038	骑乘天马.obj	1	2	1	0.15	480	481	482	839
1039	骑乘兔子.obj	1	2	1	0.15	483	484	485	836
1040	骑乘舞狮.obj	1	2	1	0.15	489	490	491	857
1041	骑乘驯鹿.obj	1	2	1	0.15	486	487	488	865
1042	天使翅膀.obj	1	2	1	0.15	404	404	404	248
1043	骑乘巨人.obj	1	2	1	0.15	462	462	463	840
1044	双人骑乘大绿龙.obj	1	2	1	0.15	495	495	495	838
1045	骑乘麋鹿雪橇.obj	1	2	1	0.15	477	478	479	867
1046	潘神骑乘.obj	1	2	1	0.15	194	195	196	476
1047	npc朴素雪人.obj	1	2	1	0.15	182	183	184	608
1048	npc朴素雪人.obj	1	2	1.05	0.15	182	183	184	608
1049	npc朴素雪人.obj	1	2	1.1	0.15	182	183	184	608
1050	npc朴素雪人.obj	1	2	1.15	0.15	182	183	184	608
1051	npc朴素雪人.obj	1	2	1.2	0.15	182	183	184	608
1052	npc朴素雪人.obj	1	2	1.25	0.15	182	183	184	608
1053	npc华丽雪人.obj	1	2	1.25	0.15	182	183	184	608
1054	npc华丽雪人.obj	1	2	1.3	0.15	182	183	184	608
1055	npc华丽雪人.obj	1	2	1.35	0.15	182	183	184	608
1056	npc华丽雪人.obj	1	2	1.4	0.15	182	183	184	608
1057	npc华丽雪人.obj	1	2	1.45	0.15	182	183	184	608
1058	npc华丽雪人.obj	1	2	1.5	0.15	182	183	184	608
1059	npc圣诞老人雪人.obj	1	2	1.55	0.15	182	183	184	608
1060	洛阳客栈老板.obj	1	2	1	0.15	182	183	184	339
1061	恶魔翅膀.obj	1	2	1	0.15	404	404	404	384
1401	灰白偏红蜘蛛.obj	1	2	1	0.15	182	183	184	592
1402	灰白色蜘蛛.obj	1	2	1	0.15	182	183	184	592
1403	灰白色蜂.obj	1	2	1	0.15	182	183	184	787
1404	活铠甲.obj	1	2	1	0.15	182	183	184	465
1405	骷髅兵.obj	1	2	1	0.15	182	183	184	871
1406	猎人.obj	1	2	1	0.15	182	183	184	817
1407	石头人.obj	1	2	1	0.15	182	183	184	663
1408	树人.obj	1	2	1	0.15	182	183	184	429
1409	偃师.obj	1	2	1	0.15	182	183	184	606
1501	任务蟾蜍.obj	1	2	1	0.15	182	183	184	140
1502	任务猴子1.obj	1	2	1	0.15	182	183	184	140
1503	任务猴子2.obj	1	2	1	0.15	182	183	184	140
1504	任务猴子3.obj	1	2	1	0.15	182	183	184	140
1505	任务花妖1.obj	1	2	1	0.15	182	183	184	140
1506	任务花妖2.obj	1	2	1	0.15	182	183	184	140
1507	任务花妖3.obj	1	2	1	0.15	182	183	184	140
1508	任务花妖4.obj	1	2	1	0.15	182	183	184	140
1509	任务鹿1.obj	1	2	1	0.15	182	183	184	140
1510	任务鹿2.obj	1	2	1	0.15	182	183	184	140
1511	任务鹿3.obj	1	2	1	0.15	182	183	184	140
1512	任务鹿4.obj	1	2	1	0.15	182	183	184	140
1513	任务蛇1.obj	1	2	1	0.15	182	183	184	140
1514	任务蛇2.obj	1	2	1	0.15	182	183	184	140
1515	任务蛇3.obj	1	2	1	0.15	182	183	184	140
1516	任务蜈蚣.obj	1	2	1	0.15	182	183	184	140
1517	任务蜘蛛.obj	1	2	1	0.15	182	183	184	140
1518	黑尾鹤.obj	1	2	1	0.15	182	183	184	140
1519	红嘴鹤.obj	1	2	1	0.15	182	183	184	140
1520	丹顶黑鹤.obj	1	2	1	0.15	182	183	184	140
1521	丹顶白鹤.obj	1	2	1	0.15	182	183	184	140
1522	家禽兔子2.obj	1	2	1	0.15	182	183	184	342
1523	家禽兔子3.obj	1	2	1	0.15	182	183	184	342
1524	马.obj	1	2	1	0.15	182	183	184	342
1525	鸭子.obj	1	2	1	0.15	182	183	184	342
1601	战斗捕快1.obj	1	2	1	0.15	182	183	184	388
1602	战斗捕快2.obj	1	2	1	0.15	182	183	184	388
1603	战斗大理弟子.obj	1	2	1	0.15	182	183	184	388
1604	战斗峨嵋弟子.obj	1	2	1	0.15	182	183	184	389
1605	战斗丐帮弟子.obj	1	2	1	0.15	182	183	184	388
1606	战斗明教弟子.obj	1	2	1	0.15	182	183	184	388
1607	战斗少林武僧.obj	1	2	1	0.15	182	183	184	388
1608	战斗天山弟子.obj	1	2	1	0.15	182	183	184	389
1609	战斗武当弟子.obj	1	2	1	0.15	182	183	184	388
1610	战斗逍遥弟子.obj	1	2	1	0.15	182	183	184	388
1611	战斗星宿弟子.obj	1	2	1	0.15	182	183	184	388
1612	战斗辽兵.obj	1	2	1	0.15	182	183	184	388
1613	战斗宋兵1.obj	1	2	1	0.15	182	183	184	388
1614	战斗宋兵2.obj	1	2	1	0.15	182	183	184	388
1615	女真将.obj	1	2	1	0.15	182	183	184	388
1616	段延庆.obj	1	2	1.3	0.15	182	183	184	445
1617	叶二娘.obj	1	2	1.3	0.15	182	183	184	209
1618	南海鳄神.obj	1	2	1.3	0.15	182	183	184	181
1619	云中鹤.obj	1	2	1.3	0.15	182	183	184	134
1620	鸠摩智.obj	1	2	1.3	0.15	182	183	184	883
1621	慕容复.obj	1	2	1.3	0.15	182	183	184	386
1622	打草谷宋兵头目.obj	1	2	1	0.15	182	183	184	388
1701	白堤柳鬼头目.obj	1	2	1.2	0.15	182	183	184	577
1702	树甲哨兵头目.obj	1	2	1.2	0.15	182	183	184	429
1703	白额虎头目.obj	1	2	1.2	0.15	182	183	184	114
1704	东北虎头目.obj	1	2	1.2	0.15	182	183	184	114
1705	黑沼豹头目.obj	1	2	1.2	0.15	182	183	184	664
1706	花斑豹头目.obj	1	2	1.2	0.15	182	183	184	664
1707	荒原豹头目.obj	1	2	1.2	0.15	182	183	184	664
1708	金钱豹头目.obj	1	2	1.2	0.15	182	183	184	664
1709	龙泉豹头目.obj	1	2	1.2	0.15	182	183	184	664
1710	闪电豹头目.obj	1	2	1.2	0.15	182	183	184	664
1711	残破兵俑头目.obj	1	2	1.2	0.15	182	183	184	444
1712	白茅草人头目.obj	1	2	1.2	0.15	182	183	184	620
1713	稻草人头目.obj	1	2	1.2	0.15	182	183	184	620
1714	芦苇草人头目.obj	1	2	1.2	0.15	182	183	184	620
1715	断桥花妖头目.obj	1	2	1.2	0.15	182	183	184	399
1716	镜湖花妖头目.obj	1	2	1.2	0.15	182	183	184	399
1717	鳄鱼帮堂主头目.obj	1	2	1.2	0.15	182	183	184	879
1718	鳄鱼帮打手头目.obj	1	2	1.2	0.15	182	183	184	880
1719	鳄鱼帮混混头目.obj	1	2	1.2	0.15	182	183	184	881
1720	鳄鱼帮杀手头目.obj	1	2	1.2	0.15	182	183	184	880
1721	鬼面人头目.obj	1	2	1.2	0.15	182	183	184	875
1722	南海盗神头目.obj	1	2	1.2	0.15	182	183	184	180
1723	南海海盗头目.obj	1	2	1.2	0.15	182	183	184	180
1724	棚民头目.obj	1	2	1.2	0.15	182	183	184	393
1725	大黄蜂头目.obj	1	2	1.2	0.15	182	183	184	112
1726	黑蜂头目.obj	1	2	1.2	0.15	182	183	184	112
1727	丛林蜂头目.obj	1	2	1.2	0.15	182	183	184	112
1728	花港毒蜂头目.obj	1	2	1.2	0.15	182	183	184	112
1729	蒙古黑蜂头目.obj	1	2	1.2	0.15	182	183	184	112
1730	醉人蜂头目.obj	1	2	1.2	0.15	182	183	184	112
1731	白狼王头目.obj	1	2	1.2	0.15	182	183	184	671
1732	草原狼头目.obj	1	2	1.2	0.15	182	183	184	671
1733	风狼头目.obj	1	2	1.2	0.15	182	183	184	671
1734	沙坡狼头目.obj	1	2	1.2	0.15	182	183	184	671
1735	西北狼头目.obj	1	2	1.2	0.15	182	183	184	671
1736	雪狼头目.obj	1	2	1.2	0.15	182	183	184	671
1737	雪山狼头目.obj	1	2	1.2	0.15	182	183	184	671
1738	颖水狼头目.obj	1	2	1.2	0.15	182	183	184	671
1739	狼人神汉头目.obj	1	2	1.2	0.15	182	183	184	494
1740	狼人探子头目.obj	1	2	1.2	0.15	182	183	184	494
1741	狼人土司头目.obj	1	2	1.2	0.15	182	183	184	494
1742	狼人勇士头目.obj	1	2	1.2	0.15	182	183	184	494
1743	狼人战士头目.obj	1	2	1.2	0.15	182	183	184	494
1744	万劫修罗头目.obj	1	2	1.2	0.15	182	183	184	148
1745	丛林野人头目.obj	1	2	1.2	0.15	182	183	184	739
1746	云母石人头目.obj	1	2	1.2	0.15	182	183	184	663
1747	修罗探子头目.obj	1	2	1.2	0.15	182	183	184	148
1748	偃师护法头目.obj	1	2	1.2	0.15	182	183	184	606
1749	凿船水鬼头目.obj	1	2	1.2	0.15	182	183	184	168
1750	南海鳄鱼头目.obj	1	2	1.2	0.15	182	183	184	182
1751	卢崖铜人头目.obj	1	2	1.2	0.15	182	183	184	777
1752	厄修罗头目.obj	1	2	1.2	0.15	182	183	184	148
1753	叶岩石人头目.obj	1	2	1.2	0.15	182	183	184	663
1754	嗜血鳄鱼头目.obj	1	2	1.2	0.15	182	183	184	219
1755	大偃师头目.obj	1	2	1.2	0.15	182	183	184	606
1756	大黑熊头目.obj	1	2	1.2	0.15	182	183	184	247
1757	太湖水鬼头目.obj	1	2	1.2	0.15	182	183	184	256
1758	太湖鳄鱼头目.obj	1	2	1.2	0.15	182	183	184	257
1759	女娲石人头目.obj	1	2	1.2	0.15	182	183	184	663
1760	山蛛头目.obj	1	2	1.2	0.15	182	183	184	633
1761	山蜘蛛头目.obj	1	2	1.2	0.15	182	183	184	633
1762	山越刀客头目.obj	1	2	1.2	0.15	182	183	184	364
1763	山越战士头目.obj	1	2	1.2	0.15	182	183	184	364
1764	山越护法头目.obj	1	2	1.2	0.15	182	183	184	366
1765	山越盗匪头目.obj	1	2	1.2	0.15	182	183	184	364
1766	山越祭司头目.obj	1	2	1.2	0.15	182	183	184	368
1767	巴伦莽盖头目.obj	1	2	1.2	0.15	182	183	184	372
1768	弯刀马匪头目.obj	1	2	1.2	0.15	182	183	184	577
1769	归云庄剑师头目.obj	1	2	1.2	0.15	182	183	184	388
1770	归云庄庄客头目.obj	1	2	1.2	0.15	182	183	184	388
1771	打草谷宋兵头目.obj	1	2	1.2	0.15	182	183	184	388
1772	打草谷辽兵头目.obj	1	2	1.2	0.15	182	183	184	388
1774	拦路水鬼头目.obj	1	2	1.2	0.15	182	183	184	393
1775	散兵头目.obj	1	2	1.2	0.15	182	183	184	388
1777	棕熊头目.obj	1	2	1.2	0.15	182	183	184	435
1778	榆木傀儡头目.obj	1	2	1.2	0.15	182	183	184	776
1779	毒狼蛛头目.obj	1	2	1.2	0.15	182	183	184	633
1780	水鬼刺客头目.obj	1	2	1.2	0.15	182	183	184	458
1781	水鬼探子头目.obj	1	2	1.2	0.15	182	183	184	459
1782	永夜修罗头目.obj	1	2	1.2	0.15	182	183	184	148
1783	沼泽鳄鱼头目.obj	1	2	1.2	0.15	182	183	184	463
1784	流寇一品堂头目.obj	1	2	1.2	0.15	182	183	184	388
1785	深谷白猿头目.obj	1	2	1.2	0.15	182	183	184	873
1786	灰熊头目.obj	1	2	1.2	0.15	182	183	184	481
1787	狼族荆棘使头目.obj	1	2	1.2	0.15	182	183	184	499
1788	狼蛛头目.obj	1	2	1.2	0.15	182	183	184	633
1789	獠牙雪人头目.obj	1	2	1.2	0.15	182	183	184	501
1790	白花蜘蛛头目.obj	1	2	1.2	0.15	182	183	184	633
1791	石人偃师头目.obj	1	2	1.2	0.15	182	183	184	606
1793	石老人头目.obj	1	2	1.2	0.15	182	183	184	663
1794	秦家寨兵头目.obj	1	2	1.2	0.15	182	183	184	612
1795	秦家寨劫匪头目.obj	1	2	1.2	0.15	182	183	184	612
1796	秦家寨喽啰头目.obj	1	2	1.2	0.15	182	183	184	612
1797	秦家寨护卫头目.obj	1	2	1.2	0.15	182	183	184	612
1798	秦家寨探子头目.obj	1	2	1.2	0.15	182	183	184	612
1799	秦家寨教头头目.obj	1	2	1.2	0.15	182	183	184	612
1800	红枫熊头目.obj	1	2	1.2	0.15	182	183	184	481
1801	红枫蜘蛛头目.obj	1	2	1.2	0.15	182	183	184	633
1802	红衣马匪头目.obj	1	2	1.2	0.15	182	183	184	577
1803	红袍蜘蛛头目.obj	1	2	1.2	0.15	182	183	184	633
1804	纵火水鬼头目.obj	1	2	1.2	0.15	182	183	184	642
1805	花岗石人头目.obj	1	2	1.2	0.15	182	183	184	663
1806	花岗石狮头目.obj	1	2	1.2	0.15	182	183	184	607
1808	蓑衣野人头目.obj	1	2	1.2	0.15	182	183	184	739
1809	藤甲勇士头目.obj	1	2	1.2	0.15	182	183	184	697
1810	藤甲贼头目.obj	1	2	1.2	0.15	182	183	184	698
1811	蜀道白猿头目.obj	1	2	1.2	0.15	182	183	184	873
1812	蜀道黑猿头目.obj	1	2	1.2	0.15	182	183	184	873
1813	赤脚野人头目.obj	1	2	1.2	0.15	182	183	184	739
1814	轻甲莽盖头目.obj	1	2	1.2	0.15	182	183	184	372
1815	追风马匪头目.obj	1	2	1.2	0.15	182	183	184	577
1816	遗弃木人头目.obj	1	2	1.2	0.15	182	183	184	776
1817	遗弃铜人头目.obj	1	2	1.2	0.15	182	183	184	777
1818	重甲莽盖头目.obj	1	2	1.2	0.15	182	183	184	372
1819	镜湖水鬼头目.obj	1	2	1.2	0.15	182	183	184	805
1820	镜湖鳄鱼头目.obj	1	2	1.2	0.15	182	183	184	807
1821	闪电马匪头目.obj	1	2	1.2	0.15	182	183	184	577
1822	阿鼻修罗头目.obj	1	2	1.2	0.15	182	183	184	148
1823	雪人头目.obj	1	2	1.2	0.15	182	183	184	501
1824	雪山猎人头目.obj	1	2	1.2	0.15	182	183	184	577
1825	雪山莽盖头目.obj	1	2	1.2	0.15	182	183	184	372
1826	马匪探子头目.obj	1	2	1.2	0.15	182	183	184	577
1827	高山白猿头目.obj	1	2	1.2	0.15	182	183	184	873
1828	黑熊头目.obj	1	2	1.2	0.15	182	183	184	901
1829	黑衣马匪头目.obj	1	2	1.2	0.15	182	183	184	577
1830	龙井水贼头目.obj	1	2	1.2	0.15	182	183	184	393
1831	龙血石人头目.obj	1	2	1.2	0.15	182	183	184	663
1832	水鬼大boss.obj	1	2	1	0.15	182	183	184	472
1833	水鬼小boss.obj	1	2	1	0.15	182	183	184	167
1834	东巴boss.obj	1	2	1.3	0.15	182	183	184	115
1835	海盗鼠.obj	1	2	1	0.15	182	183	184	601
1836	企鹅王黑.obj	1	2	0.4	0.15	182	183	184	141
1837	企鹅王白.obj	1	2	0.4	0.15	182	183	184	141
1838	企鹅王粉.obj	1	2	0.4	0.15	182	183	184	141
1839	企鹅王红.obj	1	2	0.4	0.15	182	183	184	141
1840	企鹅王金.obj	1	2	0.4	0.15	182	183	184	141
1841	企鹅王蓝.obj	1	2	0.4	0.15	182	183	184	141
1842	企鹅王绿.obj	1	2	0.4	0.15	182	183	184	141
1843	企鹅王紫.obj	1	2	0.4	0.15	182	183	184	141
1844	海盗鼠深红.obj	1	2	1	0.15	182	183	184	601
1845	海盗鼠钴蓝.obj	1	2	1	0.15	182	183	184	601
1846	海盗鼠湖蓝.obj	1	2	1	0.15	182	183	184	601
1847	海盗鼠炭黑.obj	1	2	1	0.15	182	183	184	601
1848	海盗鼠大红.obj	1	2	1	0.15	182	183	184	601
1849	海盗鼠紫.obj	1	2	1	0.15	182	183	184	601
1850	海盗鼠绿.obj	1	2	1	0.15	182	183	184	601
1851	大角狼兽.obj	1	2	0.55	0.15	182	183	184	601
1852	大角狼兽身1.obj	1	2	0.55	0.15	182	183	184	601
1853	大角狼兽身2.obj	1	2	0.55	0.15	182	183	184	601
1854	大角狼兽身3.obj	1	2	0.55	0.15	182	183	184	601
1855	大角狼兽身4.obj	1	2	0.55	0.15	182	183	184	601
1856	大角狼兽身5.obj	1	2	0.55	0.15	182	183	184	601
1857	大角狼兽身6.obj	1	2	0.55	0.15	182	183	184	601
1858	大角狼兽身7.obj	1	2	0.55	0.15	182	183	184	601
1859	鸟人.obj	1	2	0.5	0.15	182	183	184	601
1860	鸟人1.obj	1	2	0.5	0.15	182	183	184	601
1861	鸟人2.obj	1	2	0.5	0.15	182	183	184	601
1862	鸟人3.obj	1	2	0.5	0.15	182	183	184	601
1863	鸟人4.obj	1	2	0.5	0.15	182	183	184	601
1864	鸟人5.obj	1	2	0.5	0.15	182	183	184	601
1865	鸟人6.obj	1	2	0.5	0.15	182	183	184	601
1866	鸟人7.obj	1	2	0.5	0.15	182	183	184	601
1867	玉兔.obj	1	2	1	0.15	182	183	184	601
1868	玉兔1.obj	1	2	1	0.15	182	183	184	601
1869	玉兔2.obj	1	2	1	0.15	182	183	184	601
1870	玉兔3.obj	1	2	1	0.15	182	183	184	601
1871	玉兔4.obj	1	2	1	0.15	182	183	184	601
1872	玉兔5.obj	1	2	1	0.15	182	183	184	601
1873	玉兔6.obj	1	2	1	0.15	182	183	184	601
1874	玉兔7.obj	1	2	1	0.15	182	183	184	601
1875	淘气玉兔.obj	1	2	2	0.15	182	183	184	466
1876	盐湖熊.obj	1	2	1	0.15	182	183	184	247
1877	盐湖守卫.obj	1	2	1	0.15	182	183	184	606
1878	盐湖苦工.obj	1	2	1	0.15	182	183	184	603
1879	盐湖监工.obj	1	2	1	0.15	182	183	184	606
1880	盐湖鳄鱼.obj	1	2	1	0.15	182	183	184	463
1881	盐湖熊.obj	1	2	1.2	0.15	182	183	184	247
1882	盐湖守卫.obj	1	2	1.2	0.15	182	183	184	606
1883	盐湖苦工.obj	1	2	1.2	0.15	182	183	184	603
1884	盐湖监工.obj	1	2	1.2	0.15	182	183	184	606
1885	盐湖鳄鱼.obj	1	2	1.2	0.15	182	183	184	463
1886	宝箱童子.obj	1	2	1	0.15	182	183	184	601
1887	宝箱童子1.obj	1	2	1	0.15	182	183	184	601
1888	宝箱童子2.obj	1	2	1	0.15	182	183	184	601
1889	宝箱童子3.obj	1	2	1	0.15	182	183	184	601
1890	宝箱童子4.obj	1	2	1	0.15	182	183	184	601
1891	宝箱童子5.obj	1	2	1	0.15	182	183	184	601
1892	宝箱童子6.obj	1	2	1	0.15	182	183	184	601
1893	宝箱童子7.obj	1	2	1	0.15	182	183	184	601
1894	树袋熊.obj	1	2	1	0.15	182	183	184	601
1895	树袋熊1.obj	1	2	1	0.15	182	183	184	601
1896	树袋熊2.obj	1	2	1	0.15	182	183	184	601
1897	树袋熊3.obj	1	2	1	0.15	182	183	184	601
1898	树袋熊4.obj	1	2	1	0.15	182	183	184	601
1899	树袋熊5.obj	1	2	1	0.15	182	183	184	601
1900	树袋熊6.obj	1	2	1	0.15	182	183	184	601
1901	树袋熊7.obj	1	2	1	0.15	182	183	184	601
1902	黑色斑点霸王龙.obj	1	2	1	0.15	182	183	184	601
1903	蓝色斑点霸王龙.obj	1	2	1	0.15	182	183	184	601
1904	墨绿色斑点霸王龙.obj	1	2	1	0.15	182	183	184	601
1905	紫红色霸王龙.obj	1	2	1	0.15	182	183	184	601
1906	紫色斑点霸王龙.obj	1	2	1	0.15	182	183	184	601
1907	黑色斑点霸王龙.obj	1	2	2	0.15	182	183	184	601
1908	野猪首领.obj	1	2	0.7	0.15	182	183	184	791
1909	白色宝箱.obj	1	2	1	0.15	182	183	184	330
1910	白色秘笈.obj	1	2	1	0.15	182	183	184	611
1911	黑色秘笈.obj	1	2	1	0.15	182	183	184	611
1912	红色秘笈.obj	1	2	1	0.15	182	183	184	611
1913	黄色秘笈.obj	1	2	1	0.15	182	183	184	611
1914	蓝色秘笈.obj	1	2	1	0.15	182	183	184	611
1915	绿色秘笈.obj	1	2	1	0.15	182	183	184	611
1916	紫色秘笈.obj	1	2	1	0.15	182	183	184	611
1917	蹴鞠红球.obj	1	2	2	0.15	182	183	184	751
1918	蹴鞠花球.obj	1	2	2	0.15	182	183	184	752
1919	蹴鞠黄球.obj	1	2	2	0.15	182	183	184	755
1920	蹴鞠蓝球.obj	1	2	2	0.15	182	183	184	750
1921	蹴鞠boss.obj	1	2	1.3	0.15	182	183	184	744
1922	黄色宝箱.obj	1	2	1	0.15	182	183	184	330
1923	连弩塔.obj	1	2	0.8	0.15	182	183	184	772
1924	守御塔.obj	1	2	0.8	0.15	182	183	184	316
1925	治疗塔.obj	1	2	0.8	0.15	182	183	184	462
1926	黑色墨镜猫.obj	1	2	2	0.15	182	183	184	601
1927	粉红色猪.obj	1	2	1.2	0.15	182	183	184	601
1928	土黄狗.obj	1	2	1.2	0.15	182	183	184	601
1929	银纹金头鹰.obj	1	2	1.2	0.15	182	183	184	601
1930	黑色宠物虎.obj	1	2	1.2	0.15	182	183	184	601
1931	淡褐黄鸟.obj	1	2	1.5	0.15	182	183	184	601
1932	土黄色年兽.obj	1	2	1.5	0.15	182	183	184	601
1933	褐色壳淡黄色龙龟.obj	1	2	1.5	0.15	182	183	184	601
1934	白色金斑英招.obj	1	2	1.5	0.15	182	183	184	601
1935	冰麒麟.obj	1	2	1.5	0.15	182	183	184	601
1936	盐湖守卫.obj	1	2	1.4	0.15	182	183	184	606
1937	大角狼兽.obj	1	2	1	0.15	182	183	184	601
1938	鸟人.obj	1	2	1	0.15	182	183	184	601
1939	宋将士3.obj	1	2	1.2	0.15	182	183	184	325
1940	宋将士4.obj	1	2	1.2	0.15	182	183	184	326
1941	蹴鞠红球.obj	1	2	3	0.15	182	183	184	751
1942	蹴鞠花球.obj	1	2	3	0.15	182	183	184	752
1943	蹴鞠黄球.obj	1	2	3	0.15	182	183	184	755
1944	蹴鞠蓝球.obj	1	2	3	0.15	182	183	184	750
1945	夏青青.obj	1	2	1	0.15	182	183	184	240
1946	宠物蝴蝶.obj	1	2	1	0.15	182	183	184	601
1947	宠物蝴蝶1.obj	1	2	1	0.15	182	183	184	601
1948	宠物蝴蝶2.obj	1	2	1	0.15	182	183	184	601
1949	宠物蝴蝶3.obj	1	2	1	0.15	182	183	184	601
1950	宠物蝴蝶4.obj	1	2	1	0.15	182	183	184	601
1951	宠物蝴蝶5.obj	1	2	1	0.15	182	183	184	601
1952	宠物蝴蝶6.obj	1	2	1	0.15	182	183	184	601
1953	宠物蝴蝶7.obj	1	2	1	0.15	182	183	184	601
1954	白色赤足野猪.obj	1	2	1.2	0.15	182	183	184	601
1955	黑色猪.obj	1	2	1.3	0.15	182	183	184	601
1956	淡红野猪.obj	1	2	1.2	0.15	182	183	184	601
1957	宠物大甲虫.obj	1	2	0.55	0.15	182	183	184	244
1958	宠物大甲虫1.obj	1	2	0.55	0.15	182	183	184	244
1959	宠物大甲虫2.obj	1	2	0.55	0.15	182	183	184	244
1960	宠物大甲虫3.obj	1	2	0.55	0.15	182	183	184	244
1961	宠物大甲虫4.obj	1	2	0.55	0.15	182	183	184	244
1962	宠物大甲虫5.obj	1	2	0.55	0.15	182	183	184	244
1963	宠物大甲虫6.obj	1	2	0.55	0.15	182	183	184	244
1964	宠物大甲虫7.obj	1	2	0.55	0.15	182	183	184	244
1965	龙猫.obj	1	2	1.05	0.15	182	183	184	601
1966	龙猫1.obj	1	2	1.05	0.15	182	183	184	601
1967	龙猫2.obj	1	2	1.05	0.15	182	183	184	601
1968	龙猫3.obj	1	2	1.05	0.15	182	183	184	601
1969	龙猫4.obj	1	2	1.05	0.15	182	183	184	601
1970	龙猫5.obj	1	2	1.05	0.15	182	183	184	601
1971	龙猫6.obj	1	2	1.05	0.15	182	183	184	601
1972	龙猫7.obj	1	2	1.05	0.15	182	183	184	601
1973	熊猫.obj	1	2	0.6	0.15	182	183	184	601
1974	熊猫1.obj	1	2	0.6	0.15	182	183	184	601
1975	熊猫2.obj	1	2	0.6	0.15	182	183	184	601
1976	熊猫3.obj	1	2	0.6	0.15	182	183	184	601
1977	熊猫4.obj	1	2	0.6	0.15	182	183	184	601
1978	熊猫5.obj	1	2	0.6	0.15	182	183	184	601
1979	熊猫6.obj	1	2	0.6	0.15	182	183	184	601
1980	熊猫7.obj	1	2	0.6	0.15	182	183	184	601
1981	宠物螃蟹.obj	1	2	1.1	0.15	182	183	184	331
1982	宠物螃蟹1.obj	1	2	1.1	0.15	182	183	184	332
1983	宠物螃蟹2.obj	1	2	1.1	0.15	182	183	184	333
1984	宠物螃蟹3.obj	1	2	1.1	0.15	182	183	184	334
1985	宠物螃蟹4.obj	1	2	1.1	0.15	182	183	184	335
1986	宠物螃蟹5.obj	1	2	1.1	0.15	182	183	184	336
1987	宠物螃蟹6.obj	1	2	1.1	0.15	182	183	184	337
1988	宠物螃蟹7.obj	1	2	1.1	0.15	182	183	184	338
1989	于九莲.obj	1	2	1	0.15	182	183	184	743
1990	珍兽欢乐猪.obj	1	2	1	0.15	182	183	184	601
1991	珍兽欢乐猪1.obj	1	2	1	0.15	182	183	184	601
1992	珍兽欢乐猪2.obj	1	2	1	0.15	182	183	184	601
1993	珍兽欢乐猪3.obj	1	2	1	0.15	182	183	184	601
1994	珍兽欢乐猪4.obj	1	2	1	0.15	182	183	184	601
1995	珍兽欢乐猪5.obj	1	2	1	0.15	182	183	184	601
1996	珍兽欢乐猪6.obj	1	2	1	0.15	182	183	184	601
1997	珍兽欢乐猪7.obj	1	2	1	0.15	182	183	184	601
1998	变身圣诞树.obj	1	2	1	0.15	182	183	184	190
1999	变身大铃铛.obj	1	2	1	0.15	182	183	184	191
2000	变身糖果盒.obj	1	2	1	0.15	182	183	184	198
2001	粉色北极熊.obj	1	2	1.5	0.15	182	183	184	627
2002	玉兔4.obj	1	2	1.5	0.15	182	183	184	507
2003	黄鸭.obj	1	2	1.8	0.15	182	183	184	897
2004	翼牛.obj	1	2	0.8	0.15	182	183	184	650
2005	铁翼牛.obj	1	2	0.8	0.15	182	183	184	801
2006	西域萨满.obj	1	2	1	0.15	182	183	184	716
2007	西域巫医.obj	1	2	1	0.15	182	183	184	712
2008	西域马匪.obj	1	2	1	0.15	182	183	184	727
2009	西域劫匪.obj	1	2	1	0.15	182	183	184	711
2010	西域窃贼.obj	1	2	1	0.15	182	183	184	719
2011	废墟恐蝎.obj	1	2	1	0.15	182	183	184	375
2012	荒原蝎.obj	1	2	1	0.15	182	183	184	672
2013	北方盗贼.obj	1	2	1	0.15	182	183	184	174
2014	北方强盗.obj	1	2	1	0.15	182	183	184	172
2015	翼牛.obj	1	2	1	0.15	182	183	184	650
2016	铁翼牛.obj	1	2	1	0.15	182	183	184	801
2017	西域萨满.obj	1	2	1.2	0.15	182	183	184	716
2018	西域巫医.obj	1	2	1.2	0.15	182	183	184	712
2019	西域马匪.obj	1	2	1.2	0.15	182	183	184	727
2020	西域劫匪.obj	1	2	1.2	0.15	182	183	184	711
2021	西域窃贼.obj	1	2	1.2	0.15	182	183	184	719
2022	废墟恐蝎.obj	1	2	1.2	0.15	182	183	184	375
2023	荒原蝎.obj	1	2	1.2	0.15	182	183	184	672
2024	北方盗贼.obj	1	2	1.2	0.15	182	183	184	174
2025	北方强盗.obj	1	2	1.2	0.15	182	183	184	172
2026	金壳冰角白龙龟.obj	1	2	2	0.15	182	183	184	601
2027	企鹅王1.obj	1	2	1	0.15	182	183	184	142
2028	变身灯笼1.obj	1	2	1	0.15	182	183	184	193
2029	变身灯笼2.obj	1	2	1	0.15	182	183	184	194
2030	变身灯笼3.obj	1	2	1	0.15	182	183	184	195
2031	变身灯笼1.obj	1	2	1	0.15	182	183	184	193
2032	变身灯笼2.obj	1	2	1	0.15	182	183	184	194
2033	变身灯笼3.obj	1	2	1	0.15	182	183	184	195
2034	珍兽唐装鼠1.obj	1	2	1	0.15	182	183	184	601
2035	珍兽唐装鼠.obj	1	2	1	0.15	182	183	184	601
2036	珍兽唐装鼠2.obj	1	2	1	0.15	182	183	184	601
2037	珍兽唐装鼠3.obj	1	2	1	0.15	182	183	184	601
2038	珍兽唐装鼠4.obj	1	2	1	0.15	182	183	184	601
2039	珍兽唐装鼠5.obj	1	2	1	0.15	182	183	184	601
2040	珍兽唐装鼠6.obj	1	2	1	0.15	182	183	184	601
2041	珍兽唐装鼠7.obj	1	2	1	0.15	182	183	184	601
2042	珍兽年兽1.obj	1	2	0.85	0.15	182	183	184	601
2043	珍兽年兽2.obj	1	2	0.85	0.15	182	183	184	601
2044	珍兽年兽3.obj	1	2	0.85	0.15	182	183	184	601
2045	珍兽年兽4.obj	1	2	0.85	0.15	182	183	184	601
2046	珍兽年兽5.obj	1	2	0.85	0.15	182	183	184	601
2047	珍兽年兽6.obj	1	2	0.85	0.15	182	183	184	601
2048	珍兽年兽7.obj	1	2	0.85	0.15	182	183	184	601
2049	珍兽年兽8.obj	1	2	0.85	0.15	182	183	184	601
2050	珍兽年兽boss.obj	1	2	1	0.15	182	183	184	516
2051	骑乘春节白熊.obj	1	2	1	0.15	194	195	196	850
2052	鸳鸯.obj	1	2	1	0.15	182	183	184	884
2053	鸳鸯1.obj	1	2	1	0.15	182	183	184	884
2054	鸳鸯2.obj	1	2	1	0.15	182	183	184	884
2055	鸳鸯3.obj	1	2	1	0.15	182	183	184	884
2056	鸳鸯4.obj	1	2	1	0.15	182	183	184	884
2057	鸳鸯5.obj	1	2	1	0.15	182	183	184	884
2058	鸳鸯6.obj	1	2	1	0.15	182	183	184	884
2059	鸳鸯7.obj	1	2	1	0.15	182	183	184	884
2060	变身二踢脚.obj	1	2	1	0.15	182	183	184	184
2061	变身门神.obj	1	2	1	0.15	182	183	184	200
2062	npc怪西域三头蛮1A.obj	1	2	1	0.15	182	183	184	710
2063	npc怪西域沙尘.obj	1	2	1	0.15	182	183	184	718
2064	沙漠野人巫师.obj	1	2	1	0.15	182	183	184	368
2065	沙漠野人战士.obj	1	2	1	0.15	182	183	184	364
2066	沙漠野人.obj	1	2	1	0.15	182	183	184	739
2067	食腐鸟.obj	1	2	1	0.15	182	183	184	831
2068	npc怪西域三头蛮1A.obj	1	2	1.2	0.15	182	183	184	710
2069	npc怪西域沙尘.obj	1	2	1.2	0.15	182	183	184	718
2070	沙漠野人巫师.obj	1	2	1.2	0.15	182	183	184	368
2071	沙漠野人战士.obj	1	2	1.2	0.15	182	183	184	364
2072	沙漠野人.obj	1	2	1.2	0.15	182	183	184	739
2073	食腐鸟.obj	1	2	1.2	0.15	182	183	184	831
2074	鸭嘴兽.obj	1	2	1	0.15	182	183	184	627
2075	鸭嘴兽1.obj	1	2	1	0.15	182	183	184	627
2076	鸭嘴兽2.obj	1	2	1	0.15	182	183	184	627
2077	鸭嘴兽3.obj	1	2	1	0.15	182	183	184	627
2078	鸭嘴兽4.obj	1	2	1	0.15	182	183	184	627
2079	鸭嘴兽5.obj	1	2	1	0.15	182	183	184	627
2080	鸭嘴兽6.obj	1	2	1	0.15	182	183	184	627
2081	鸭嘴兽7.obj	1	2	1	0.15	182	183	184	627
2082	npc立繁.obj	1	2	1	0.15	182	183	184	509
2083	墨镜猫1.obj	1	2	1	0.15	182	183	184	627
2084	墨镜猫2.obj	1	2	1	0.15	182	183	184	627
2085	墨镜猫3.obj	1	2	1	0.15	182	183	184	627
2086	墨镜猫4.obj	1	2	1	0.15	182	183	184	627
2087	墨镜猫5.obj	1	2	1	0.15	182	183	184	627
2088	墨镜猫6.obj	1	2	1	0.15	182	183	184	627
2089	墨镜猫7.obj	1	2	1	0.15	182	183	184	627
2090	墨镜猫8.obj	1	2	1	0.15	182	183	184	627
2094	变异翼牛.obj	1	2	1	0.15	182	183	184	650
2095	变异铁翼牛.obj	1	2	1	0.15	182	183	184	801
2096	npc西域年轻女子1.obj	1	2	1	0.15	182	183	184	803
2097	npc西域年轻女子2.obj	1	2	1	0.15	182	183	184	509
2098	npc西域年轻男子1.obj	1	2	1	0.15	182	183	184	713
2099	npc西域年轻男子2.obj	1	2	1	0.15	182	183	184	714
2100	npc西域年轻男子3.obj	1	2	1	0.15	182	183	184	715
2101	npc西域杂耍艺人.obj	1	2	1	0.15	182	183	184	717
2102	npc西域老年女子1.obj	1	2	1	0.15	182	183	184	720
2103	npc西域老年男子1.obj	1	2	1	0.15	182	183	184	721
2104	npc西域老年男子2.obj	1	2	1	0.15	182	183	184	722
2105	npc西域耍蛇人.obj	1	2	0.9	0.15	182	183	184	723
2106	npc西域耍蛇人蛇.obj	1	2	1	0.15	182	183	184	724
2107	npc西域跳舞女子.obj	1	2	1	0.15	182	183	184	725
2108	npc西域驼队商人.obj	1	2	1	0.15	182	183	184	730
2109	npc西域驼队骆驼.obj	1	2	1	0.15	182	183	184	731
2110	npc西域老年男子1a.obj	1	2	1	0.15	182	183	184	721
2111	npc西域老年男子2a.obj	1	2	1	0.15	182	183	184	722
2112	npc西域老年男子2b.obj	1	2	1	0.15	182	183	184	722
2113	npc西域年轻男子1a.obj	1	2	1	0.15	182	183	184	713
2114	npc西域年轻男子1b.obj	1	2	1	0.15	182	183	184	713
2115	npc西域年轻男子2a.obj	1	2	1	0.15	182	183	184	714
2116	npc西域年轻男子3a.obj	1	2	1	0.15	182	183	184	714
2117	npc西域年轻女子1a.obj	1	2	1	0.15	182	183	184	803
2118	npc西域年轻女子1b.obj	1	2	1	0.15	182	183	184	803
2119	npc西域年轻女子1c.obj	1	2	1	0.15	182	183	184	803
2120	npc西域年轻女子2a.obj	1	2	1	0.15	182	183	184	509
2121	npc西域年轻女子2b.obj	1	2	1	0.15	182	183	184	509
2122	npc西域年轻女子2c.obj	1	2	1	0.15	182	183	184	509
2123	npc西域跳舞女子a.obj	1	2	1	0.15	182	183	184	725
2124	npc西域跳舞女子b.obj	1	2	1	0.15	182	183	184	725
2125	蹴鞠bossa.obj	1	2	1.3	0.15	182	183	184	745
2126	蹴鞠bossb.obj	1	2	1.3	0.15	182	183	184	746
2127	蹴鞠bossc.obj	1	2	1.3	0.15	182	183	184	747
2128	篮球boss.obj	1	2	1	0.15	182	183	184	753
2129	排球boss.obj	1	2	1	0.15	182	183	184	749
2130	足球boss.obj	1	2	1	0.15	182	183	184	754
2131	圣火台.obj	1	2	1	0.15	182	183	184	230
2132	变身圣火传递女.obj	1	2	1	0.15	182	183	184	188
2133	变身圣火传递男.obj	1	2	1	0.15	185	186	187	189
2134	云母石人.obj	1	2	1.3	0.15	182	183	184	135
2135	龙血石人.obj	1	2	1.8	0.15	182	183	184	663
2136	npc怪西域马场守卫.obj	1	2	1	0.15	182	183	184	728
2137	npc怪西域马场守卫.obj	1	2	1.2	0.15	182	183	184	728
2138	npc怪西域食腐鸟1.obj	1	2	1	0.15	182	183	184	831
2139	npc怪西域食腐鸟1.obj	1	2	1.2	0.15	182	183	184	831
2140	npc怪西域驯马师.obj	1	2	1	0.15	182	183	184	729
2141	npc怪西域驯马师.obj	1	2	1.2	0.15	182	183	184	729
2142	npc怪西域野马.obj	1	2	1.7	0.15	182	183	184	726
2143	npc怪西域野马.obj	1	2	2	0.15	182	183	184	726
2144	npc怪西域匈奴战士2.obj	1	2	1	0.15	182	183	184	65
2145	npc怪西域匈奴战士2.obj	1	2	1.2	0.15	182	183	184	65
2146	npc怪西域匈奴萨满2.obj	1	2	1	0.15	182	183	184	66
2147	npc怪西域匈奴萨满2.obj	1	2	1.2	0.15	182	183	184	66
2148	白骆驼.obj	1	2	1	0.15	203	204	205	600
2149	赤龙.obj	1	2	1.3	0.15	182	183	184	601
2150	boss飘渺峰哈大霸.obj	1	2	1	0.15	182	183	184	26
2151	boss飘渺峰桑土公.obj	1	2	1	0.15	182	183	184	29
2152	boss飘渺峰乌老大.obj	1	2	1	0.15	182	183	184	24
2153	boss飘渺峰卓不凡.obj	1	2	1	0.15	182	183	184	25
2154	boss飘渺峰不平道人.obj	1	2	1	0.15	182	183	184	23
2155	boss飘渺峰李秋水.obj	1	2	1.3	0.15	182	183	184	28
2156	珍兽穷奇.obj	1	2	1.5	0.15	182	183	184	601
2157	珍兽穷奇2.obj	1	2	1.5	0.15	182	183	184	601
2158	珍兽穷奇3.obj	1	2	1.5	0.15	182	183	184	601
2159	珍兽穷奇4.obj	1	2	1.5	0.15	182	183	184	601
2160	珍兽穷奇5.obj	1	2	1.5	0.15	182	183	184	601
2161	珍兽穷奇6.obj	1	2	1.5	0.15	182	183	184	601
2162	珍兽穷奇7.obj	1	2	1.5	0.15	182	183	184	601
2163	珍兽穷奇8.obj	1	2	1.5	0.15	182	183	184	601
2164	珍兽白狐1.obj	1	2	1	0.15	182	183	184	527
2165	珍兽白狐2.obj	1	2	1	0.15	182	183	184	527
2166	珍兽白狐3.obj	1	2	1	0.15	182	183	184	527
2167	珍兽白狐4.obj	1	2	1	0.15	182	183	184	527
2168	珍兽白狐5.obj	1	2	1	0.15	182	183	184	527
2169	珍兽白狐6.obj	1	2	1	0.15	182	183	184	527
2170	珍兽白狐7.obj	1	2	1	0.15	182	183	184	527
2171	珍兽白狐.obj	1	2	1	0.15	182	183	184	527
2172	骑乘碧水金睛兽.obj	1	2	1.5	0.15	182	183	184	855
2173	npc束河古镇沧澜.obj	1	2	1	0.15	182	183	184	80
2174	npc束河古镇哈巴.obj	1	2	1	0.15	182	183	184	78
2175	npc束河古镇金沙.obj	1	2	1	0.15	182	183	184	92
2176	npc束河古镇徐霞客.obj	1	2	1	0.15	182	183	184	79
2177	npc束河古镇玉龙.obj	1	2	1	0.15	182	183	184	81
2178	boss缥缈峰普通侠士.obj	1	2	1	0.15	182	183	184	19
2179	npc束河古镇跳舞者01.obj	1	2	1	0.15	182	183	184	82
2180	npc束河古镇跳舞者02.obj	1	2	1	0.15	182	183	184	83
2181	npc束河古镇跳舞者03.obj	1	2	1	0.15	182	183	184	84
2182	npc束河古镇跳舞者04.obj	1	2	1	0.15	182	183	184	85
2183	npc束河古镇跳舞者05.obj	1	2	1	0.15	182	183	184	86
2184	npc束河古镇跳舞者06.obj	1	2	1	0.15	182	183	184	87
2185	npc束河古镇跳舞者07.obj	1	2	1	0.15	182	183	184	88
2186	npc束河古镇跳舞者08.obj	1	2	1	0.15	182	183	184	89
2187	npc束河古镇跳舞者09.obj	1	2	1	0.15	182	183	184	90
2188	npc束河古镇跳舞者10.obj	1	2	1	0.15	182	183	184	91
2189	珍兽上古神猿1.obj	1	2	1	0.15	182	183	184	513
2190	珍兽上古神猿2.obj	1	2	1	0.15	182	183	184	513
2191	珍兽上古神猿3.obj	1	2	1	0.15	182	183	184	513
2192	珍兽上古神猿4.obj	1	2	1	0.15	182	183	184	513
2193	珍兽上古神猿5.obj	1	2	1	0.15	182	183	184	513
2194	珍兽上古神猿6.obj	1	2	1	0.15	182	183	184	513
2195	地宫boss古墓幽禁守卫.obj	1	2	1	0.15	182	183	184	234
2196	地宫BOSS秦王.obj	1	2	1	0.15	182	183	184	235
2197	地宫盗墓者.obj	1	2	1	0.15	182	183	184	237
2198	地宫秦将护卫.obj	1	2	0.75	0.15	182	183	184	238
2199	古墓残破雕塑.obj	1	2	1	0.15	182	183	184	206
2200	古墓虫子.obj	1	2	1	0.15	182	183	184	208
2201	古墓幽灵.obj	1	2	0.75	0.15	182	183	184	203
2202	古墓幽灵法师.obj	1	2	1	0.15	182	183	184	205
2203	npc怪地宫护卫.obj	1	2	0.75	0.15	182	183	184	48
2204	npc怪古墓残破雕塑.obj	1	2	1	0.15	182	183	184	47
2205	古墓工匠.obj	1	2	1	0.15	182	183	184	202
2206	古墓石人.obj	1	2	1	0.15	182	183	184	207
2207	古墓幽灵护卫.obj	1	2	1	0.15	182	183	184	204
2208	宠物穿山甲.obj	1	2	1.6	0.15	182	183	184	601
2209	宠物穿山甲1.obj	1	2	1.6	0.15	182	183	184	601
2210	宠物穿山甲2.obj	1	2	1.6	0.15	182	183	184	601
2211	宠物穿山甲3.obj	1	2	1.6	0.15	182	183	184	601
2212	宠物穿山甲4.obj	1	2	1.6	0.15	182	183	184	601
2213	宠物穿山甲5.obj	1	2	1.6	0.15	182	183	184	601
2214	宠物穿山甲6.obj	1	2	1.6	0.15	182	183	184	601
2215	宠物穿山甲7.obj	1	2	1.6	0.15	182	183	184	601
2216	npc怪宝箱棋子1.obj	1	2	1.3	0.15	182	183	184	49
2217	npc怪宝箱棋子2.obj	1	2	1.3	0.15	182	183	184	50
2218	npc宝箱童子5.obj	1	2	1.2	0.15	182	183	184	45
2219	npc宝箱童子6.obj	1	2	1.2	0.15	182	183	184	45
2220	boss裂金明王.obj	1	2	1	0.15	182	183	184	22
2221	boss玄镰刀怪.obj	1	2	1	0.15	182	183	184	5
2222	宠物穿山甲.obj	1	2	1.5	0.15	182	183	184	601
2223	淡褐黄鸟.obj	1	2	1.3	0.15	182	183	184	601
2224	珍珑之光.obj	1	2	1	0.15	182	183	184	611
2225	变身礼盒.obj	1	2	1	0.15	182	183	184	197
2226	变身玫瑰花.obj	1	2	1	0.15	182	183	184	196
2227	变身兔爷.obj	1	2	1	0.15	182	183	184	185
2228	珍兽比翼鸟.obj	1	2	1	0.15	182	183	184	523
2229	珍兽比翼鸟1.obj	1	2	1	0.15	182	183	184	523
2230	珍兽比翼鸟2.obj	1	2	1	0.15	182	183	184	523
2231	珍兽比翼鸟3.obj	1	2	1	0.15	182	183	184	523
2232	珍兽比翼鸟4.obj	1	2	1	0.15	182	183	184	523
2233	珍兽比翼鸟5.obj	1	2	1	0.15	182	183	184	523
2234	珍兽比翼鸟6.obj	1	2	1	0.15	182	183	184	523
2235	珍兽比翼鸟7.obj	1	2	1	0.15	182	183	184	524
2236	珍兽春节牛1.obj	1	2	1.2	0.15	182	183	184	519
2237	珍兽春节牛2.obj	1	2	1.2	0.15	182	183	184	519
2238	珍兽春节牛3.obj	1	2	1.2	0.15	182	183	184	519
2239	珍兽春节牛4.obj	1	2	1.2	0.15	182	183	184	519
2240	珍兽春节牛5.obj	1	2	1.2	0.15	182	183	184	519
2241	珍兽春节牛6.obj	1	2	1.2	0.15	182	183	184	519
2242	珍兽春节牛7.obj	1	2	1.2	0.15	182	183	184	519
2243	珍兽春节牛8.obj	1	2	1.2	0.15	182	183	184	519
2244	圣诞节骑乘.obj	1	2	1.3	0.15	182	183	184	232
2245	当扈.obj	1	2	1	0.15	182	183	184	627
2246	当扈1.obj	1	2	1	0.15	182	183	184	627
2247	当扈2.obj	1	2	1	0.15	182	183	184	627
2248	当扈3.obj	1	2	1	0.15	182	183	184	627
2249	当扈4.obj	1	2	1	0.15	182	183	184	627
2250	当扈5.obj	1	2	1	0.15	182	183	184	627
2251	当扈6.obj	1	2	1	0.15	182	183	184	627
2252	当扈7.obj	1	2	1	0.15	182	183	184	627
2253	骑乘春节年兽.obj	1	2	1	0.15	182	183	184	844
2254	骑乘情人节花车1.obj	1	2	1.2	0.15	-1	-1	-1	843
2255	蚩尤台.obj	1	2	0.75	0.15	182	183	184	30
2256	蚩尤焚香塔.obj	1	2	0.5	0.15	182	183	184	31
2257	蚩尤落星塔.obj	1	2	0.5	0.15	182	183	184	31
2258	蚩尤战车白色.obj	1	2	0.5	0.15	182	183	184	33
2259	蚩尤战车红色.obj	1	2	0.5	0.15	182	183	184	35
2260	蚩尤战车紫色.obj	1	2	0.5	0.15	182	183	184	34
2261	蚩尤战车蓝色.obj	1	2	0.5	0.15	182	183	184	36
2262	蚩尤战车黄色.obj	1	2	0.5	0.15	182	183	184	37
2263	蚩尤旗.obj	1	2	1	0.15	182	183	184	32
2264	炎黄台.obj	1	2	0.75	0.15	182	183	184	30
2265	炎黄焚香塔.obj	1	2	0.5	0.15	182	183	184	31
2266	炎黄落星塔.obj	1	2	0.5	0.15	182	183	184	31
2267	炎黄战车白色.obj	1	2	0.5	0.15	182	183	184	33
2268	炎黄战车红色.obj	1	2	0.5	0.15	182	183	184	35
2269	炎黄战车紫色.obj	1	2	0.5	0.15	182	183	184	34
2270	炎黄战车蓝色.obj	1	2	0.5	0.15	182	183	184	36
2271	炎黄战车黄色.obj	1	2	0.5	0.15	182	183	184	37
2272	炎黄战旗.obj	1	2	1	0.15	182	183	184	32
2273	涿鹿大旗操作台.obj	1	2	1	0.15	182	183	184	30
2274	珍兽春节牛1a.obj	1	2	1.2	0.15	182	183	184	520
2275	珍兽春节牛2a.obj	1	2	1.2	0.15	182	183	184	520
2276	珍兽春节牛3a.obj	1	2	1.2	0.15	182	183	184	520
2277	珍兽春节牛4a.obj	1	2	1.2	0.15	182	183	184	520
2278	珍兽春节牛5a.obj	1	2	1.2	0.15	182	183	184	520
2279	珍兽春节牛6a.obj	1	2	1.2	0.15	182	183	184	520
2280	珍兽春节牛7a.obj	1	2	1.2	0.15	182	183	184	520
2281	珍兽春节牛8a.obj	1	2	1.2	0.15	182	183	184	520
2282	珍兽春节牛9a.obj	1	2	1.2	0.15	182	183	184	520
2283	珍兽比翼鸟8.obj	1	2	1	0.15	182	183	184	524
2284	珍兽春节牛9.obj	1	2	1.2	0.15	182	183	184	519
2285	当扈8.obj	1	2	1	0.15	182	183	184	627
2286	珍兽欢乐猪8.obj	1	2	1	0.15	182	183	184	601
2287	狗boss.obj	1	2	2	0.15	182	183	184	601
2288	白羊.obj	1	2	1.5	0.15	182	183	184	601
2289	青头鹰.obj	1	2	1.7	0.15	182	183	184	601
2290	蜥蜴小boss.obj	1	2	1.6	0.15	182	183	184	601
2291	紫色豹小boss.obj	1	2	1.5	0.15	182	183	184	601
2292	蝙蝠小boss.obj	1	2	1.6	0.15	182	183	184	601
2293	骑乘白豹.obj	1	2	1	0.15	182	183	184	854
2294	骑乘黑豹.obj	1	2	1	0.15	182	183	184	868
2295	npc许愿树.obj	1	2	1	0.15	182	183	184	107
2296	npc许愿树501时.obj	1	2	1	0.15	182	183	184	107
2297	npc许愿树801时.obj	1	2	1	0.15	182	183	184	107
2298	npc许愿树1001时.obj	1	2	1	0.15	182	183	184	107
2299	npc怪西域彩云仙.obj	1	2	1	0.15	182	183	184	71
2300	npc怪西域酒剑仙.obj	1	2	1	0.15	182	183	184	75
2301	npc怪西域开明兽.obj	1	2	1	0.15	182	183	184	69
2302	npc怪西域仙鹤.obj	1	2	1	0.15	182	183	184	63
2303	npc怪西域仙鹿.obj	1	2	1	0.15	182	183	184	64
2304	npc怪西域仙童.obj	1	2	1	0.15	182	183	184	62
2305	boss藏经阁蒙面番僧.obj	1	2	1.3	0.15	182	183	184	21
2306	藏经阁佛灯.obj	1	2	1	0.15	182	183	184	693
2307	藏经阁佛灯红.obj	1	2	1	0.15	182	183	184	694
2308	藏经阁佛灯绿.obj	1	2	1	0.15	182	183	184	695
2309	npc枯荣大师.obj	1	2	1	0.15	182	183	184	93
2310	boss生死擂台武松.obj	1	2	1	0.15	182	183	184	14
2311	boss生死擂台吴用.obj	1	2	1	0.15	182	183	184	9
2312	boss生死擂台宋江.obj	1	2	1	0.15	182	183	184	11
2313	boss生死擂台秦明.obj	1	2	1	0.15	182	183	184	15
2314	boss生死擂台鲁智深.obj	1	2	1	0.15	182	183	184	17
2315	boss生死擂台卢俊义.obj	1	2	1	0.15	182	183	184	8
2316	boss生死擂台林冲.obj	1	2	1	0.15	182	183	184	13
2317	boss生死擂台李逵.obj	1	2	1	0.15	182	183	184	12
2318	boss生死擂台花容.obj	1	2	1	0.15	182	183	184	16
2319	boss生死擂台呼延灼.obj	1	2	1	0.15	182	183	184	10
2320	boss生死擂台关胜.obj	1	2	1	0.15	182	183	184	7
2321	boss生死擂台公孙胜.obj	1	2	1	0.15	182	183	184	6
2322	npc燃烧弹090630.obj	1	2	1.5	0.15	182	183	184	95
2323	npc高爆弹090630.obj	1	2	1.6	0.15	182	183	184	108
2324	npc臭弹090630.obj	1	2	1.6	0.15	182	183	184	103
2325	珍兽上古神猿1a.obj	1	2	1	0.15	182	183	184	513
2326	珍兽上古神猿2a.obj	1	2	1	0.15	182	183	184	513
2327	珍兽宝箱守卫0.obj	1	2	1	0.15	182	183	184	515
2328	珍兽宝箱守卫1.obj	1	2	1	0.15	182	183	184	515
2329	珍兽宝箱守卫2.obj	1	2	1	0.15	182	183	184	515
2330	珍兽宝箱守卫3.obj	1	2	1	0.15	182	183	184	515
2331	珍兽宝箱守卫4.obj	1	2	1	0.15	182	183	184	515
2332	珍兽宝箱守卫5.obj	1	2	1	0.15	182	183	184	515
2333	珍兽宝箱守卫6.obj	1	2	1	0.15	182	183	184	515
2334	珍兽宝箱守卫7.obj	1	2	1	0.15	182	183	184	515
2335	珍兽宝箱守卫8.obj	1	2	1	0.15	182	183	184	515
2336	珍兽年兽0.obj	1	2	0.85	0.15	182	183	184	601
2337	NPC云姗姗090603.obj	1	2	1	0.15	182	183	184	40
2338	NPC云雪儿090603.obj	1	2	1	0.15	182	183	184	41
2339	boss葛荣升级090801.obj	1	2	1	0.15	182	183	184	20
2340	黄金棋子.obj	1	2	1.2	0.15	182	183	184	895
2341	武魂琉璃焰20090722.obj	1	2	1	0.15	182	183	184	-1
2342	武魂琉璃焰变异20090722.obj	1	2	1	0.15	182	183	184	-1
2343	武魂琉璃焰变异20090722-02.obj	1	2	1	0.15	182	183	184	-1
2344	武魂琉璃焰变异20090722-03.obj	1	2	1	0.15	182	183	184	-1
2345	武魂琉璃焰变异20090722-04.obj	1	2	1	0.15	182	183	184	-1
2346	武魂御瑶盘20090722.obj	1	2	1	0.15	182	183	184	-1
2347	武魂御瑶盘变异20090722.obj	1	2	1	0.15	182	183	184	-1
2348	武魂御瑶盘变异20090722-02.obj	1	2	1	0.15	182	183	184	-1
2349	武魂御瑶盘变异20090722-03.obj	1	2	1	0.15	182	183	184	-1
2350	武魂御瑶盘变异20090722-04.obj	1	2	1	0.15	182	183	184	-1
2351	boss飘渺峰哈大霸缩小版.obj	1	2	0.6	0.15	182	183	184	27
2352	白帝缩小版.obj	1	2	0.7	0.15	182	183	184	579
2353	蹴鞠boss缩小版.obj	1	2	1	0.15	182	183	184	748
2354	地宫boss秦王缩小版.obj	1	2	0.55	0.15	182	183	184	236
2355	玄boos缩小版.obj	1	2	0.5	0.15	182	183	184	504
2356	棋局首领缩小版.obj	1	2	0.55	0.15	182	183	184	433
2357	鸳鸯放大版.obj	1	2	1.5	0.15	182	183	184	885
2358	鸳鸯放大版1.obj	1	2	1.5	0.15	182	183	184	885
2359	鸳鸯放大版2.obj	1	2	1.5	0.15	182	183	184	885
2360	鸳鸯放大版3.obj	1	2	1.5	0.15	182	183	184	885
2361	鸳鸯放大版4.obj	1	2	1.5	0.15	182	183	184	885
2362	鸳鸯放大版5.obj	1	2	1.5	0.15	182	183	184	885
2363	鸳鸯放大版6.obj	1	2	1.5	0.15	182	183	184	885
2364	鸳鸯放大版7.obj	1	2	1.5	0.15	182	183	184	885
2365	九大门派骑乘雕.obj	1	2	1	0.15	405	405	405	128
2366	九大门派骑乘凤凰.obj	1	2	1	0.15	405	405	405	123
2367	九大门派骑乘鹤.obj	1	2	1	0.15	404	404	404	130
2368	九大门派骑乘虎.obj	1	2	1	0.15	188	189	190	127
2369	九大门派骑乘狼.obj	1	2	1	0.15	200	201	202	126
2370	九大门派骑乘鹿.obj	1	2	1	0.15	206	207	208	131
2371	九大门派骑乘马.obj	1	2	1	0.15	191	192	193	129
2372	九大门派骑乘牦牛.obj	1	2	1	0.15	194	195	196	124
2373	九大门派骑乘狮子.obj	1	2	1	0.15	188	189	190	125
2374	npc扫地僧090805.obj	1	2	1	0.15	182	183	184	76
2375	npc无崖子090723.obj	1	2	1	0.15	182	183	184	77
2376	咖啡翅膀.obj	1	2	1	0.15	404	404	404	216
2377	凤凰古城_风水晶.obj	1	2	1	0.15	182	183	184	160
2378	凤凰古城_火水晶.obj	1	2	1	0.15	182	183	184	158
2379	凤凰古城_雷水晶.obj	1	2	1	0.15	182	183	184	159
2380	凤凰古城_水水晶.obj	1	2	1	0.15	182	183	184	157
2381	凤凰古城风水晶_灰色.obj	1	2	1	0.15	182	183	184	164
2382	凤凰古城火水晶_灰色.obj	1	2	1	0.15	182	183	184	162
2383	凤凰古城雷水晶_灰色.obj	1	2	1	0.15	182	183	184	163
2384	凤凰古城水水晶_灰色.obj	1	2	1	0.15	182	183	184	161
2385	凤凰战旗.obj	1	2	1.2	0.15	182	183	184	165
2386	boss20090812洞主.obj	1	2	1	0.15	182	183	184	1
2387	npc怪凿船水鬼20090810.obj	1	2	1	0.15	182	183	184	46
2388	npc怪小贩20090810.obj	1	2	1	0.15	182	183	184	51
2389	npc怪棚民20090807.obj	1	2	1	0.15	182	183	184	55
2390	npc怪紫花蜘蛛20090807.obj	1	2	1	0.15	182	183	184	58
2391	npc怪红衣马匪20090810.obj	1	2	1	0.15	182	183	184	59
2392	npc怪蜀道黑猿20090807.obj	1	2	1	0.15	182	183	184	60
2393	npc怪蟾蜍20090814.obj	1	2	1	0.15	182	183	184	61
2394	npc怪西域巨蝎20090807.obj	1	2	1	0.15	182	183	184	68
2395	boss日本武士090810.obj	1	2	1	0.15	182	183	184	3
2396	npc女船长20090812.obj	1	2	1	0.15	182	183	184	44
2397	boss搬山道人20090806.obj	1	2	1	0.15	182	183	184	2
2398	npc怪摸金090801校尉.obj	1	2	1	0.15	182	183	184	52
2399	骑乘松鼠.obj	1	2	1	0.15	182	183	184	848
2400	珍兽树精宝宝0.obj	1	2	1	0.15	182	183	184	522
2401	珍兽树精宝宝1.obj	1	2	1	0.15	182	183	184	522
2402	珍兽树精宝宝2.obj	1	2	1	0.15	182	183	184	522
2403	珍兽树精宝宝3.obj	1	2	1	0.15	182	183	184	522
2404	珍兽树精宝宝4.obj	1	2	1	0.15	182	183	184	522
2405	珍兽树精宝宝5.obj	1	2	1	0.15	182	183	184	522
2406	珍兽树精宝宝6.obj	1	2	1	0.15	182	183	184	522
2407	珍兽树精宝宝7.obj	1	2	1	0.15	182	183	184	522
2408	珍兽树精宝宝8.obj	1	2	1	0.15	182	183	184	522
2409	珍兽灵兔兽0.obj	1	2	1	0.15	182	183	184	526
2410	珍兽灵兔兽1.obj	1	2	1	0.15	182	183	184	526
2411	珍兽灵兔兽2.obj	1	2	1	0.15	182	183	184	526
2412	珍兽灵兔兽3.obj	1	2	1	0.15	182	183	184	526
2413	珍兽灵兔兽4.obj	1	2	1	0.15	182	183	184	526
2414	珍兽灵兔兽5.obj	1	2	1	0.15	182	183	184	526
2415	珍兽灵兔兽6.obj	1	2	1	0.15	182	183	184	526
2416	珍兽灵兔兽7.obj	1	2	1	0.15	182	183	184	526
2417	珍兽灵兔兽8.obj	1	2	1	0.15	182	183	184	526
2418	npc熊猫20090824.obj	1	2	1.5	0.15	182	183	184	94
2419	骑乘蝴蝶翅膀090812.obj	1	2	1	0.15	404	404	404	860
2420	至尊神兽0.obj	1	2	0.6	0.15	182	183	184	661
2421	至尊神兽1.obj	1	2	0.6	0.15	182	183	184	661
2422	至尊神兽2.obj	1	2	0.6	0.15	182	183	184	661
2423	至尊神兽3.obj	1	2	0.6	0.15	182	183	184	661
2424	至尊神兽4.obj	1	2	0.6	0.15	182	183	184	661
2425	至尊神兽5.obj	1	2	0.6	0.15	182	183	184	661
2426	至尊神兽6.obj	1	2	0.6	0.15	182	183	184	661
2427	至尊神兽7.obj	1	2	0.6	0.15	182	183	184	661
2428	至尊神兽8.obj	1	2	0.6	0.15	182	183	184	661
2429	npc主城女20091010.obj	1	2	1	0.15	182	183	184	39
2430	变身南瓜.obj	1	2	1	0.15	182	183	184	187
2431	珍兽20091027火鸡宝宝1.obj	1	2	0.7	0.15	182	183	184	525
2432	珍兽20091027火鸡宝宝2.obj	1	2	0.7	0.15	182	183	184	525
2433	珍兽20091027火鸡宝宝3.obj	1	2	0.7	0.15	182	183	184	525
2434	珍兽20091027火鸡宝宝5.obj	1	2	0.7	0.15	182	183	184	525
2435	珍兽20091027火鸡宝宝4.obj	1	2	0.7	0.15	182	183	184	525
2436	珍兽20091027火鸡宝宝8.obj	1	2	0.7	0.15	182	183	184	525
2437	珍兽20091027火鸡宝宝9.obj	1	2	0.7	0.15	182	183	184	525
2438	珍兽20091027火鸡宝宝6.obj	1	2	0.7	0.15	182	183	184	525
2439	珍兽20091027火鸡宝宝7.obj	1	2	0.7	0.15	182	183	184	525
2440	npc鲜花幼苗1级20091104.obj	1	2	3	0.15	182	183	184	878
2441	npc20091104鲜花幼苗2级.obj	1	2	3	0.15	182	183	184	878
2442	npc20091104鲜花幼苗3级.obj	1	2	2.1	0.15	182	183	184	878
2443	npc鲜花幼苗4级20091104.obj	1	2	2.1	0.15	182	183	184	878
2444	奇遇变身礼盒.obj	1	2	1	0.15	182	183	184	260
2445	奇遇变身礼盒BOSS.obj	1	2	1.5	0.15	182	183	184	261
2446	奇遇变身圣诞树.obj	1	2	1	0.15	182	183	184	258
2447	奇遇变身圣诞树BOSS.obj	1	2	1.5	0.15	182	183	184	259
2448	npc神秘商人091105.obj	1	2	1	0.15	182	183	184	610
2449	npc圣诞熊猫大盗091105.obj	1	2	1	0.15	182	183	184	42
2450	npc圣诞熊猫老人01105.obj	1	2	1	0.15	182	183	184	43
2451	npc漂亮女20091030.obj	1	2	1	0.15	182	183	184	475
2452	npc20091111万劫灵台.obj	1	2	0.7	0.15	182	183	184	38
2453	npc20091111万劫灵台石破损.obj	1	2	0.7	0.15	182	183	184	38
2454	npc老虎阿勇091109.obj	1	2	1	0.15	182	183	184	653
2455	npc老虎阿勇091109.obj	1	2	1	0.15	182	183	184	199
2456	珍兽091106人型花1.obj	1	2	1	0.15	182	183	184	514
2457	珍兽091106人型花2.obj	1	2	1	0.15	182	183	184	514
2458	珍兽091106人型花3.obj	1	2	1	0.15	182	183	184	514
2459	珍兽091106人型花4.obj	1	2	1	0.15	182	183	184	514
2460	珍兽091106人型花5.obj	1	2	1	0.15	182	183	184	514
2461	珍兽091106人型花6.obj	1	2	1	0.15	182	183	184	514
2462	珍兽091106人型花7.obj	1	2	1	0.15	182	183	184	514
2463	珍兽091106人型花8.obj	1	2	1	0.15	182	183	184	514
2464	珍兽091106人型花9.obj	1	2	1	0.15	182	183	184	514
2465	珍兽20091106圣诞节驯鹿宝宝1.obj	1	2	0.8	0.15	182	183	184	529
2466	珍兽20091106圣诞节驯鹿宝宝2.obj	1	2	0.8	0.15	182	183	184	529
2467	珍兽20091106圣诞节驯鹿宝宝3.obj	1	2	0.8	0.15	182	183	184	529
2468	珍兽20091106圣诞节驯鹿宝宝7.obj	1	2	0.8	0.15	182	183	184	529
2469	珍兽20091106圣诞节驯鹿宝宝8.obj	1	2	0.8	0.15	182	183	184	529
2470	珍兽20091106圣诞节驯鹿宝宝9.obj	1	2	0.8	0.15	182	183	184	529
2471	珍兽20091106圣诞节驯鹿宝宝4.obj	1	2	0.8	0.15	182	183	184	529
2472	珍兽20091106圣诞节驯鹿宝宝5.obj	1	2	0.8	0.15	182	183	184	529
2473	珍兽20091106圣诞节驯鹿宝宝6.obj	1	2	0.8	0.15	182	183	184	529
2474	珍兽春节布老虎1.obj	1	2	1	0.15	182	183	184	518
2475	珍兽春节布老虎2.obj	1	2	1	0.15	182	183	184	518
2476	珍兽春节布老虎3.obj	1	2	1	0.15	182	183	184	518
2477	珍兽春节布老虎4.obj	1	2	1	0.15	182	183	184	518
2478	珍兽春节布老虎5.obj	1	2	1	0.15	182	183	184	518
2479	珍兽春节布老虎6.obj	1	2	1	0.15	182	183	184	518
2480	珍兽春节布老虎7.obj	1	2	1	0.15	182	183	184	518
2481	珍兽春节布老虎8.obj	1	2	1	0.15	182	183	184	518
2482	珍兽春节布老虎9.obj	1	2	1	0.15	182	183	184	518
2483	珍兽春节珍奇虎1.obj	1	2	1	0.15	182	183	184	518
2484	珍兽春节珍奇虎2.obj	1	2	1	0.15	182	183	184	518
2485	珍兽春节珍奇虎3.obj	1	2	1	0.15	182	183	184	518
2486	珍兽春节珍奇虎4.obj	1	2	1	0.15	182	183	184	518
2487	珍兽春节珍奇虎5.obj	1	2	1	0.15	182	183	184	518
2488	珍兽春节珍奇虎6.obj	1	2	1	0.15	182	183	184	518
2489	珍兽春节珍奇虎7.obj	1	2	1	0.15	182	183	184	518
2490	珍兽春节珍奇虎8.obj	1	2	1	0.15	182	183	184	518
2491	珍兽春节珍奇虎9.obj	1	2	1	0.15	182	183	184	518
2492	骑乘春节虎091026.obj	1	2	1	0.15	489	490	491	845
2493	珍兽20090917熊猫1.obj	1	2	1	0.15	182	183	184	517
2494	珍兽20090917熊猫2.obj	1	2	1	0.15	182	183	184	517
2495	珍兽20090917熊猫3.obj	1	2	1	0.15	182	183	184	517
2496	珍兽20090917熊猫4.obj	1	2	1	0.15	182	183	184	517
2497	珍兽20090917熊猫5.obj	1	2	1	0.15	182	183	184	517
2498	珍兽20090917熊猫6.obj	1	2	1	0.15	182	183	184	517
2499	珍兽20090917熊猫7.obj	1	2	1	0.15	182	183	184	517
2500	珍兽20090917熊猫8.obj	1	2	1	0.15	182	183	184	517
2501	珍兽20090917熊猫9.obj	1	2	1	0.15	182	183	184	517
2502	npc姑苏慕容传送人20091230.obj	1	2	1	0.15	182	183	184	308
2503	npc姑苏慕容接引人091228.obj	1	2	1	0.15	182	183	184	308
2504	npc姑苏慕容门派传功人091230.obj	1	2	1	0.15	182	183	184	308
2505	npc姑苏慕容门派弟子091229.obj	1	2	1	0.15	182	183	184	308
2506	npc姑苏掌门人091229.obj	1	2	1	0.15	182	183	184	308
2507	npc怪姑苏门派轻功飞贼20091229.obj	1	2	1	0.15	182	183	184	311
2508	姑苏慕容骑乘野山羊1.obj	1	2	1	0.15	194	195	196	312
2509	姑苏慕容骑乘野山羊2.obj	1	2	1	0.15	194	195	196	312
2510	姑苏慕容骑乘野山羊3.obj	1	2	1	0.15	194	195	196	312
2511	npc祈福接引人.obj	1	2	1	0.15	182	183	184	98
2512	骑乘20090112飞龙椅.obj	1	2	1	0.15	477	478	479	862
2513	npc100107姑苏慕容丫鬟1.obj	1	2	1	0.15	182	183	184	310
2514	npc100107姑苏慕容丫鬟2.obj	1	2	1	0.15	182	183	184	309
2515	npc姑苏老太太100108.obj	1	2	1	0.15	182	183	184	313
2516	boss四绝庄闵墨20100127.obj	1	2	1.2	0.15	182	183	184	226
2517	boss四绝庄庞企100121.obj	1	2	1.2	0.15	182	183	184	223
2518	boss四绝庄琴韵100121.obj	1	2	1.2	0.15	182	183	184	225
2519	boss四绝庄陶青100125.obj	1	2	1.2	0.15	182	183	184	227
2520	珍兽20100120暴龙宝宝1.obj	1	2	1	0.15	182	183	184	521
2521	珍兽20100120暴龙宝宝2.obj	1	2	1	0.15	182	183	184	521
2522	珍兽20100120暴龙宝宝3.obj	1	2	1	0.15	182	183	184	521
2523	珍兽20100120暴龙宝宝4.obj	1	2	1	0.15	182	183	184	521
2524	珍兽20100120暴龙宝宝5.obj	1	2	1	0.15	182	183	184	521
2525	珍兽20100120暴龙宝宝6.obj	1	2	1	0.15	182	183	184	521
2526	珍兽20100120暴龙宝宝7.obj	1	2	1	0.15	182	183	184	521
2527	珍兽20100120暴龙宝宝8.obj	1	2	1	0.15	182	183	184	521
2528	珍兽20100120暴龙宝宝9.obj	1	2	1	0.15	182	183	184	521
2529	npc怪四绝庄副本回音幡100128.obj	1	2	1.5	0.15	182	183	184	221
2530	npc怪四绝庄墨虎100127.obj	1	2	1	0.15	182	183	184	222
2531	npc怪四绝庄星罗小卒100204.obj	1	2	1	0.15	182	183	184	224
2532	npc怪五龙柱100126_火.obj	1	2	1.5	0.15	182	183	184	220
2533	npc怪五龙柱100126_金.obj	1	2	1.5	0.15	182	183	184	220
2534	npc怪五龙柱100126_木.obj	1	2	1.5	0.15	182	183	184	220
2535	npc怪五龙柱100126_水.obj	1	2	1.5	0.15	182	183	184	220
2536	npc怪五龙柱100126_土.obj	1	2	1.5	0.15	182	183	184	220
2537	npc四绝庄四绝钟2010012.obj	1	2	1.5	0.15	182	183	184	229
2538	npc怪四绝庄青鹰100128.obj	1	2	1	0.15	182	183	184	228
2539	赵天师新20100222.obj	1	2	1	0.15	182	183	184	608
2540	npc四绝庄潘菁菁.obj	1	2	1	0.15	182	183	184	151
2541	普通侠士3.obj	1	2	1.2	0.15	182	183	184	388
2542	npc怪秦皇地宫吸血蝙蝠100202.obj	1	2	1	0.15	182	183	184	233
2543	npc怪姑苏门派轻功飞贼20091229红.obj	1	2	1	0.15	182	183	184	311
2544	npc怪姑苏门派轻功飞贼20091229蓝.obj	1	2	1	0.15	182	183	184	311
2545	npc怪姑苏门派轻功飞贼20091229绿.obj	1	2	1	0.15	182	183	184	311
2546	技嘉羊.obj	1	2	1	0.15	182	183	184	392
2547	蓝色安以轩.obj	1	2	1	0.15	182	183	184	317
2548	绿色安以轩.obj	1	2	1	0.15	182	183	184	317
2549	紫色安以轩.obj	1	2	1	0.15	182	183	184	317
2550	粉色安以轩.obj	1	2	1	0.15	182	183	184	317
2551	骑乘松鼠变色.obj	1	2	1	0.15	182	183	184	848
2552	骑乘熊猫100115.obj	1	2	1	0.15	194	195	196	851
2553	骑乘恐惧魔狰100329.obj	1	2	1	0.15	182	183	184	842
2554	骑乘北美新坐骑100201.obj	1	2	1	0.15	495	495	495	837
2555	骑乘暗影坐骑100201.obj	1	2	1	0.15	495	495	495	846
2556	骑乘紫影坐骑100201.obj	1	2	1	0.15	495	495	495	856
2557	珍兽100412章鱼1.obj	1	2	1	0.15	182	183	184	528
2558	珍兽100412章鱼2.obj	1	2	1	0.15	182	183	184	528
2559	珍兽100412章鱼3.obj	1	2	1	0.15	182	183	184	528
2560	珍兽100412章鱼4.obj	1	2	1	0.15	182	183	184	528
2561	珍兽100412章鱼5.obj	1	2	1	0.15	182	183	184	528
2562	珍兽100412章鱼6.obj	1	2	1	0.15	182	183	184	528
2563	珍兽100412章鱼7.obj	1	2	1	0.15	182	183	184	528
2564	珍兽100412章鱼8.obj	1	2	1	0.15	182	183	184	528
2565	珍兽100412章鱼9.obj	1	2	1	0.15	182	183	184	528
2566	npc2010世界杯活动世界杯公示牌100521.obj	1	2	1	0.15	182	183	184	111
2601	npc粉色真心祈福气球091231.obj	1	2	1.8	0.15	182	183	184	100
2602	npc粉色真心祈福气球091231.obj	1	2	2.05	0.15	182	183	184	100
2603	npc粉色真心祈福气球091231.obj	1	2	2.3	0.15	182	183	184	100
2604	npc粉色真心祈福气球091231.obj	1	2	2.55	0.15	182	183	184	100
2605	npc粉色真心祈福气球091231.obj	1	2	2.8	0.15	182	183	184	100
2606	npc粉色真心祈福气球091231.obj	1	2	3.05	0.15	182	183	184	100
2607	npc粉色真心祈福气球091231.obj	1	2	3.3	0.15	182	183	184	99
2608	npc蓝色真心祈福气球091231.obj	1	2	1.8	0.15	182	183	184	105
2609	npc蓝色真心祈福气球091231.obj	1	2	2.05	0.15	182	183	184	105
2610	npc蓝色真心祈福气球091231.obj	1	2	2.3	0.15	182	183	184	105
2611	npc蓝色真心祈福气球091231.obj	1	2	2.55	0.15	182	183	184	105
2612	npc蓝色真心祈福气球091231.obj	1	2	2.8	0.15	182	183	184	105
2613	npc蓝色真心祈福气球091231.obj	1	2	3.05	0.15	182	183	184	105
2614	npc蓝色真心祈福气球091231.obj	1	2	3.3	0.15	182	183	184	104
2615	npc紫色真心祈福气球091231.obj	1	2	1.8	0.15	182	183	184	102
2616	npc紫色真心祈福气球091231.obj	1	2	2.05	0.15	182	183	184	102
2617	npc紫色真心祈福气球091231.obj	1	2	2.3	0.15	182	183	184	102
2618	npc紫色真心祈福气球091231.obj	1	2	2.55	0.15	182	183	184	102
2619	npc紫色真心祈福气球091231.obj	1	2	2.8	0.15	182	183	184	102
2620	npc紫色真心祈福气球091231.obj	1	2	3.05	0.15	182	183	184	102
2621	npc紫色真心祈福气球091231.obj	1	2	3.3	0.15	182	183	184	101
2622	npc爱情祈福气球20091231.obj	1	2	1.8	0.15	182	183	184	97
2623	npc爱情祈福气球20091231.obj	1	2	2.05	0.15	182	183	184	97
2624	npc爱情祈福气球20091231.obj	1	2	2.3	0.15	182	183	184	97
2625	npc爱情祈福气球20091231.obj	1	2	2.55	0.15	182	183	184	97
2626	npc爱情祈福气球20091231.obj	1	2	2.8	0.15	182	183	184	97
2627	npc爱情祈福气球20091231.obj	1	2	3.05	0.15	182	183	184	97
2628	npc爱情祈福气球20091231.obj	1	2	3.3	0.15	182	183	184	96
2629	boss秦皇地宫秦皇后100115.obj	1	2	1	0.15	182	183	184	18
2630	npc怪皇后仕女100111.obj	1	2	1	0.15	182	183	184	56
2631	npc怪西域拜火使者.obj	1	2	1	0.15	182	183	184	72
2632	npc怪西域火精灵.obj	1	2	1	0.15	182	183	184	74
2633	npc怪西域火焰武士.obj	1	2	1	0.15	182	183	184	73
2634	npc怪西域开明兽1.obj	1	2	1	0.15	182	183	184	70
2635	npc怪西域圣者.obj	1	2	1	0.15	182	183	184	67
2636	npc西域三头犬.obj	1	2	1	0.15	182	183	184	106
2637	npc怪秦皇地宫四层秦皇护卫20100204.obj	1	2	1	0.15	182	183	184	57
2638	红色男高新手套装.obj	1	2	1	0.15	182	183	184	639
2639	红色女高新手套装.obj	1	2	1	0.15	182	183	184	638
2640	蓝色男高新手套装.obj	1	2	1	0.15	182	183	184	689
2641	蓝色女高新手套装.obj	1	2	1	0.15	182	183	184	688
2642	绿色男高新手套装.obj	1	2	1	0.15	182	183	184	645
2643	绿色女高新手套装.obj	1	2	1	0.15	182	183	184	644
2644	女主角高模少林.obj	1	2	1	0.15	182	183	184	300
2645	女主角高模明教.obj	1	2	1	0.15	182	183	184	302
2646	女主角丐帮高模.obj	1	2	1	0.15	182	183	184	296
2647	女主角高模武当.obj	1	2	1	0.15	182	183	184	304
2648	女主角高模峨眉.obj	1	2	1	0.15	182	183	184	301
2649	女主角高模星宿.obj	1	2	1	0.15	182	183	184	303
2650	女主角大理高模.obj	1	2	1	0.15	182	183	184	297
2651	女主角高模天山.obj	1	2	1	0.15	182	183	184	298
2652	女主角高模逍遥.obj	1	2	1	0.15	182	183	184	305
2653	npc女主角曼陀套装高模展示.obj	1	2	1	0.15	182	183	184	299
2654	W_cloth_ERG_2024高模.obj	1	2	1	0.15	182	183	184	299
2655	男主角高模少林.obj	1	2	1	0.15	182	183	184	567
2656	男主角高模明教.obj	1	2	1	0.15	182	183	184	569
2657	男主角丐帮高模.obj	1	2	1	0.15	182	183	184	563
2658	男主角高模武当.obj	1	2	1	0.15	182	183	184	571
2659	男主角高模峨眉.obj	1	2	1	0.15	182	183	184	568
2660	男主角高模星宿.obj	1	2	1	0.15	182	183	184	570
2661	男主角大理高模.obj	1	2	1	0.15	182	183	184	564
2662	男主角高模天山.obj	1	2	1	0.15	182	183	184	565
2663	男主角高模逍遥.obj	1	2	1	0.15	182	183	184	572
2664	npc男主角曼陀套装高模展示.obj	1	2	1	0.15	182	183	184	566
2665	M_cloth_ERG_2024高模.obj	1	2	1	0.15	182	183	184	566
2698	npc宋辽大战传送人刘博210203.obj	1	2	1	0.15	182	183	184	940
2727	骑乘宋军马20100913.obj	1	2	1	0.15	182	183	184	939
2728	骑乘辽军马100923.obj	1	2	1	0.15	182	183	184	939
2767	珍兽101104狸猫宝宝1.obj	1	2	1.6	0.15	182	183	184	930
2768	珍兽101104狸猫宝宝2.obj	1	2	1.6	0.15	182	183	184	930
2769	珍兽101104狸猫宝宝3.obj	1	2	1.6	0.15	182	183	184	930
2770	珍兽101104狸猫宝宝4.obj	1	2	1.6	0.15	182	183	184	930
2771	珍兽101104狸猫宝宝5.obj	1	2	1.6	0.15	182	183	184	930
2772	珍兽101104狸猫宝宝6.obj	1	2	1.6	0.15	182	183	184	931
2773	珍兽101104狸猫宝宝7.obj	1	2	1.6	0.15	182	183	184	932
2774	珍兽101104狸猫宝宝8.obj	1	2	1.6	0.15	182	183	184	932
2775	珍兽101104狸猫宝宝9.obj	1	2	1.6	0.15	182	183	184	933
2776	npc百晓真人100519.obj	1	2	1	0.15	182	183	184	940
2777	npc暑期活动-素缘辞魏三爷100519.obj	1	2	1	0.15	182	183	184	940
2778	ride_2024争霸赛第一名.obj	1	2	1	0.15	182	183	184	1365
2779	ride_2024争霸赛第二名.obj	1	2	1	0.15	182	183	184	1366
2780	ride_2024争霸赛第三名.obj	1	2	1	0.15	182	183	184	1367
2781	npc_2024场内普通虎红色.obj	1	2	1	0.15	182	183	184	983
2782	npc_2024场内普通虎黄色.obj	1	2	1	0.15	182	183	184	983
2783	npc_2024场内普通虎蓝色.obj	1	2	1	0.15	182	183	184	983
2784	npc_2024场内普通虎绿色.obj	1	2	1	0.15	182	183	184	983
2785	npc_2024场内普通虎紫色.obj	1	2	1	0.15	182	183	184	983
2786	npc_2024入场猴子.obj	1	2	1	0.15	182	183	184	983
2787	npc_2024冰雕虎1级武器.obj	1	2	1	0.15	182	183	184	-1
2788	npc_2024冰雕虎1级盾.obj	1	2	1	0.15	182	183	184	-1
2789	npc_2024冰雕虎2级武器.obj	1	2	1	0.15	182	183	184	-1
2790	npc_2024冰雕虎2级盾.obj	1	2	1	0.15	182	183	184	-1
2791	npc_2024冰雕虎3级武器.obj	1	2	1	0.15	182	183	184	-1
2792	npc_2024冰雕虎3级盾.obj	1	2	1	0.15	182	183	184	-1
2793	npc_2024普通冰雕花棉袄虎.obj	1	2	1	0.15	182	183	184	1397
2794	npc_2024普通冰雕花棉袄虎大.obj	1	2	1	0.15	182	183	184	1396
2795	npc_2024普通冰雕花棉袄虎一级剑.obj	1	2	1	0.15	182	183	184	1412
2796	npc_2024普通冰雕花棉袄虎一级剑大.obj	1	2	1	0.15	182	183	184	1410
2797	npc_2024普通冰雕花棉袄虎二级剑.obj	1	2	1	0.15	182	183	184	1412
2798	npc_2024普通冰雕花棉袄虎二级剑大.obj	1	2	1	0.15	182	183	184	1410
2799	npc_2024普通冰雕花棉袄虎三级剑.obj	1	2	1	0.15	182	183	184	1413
2800	npc_2024普通冰雕花棉袄虎三级剑大.obj	1	2	1	0.15	182	183	184	1411
2801	npc_2024普通冰雕虎.obj	1	2	1	0.15	182	183	184	1395
2802	npc_2024普通冰雕虎大.obj	1	2	1	0.15	182	183	184	1394
2803	npc_2024普通冰雕虎一级剑.obj	1	2	1	0.15	182	183	184	1408
2804	npc_2024普通冰雕虎一级剑大.obj	1	2	1	0.15	182	183	184	1406
2805	npc_2024普通冰雕虎二级剑.obj	1	2	1	0.15	182	183	184	1408
2806	npc_2024普通冰雕虎二级剑大.obj	1	2	1	0.15	182	183	184	1406
2807	npc_2024普通冰雕虎三级剑.obj	1	2	1	0.15	182	183	184	1409
2808	npc_2024普通冰雕虎三级剑大.obj	1	2	1	0.15	182	183	184	1407
2809	npc_2024战败冰块.obj	1	2	1	0.15	182	183	184	-1
2810	npc_2024大冰块.obj	1	2	1	0.15	182	183	184	-1
2811	npc_2024小冰块.obj	1	2	1	0.15	182	183	184	-1
2812	npc_2024空投宝箱.obj	1	2	1	0.15	182	183	184	-1
2813	npc_2024皮革袋子.obj	1	2	1	0.15	182	183	184	-1
2814	npc_2024束缚网.obj	1	2	1	0.15	182	183	184	1398
2815	npc_2024小怪貂.obj	1	2	1	0.15	182	183	184	1114
2816	npc_2024小空投宝箱.obj	1	2	1	0.15	182	183	184	-1
2817	npc_2024雪狐.obj	1	2	1	0.15	182	183	184	1013
2818	npc_2024云逸逸.obj	1	2	1	0.15	182	183	184	940
2819	ride_2024阿拉斯加.obj	1	2	1	0.15	182	183	184	1012
2820	HJ_npc变身木婉清24.obj	1	2	1	0.15	182	183	184	1443
2821	HJ_npc变身王语嫣24.obj	1	2	1	0.15	182	183	184	1444
2822	HJ_npc变身钟灵24.obj	1	2	1	0.15	182	183	184	1445
2823	HJ_npc推车闪电貂24_嫣花旗阵营.obj	1	2	1	0.15	182	183	184	1446
2824	HJ_npc重开巨蟒24.obj	1	2	1	0.15	182	183	184	1114
2825	npc_2024大金矿.obj	1	2	1	0.15	182	183	184	-1
2826	npc_2024中金石.obj	1	2	1	0.15	182	183	184	-1
2827	npc_2024小金砂.obj	1	2	1	0.15	182	183	184	-1
2828	HJ_npc推车闪电貂24_清澜旗阵营.obj	1	2	1	0.15	182	183	184	1446
2829	HJ_npc推车闪电貂24_灵川旗阵营.obj	1	2	1	0.15	182	183	184	1446
2830	npc_2024变身劳动者.obj	1	2	1	0.15	182	183	184	1449
2831	npc_2025金雕像雏形.obj	1	2	1	0.15	182	183	184	-1
2832	npc_2025金雕像优良.obj	1	2	1	0.15	182	183	184	-1
2833	npc_2025金雕像完美.obj	1	2	1	0.15	182	183	184	-1
2834	npc_2024工匠师傅.obj	1	2	1	0.15	182	183	184	940
2835	ride_2024天狼啸月.obj	1	2	1	0.15	182	183	184	1450
2836	ride_2024天狼啸月01.obj	1	2	1	0.15	182	183	184	1451
2837	pet_2025月神一级.obj	1	2	1	0.15	182	183	184	1452
2838	pet_2025月神二级01.obj	1	2	1	0.15	182	183	184	1452
2839	pet_2025月神二级.obj	1	2	1	0.15	182	183	184	1452
2840	pet_2025月神三级01.obj	1	2	1	0.15	182	183	184	1452
2841	pet_2025月神三级.obj	1	2	1	0.15	182	183	184	1452
2842	pet_2025月神四级.obj	1	2	1	0.15	182	183	184	1452
2843	pet_2025月神四级01.obj	1	2	1	0.15	182	183	184	1452
2844	pet_2025月神五级01.obj	1	2	1	0.15	182	183	184	1452
2845	pet_2025月神五级02.obj	1	2	1	0.15	182	183	184	1452
2846	pet_2025月神五级.obj	1	2	1	0.15	182	183	184	1452
2847	npc_2025盛装嘉宾.obj	1	2	1	0.15	182	183	184	940
2848	npc_2024变身劳动者_抱着大金砖.obj	1	2	1	0.15	182	183	184	1005
2849	npc_2024变身劳动者_背着小金袋.obj	1	2	1	0.15	182	183	184	1005
2850	npc_2024变身劳动者_背着中金袋.obj	1	2	1	0.15	182	183	184	1005
2851	npc变身_2025霓凰01.obj	1	2	1	0.15	182	183	184	1455
2852	npc变身_2025霓凰02.obj	1	2	1	0.15	182	183	184	1455
2853	npc变身_2025霓凰03.obj	1	2	1	0.15	182	183	184	1455
2854	npc变身_2025小鹿呦呦01.obj	1	2	1.5	0.15	182	183	184	1454
2855	npc变身_2025小鹿呦呦02.obj	1	2	1.8	0.15	182	183	184	1454
2856	npc变身_2025小鹿呦呦03.obj	1	2	2.2	0.15	182	183	184	1454
2857	npc变身_2025花仙子.obj	1	2	1	0.15	182	183	184	1005
2858	npc怪_2025玄影.obj	1	2	1	0.15	182	183	184	1114
2859	npc变身_2025萌宠猪01.obj	1	2	1.5	0.15	182	183	184	1458
2860	npc变身_2025萌宠猪02.obj	1	2	2	0.15	182	183	184	1458
2861	npc变身_2025萌宠猪03.obj	1	2	2.2	0.15	182	183	184	1458
2862	npc变身_2025通臂神猿01.obj	1	2	1	0.15	182	183	184	1459
2863	npc变身_2025通臂神猿02.obj	1	2	1	0.15	182	183	184	1459
2864	npc变身_2025通臂神猿03.obj	1	2	1	0.15	182	183	184	1459
2865	npc_2025珍兽pvp宝箱.obj	1	2	1	0.15	182	183	184	1222
2866	npc变身_2025九黎妖虎01.obj	1	2	1	0.15	182	183	184	1461
2867	npc变身_2025九黎妖虎02.obj	1	2	1	0.15	182	183	184	1461
2868	npc变身_2025九黎妖虎03.obj	1	2	1	0.15	182	183	184	1461
2869	npc变身_2025五色神牛01.obj	1	2	1	0.15	182	183	184	1462
2870	npc变身_2025五色神牛02.obj	1	2	1	0.15	182	183	184	1462
2871	npc变身_2025五色神牛03.obj	1	2	1	0.15	182	183	184	1462
2872	npc变身_2025小狐仙01.obj	1	2	1	0.15	182	183	184	1463
2873	npc变身_2025小狐仙02.obj	1	2	1	0.15	182	183	184	1463
2874	npc变身_2025小狐仙03.obj	1	2	1	0.15	182	183	184	1463
2875	npc变身_2025呆呆牛01.obj	1	2	1	0.15	182	183	184	1464
2876	npc变身_2025呆呆牛02.obj	1	2	1	0.15	182	183	184	1481
2877	npc变身_2025呆呆牛03.obj	1	2	1	0.15	182	183	184	1481
2878	boss_2025空冥.obj	1	2	1	0.15	182	183	184	1470
2879	npc_珍兽PVP_大精魄.obj	1	2	1	0.15	182	183	184	-1
2880	npc_珍兽PVP_中精魄.obj	1	2	1	0.15	182	183	184	-1
2881	npc_珍兽PVP_元神晶魄.obj	1	2	1	0.15	182	183	184	-1
2882	npc_2025珍兽城千机.obj	1	2	1.8	0.15	182	183	184	940
2883	npc_2025化神台.obj	1	2	1	0.15	182	183	184	1477
2884	npc_2025离尘台.obj	1	2	1	0.15	182	183	184	1478
2885	npc_2025四海台.obj	1	2	1	0.15	182	183	184	1476
2886	npc_2025帝兽石灯.obj	1	2	1	0.15	182	183	184	1479
2887	npc_2025封灵石灯未激活.obj	1	2	1	0.15	182	183	184	983
2888	npc_2025封灵石灯已激活.obj	1	2	1	0.15	182	183	184	1374
2889	npc变身_2025五色神牛04.obj	1	2	1	0.15	182	183	184	1462
2890	npc变身_2025小狐仙04.obj	1	2	1	0.15	182	183	184	1463
2891	npc变身_2025萌宠猪01.obj	1	2	1.8	0.15	182	183	184	1458
2892	npc变身_2025呆呆牛04.obj	1	2	1	0.15	182	183	184	1464
2893	npc变身_2025通臂神猿04.obj	1	2	1	0.15	182	183	184	1459
2894	npc变身_2025小鹿呦呦02.obj	1	2	2	0.15	182	183	184	1454
2895	npc变身_2025霓凰04.obj	1	2	1	0.15	182	183	184	1455
2896	npc变身_2025九黎妖虎04.obj	1	2	1	0.15	182	183	184	1461
2897	珍兽20140822玉子金童1.obj	1	2	1	0.15	182	183	184	1486
2898	珍兽20140822玉子金童2.obj	1	2	1	0.15	182	183	184	1487
2899	珍兽20140822玉子金童5.obj	1	2	1	0.15	182	183	184	1488
2900	珍兽20140822玉子金童4.obj	1	2	1	0.15	182	183	184	1489
2901	珍兽20140822玉子金童3.obj	1	2	1	0.15	182	183	184	1490
2902	珍兽20140822玉子金童8.obj	1	2	1	0.15	182	183	184	1491
2903	珍兽20140822玉子金童7.obj	1	2	1	0.15	182	183	184	1492
2904	珍兽20140822玉子金童6.obj	1	2	1	0.15	182	183	184	1493
2905	珍兽20140822玉子金童9.obj	1	2	1	0.15	182	183	184	1494
2906	npc_2025高级问鼎宝箱.obj	1	2	1	0.15	182	183	184	1222
2907	npc_2025移植吃鸡毒圈.obj	175	2	1	0.15	182	183	184	-1
2908	npc_2025移植吃鸡李太医.obj	1	2	1	0.15	182	183	184	940
2909	npc_2025移植吃鸡3级小怪.obj	1	2	1	0.15	182	183	184	1150
2910	npc_2025兽穴PVP_传送门.obj	1	2	1	0.15	182	183	184	-1
2911	npc_2025移植吃鸡1级小怪.obj	1	2	1	0.15	182	183	184	1150
2912	npc_2025移植吃鸡2级小怪.obj	1	2	1	0.15	182	183	184	1150
2913	boss_移植吃鸡白虎卫.obj	1	2	1.25	0.15	182	183	184	1150
2914	boss_移植吃鸡青龙卫.obj	1	2	1.25	0.15	182	183	184	1150
2915	boss_移植吃鸡玄武卫.obj	1	2	1.25	0.15	182	183	184	1150
2916	boss_移植吃鸡朱雀卫.obj	1	2	1.25	0.15	182	183	184	1150
2917	npc_2025移植吃鸡展长峰.obj	1	2	0.75	0.15	182	183	184	940
2918	npc_2025移植吃鸡龙正烽.obj	1	2	1	0.15	182	183	184	1510
2919	npc_2025冰场景回血小鹿.obj	1	2	0.8	0.15	182	183	184	1005
2920	骑乘210430兵马俑魂体马金.obj	1	2	1	0.15	191	192	193	1519
2921	倩女幽魂_碎裂大圆台.obj	1	2	1	0.15	182	183	184	1520
2924	pet_2025黑山老妖一级.obj	1	2	1	0.15	182	183	184	1562
2925	pet_2025黑山老妖二级.obj	1	2	1	0.15	182	183	184	1563
2926	pet_2025黑山老妖二级01.obj	1	2	1	0.15	182	183	184	1564
2927	pet_2025黑山老妖三级01.obj	1	2	1	0.15	182	183	184	1566
2928	pet_2025黑山老妖三级.obj	1	2	1	0.15	182	183	184	1565
2929	pet_2025黑山老妖四级.obj	1	2	1	0.15	182	183	184	1567
2930	pet_2025黑山老妖四级01.obj	1	2	1	0.15	182	183	184	1568
2931	pet_2025黑山老妖五级01.obj	1	2	1	0.15	182	183	184	1570
2932	pet_2025黑山老妖五级.obj	1	2	1	0.15	182	183	184	1569
2933	ride_2025七夕黑金飞剑.obj	1	2	1	0.15	182	183	184	1559
2934	ride_2025七夕黑金飞剑01.obj	1	2	1	0.15	182	183	184	1560
2935	pet_2025黑山老妖五级02.obj	1	2	1	0.15	182	183	184	1571
2936	ride_2025争霸赛第一名.obj	1	2	1	0.15	182	183	184	1540
2937	ride_2025争霸赛第二名.obj	1	2	1	0.15	182	183	184	1541
2938	ride_2025争霸赛第三名.obj	1	2	1	0.15	182	183	184	1542
2939	npc_2025倩女pvp道具包裹.obj	1	2	1	0.15	182	183	184	983
2940	npc_2025倩女pvp黑山石.obj	1	2	1	0.15	182	183	184	983
2941	npc_2025倩女pvp黑山岩.obj	1	2	1	0.15	182	183	184	983
2942	npc_2025倩女pvp化身尸体.obj	1	2	1	0.15	182	183	184	983
2943	npc_2025倩女pvp燕赤霞大锦囊.obj	1	2	1	0.15	182	183	184	983
2944	npc_2025倩女pvp燕赤霞小锦囊.obj	1	2	1	0.15	182	183	184	983
2945	npc_雪人PVP倩女版本_三级固身符.obj	1	2	1	0.15	182	183	184	-1
2946	npc_雪人PVP倩女版本_一级护心符.obj	1	2	1	0.15	182	183	184	-1
2947	npc_雪人PVP倩女版本_二级回魂符.obj	1	2	1	0.15	182	183	184	-1
2953	npc怪kvk护法罗汉a110616.obj	1	2	0.6	0.15	182	183	184	1527
2954	npc怪kvk护法罗汉b110616.obj	1	2	0.6	0.15	182	183	184	1528
2955	npc怪通天塔阿修罗20110526.obj	1	2	1	0.15	182	183	184	1529
2956	npc怪通天塔护寺武僧110622.obj	1	2	1	0.15	182	183	184	1530
2957	npc怪通天塔护寺武僧110622b.obj	1	2	1	0.15	182	183	184	1530
2958	npc怪通天塔迦楼罗20110528.obj	1	2	1	0.15	182	183	184	1531
2959	npc怪通天塔迦楼罗20110528b.obj	1	2	1	0.15	182	183	184	1531
2960	npc怪通天塔紧那罗20110525.obj	1	2	1	0.15	182	183	184	1532
2961	npc怪通天塔紧那罗20110525b.obj	1	2	1	0.15	182	183	184	1532
2962	npc怪通天塔龙神110531.obj	1	2	1	0.15	182	183	184	1533
2963	npc怪通天塔摩呼罗迦110608.obj	1	2	1	0.15	182	183	184	1534
2964	npc怪通天塔摩呼罗迦110608b.obj	1	2	1	0.15	182	183	184	1534
2965	npc怪通天塔乾达婆20110601.obj	1	2	1	0.15	182	183	184	1535
2966	npc怪通天塔乾达婆20110601b.obj	1	2	1	0.15	182	183	184	1535
2967	npc怪通天塔天神20110530.obj	1	2	1	0.15	182	183	184	1536
2968	npc怪通天塔夜叉20110522.obj	1	2	1	0.15	182	183	184	1537
2969	npc通天塔传送巴比20110606.obj	1	2	1	0.15	182	183	184	1538
2970	npc仙炎灵玉20110804.obj	1	2	1	0.15	182	183	184	1539
2971	npc怪_2025倩女pvp倒霉鬼.obj	1	2	1	0.15	182	183	184	1114
2972	npc_2025倩女pvp场内战鬼队.obj	1	2	1	0.15	182	183	184	983
2973	npc_雪人PVP倩女版本_黑魔扇_地面放置.obj	1	2	1	0.15	182	183	184	-1
2974	npc变身_2025倩女pvp黑山老妖小_黑魔扇.obj	1	2	1	0.15	182	183	184	1556
2975	npc变身_2025倩女pvp黑山老妖大_黑魔扇.obj	1	2	1	0.15	182	183	184	1557
2976	npc_雪人PVP倩女版本_神仙卷.obj	1	2	1	0.15	182	183	184	-1
2977	npc_2025七夕副本赤霞.obj	1	2	0.8	0.15	182	183	184	940
2978	npc_2025通天塔接引人.obj	1	2	1	0.15	182	183	184	940
2979	npc_2025通天塔内部传送.obj	1	2	1	0.15	182	183	184	940
2980	npc怪_2025机缘秘境赤漠沙鹰.obj	1	2	1	0.15	182	183	184	364
2981	npc怪_2025机缘秘境马场守卫.obj	1	2	1	0.15	182	183	184	726
2982	npc怪_2025机缘秘境侍火先知.obj	1	2	1	0.15	182	183	184	67
2983	npc怪_2025机缘秘境雪女.obj	1	2	1	0.15	182	183	184	71
2984	npc_机缘秘境入口.obj	1	2	1	0.15	182	183	184	-1
2985	boss_2025通天塔四层阿修罗王.obj	1	2	1	0.15	182	183	184	1582
2986	npc_2025阿修罗王分身.obj	1	2	1	0.15	182	183	184	1583
2987	boss_2025通天塔迦叶尊者.obj	1	2	1	0.15	182	183	184	1584
2988	boss_2025通天塔迦叶尊者_技能1法眼npc.obj	1	2	1	0.15	182	183	184	-1
2989	boss_2025通天塔五层帝释天.obj	1	2	1	0.15	182	183	184	1585
2990	npc_2025帝释天金刚杵.obj	1	2	1	0.15	182	183	184	-1
2991	npc_通天塔帝释天_雷云.obj	1	2	1	0.15	182	183	184	-1
2992	boss_2025通天塔三层迦楼罗王.obj	1	2	1	0.15	182	183	184	1586
2993	boss_2025通天塔迦楼罗王_技能1龙卷风.obj	1	2	1	0.15	182	183	184	-1
2994	boss_2025通天塔二层紧那罗王.obj	1	2	1	0.15	182	183	184	1587
2995	npc怪_2025通天塔修罗之刃.obj	1	2	1	0.15	182	183	184	1523
2996	HJ_npc2025天之痕.obj	1	2	1	0.15	182	183	184	-1
2997	HJ_npc2025天之痕痕.obj	1	2	1	0.15	182	183	184	-1
2998	HJ_npc2025万疆域.obj	1	2	1	0.15	182	183	184	-1
2999	HJ_npc2025喜欢就买.obj	1	2	1	0.15	182	183	184	-1
3000	HJ_npc2025星遥月.obj	1	2	1	0.15	182	183	184	-1
3001	HJ_npc2025遥遥星月.obj	1	2	1	0.15	182	183	184	-1
3002	HJ_npc2025幽幽.obj	1	2	1	0.15	182	183	184	-1
3003	HJ_npc2025战神七.obj	1	2	1	0.15	182	183	184	-1
3363	骑乘七夕喜鹊b120801.obj	1	2	1	0.15	182	183	184	1111
3526	珍兽120613节日礼包虎1.obj	1	2	1.3	0.15	182	183	184	934
3527	珍兽120613节日礼包虎2.obj	1	2	1.3	0.15	182	183	184	934
3528	珍兽120613节日礼包虎3.obj	1	2	1.3	0.15	182	183	184	934
3529	珍兽120613节日礼包虎4.obj	1	2	1.3	0.15	182	183	184	934
3530	珍兽120613节日礼包虎5.obj	1	2	1.3	0.15	182	183	184	934
3531	珍兽120613节日礼包虎6.obj	1	2	1.3	0.15	182	183	184	934
3532	珍兽120613节日礼包虎7.obj	1	2	1.3	0.15	182	183	184	934
3533	珍兽120613节日礼包虎8.obj	1	2	1.3	0.15	182	183	184	934
3534	珍兽120613节日礼包虎9.obj	1	2	1.3	0.15	182	183	184	935
3799	npc大锅.obj	1	2	1	0.15	182	183	184	929
4040	npc空模型.obj	1	2	1	0.15	182	183	184	-1
4332	骑乘150403七夕坐骑蓝.obj	1	2	1	0.15	182	183	184	936
4770	HJ_npc巨蟒石像24.obj	1	2	1	0.15	182	183	184	-1
4771	ride_ERG_2024猞猁初级.obj	1	2	1	0.15	200	201	202	1012
4772	ride_ERG_2024猞猁中级.obj	1	2	1	0.15	200	201	202	1012
4773	ride_ERG_2024猞猁高级.obj	1	2	1	0.15	200	201	202	1012
4774	hj_buff_藏宝图_陷阱关卡飞镖.obj	1	2	1	0.15	-1	-1	-1	-1
4775	hj_buff_藏宝图_陷阱关卡箭雨.obj	1	2	1	0.15	-1	-1	-1	-1
4776	hj_buff_藏宝图_陷阱关卡落石.obj	1	2	1	0.15	-1	-1	-1	-1
4777	hj_buff_藏宝图_陷阱关卡喷火.obj	1	2	1	0.15	-1	-1	-1	-1
4778	hj_藏宝图_树枝_白玉.obj	1	2	1	0.15	182	183	184	-1
4779	hj_藏宝图_树枝_翡翠.obj	1	2	1	0.15	182	183	184	-1
4780	hj_藏宝图_树枝_黄金.obj	1	2	1	0.15	182	183	184	-1
4781	hj_藏宝图_陶罐_白玉.obj	1	2	1	0.15	182	183	184	-1
4782	hj_藏宝图_陶罐_翡翠.obj	1	2	1	0.15	182	183	184	-1
4783	hj_藏宝图_陶罐_黄金.obj	1	2	1	0.15	182	183	184	-1
4784	npc_2024精绝宝库机关门板.obj	1	2	1	0.15	-1	-1	-1	1274
4785	hj_藏宝图npc_小怪关卡终点空物体.obj	1	2	1	0.15	-1	-1	-1	983
4786	HJ_npc灵灵铃24.obj	1	2	1	0.15	182	183	184	940
4787	HJ_npc灵灵武24.obj	1	2	1	0.15	182	183	184	940
4788	HJ_npc灵灵医24.obj	1	2	1	0.15	182	183	184	940
4789	HJ_npc怪万仁图马贼钢刀24.obj	1	2	1	0.15	182	183	184	1114
4790	HJ_npc可疑的石砖24.obj	1	2	1	0.15	-1	-1	-1	1374
4791	HJ_npc青石砖24.obj	1	2	1	0.15	-1	-1	-1	1374
4792	HJ_boss血煞万仁图24.obj	1	2	1	0.15	182	183	184	1377
4793	HJ_boss江湖大盗不留行24.obj	1	2	0.8	0.15	182	183	184	1376
4794	HJ_boss盗宝小贼司马摘月24.obj	1	2	1	0.15	182	183	184	1375
4795	HJ_npc中途宝箱24.obj	1	2	1	0.15	-1	-1	-1	1136
4796	HJ_npc结算宝箱24.obj	1	2	1	0.15	-1	-1	-1	-1
4797	HJ_npc怪万仁图马贼投弹手24.obj	1	2	1	0.15	182	183	184	1379
4798	hj_npc怪万仁图马贼弓手24.obj	1	2	1	0.15	182	183	184	1369
4799	珍兽140416宠物猪01.obj	1	2	1	0.15	182	183	184	928
4800	珍兽140416宠物猪02.obj	1	2	1	0.15	182	183	184	928
4801	珍兽140416宠物猪03.obj	1	2	1	0.15	182	183	184	928
4802	珍兽140416宠物猪04.obj	1	2	1	0.15	182	183	184	928
4803	珍兽140416宠物猪05.obj	1	2	1	0.15	182	183	184	928
4804	珍兽140416宠物猪06.obj	1	2	1	0.15	182	183	184	928
4805	珍兽140416宠物猪07.obj	1	2	1	0.15	182	183	184	928
4806	珍兽140416宠物猪08.obj	1	2	1	0.15	182	183	184	928
4807	珍兽140416宠物猪09.obj	1	2	1	0.15	182	183	184	928
5013	珍兽go仔1.obj	1	2	1	0.15	182	183	184	512
5014	珍兽go仔2.obj	1	2	1	0.15	182	183	184	512
5015	珍兽go仔3.obj	1	2	1	0.15	182	183	184	512
5016	珍兽go仔4.obj	1	2	1	0.15	182	183	184	512
5017	珍兽go仔5.obj	1	2	1	0.15	182	183	184	512
5018	珍兽go仔6.obj	1	2	1	0.15	182	183	184	512
5019	珍兽go仔7.obj	1	2	1	0.15	182	183	184	512
5020	珍兽go仔8.obj	1	2	1	0.15	182	183	184	512
5021	桃花桩机关.obj	1	2	1.2	0.15	182	183	184	430
5022	桃花桩机关虚拟体.obj	1	2	1	0.15	182	183	184	430
5023	骑乘巨猿.obj	1	2	1	0.15	462	462	463	841
5025	boss棋局雪人.obj	1	2	2	0.15	182	183	184	4
5026	npc怪棋局雪人黄.obj	1	2	1	0.15	182	183	184	54
5027	npc怪棋局雪人红.obj	1	2	1	0.15	182	183	184	53
5028	珍兽20110128yy熊1.obj	1	2	0.7	0.15	182	183	184	913
5029	珍兽20110128yy熊2.obj	1	2	0.7	0.15	182	183	184	913
5030	珍兽20110128yy熊3.obj	1	2	0.7	0.15	182	183	184	913
5031	npc普通侠士3金色.obj	1	2	1	0.15	182	183	184	388
5032	npc圣诞树20111108.obj	1	2	1.5	0.15	182	183	184	98
5033	npc161206圣诞礼匣.obj	1	2	1	0.15	182	183	184	-1
5034	npc161206圣诞糕点.obj	1	2	1	0.15	182	183	184	-1
5035	npc161206圣诞绢花.obj	1	2	1	0.15	182	183	184	-1
5036	npc161206圣诞缎带.obj	1	2	1	0.15	182	183	184	-1
5037	npc161206圣诞花灯.obj	1	2	1	0.15	182	183	184	-1
5042	npc161206圣诞饴糖.obj	1	2	1	0.15	182	183	184	-1
5043	npc20151130圣诞树1.obj	1	2	1	0.15	182	183	184	915
5044	npc20151130圣诞树2.obj	1	2	1	0.15	182	183	184	915
5045	npc20151130圣诞树3.obj	1	2	1	0.15	182	183	184	915
5046	npc20151130圣诞树4.obj	1	2	1	0.15	182	183	184	915
5047	npc20151130礼盒1.obj	1	2	1	0.15	182	183	184	914
5048	npc20151130礼盒2.obj	1	2	1	0.15	182	183	184	914
5049	npc20151130礼盒3.obj	1	2	1	0.15	182	183	184	914
5050	npc20151130礼盒4.obj	1	2	1	0.15	182	183	184	914
5051	npc20151201圣诞丝带.obj	1	2	1	0.15	182	183	184	-1
5052	npc20151201圣诞小熊.obj	1	2	1	0.15	182	183	184	-1
5053	npc20151201圣诞巧克力.obj	1	2	1	0.15	182	183	184	-1
5054	npc20151201圣诞彩球.obj	1	2	1	0.15	182	183	184	-1
5055	npc20151201圣诞糖果.obj	1	2	1	0.15	182	183	184	-1
5056	npc20151201圣诞苹果.obj	1	2	1	0.15	182	183	184	-1
5057	npc缤纷圣诞树20111108.obj	1	2	1	0.15	182	183	184	98
5058	变身雪人.obj	1	2	2	0.15	182	183	184	201
5059	npc春节大钟20091103.obj	1	2	1.4	0.15	182	183	184	916
5060	FX珍兽201126五色神牛01.obj	1	2	0.7	0.15	182	183	184	917
5061	FX珍兽201126五色神牛01变色.obj	1	2	0.7	0.15	182	183	184	917
5062	FX珍兽201123五色神牛02.obj	1	2	0.7	0.15	182	183	184	917
5063	FX珍兽201123五色神牛02变色.obj	1	2	0.7	0.15	182	183	184	917
5064	FX珍兽201125五色神牛03.obj	1	2	0.7	0.15	182	183	184	917
5065	FX珍兽201125五色神牛03变色.obj	1	2	0.7	0.15	182	183	184	917
5066	FX珍兽201125五色神牛04.obj	1	2	0.7	0.15	182	183	184	917
5067	FX珍兽201125五色神牛04变色.obj	1	2	0.7	0.15	182	183	184	917
5068	FX珍兽201126五色神牛05.obj	1	2	0.7	0.15	182	183	184	917
5069	骑乘150420圣诞白熊.obj	1	2	1	0.15	182	183	184	918
5070	骑乘101221仙灵01.obj	1	2	1	0.15	182	183	184	919
5071	骑乘101221仙灵02.obj	1	2	1	0.15	182	183	184	919
5072	npc胖小猪161223.obj	1	2	1	0.15	182	183	184	920
5073	骑乘黑天马.obj	1	2	1	0.15	182	183	184	921
5074	珍兽唐装鼠8.obj	1	2	1	0.15	182	183	184	601
5075	npc三生石20150112.obj	1	2	1	0.15	182	183	184	-1
5076	npc三生石20150112雪.obj	1	2	1	0.15	182	183	184	-1
5077	珍兽150811猴子01.obj	1	2	1	0.15	182	183	184	922
5078	珍兽150811猴子02.obj	1	2	1	0.15	182	183	184	922
5079	珍兽150811猴子03.obj	1	2	1	0.15	182	183	184	922
5080	珍兽150811猴子04.obj	1	2	1	0.15	182	183	184	922
5081	珍兽150811猴子05.obj	1	2	1	0.15	182	183	184	922
5082	珍兽150811猴子06.obj	1	2	1	0.15	182	183	184	922
5083	珍兽150811猴子07.obj	1	2	1	0.15	182	183	184	922
5084	珍兽150811猴子08.obj	1	2	1	0.15	182	183	184	922
5085	珍兽150811猴子09.obj	1	2	1	0.15	182	183	184	922
5086	骑乘140903圣灵乌鸦粉红.obj	1	2	1	0.15	182	183	184	923
5087	FX珍兽新春寻找牛201214.obj	1	2	1	0.15	182	183	184	924
5088	FX珍兽新春寻找鼠201214.obj	1	2	1	0.15	182	183	184	924
5096	少妇2.obj	1	2	1	0.15	182	183	184	937
5097	少妇3.obj	1	2	1	0.15	182	183	184	937
5098	NPC云姗姗090603.obj	1	2	1	0.15	182	183	184	938
5099	npc漂亮女20091030.obj	1	2	1	0.15	182	183	184	937
6910	npc宋辽大战青龙210203.obj	1	2	1	0.15	182	183	184	941
6911	npc宋辽大战白虎210203.obj	1	2	1	0.15	182	183	184	944
6912	npc宋辽大战朱雀210203.obj	1	2	1	0.15	182	183	184	942
6913	npc宋辽大战玄武210203.obj	1	2	1	0.15	182	183	184	943
6914	npc报名处长者210203.obj	1	2	1	0.15	182	183	184	947
6915	npc大辽探子a210203.obj	1	2	1	0.15	182	183	184	946
6916	npc大辽探子B210203.obj	1	2	1	0.15	182	183	184	946
6917	npc店小二A210203.obj	1	2	1	0.15	182	183	184	948
6918	npc店小二B210203.obj	1	2	1	0.15	182	183	184	948
6919	npc喝茶人A210203.obj	1	2	1	0.15	182	183	184	949
6920	npc喝茶人B210203.obj	1	2	1	0.15	182	183	184	949
6921	npc卖画商贩210203.obj	1	2	1	0.15	182	183	184	948
6922	npc卖假药商贩210203.obj	1	2	1	0.15	182	183	184	951
6923	npc侠士A210203.obj	1	2	1	0.15	182	183	184	947
6924	npc侠士B210203.obj	1	2	1	0.15	182	183	184	947
6925	npc侠士C210203.obj	1	2	1	0.15	182	183	184	947
6926	npc侠士D210203.obj	1	2	1	0.15	182	183	184	947
6927	npc侠士E210203.obj	1	2	1	0.15	182	183	184	947
6928	npc小孩母亲210203.obj	1	2	1	0.15	182	183	184	947
6929	npc小男孩210203.obj	1	2	1	0.15	182	183	184	947
6930	npc小女孩210203.obj	1	2	1	0.15	182	183	184	947
6931	npc精英怪210203.obj	1	2	1	0.15	182	183	184	964
6932	npc牢笼210203.obj	1	2	1.8	0.15	182	183	184	952
6933	npc沈涵副本传210203.obj	1	2	1	0.15	182	183	184	940
6934	npc伪装的家丁A210203.obj	1	2	1	0.15	182	183	184	945
6935	npc伪装的家丁B210203.obj	1	2	1	0.15	182	183	184	953
6936	npc原庄主210203.obj	1	2	1	0.15	182	183	184	950
6937	npc原庄主的家眷菜园农夫210203.obj	1	2	1	0.15	182	183	184	950
6938	npc原庄主的家眷家园厨师210203.obj	1	2	1	0.15	182	183	184	950
6939	npc原庄主的家眷家园丫鬟210203.obj	1	2	1	0.15	182	183	184	950
6940	npc原庄主的家眷梁伙计.obj	1	2	1	0.15	182	183	184	950
6941	npc原庄主的家眷气氛小男孩210203.obj	1	2	1	0.15	182	183	184	950
6942	npc原庄主的家眷气氛小女孩210203.obj	1	2	1	0.15	182	183	184	950
6943	npc原庄主的家眷中年贵妇210203.obj	1	2	1	0.15	182	183	184	950
6944	npc水月山庄大门.obj	1	2	0.8	0.15	182	183	184	955
6945	水月山庄动态阻挡1.obj	1	2	1	0.15	182	183	184	-1
6946	水月山庄动态阻挡2.obj	1	2	1	0.15	182	183	184	-1
6947	水月山庄动态阻挡3.obj	1	2	1	0.15	182	183	184	-1
6948	水月山庄动态阻挡4.obj	1	2	1	0.15	182	183	184	-1
6949	水月山庄动态阻挡5.obj	1	2	1	0.15	182	183	184	-1
6950	紫青毒物青.obj	1	2	1	0.15	182	183	184	-1
6951	紫青毒物紫.obj	1	2	1	0.15	182	183	184	-1
6952	武魂20210221毒01_攻.obj	1	2	1	0.15	182	183	184	-1
6953	武魂20210221毒02_攻.obj	1	2	1	0.15	182	183	184	-1
6954	武魂20210221毒03_攻.obj	1	2	1	0.15	182	183	184	-1
6955	武魂20210226冰01_攻.obj	1	2	1	0.15	182	183	184	-1
6956	武魂20210226冰02_攻.obj	1	2	1	0.15	182	183	184	-1
6957	武魂20210226冰03_攻.obj	1	2	1	0.15	182	183	184	-1
6958	武魂20210226火01_攻.obj	1	2	1	0.15	182	183	184	-1
6959	武魂20210226火02_攻.obj	1	2	1	0.15	182	183	184	-1
6960	武魂20210226火03_攻.obj	1	2	1	0.15	182	183	184	-1
6961	武魂20210222玄01_攻.obj	1	2	1	0.15	182	183	184	-1
6962	武魂20210222玄02_攻.obj	1	2	1	0.15	182	183	184	-1
6963	武魂20210222玄03_攻.obj	1	2	1	0.15	182	183	184	-1
6964	武魂20210222琉璃焰01_攻.obj	1	2	1	0.15	182	183	184	-1
6965	武魂20210222琉璃焰02_攻.obj	1	2	1	0.15	182	183	184	-1
6966	武魂20210222琉璃焰03_攻.obj	1	2	1	0.15	182	183	184	-1
6967	武魂20210222御瑶盘01_攻.obj	1	2	1	0.15	182	183	184	-1
6968	武魂20210222御瑶盘02_攻.obj	1	2	1	0.15	182	183	184	-1
6969	武魂20210222御瑶盘03_攻.obj	1	2	1	0.15	182	183	184	-1
6970	hj_boss密探傀儡师17.obj	1	2	1	0.15	182	183	184	960
6971	hj_boss密探傀儡师17分身1.obj	1	2	1	0.15	182	183	184	963
6972	hj_boss密探傀儡师17分身2.obj	1	2	1	0.15	182	183	184	963
6973	HJ_boss密探傀儡师17梦魇.obj	1	2	1	0.15	182	183	184	959
6974	HJ_boss密探契丹力士17.obj	1	2	1	0.15	182	183	184	957
6975	HJ_boss密探召唤师17.obj	1	2	1	0.15	182	183	184	958
6976	HJ_boss契丹庄主17.obj	1	2	1	0.15	182	183	184	956
6977	冲锋技能范围.obj	1	2	1	0.15	182	183	184	-1
6978	boss_契丹庄主_刀锋刀光_2021.obj	1	2	1	0.15	182	183	184	-1
6979	契丹庄主_圆形光墙.obj	1	2	1	0.15	182	183	184	-1
6980	HJ_boss密探召唤师17鹰特效.obj	1	2	1	0.15	182	183	184	967
6981	HJ_boss密探召唤师白狼17特效.obj	1	2	1	0.15	182	183	184	961
6982	HJ_npc小瓷瓶17.obj	1	2	1	0.15	182	183	184	-1
6983	npc伪装的家丁A尸体210203.obj	1	2	1	0.15	182	183	184	962
6984	npc宋辽大战北院辽兵210203.obj	1	2	1	0.15	182	183	184	940
6985	npc宋辽大战战斗辽兵210203.obj	1	2	1	0.15	182	183	184	940
6986	npc宋辽大战打草谷辽兵头目210203.obj	1	2	1	0.15	182	183	184	940
6987	npc宋辽大战洛阳兵210203.obj	1	2	1	0.15	182	183	184	940
6988	npc宋辽大战首领210203.obj	1	2	1	0.15	182	183	184	940
6989	npc宋辽大战小首领210203.obj	1	2	1	0.15	182	183	184	940
6990	npc宋辽大战箭塔大门210203.obj	1	2	1	0.15	182	183	184	940
6991	宋箭楼空物体.obj	1	2	1	0.15	182	183	184	965
6992	雁北辽军女真大门空物体.obj	1	2	1	0.15	182	183	184	965
6993	骑乘210309天下会武马.obj	1	2	1	0.15	191	192	193	966
6994	武魂20210221毒01_守.obj	1	2	1	0.15	182	183	184	-1
6995	武魂20210221毒02_守.obj	1	2	1	0.15	182	183	184	-1
6996	武魂20210221毒03_守.obj	1	2	1	0.15	182	183	184	-1
6997	武魂20210226冰01_守.obj	1	2	1	0.15	182	183	184	-1
6998	武魂20210226冰02_守.obj	1	2	1	0.15	182	183	184	-1
6999	武魂20210226冰03_守.obj	1	2	1	0.15	182	183	184	-1
7000	武魂20210226火01_守.obj	1	2	1	0.15	182	183	184	-1
7001	武魂20210226火02_守.obj	1	2	1	0.15	182	183	184	-1
7002	武魂20210226火03_守.obj	1	2	1	0.15	182	183	184	-1
7003	武魂20210222玄01_守.obj	1	2	1	0.15	182	183	184	-1
7004	武魂20210222玄02_守.obj	1	2	1	0.15	182	183	184	-1
7005	武魂20210222玄03_守.obj	1	2	1	0.15	182	183	184	-1
7006	武魂20210222琉璃焰01_守.obj	1	2	1	0.15	182	183	184	-1
7007	武魂20210222琉璃焰02_守.obj	1	2	1	0.15	182	183	184	-1
7008	武魂20210222琉璃焰03_守.obj	1	2	1	0.15	182	183	184	-1
7009	武魂20210222御瑶盘01_守.obj	1	2	1	0.15	182	183	184	-1
7010	武魂20210222御瑶盘02_守.obj	1	2	1	0.15	182	183	184	-1
7011	武魂20210222御瑶盘03_守.obj	1	2	1	0.15	182	183	184	-1
7012	npc伪装的家丁A210203.obj	1	2	1	0.15	182	183	184	937
7013	npc伪装的家丁B210203.obj	1	2	1	0.15	182	183	184	937
7014	十字刀.obj	1	2	1	0.15	182	183	184	-1
7015	npc210322普通老人.obj	1	2	1	0.15	182	183	184	940
7016	npc210322老将军.obj	1	2	1	0.15	182	183	184	940
7017	HJ_boss密探召唤师狼_鹰.obj	1	2	1	0.15	182	183	184	968
7018	HJ_boss密探召唤师白狼17.obj	1	2	1	0.15	182	183	184	969
7019	HJ_boss密探召唤师17整合.obj	1	2	1	0.15	182	183	184	937
7020	HJ_npc桑农.obj	1	2	1	0.15	182	183	184	940
7021	npc许愿桑树.obj	1	2	1	0.15	182	183	184	107
7022	HJ_npc品鉴美食家17.obj	1	2	1	0.15	182	183	184	940
7023	HJ_npc秦梦17.obj	1	2	1	0.15	182	183	184	937
7024	珍兽210428蒙恬.obj	1	2	1	0.15	182	183	184	970
7025	珍兽210428蒙恬01.obj	1	2	1	0.15	182	183	184	970
7026	珍兽210428蒙毅.obj	1	2	1	0.15	182	183	184	971
7027	珍兽210429蒙骜.obj	1	2	1	0.15	182	183	184	971
7028	珍兽210429蒙骜01.obj	1	2	1	0.15	182	183	184	971
7029	珍兽210508武安君.obj	1	2	1	0.15	182	183	184	972
7030	珍兽210508武安君01.obj	1	2	1	0.15	182	183	184	972
7031	珍兽210511祖龙.obj	1	2	1	0.15	182	183	184	973
7032	珍兽210511祖龙01.obj	1	2	1	0.15	182	183	184	973
7033	骑乘210430兵马俑魂体马.obj	1	2	1	0.15	182	183	184	974
7034	HJ_npc秦皇地宫大祭坛.obj	1	2	1	0.15	182	183	184	975
7035	HJ_npc秦皇地宫小祭坛.obj	1	2	1	0.15	480	481	482	976
7036	珍兽210428炫酷兵马俑.obj	1	2	1	0.15	182	183	184	977
7037	珍兽210507炫酷兵马俑2级.obj	1	2	1	0.15	182	183	184	977
7038	珍兽210508炫酷兵马俑3级.obj	1	2	1	0.15	182	183	184	977
7039	珍兽210508炫酷兵马俑3级01.obj	1	2	1	0.15	182	183	184	977
7040	珍兽210507炫酷兵马俑4级.obj	1	2	1	0.15	182	183	184	977
7041	珍兽210430炫酷兵马俑秦始皇.obj	1	2	1	0.15	182	183	184	978
7042	珍兽210430炫酷兵马俑秦始皇01.obj	1	2	1	0.15	182	183	184	978
7043	骑乘秦始皇马车17.obj	1	2	0.8	0.15	182	183	184	981
7044	npc秦驰道马车210531.obj	1	2	0.8	0.15	182	183	184	982
7045	珍兽210507炫酷兵马俑2级01.obj	1	2	1	0.15	182	183	184	977
7046	珍兽210507炫酷兵马俑4级01.obj	1	2	1	0.15	182	183	184	977
7047	npc向日葵21053101.obj	1	2	1	0.15	182	183	184	983
7048	HJ_boss地宫秦始皇17.obj	1	2	1	0.15	182	183	184	988
7049	HJ_npc刀兵精英怪17.obj	1	2	1	0.15	182	183	184	985
7050	HJ_npc刀兵精英怪石化版17.obj	1	2	1	0.15	182	183	184	984
7051	HJ_npc弩兵精英怪17.obj	1	2	1	0.15	182	183	184	987
7052	HJ_npc弩兵精英怪石化版17.obj	1	2	1	0.15	182	183	184	984
7053	HJ_npc骑兵精英怪17.obj	1	2	1	0.15	182	183	184	989
7054	HJ_npc骑兵精英怪石化版17.obj	1	2	1	0.15	182	183	184	984
7055	HJ_boss秦皇地宫将军17.obj	1	2	1	0.15	182	183	184	986
7056	npc秦驰道马车210531一花.obj	1	2	0.8	0.15	182	183	184	990
7057	npc秦驰道马车210531二花.obj	1	2	0.8	0.15	182	183	184	991
7058	npc秦驰道马车210531三花.obj	1	2	0.8	0.15	182	183	184	992
7059	npc秦驰道马车210531四花.obj	1	2	0.8	0.15	182	183	184	993
7060	骑乘20210628七夕船.obj	1	2	1	0.15	-1	-1	-1	1015
7061	HJ_npc冰块变身17.obj	1	2	1	0.15	182	183	184	937
7062	HJ_npc顾缘17.obj	1	2	1	0.15	182	183	184	937
7063	HJ_npc冰麒麟17.obj	1	2	1	0.15	182	183	184	996
7064	HJ_npc艾凉霜17.obj	1	2	1	0.15	182	183	184	940
7065	珍兽20210628法海.obj	1	2	1	0.15	182	183	184	997
7066	珍兽20210628法海变色.obj	1	2	1	0.15	182	183	184	997
7067	珍兽20210629法海二级.obj	1	2	1	0.15	182	183	184	997
7068	珍兽20210629法海二级变色.obj	1	2	1	0.15	182	183	184	997
7069	珍兽20210629法海三级.obj	1	2	1	0.15	182	183	184	997
7070	珍兽20210629法海三级变色.obj	1	2	1	0.15	182	183	184	997
7071	珍兽20210629法海四级.obj	1	2	1	0.15	182	183	184	997
7072	珍兽20210629法海四级变色.obj	1	2	1	0.15	182	183	184	998
7073	珍兽20210709法海五级.obj	1	2	1	0.15	182	183	184	998
7074	HJ_npc藏月匣17.obj	1	2	1	0.15	182	183	184	999
7075	HJ_npc鹊七七17.obj	1	2	1	0.15	182	183	184	937
7076	珍兽20210709法海五级变色.obj	1	2	1	0.15	182	183	184	998
7077	HJ_npc吴择之17.obj	1	2	1	0.15	182	183	184	937
7078	npc鬼市说书的.obj	1	2	1	0.15	182	183	184	940
7079	HJ_npc周年庆呆呆牛.obj	1	2	1	0.15	182	183	184	1005
7080	HJ_npc周年庆小狐仙.obj	1	2	1	0.15	182	183	184	1005
7081	HJ_npc周年庆蛋蛋鸡.obj	1	2	1	0.15	182	183	184	1005
7082	HJ_npc周年庆宝箱.obj	1	2	1	0.15	182	183	184	1202
7083	HJ_npc玉兔17.obj	1	2	1	0.15	182	183	184	940
7084	暗冥石.obj	1	2	1	0.15	182	183	184	983
7085	百林醒木.obj	1	2	0.48	0.15	182	183	184	983
7086	碧子木.obj	1	2	1	0.15	182	183	184	983
7087	蟾毒香.obj	1	2	1.22	0.15	182	183	184	983
7088	刚木.obj	1	2	0.55	0.15	182	183	184	983
7089	黑啫矿石.obj	1	2	1	0.15	182	183	184	983
7090	花青.obj	1	2	1	0.15	182	183	184	983
7091	利寒气.obj	1	2	0.64	0.15	182	183	184	983
7092	莲雪.obj	1	2	1	0.15	182	183	184	983
7093	灵木.obj	1	2	0.5	0.15	182	183	184	983
7094	灵泉水.obj	1	2	1	0.15	182	183	184	983
7095	葡叶青.obj	1	2	1	0.15	182	183	184	983
7096	栖葡石.obj	1	2	0.74	0.15	182	183	184	983
7097	千岩.obj	1	2	0.67	0.15	182	183	184	983
7098	清行芝.obj	1	2	1	0.15	182	183	184	983
7099	韧草.obj	1	2	0.47	0.15	182	183	184	983
7100	谭沼泥.obj	1	2	1.12	0.15	182	183	184	983
7101	苇草.obj	1	2	0.48	0.15	182	183	184	983
7102	无明花.obj	1	2	1	0.15	182	183	184	983
7103	无相忧.obj	1	2	1	0.15	182	183	184	983
7104	香麝草.obj	1	2	1	0.15	182	183	184	983
7105	宵石.obj	1	2	0.64	0.15	182	183	184	983
7106	晓原百叶.obj	1	2	1	0.15	182	183	184	983
7107	榍盐山矿.obj	1	2	1	0.15	182	183	184	983
7108	悬叶.obj	1	2	1	0.15	182	183	184	983
7109	洵草药.obj	1	2	1	0.15	182	183	184	983
7110	幽冥火.obj	1	2	0.31	0.15	182	183	184	983
7111	HJ_boss申屠17.obj	1	2	1	0.15	182	183	184	1001
7112	HJ_boss冶力行17.obj	1	2	1	0.15	182	183	184	1000
7113	HJ_骑乘红熊17.obj	1	2	1	0.15	182	183	184	1002
7114	HJ_npc吴三儿17.obj	1	2	1	0.15	182	183	184	937
7115	HJ_npc沈丰垚17.obj	1	2	1	0.15	182	183	184	940
7116	HJ_npc本然17.obj	1	2	1	0.15	182	183	184	940
7117	HJ_npc本喜17.obj	1	2	1	0.15	182	183	184	940
7118	HJ_npc碧落散人17.obj	1	2	1	0.15	182	183	184	940
7119	HJ_npc聚落花17.obj	1	2	1	0.15	182	183	184	940
7120	HJ_npc林焱17.obj	1	2	1	0.15	182	183	184	940
7121	HJ_npc莫思归17.obj	1	2	1	0.15	182	183	184	940
7122	HJ_npc苏戈17.obj	1	2	1	0.15	182	183	184	940
7123	HJ_npc吴淼淼17.obj	1	2	1	0.15	182	183	184	940
7124	HJ_npc吴森森17.obj	1	2	1	0.15	182	183	184	940
7125	HJ_npc玄篱17.obj	1	2	1	0.15	182	183	184	940
7126	HJ_npc玄阅17.obj	1	2	1	0.15	182	183	184	940
7127	HJ_npc逐浪散人17.obj	1	2	1	0.15	182	183	184	940
7128	HJ_npc残影17.obj	1	2	1	0.15	182	183	184	1003
7129	HJ_npc残影17_02.obj	1	2	1	0.15	182	183	184	1003
7130	HJ_npc残影17_03.obj	1	2	1	0.15	182	183	184	1003
7131	HJ_npc残影17_04.obj	1	2	1	0.15	182	183	184	1003
7132	HJ_npc残影17_05.obj	1	2	1	0.15	182	183	184	1003
7133	HJ_npc残影17_06.obj	1	2	1	0.15	182	183	184	1003
7134	HJ_npc残影17_07.obj	1	2	1	0.15	182	183	184	1003
7135	HJ_npc残影17_08.obj	1	2	1	0.15	182	183	184	1003
7136	HJ_npc残影17_09.obj	1	2	1	0.15	182	183	184	1003
7137	npc乔峰200807.obj	1	2	1	0.15	182	183	184	940
7138	珍兽20210811火焰妖魔一级.obj	1	2	1	0.15	182	183	184	1004
7139	HJ_npc蒿莱子17.obj	1	2	1	0.15	182	183	184	940
7140	HJ_npc莲舟子17.obj	1	2	1	0.15	182	183	184	940
7141	HJ_boss虹七娘17.obj	1	2	1	0.15	182	183	184	1006
7142	骑乘天马星空201230.obj	1	2	1	0.15	182	183	184	1007
7143	珍兽20210825火焰妖魔二级.obj	1	2	1	0.15	182	183	184	1004
7144	珍兽20210825火焰妖魔二级染色.obj	1	2	1	0.15	182	183	184	1004
7145	珍兽20210825火焰妖魔三级.obj	1	2	1	0.15	182	183	184	1004
7146	珍兽20210825火焰妖魔三级染色.obj	1	2	1	0.15	182	183	184	1004
7147	珍兽20210827火焰妖魔四级.obj	1	2	1	0.15	182	183	184	1004
7148	珍兽20210827火焰妖魔四级染色.obj	1	2	1	0.15	182	183	184	1004
7149	珍兽20210811火焰妖魔五级.obj	1	2	1	0.15	182	183	184	1009
7150	珍兽20210811火焰妖魔五级染色.obj	1	2	1	0.15	182	183	184	1010
7151	HJ_npc赤瞳小卒17.obj	1	2	1	0.15	182	183	184	1008
7152	HJ_npc细腰男俑17.obj	1	2	1	0.15	182	183	184	1008
7153	HJ_npc削面鬼人17.obj	1	2	1	0.15	182	183	184	1008
7154	HJ_npc艾凉河17.obj	1	2	1	0.15	182	183	184	940
7155	HJ_npc杜少康17.obj	1	2	1	0.15	182	183	184	940
7156	HJ_npc路老大17.obj	1	2	1	0.15	182	183	184	940
7157	HJ_npc秦烟萝17.obj	1	2	1	0.15	182	183	184	940
7158	HJ_骑乘飞豹17.obj	1	2	1	0.15	182	183	184	936
7159	HJ_骑乘黄鹤楼翅膀17.obj	1	2	1	0.15	404	404	404	1011
7160	骑乘220916黑金龙.obj	1	2	1	0.15	495	495	495	838
7161	HJ_npc感恩节女孩17.obj	1	2	1	0.15	182	183	184	940
7162	HJ_npc火鸡17.obj	1	2	1	0.15	182	183	184	938
7163	HJ_npc火鸡17五分熟.obj	1	2	1	0.15	182	183	184	938
7164	HJ_npc火鸡17七分熟.obj	1	2	1	0.15	182	183	184	938
7165	HJ_npc火鸡17全熟.obj	1	2	1	0.15	182	183	184	938
7166	HJ_npc火鸡17糊了.obj	1	2	1	0.15	182	183	184	938
7167	HJ_npc南瓜人一级17.obj	1	2	1	0.15	182	183	184	940
7168	HJ_npc南瓜人一级17高级.obj	1	2	1	0.15	182	183	184	940
7169	npc高级识破机关.obj	1	2	1	0.15	182	183	184	983
7170	HJ_骑乘圣诞鹿17.obj	1	2	1	0.15	182	183	184	1012
7171	HJ_npc空模型_糖果炸弹.obj	1	2	1	0.15	182	183	184	983
7172	HJ_npc周年庆呆呆牛.obj	1	2	1	0.15	182	183	184	1013
7173	HJ_npc周年庆小狐仙.obj	1	2	1	0.15	182	183	184	1013
7174	HJ_npc周年庆蛋蛋鸡.obj	1	2	1	0.15	182	183	184	1014
7175	HJ_npc圣诞小人儿17.obj	1	2	1	0.15	182	183	184	1005
7176	HJ_npc圣诞姜饼人17.obj	1	2	1	0.15	182	183	184	1016
7177	HJ_npc小鲁道夫17.obj	1	2	1	0.15	182	183	184	940
7178	HJ_npc圣诞老人17.obj	1	2	1	0.15	182	183	184	940
7179	HJ_npc圣诞幸运星橙17.obj	1	2	1	0.15	182	183	184	940
7180	HJ_npc圣诞幸运星粉17.obj	1	2	1	0.15	182	183	184	940
7181	HJ_npc圣诞幸运星红17.obj	1	2	1	0.15	182	183	184	940
7182	HJ_npc圣诞幸运星黄17.obj	1	2	1	0.15	182	183	184	940
7183	HJ_npc圣诞幸运星蓝17.obj	1	2	1	0.15	182	183	184	940
7184	HJ_npc圣诞幸运星绿17.obj	1	2	1	0.15	182	183	184	940
7185	npc奇遇鞭炮20211130.obj	1	2	1	0.15	182	183	184	983
7186	HJ_npc灯笼17.obj	1	2	1	0.15	182	183	184	1033
7187	HJ_npc奇遇小男孩17.obj	1	2	1	0.15	182	183	184	1005
7188	HJ_npc灶王爷17.obj	1	2	1	0.15	182	183	184	940
7189	HJ_npc金大虎17.obj	1	2	1	0.15	182	183	184	940
7190	HJ_npc年兽秘宝17.obj	1	2	0.15	0.15	182	183	184	1017
7191	HJ_npc段凌风17.obj	1	2	1	0.15	182	183	184	940
7192	HJ_npc年兽17.obj	1	2	0.8	0.15	182	183	184	1022
7193	珍兽211021土虎.obj	1	2	1	0.15	182	183	184	1018
7194	珍兽211025木虎.obj	1	2	1	0.15	182	183	184	1018
7195	珍兽211025木虎变色.obj	1	2	1	0.15	182	183	184	1018
7196	珍兽211026金虎.obj	1	2	1	0.15	182	183	184	1018
7197	珍兽211026金虎变色.obj	1	2	1	0.15	182	183	184	1018
7198	珍兽211108火虎.obj	1	2	1	0.15	182	183	184	1020
7199	珍兽211108火虎变色.obj	1	2	1	0.15	182	183	184	1021
7200	珍兽211103冰虎.obj	1	2	1	0.15	182	183	184	1019
7201	珍兽211103冰虎变色.obj	1	2	1	0.15	182	183	184	1019
7202	HJ_npc舞狮绣球17.obj	1	2	1	0.15	182	183	184	940
7203	HJ_npc小年兽秘宝17.obj	1	2	1	0.15	182	183	184	1017
7204	HJ_npc虎小威17.obj	1	2	1	0.15	182	183	184	1032
7205	HJ_npc康索17.obj	1	2	1	0.15	182	183	184	940
7206	HJ_npc人形舞狮17.obj	1	2	1	0.15	182	183	184	1023
7207	骑乘20211123春节鼓.obj	1	2	1	0.15	182	183	184	1024
7208	HJ_npc云冰冰17.obj	1	2	1	0.15	182	183	184	940
7209	经验雨空模型.obj	1	2	1	0.15	182	183	184	-1
7210	HJ_npc狻猊17.obj	1	2	1.5	0.15	182	183	184	940
7211	HJ_npc狻猊半透17.obj	1	2	1	0.15	182	183	184	1112
7212	骑乘211202不死鸟.obj	1	2	1	0.15	495	495	495	1111
7213	珍兽211130情人节一级.obj	1	2	1	0.15	182	183	184	1025
7214	珍兽211201情人节二级.obj	1	2	1	0.15	182	183	184	1026
7215	珍兽211201情人节二级变色.obj	1	2	1	0.15	182	183	184	1036
7216	珍兽211201情人节三级.obj	1	2	1	0.15	182	183	184	1027
7217	珍兽211201情人节三级变色.obj	1	2	1	0.15	182	183	184	1028
7218	珍兽211201情人节五级.obj	1	2	1	0.15	182	183	184	1031
7219	珍兽211201情人节五级变色.obj	1	2	1	0.15	182	183	184	1031
7220	珍兽211201情人节四级变色02.obj	1	2	1	0.15	182	183	184	1029
7221	珍兽211201情人节四级变色.obj	1	2	1	0.15	182	183	184	1030
7222	珍兽211201情人节四级.obj	1	2	1	0.15	182	183	184	1029
7223	HJ_npc云兰舟17.obj	1	2	1	0.15	182	183	184	940
7224	HJ_npc石碑17.obj	1	2	0.4	0.15	182	183	184	983
7225	兽魂211223蝴蝶三级.obj	1	2	1	0.15	182	183	184	-1
7226	兽魂211223白虎三级.obj	1	2	1	0.15	182	183	184	-1
7227	HJ_npc奇怪的花草17.obj	1	2	1	0.15	182	183	184	983
7229	hj_boss密探傀儡师17.obj	1	2	1	0.15	182	183	184	960
7230	荒兽召唤特效npc.obj	1	2	1	0.15	182	183	184	983
7231	兽魂211231锦鲤三级.obj	1	2	1	0.15	182	183	184	-1
7232	HJ_npc云决决17.obj	1	2	1	0.15	182	183	184	940
7233	HJ_npc云决决17受伤.obj	1	2	1	0.15	182	183	184	940
7234	时空裂缝空模型.obj	1	2	2	0.15	182	183	184	-1
7235	HJ_npc玄武岛幻境采集植物17.obj	1	2	1	0.15	182	183	184	983
7236	HJ_npc云深深17.obj	1	2	1	0.15	182	183	184	940
7237	HJ_npc巫祝狐17.obj	1	2	1	0.15	182	183	184	937
7238	HJ_npc渊博狐17.obj	1	2	1	0.15	182	183	184	937
7239	HJ_npc扫地狐17.obj	1	2	1	0.15	182	183	184	1048
7240	HJ_npc洒扫狐17.obj	1	2	1	0.15	182	183	184	937
7241	HJ_npc摸鱼狐17.obj	1	2	1	0.15	182	183	184	937
7242	HJ_npc青丘狐17.obj	1	2	1	0.15	182	183	184	937
7243	HJ_npc大理种玫瑰花01.obj	1	2	3	0.15	182	183	184	983
7244	HJ_npc大理种玫瑰花02.obj	1	2	3	0.15	182	183	184	983
7245	HJ_npc大理种玫瑰花03.obj	1	2	2.1	0.15	182	183	184	983
7246	HJ_npc大理种玫瑰花04.obj	1	2	2.1	0.15	182	183	184	983
7247	兽魂211223朱雀一级.obj	1	2	1	0.15	182	183	184	-1
7248	兽魂211223朱雀二级.obj	1	2	1	0.15	182	183	184	-1
7249	兽魂211223朱雀三级.obj	1	2	1	0.15	182	183	184	-1
7250	兽魂211223白虎一级.obj	1	2	1	0.15	182	183	184	-1
7251	兽魂211223白虎二级.obj	1	2	1	0.15	182	183	184	-1
7252	兽魂211223蝴蝶一级.obj	1	2	1	0.15	182	183	184	-1
7253	兽魂211223蝴蝶二级.obj	1	2	1	0.15	182	183	184	-1
7254	兽魂211223金乌一级.obj	1	2	1	0.15	182	183	184	-1
7255	兽魂211223金乌二级.obj	1	2	1	0.15	182	183	184	-1
7256	兽魂211223金乌三级.obj	1	2	1	0.15	182	183	184	-1
7257	兽魂211223青龙三级.obj	1	2	1	0.15	182	183	184	-1
7258	兽魂211227九尾狐一级.obj	1	2	1	0.15	182	183	184	-1
7259	兽魂211227九尾狐二级.obj	1	2	1	0.15	182	183	184	-1
7260	兽魂211227九尾狐三级.obj	1	2	1	0.15	182	183	184	-1
7261	兽魂211227仙鹤一级.obj	1	2	1	0.15	182	183	184	-1
7262	兽魂211227仙鹤二级.obj	1	2	1	0.15	182	183	184	-1
7263	兽魂211227仙鹤三级.obj	1	2	1	0.15	182	183	184	-1
7264	兽魂20220310玄武一级.obj	1	2	1	0.15	182	183	184	-1
7265	兽魂20220310玄武二级.obj	1	2	1	0.15	182	183	184	-1
7266	兽魂20220310玄武三级.obj	1	2	1	0.15	182	183	184	-1
7267	兽魂211231锦鲤一级.obj	1	2	1	0.15	182	183	184	-1
7268	兽魂211231锦鲤二级.obj	1	2	1	0.15	182	183	184	-1
7269	兽魂220104鹿一级.obj	1	2	1	0.15	182	183	184	-1
7270	兽魂220104鹿二级.obj	1	2	1	0.15	182	183	184	-1
7271	兽魂220104鹿三级.obj	1	2	1	0.15	182	183	184	-1
7272	boss211223朱雀.obj	1	2	1	0.15	182	183	184	1039
7273	boss211223白虎.obj	1	2	1	0.15	182	183	184	1041
7274	boss211223蝴蝶.obj	1	2	1	0.15	182	183	184	1042
7275	boss211223金乌.obj	1	2	1	0.15	182	183	184	1043
7276	boss211223青龙.obj	1	2	1	0.15	182	183	184	1045
7277	boss211227九尾狐.obj	1	2	1	0.15	182	183	184	1037
7278	boss211227仙鹤.obj	1	2	1	0.15	182	183	184	1038
7279	boss211227玄武.obj	1	2	1	0.15	182	183	184	1040
7280	boss211231锦鲤.obj	1	2	1	0.15	182	183	184	1044
7281	boss220104鹿.obj	1	2	1	0.15	182	183	184	1046
7282	兽魂211223青龙一级.obj	1	2	1	0.15	182	183	184	-1
7283	兽魂211223青龙二级.obj	1	2	1	0.15	182	183	184	-1
7284	HJ_boss九尾狐17.obj	1	2	0.9	0.15	182	183	184	1047
7285	HJ_圣兽之魂17.obj	1	2	1	0.15	182	183	184	1049
7286	npc211223青龙.obj	1	2	1	0.15	182	183	184	1050
7287	npc211227九尾狐.obj	1	2	1	0.15	182	183	184	1051
7288	npc211227玄武.obj	1	2	1	0.15	182	183	184	1052
7289	npc211223青龙.obj	1	2	0.5	0.15	182	183	184	1050
7290	npc211227九尾狐.obj	1	2	0.5	0.15	182	183	184	1051
7291	npc211227玄武.obj	1	2	0.5	0.15	182	183	184	1052
7292	HJ_boss云卷舒17.obj	1	2	1	0.15	182	183	184	1053
7293	HJ_boss云飘飘17.obj	1	2	1	0.15	182	183	184	1054
7294	HJ_boss艾虎17.obj	1	2	1	0.15	182	183	184	1055
7295	HJ_boss逸17.obj	1	2	1	0.15	182	183	184	1056
7296	boss_艾虎呆呆牛放大.obj	1	2	1	0.15	182	183	184	1057
7297	boss_艾虎蛋蛋鸡放大.obj	1	2	1	0.15	182	183	184	1058
7298	hj_boss云飘飘_云烟断_陷阱.obj	1	2	1	0.15	182	183	184	-1
7299	云飘飘爪印空物体.obj	1	2	1	0.15	182	183	184	1060
7300	hj_boss云飘飘_如是我闻_全屏大招.obj	1	2	1	0.15	182	183	184	1062
7301	boss_艾虎呆呆牛.obj	1	2	1	0.15	182	183	184	1059
7302	hj_boss云飘飘_如是我闻_全屏大招2.obj	1	2	1	0.15	182	183	184	-1
7304	HJ_npc青丘九尾内丹17.obj	1	2	1	0.15	182	183	184	1061
7305	HJ_npc荼蘼花17.obj	1	2	1	0.15	182	183	184	1063
7306	HJ_boss逸17触发前.obj	1	2	1	0.15	182	183	184	1056
7307	HJ_npc艾虎17.obj	1	2	1	0.15	182	183	184	940
7308	HJ_npc云飘飘17.obj	1	2	1	0.15	182	183	184	940
7309	HJ_npc逸黑狐17.obj	1	2	1	0.15	182	183	184	1064
7310	HJ_npc逸白狐17.obj	1	2	1	0.15	182	183	184	1064
7311	骑乘220215孔雀.obj	1	2	1	0.15	-1	-1	-1	1065
7312	青丘阻挡.obj	1	2	1	0.15	-1	-1	-1	-1
7313	HJ_npc净灵浊玉17.obj	1	2	1	0.15	-1	-1	-1	983
7314	珍兽211223朱雀1级.obj	1	2	0.8	0.15	182	183	184	1068
7315	珍兽211223白虎1级.obj	1	2	0.8	0.15	182	183	184	1078
7316	珍兽211223蝴蝶1级.obj	1	2	0.8	0.15	182	183	184	1071
7317	珍兽211223金乌1级.obj	1	2	0.8	0.15	182	183	184	1072
7318	珍兽211223青龙1级.obj	1	2	0.8	0.15	182	183	184	1074
7319	珍兽211227九尾狐1级.obj	1	2	0.8	0.15	182	183	184	1066
7320	珍兽211227仙鹤1级.obj	1	2	0.8	0.15	182	183	184	1067
7321	珍兽211227玄武1级.obj	1	2	0.8	0.15	182	183	184	1069
7322	珍兽211223锦鲤一级.obj	1	2	0.8	0.15	182	183	184	1073
7323	珍兽220104鹿1级.obj	1	2	0.8	0.15	182	183	184	1075
7324	珍兽211223朱雀2级.obj	1	2	0.9	0.15	182	183	184	1068
7325	珍兽211223白虎2级.obj	1	2	0.9	0.15	182	183	184	1078
7326	珍兽211223蝴蝶2级.obj	1	2	0.9	0.15	182	183	184	1071
7327	珍兽211223金乌2级.obj	1	2	0.9	0.15	182	183	184	1072
7328	珍兽211223青龙2级.obj	1	2	0.9	0.15	182	183	184	1074
7329	珍兽211227九尾狐2级.obj	1	2	0.9	0.15	182	183	184	1066
7330	珍兽211227仙鹤2级.obj	1	2	0.85	0.15	182	183	184	1067
7331	珍兽211227玄武2级.obj	1	2	0.9	0.15	182	183	184	1069
7332	珍兽211223锦鲤二级.obj	1	2	0.9	0.15	182	183	184	1073
7333	珍兽220104鹿2级.obj	1	2	0.9	0.15	182	183	184	1075
7334	珍兽211223朱雀.obj	1	2	1	0.15	182	183	184	1068
7335	珍兽211223白虎.obj	1	2	1	0.15	182	183	184	1070
7336	珍兽211223蝴蝶.obj	1	2	1	0.15	182	183	184	1071
7337	珍兽211223金乌.obj	1	2	1	0.15	182	183	184	1072
7338	珍兽211223青龙.obj	1	2	1	0.15	182	183	184	1074
7339	珍兽211227九尾狐.obj	1	2	1	0.15	182	183	184	1066
7340	珍兽211227仙鹤.obj	1	2	0.9	0.15	182	183	184	1067
7341	珍兽211227玄武.obj	1	2	1	0.15	182	183	184	1069
7342	珍兽211223锦鲤.obj	1	2	1	0.15	182	183	184	1073
7343	珍兽220104鹿.obj	1	2	1	0.15	182	183	184	1075
7344	HJ_圣兽之魂白虎17.obj	1	2	1	0.15	182	183	184	1049
7345	HJ_圣兽之魂鹤17.obj	1	2	1	0.15	182	183	184	1049
7346	HJ_圣兽之魂蝴蝶17.obj	1	2	1	0.15	182	183	184	1049
7347	HJ_圣兽之魂金乌17.obj	1	2	1	0.15	182	183	184	1049
7348	HJ_圣兽之魂锦鲤17.obj	1	2	1	0.15	182	183	184	1049
7349	HJ_圣兽之魂鹿17.obj	1	2	1	0.15	182	183	184	1049
7350	HJ_圣兽之魂青龙17.obj	1	2	1	0.15	182	183	184	1049
7351	HJ_圣兽之魂玄武17.obj	1	2	1	0.15	182	183	184	1049
7352	HJ_圣兽之魂朱雀17.obj	1	2	1	0.15	182	183	184	1049
7353	珍兽220107孔雀一级.obj	1	2	1	0.15	182	183	184	1076
7354	珍兽220107孔雀二级.obj	1	2	1	0.15	182	183	184	1076
7355	珍兽220107孔雀二级变色.obj	1	2	1	0.15	182	183	184	1076
7356	珍兽220107孔雀三级.obj	1	2	1	0.15	182	183	184	1076
7357	珍兽220107孔雀三级变色.obj	1	2	1	0.15	182	183	184	1076
7358	珍兽220107孔雀四级.obj	1	2	1	0.15	182	183	184	1076
7359	珍兽220107孔雀四级变色.obj	1	2	1	0.15	182	183	184	1076
7360	珍兽220107孔雀五级变色.obj	1	2	1	0.15	182	183	184	1076
7361	珍兽220107孔雀五级.obj	1	2	1	0.15	182	183	184	1076
7362	通用合体特效5.obj	1	2	1	0.15	182	183	184	-1
7363	pet_2022qiegong.obj	1	2	1	0.15	182	183	184	1113
7364	pet_2022qiemu.obj	1	2	1	0.15	182	183	184	1113
7365	pet_2022qiehuaxue.obj	1	2	1	0.15	182	183	184	1113
7366	青丘阻挡2.obj	1	2	1	0.15	182	183	184	-1
7367	HJ_boss云飘飘17.obj	1	2	1	0.15	182	183	184	1077
7368	HJ_npc云晓晓17.obj	1	2	1	0.15	182	183	184	940
7369	云飘飘爪印空物体.obj	1	2	1	0.15	182	183	184	1079
7370	云飘飘爪印空物体.obj	1	2	1	0.15	182	183	184	1080
7371	云飘飘爪印空物体.obj	1	2	1	0.15	182	183	184	1081
7372	云飘飘爪印空物体.obj	1	2	1	0.15	182	183	184	1082
7373	hj_boss九尾灵狐_扫尾替代.obj	1	2	1	0.15	182	183	184	-1
7374	hj_boss九尾灵狐_禁锢光球空物体.obj	1	2	1	0.15	182	183	184	1083
7375	珍兽211223白虎.obj	1	2	1.8	0.15	182	183	184	962
7376	珍兽211227九尾狐.obj	1	2	1.8	0.15	182	183	184	962
7377	珍兽211227玄武.obj	1	2	1.8	0.15	182	183	184	962
7378	hj_boss九尾灵狐_扫尾右.obj	1	2	1	0.15	182	183	184	-1
7379	hj_boss九尾灵狐_扫尾左.obj	1	2	1	0.15	182	183	184	-1
7380	九尾狐保护墙空物体.obj	1	2	1	0.15	182	183	184	-1
7381	HJ_npc青丘宝箱17.obj	1	2	1	0.15	182	183	184	-1
7382	HJ_npc鞭炮堆17.obj	1	2	1	0.15	182	183	184	-1
7383	npc_2022zhulinnan.obj	1	2	1	0.15	182	183	184	940
7384	HJ_npc烟花小丸子17.obj	1	2	1	0.15	182	183	184	1084
7385	npc汴梁城绿袍官员200807.obj	1	2	1	0.15	182	183	184	940
7386	npc_2022hongzaozong.obj	1	2	1	0.15	182	183	184	1005
7387	npc_2022hongzaozong01.obj	1	2	1	0.15	182	183	184	1005
7388	npc_2022rouzong.obj	1	2	1	0.15	182	183	184	1005
7389	npc_2022rouzong01.obj	1	2	1	0.15	182	183	184	1005
7390	npc_2022danhuangzong.obj	1	2	1	0.15	182	183	184	1005
7391	npc_2022danhuangzong01.obj	1	2	1	0.15	182	183	184	1005
7392	npc汴梁城老头.obj	1	2	1	0.15	182	183	184	937
7393	HJ_npc青丘寒潭灵药17.obj	1	2	1	0.15	182	183	184	983
7394	HJ_骑乘白雕17.obj	1	2	1	0.15	405	405	405	1085
7395	HJ_npc旅燕17.obj	1	2	1	0.15	182	183	184	1086
7396	HJ_npc旅燕黑燕17.obj	1	2	1	0.15	182	183	184	1086
7397	HJ_npc旅燕灰燕17.obj	1	2	1	0.15	182	183	184	1086
7398	HJ_npc旅燕棕燕17.obj	1	2	1	0.15	182	183	184	1086
7399	NPC银杏树.obj	1	2	1	0.15	182	183	184	-1
7400	将开的芍药.obj	1	2	2	0.15	182	183	184	1087
7402	HJ_npc矮桌.obj	1	2	1	0.15	182	183	184	-1
7403	HJ_npc林燕归17.obj	1	2	1	0.15	182	183	184	940
7404	HJ_npc峨嵋男主雕像17.obj	1	2	1	0.15	182	183	184	-1
7405	HJ_npc峨嵋女主雕像17.obj	1	2	1	0.15	182	183	184	-1
7406	HJ_npc丐帮男主雕像17.obj	1	2	1	0.15	182	183	184	-1
7407	HJ_npc丐帮女主雕像17.obj	1	2	1	0.15	182	183	184	-1
7408	HJ_npc明教男主雕像17.obj	1	2	1	0.15	182	183	184	-1
7409	HJ_npc明教女主雕像17.obj	1	2	1	0.15	182	183	184	-1
7410	HJ_npc少林男主雕像17.obj	1	2	1	0.15	182	183	184	-1
7411	HJ_npc少林女主雕像17.obj	1	2	1	0.15	182	183	184	-1
7412	HJ_npc天龙男主雕像17.obj	1	2	1	0.15	182	183	184	-1
7413	HJ_npc天龙女主雕像17.obj	1	2	1	0.15	182	183	184	-1
7414	HJ_npc天山男主雕像17.obj	1	2	1	0.15	182	183	184	-1
7415	HJ_npc天山女主雕像17.obj	1	2	1	0.15	182	183	184	-1
7416	HJ_npc武当男主雕像17.obj	1	2	1	0.15	182	183	184	-1
7417	HJ_npc武当女主雕像17.obj	1	2	1	0.15	182	183	184	-1
7418	HJ_npc逍遥男主雕像17.obj	1	2	1	0.15	182	183	184	-1
7419	HJ_npc逍遥女主雕像17.obj	1	2	1	0.15	182	183	184	-1
7420	HJ_npc星宿男主雕像17.obj	1	2	1	0.15	182	183	184	-1
7421	HJ_npc星宿女主雕像17.obj	1	2	1	0.15	182	183	184	-1
7422	npc_2022zongziguo.obj	1	2	1	0.15	182	183	184	983
7423	HJ_npc峨眉莲花17.obj	1	2	2.3	0.15	182	183	184	1088
7424	HJ_npc云家少女17.obj	1	2	1	0.15	182	183	184	940
7425	HJ_npc护阵玉石怪红17.obj	1	2	0.8	0.15	182	183	184	1114
7426	HJ_npc护阵玉石怪黄17.obj	1	2	0.8	0.15	182	183	184	1114
7427	HJ_npc护阵玉石怪蓝17.obj	1	2	0.8	0.15	182	183	184	1114
7428	HJ_npc护阵玉石怪绿17.obj	1	2	0.8	0.15	182	183	184	1114
7429	HJ_npc护阵玉石怪紫17.obj	1	2	0.8	0.15	182	183	184	1114
7430	HJ_npc小乖17.obj	1	2	1	0.15	182	183	184	940
7431	HJ_npc青丘寒潭暖阳阵17.obj	1	2	1	0.15	182	183	184	983
7432	HJ_npc江湖百晓生17.obj	1	2	1	0.15	182	183	184	940
7433	HJ_npc江南四杰琴17.obj	1	2	1	0.15	182	183	184	940
7434	HJ_npc江南四杰棋17.obj	1	2	1	0.15	182	183	184	940
7435	HJ_npc江南四杰书17.obj	1	2	1	0.15	182	183	184	940
7436	HJ_npc何安城17.obj	1	2	1	0.15	182	183	184	940
7437	HJ_npc宁婉夜17.obj	1	2	1	0.15	182	183	184	940
7438	HJ_npc杨天锋17.obj	1	2	1	0.15	182	183	184	1090
7439	HJ_npc萧儒生17.obj	1	2	1	0.15	182	183	184	1089
7440	HJ_npc劳工一17.obj	1	2	1	0.15	182	183	184	1090
7441	HJ_npc劳工二17.obj	1	2	1	0.15	182	183	184	1090
7442	HJ_npc劳工三17.obj	1	2	1	0.15	182	183	184	1090
7443	HJ_boss峨嵋高手17.obj	1	2	1	0.15	182	183	184	1091
7444	HJ_npc峨眉莲花17.obj	1	2	1	0.15	182	183	184	1092
7445	HJ_boss明教高手17.obj	1	2	1	0.15	182	183	184	1093
7446	HJ_boss天山高手17.obj	1	2	1	0.15	182	183	184	1094
7447	HJ_npc天山女分身17.obj	1	2	1	0.15	182	183	184	1095
7448	HJ_boss逍遥高手17.obj	1	2	1	0.15	182	183	184	1096
7449	HJ_boss丐帮高手17.obj	1	2	1	0.15	182	183	184	1097
7450	HJ_boss武当高手17.obj	1	2	1	0.15	182	183	184	1098
7451	HJ_npc武当太阳.obj	1	2	1	0.15	182	183	184	-1
7452	HJ_npc武当太阴.obj	1	2	1	0.15	182	183	184	-1
7453	HJ_npc武当星星17.obj	1	2	1	0.15	182	183	184	1099
7454	HJ_npc逍遥定海神针17.obj	1	2	1	0.15	182	183	184	1100
7455	npc汴梁城富人老太太黄版200812.obj	1	2	1	0.15	182	183	184	940
7456	HJ_npc逍遥画地为牢17.obj	1	2	1	0.15	182	183	184	1101
7457	HJ_npc丐帮狗17.obj	1	2	1	0.15	182	183	184	1102
7458	HJ_npc丐帮狗17灵体.obj	1	2	1	0.15	182	183	184	1102
7459	HJ_boss_峨嵋_安全区.obj	1	2	1	0.15	182	183	-1	-1
7460	npc汴梁城小男孩.obj	1	2	1	0.15	182	183	184	940
7461	npc原庄主的家眷气氛小男孩210203.obj	1	2	1	0.15	182	183	184	940
7462	HJ_npc萧儒生17.obj	1	2	1	0.15	182	183	184	1103
7464	HJ_npc西北狼17.obj	1	2	1	0.15	182	183	184	1104
7465	骑乘220510雁门关.obj	1	2	1	0.15	-1	-1	-1	1065
7466	雁门关8m阻挡.obj	1	2	1	0.15	-1	-1	-1	-1
7467	雁门关10m阻挡.obj	1	2	1	0.15	-1	-1	-1	-1
7468	雁门关30m阻挡.obj	1	2	1	0.15	-1	-1	-1	-1
7469	HJ_npc门派挑战副本接引人17.obj	1	2	1	0.15	182	183	184	940
7470	HJ_npc月下玫瑰任务男17.obj	1	2	1	0.15	182	183	184	940
7471	珍兽220517七夕爱神一级.obj	1	2	1	0.15	-1	-1	-1	1107
7472	珍兽220518七夕花神二级.obj	1	2	1	0.15	-1	-1	-1	1115
7473	珍兽220518七夕花神二级01.obj	1	2	1	0.15	-1	-1	-1	1115
7474	珍兽220518七夕水神四级01.obj	1	2	1	0.15	-1	-1	-1	1108
7475	珍兽220518七夕水神四级.obj	1	2	1	0.15	-1	-1	-1	1108
7476	珍兽220518七夕月神三级.obj	1	2	1	0.15	-1	-1	-1	1109
7477	珍兽220518七夕月神三级01.obj	1	2	1	0.15	-1	-1	-1	1109
7478	珍兽220518七夕女神五级02.obj	1	2	1	0.15	-1	-1	-1	1110
7479	珍兽220518七夕女神五级.obj	1	2	1	0.15	-1	-1	-1	1110
7480	珍兽220518七夕女神五级01.obj	1	2	1	0.15	-1	-1	-1	1110
7481	骑乘220524七夕月宫鹊桥.obj	1	2	1	0.15	-1	-1	-1	1116
7482	HJ_npc提花少女17.obj	1	2	1	0.15	182	183	184	940
7483	HJ_npc庄云饰17.obj	1	2	1	0.15	182	183	184	940
7484	HJ_npc牛郎织女17.obj	1	2	1	0.15	182	183	184	1119
7485	替模npc.obj	1	2	1	0.15	182	183	184	1120
7486	替模珍兽.obj	1	2	1	0.15	182	183	184	1121
7487	HJ_npc纺云织雾机.obj	1	2	1.15	0.15	182	183	184	983
7488	替模骑乘.obj	1	2	1	0.15	182	183	184	1122
7489	HJ_npc赤云霞17.obj	1	2	1	0.15	182	183	184	1123
7490	HJ_npc赤云霞17.obj	1	2	1	0.15	182	183	184	1124
7491	HJ_npc赤云霞17.obj	1	2	1	0.15	182	183	184	1125
7492	HJ_npc赤云霞17.obj	1	2	1	0.15	182	183	184	1126
7493	制香花瓣.obj	1	2	1	0.15	182	183	184	983
7494	碾香花石.obj	1	2	1	0.15	182	183	184	983
7495	落英木.obj	1	2	1	0.15	182	183	184	983
7496	boss生死擂台吴用22.obj	1	2	1	0.15	182	183	184	1129
7497	boss生死擂台宋江22.obj	1	2	1	0.15	182	183	184	1130
7498	boss生死擂台鲁智深22.obj	1	2	1	0.15	182	183	184	1128
7499	boss生死擂台卢俊义22.obj	1	2	1	0.15	182	183	184	1132
7500	boss生死擂台李逵22.obj	1	2	1	0.15	182	183	184	1133
7501	boss生死擂台关胜22.obj	1	2	1	0.15	182	183	184	1127
7502	boss生死擂台公孙胜22.obj	1	2	1	0.15	182	183	184	1131
7503	HJ_npc残影17_10.obj	1	2	1	0.15	182	183	184	1003
7504	HJ_npc万劫谷黄眉僧17.obj	1	2	1	0.15	182	183	184	940
7505	HJ_npc枯荣大师17.obj	1	2	1	0.15	182	183	184	937
7506	HJ_npc吴用机关人.obj	1	2	1	0.15	182	183	184	1134
7507	HJ_npc吴用伏兵.obj	1	2	1	0.15	182	183	184	1135
7508	HJ_npc空模型_许愿泉涟漪.obj	1	2	1	0.15	182	183	184	983
7509	HJ_npc秦皇地宫小宝箱220802.obj	1	2	1	0.15	182	183	184	1136
7510	HJ_npc秦皇地宫大宝箱220802.obj	1	2	1	0.15	182	183	184	1136
7511	HJ_boss_天龙高手_技能3光柱npc.obj	1	2	1	0.15	182	183	184	-1
7512	boss_关胜_空NPC_刀刃.obj	1	2	1	0.15	182	183	184	-1
7513	boss_李逵_毒花npc.obj	1	2	1	0.15	182	183	184	-1
7514	boss_吴用_八卦阵阵法.obj	1	2	1	0.15	182	183	184	-1
7515	boss_吴用_八卦阵阵法范围圈.obj	1	2	1	0.15	182	183	184	-1
7516	boss_吴用_释放烟雾.obj	1	2	1	0.15	182	183	184	-1
7517	npc许愿池低级呆呆牛.obj	1	2	1	0.15	182	183	184	983
7518	npc许愿池低级蛋蛋鸡.obj	1	2	1	0.15	182	183	184	983
7519	npc许愿池低级小狐仙.obj	1	2	1	0.15	182	183	184	983
7520	npc许愿池中级呆呆牛.obj	1	2	1	0.15	182	183	184	983
7521	npc许愿池中级蛋蛋鸡.obj	1	2	1	0.15	182	183	184	983
7522	npc许愿池中级小狐仙.obj	1	2	1	0.15	182	183	184	983
7523	npc许愿池高级呆呆牛.obj	1	2	1	0.15	182	183	184	983
7524	npc许愿池高级蛋蛋鸡.obj	1	2	1	0.15	182	183	184	983
7525	npc许愿池高级小狐仙.obj	1	2	1	0.15	182	183	184	983
7526	HJ_npc怪玄武岛朱雀220802.obj	1	2	1	0.15	182	183	184	1039
7527	HJ_npc怪玄武岛白虎220802.obj	1	2	1	0.15	182	183	184	1041
7528	HJ_npc怪玄武岛青龙220802.obj	1	2	1	0.15	182	183	184	1045
7529	HJ_npc怪玄武岛九尾狐220802.obj	1	2	1	0.15	182	183	184	1037
7530	HJ_npc怪玄武岛玄武220802.obj	1	2	1	0.15	182	183	184	1040
7531	HJ_npc怪玄武岛狻猊220802.obj	1	2	1	0.15	182	183	184	1140
7532	HJ_npc怪玄武岛北极熊220802.obj	1	2	1	0.15	182	183	184	1139
7533	珍兽220705玉兔一级.obj	1	2	1	0.15	182	183	184	1137
7534	珍兽220705玉兔二级.obj	1	2	1	0.15	182	183	184	1137
7535	珍兽220705玉兔三级.obj	1	2	1	0.15	182	183	184	1137
7536	HJ_npc卢俊义士兵.obj	1	2	1	0.15	182	183	184	1138
7537	珍兽220705玉兔一级变色.obj	1	2	1	0.15	182	183	184	1137
7538	boss_吴用_八卦阵阵法_震单独字.obj	1	2	1	0.15	182	183	184	-1
7539	boss_吴用_八卦阵阵法_巽单独字.obj	1	2	1	0.15	182	183	184	-1
7540	boss_吴用_八卦阵阵法_乾单独字.obj	1	2	1	0.15	182	183	184	-1
7541	boss_吴用_八卦阵阵法_离单独字.obj	1	2	1	0.15	182	183	184	-1
7542	boss_吴用_八卦阵阵法_坤单独字.obj	1	2	1	0.15	182	183	184	-1
7543	boss_吴用_八卦阵阵法_坎单独字.obj	1	2	1	0.15	182	183	184	-1
7544	boss_吴用_八卦阵阵法_艮单独字.obj	1	2	1	0.15	182	183	184	-1
7545	boss_吴用_八卦阵阵法_兑单独字.obj	1	2	1	0.15	182	183	184	-1
7546	boss天龙高手22.obj	1	2	1	0.15	182	183	184	1143
7547	boss少林高手22.obj	1	2	1	0.15	182	183	184	1142
7548	boss星宿高手22.obj	1	2	1	0.15	182	183	184	1141
7549	HJ_boss_天龙高手_技能2光柱npc.obj	1	2	1	0.15	182	183	184	-1
7550	boss_杀星副本_阻挡特效.obj	1	2	1	0.15	182	183	184	-1
7551	boss_关胜_空NPC_刀刃_大.obj	1	2	1	0.15	182	183	184	-1
7552	恶人谷红色足球.obj	1	2	2	0.15	182	183	184	1390
7553	恶人谷花色足球.obj	1	2	2	0.15	182	183	184	1390
7554	恶人谷黄色足球.obj	1	2	2	0.15	182	183	184	1390
7555	恶人谷蓝色足球.obj	1	2	2	0.15	182	183	184	1390
7556	恶人谷红色足球.obj	1	2	3	0.15	182	183	184	1391
7557	恶人谷花色足球.obj	1	2	3	0.15	182	183	184	1391
7558	恶人谷黄色足球.obj	1	2	3	0.15	182	183	184	1391
7559	恶人谷蓝色足球.obj	1	2	3	0.15	182	183	184	1391
7560	HJ_npc鬼祟行商.obj	1	2	1	0.15	182	183	184	937
7561	HJ_npc怪契丹密探.obj	1	2	1	0.15	182	183	184	1114
7562	苏州黑气_净化_空npc.obj	1	2	1	0.15	182	183	184	-1
7563	苏州黑气_空npc.obj	1	2	1	0.15	182	183	184	-1
7564	珍兽161112钻石VIP凤凰01.obj	1	2	0.9	0.15	182	183	184	1146
7565	珍兽161112钻石VIP凤凰02.obj	1	2	0.9	0.15	182	183	184	1145
7566	珍兽161112钻石VIP凤凰03.obj	1	2	0.9	0.15	182	183	184	1145
7567	珍兽161112钻石VIP凤凰04.obj	1	2	0.9	0.15	182	183	184	1146
7568	珍兽161112钻石VIP凤凰05.obj	1	2	0.9	0.15	182	183	184	1146
7569	珍兽161112钻石VIP凤凰07.obj	1	2	0.9	0.15	182	183	184	1145
7570	珍兽161112钻石VIP凤凰06.obj	1	2	0.9	0.15	182	183	184	1146
7571	珍兽161112钻石VIP凤凰09.obj	1	2	0.9	0.15	182	183	184	1148
7572	珍兽161112钻石VIP凤凰08.obj	1	2	0.9	0.15	182	183	184	1147
7573	HJ_boss_星宿高手_化骨绵掌_陷阱3.obj	1	2	0.9	0.15	182	183	184	-1
7574	HJ_boss_星宿高手_化骨绵掌_陷阱2.obj	1	2	0.9	0.15	182	183	184	-1
7575	HJ_boss_星宿高手_化骨绵掌_陷阱1.obj	1	2	0.9	0.15	182	183	184	-1
7576	HJ_boss_星宿高手_技能2笑里藏刀毒水陷阱.obj	1	2	0.9	0.15	182	183	184	-1
7577	HJ_boss_星宿高手_一日丧命散_毒云陷阱.obj	1	2	0.9	0.15	182	183	184	-1
7578	HJ_boss_星宿高手_技能1毒水陷阱.obj	1	2	0.9	0.15	182	183	184	-1
7579	HJ_boss_少林高手_技能3如来神掌预警.obj	1	2	0.9	0.15	182	183	184	-1
7580	HJ_boss_星宿高手_技能2笑里藏刀飞刀NPC.obj	1	2	0.9	0.15	182	183	184	-1
7581	HJ_npc高级镖车220815.obj	1	2	0.7	0.15	182	183	184	1149
7582	HJ_npc中等镖车220815.obj	1	2	0.7	0.15	182	183	184	1149
7583	HJ_npc普通镖车220815.obj	1	2	0.7	0.15	182	183	184	1149
7584	HJ_npc交任务镖师220815.obj	1	2	1	0.15	182	183	184	940
7585	HJ_npc接任务镖师220815.obj	1	2	1	0.15	182	183	184	940
7586	HJ_npc劫路小怪17.obj	1	2	1	0.15	182	183	184	1150
7587	HJ_npc驿站传送镖师220815.obj	1	2	1	0.15	182	183	184	940
7588	boss_李逵_毒花npc2.obj	1	2	1	0.15	182	183	184	-1
7589	boss_李逵_毒花npc3.obj	1	2	1	0.15	182	183	184	-1
7590	HJ_npc许愿池切换.obj	1	2	1	0.15	182	183	184	-1
7591	cj_新杀星_加血圈.obj	1	2	1	0.15	182	183	184	-1
7592	HJ_npc曼陀任务发布人王安歌.obj	1	2	1	0.15	182	183	184	940
7593	HJ_npc曼陀严妈妈.obj	1	2	1	0.15	182	183	184	940
7594	HJ_npc曼陀叶婆婆.obj	1	2	1	0.15	182	183	184	940
7595	HJ_npc盗琴雅贼22.obj	1	2	1	0.15	182	183	184	1152
7596	HJ_npc盗书雅贼22.obj	1	2	1	0.15	182	183	184	1152
7597	HJ_npc盗香雅贼22.obj	1	2	1	0.15	182	183	184	1152
7598	HJ_npc精英怪风花月22.obj	1	2	1	0.15	182	183	184	1157
7599	HJ_npc曼陀传送人王律之.obj	1	2	1	0.15	182	183	184	940
7600	HJ_npc曼陀轻功传授人王雁足.obj	1	2	1	0.15	182	183	184	940
7601	HJ_npc曼陀山庄弟子王叠涓.obj	1	2	1	0.15	182	183	184	940
7602	HJ_npc曼陀生活技能关山月.obj	1	2	1	0.15	182	183	184	940
7603	HJ_npc曼陀生活技能王水风.obj	1	2	1	0.15	182	183	184	940
7604	骑乘220719曼陀天鹅初级.obj	1	2	1	0.15	-1	-1	-1	1153
7605	骑乘220719曼陀天鹅中级.obj	1	2	1	0.15	-1	-1	-1	1153
7606	骑乘220719曼陀天鹅高级.obj	1	2	1	0.15	-1	-1	-1	1153
7607	HJ_npc曼陀祈福石.obj	1	2	1	0.15	182	183	184	983
7608	HJ_npc曼陀轻功传授人王雁足01.obj	1	2	1	0.15	182	183	184	940
7609	HJ_npc曼陀掌门王夫人.obj	1	2	1	0.15	182	183	184	940
7610	HJ_npc曼陀指路人王管家.obj	1	2	1	0.15	182	183	184	940
7611	HJ_npc曼陀坐骑技能介绍子衿.obj	1	2	1	0.15	182	183	184	940
7612	HJ_npc曼陀拜师人王素商.obj	1	2	1	0.15	182	183	184	940
7613	HJ_npc曼陀传送人王律之.obj	1	2	1	0.15	182	183	184	940
7614	HJ_npc曼陀亲兵白雪.obj	1	2	1	0.15	182	183	184	940
7615	HJ_npc曼陀王语嫣.obj	1	2	1	0.15	182	183	184	940
7616	HJ_npc曼陀投票王岳山.obj	1	2	1	0.15	182	183	184	940
7617	HJ_npc男曼陀初级.obj	1	2	1	0.15	182	183	184	937
7618	HJ_npc男曼陀中级.obj	1	2	1	0.15	182	183	184	937
7619	HJ_npc男曼陀高级.obj	1	2	1	0.15	182	183	184	1155
7620	HJ_npc女曼陀初级.obj	1	2	1	0.15	182	183	184	937
7621	HJ_npc女曼陀中级.obj	1	2	1	0.15	182	183	184	937
7622	HJ_npc女曼陀高级.obj	1	2	1	0.15	182	183	184	1155
7623	HJ_npc曼陀亲兵阳春.obj	1	2	1	0.15	182	183	184	940
7624	HJ_npc曼陀武功传授人王和玲.obj	1	2	1	0.15	182	183	184	940
7625	HJ_npc曼陀幽草.obj	1	2	1	0.15	182	183	184	940
7626	HJ_npc曼陀草人桩.obj	1	2	1	0.15	182	183	184	1156
7627	曼陀山庄_琴木.obj	1	2	1	0.15	182	183	184	983
7628	曼陀山庄_琼玉油脂.obj	1	2	1	0.15	182	183	184	983
7629	曼陀山庄_香料.obj	1	2	1	0.15	182	183	184	983
7630	骑乘220719曼陀天鹅初级.obj	1	2	0.7	0.15	182	183	184	983
7631	骑乘220719曼陀天鹅中级.obj	1	2	0.7	0.15	182	183	184	983
7632	骑乘220719曼陀天鹅高级.obj	1	2	0.7	0.15	182	183	184	983
7633	女主角曼陀门派雕像.obj	1	2	1	0.15	182	183	184	-1
7634	男主角曼陀门派雕像.obj	1	2	1	0.15	182	183	184	-1
7635	npc大理种山茶花01.obj	1	2	3	0.15	182	183	184	983
7636	npc大理种山茶花02.obj	1	2	3	0.15	182	183	184	983
7637	npc大理种山茶花03.obj	1	2	2.1	0.15	182	183	184	983
7638	npc大理种山茶花04.obj	1	2	2.1	0.15	182	183	184	983
7639	HJ_npc男曼陀高级变身.obj	1	2	1	0.15	182	183	184	1158
7640	HJ_npc女曼陀高级变身.obj	1	2	1	0.15	182	183	184	1159
7641	HJ_npc曼陀武道长老二嵇扶光.obj	1	2	1	0.15	182	183	184	937
7642	HJ_npc曼陀武道长老一嵇聆风.obj	1	2	1	0.15	182	183	184	937
7643	HJ_npc酒店老板17c.obj	1	2	1	0.15	182	183	184	940
7644	HJ_npc酒店老板17b.obj	1	2	1	0.15	182	183	184	940
7645	HJ_npc酒店老板17c.obj	1	2	1	0.15	182	183	184	940
7646	骑乘双人寄居蟹100830.obj	1	2	1	0.15	182	183	184	1160
7647	骑乘220328雪猿.obj	1	2	1	0.15	182	183	184	1161
7648	HJ_npc曼陀王灵颂.obj	1	2	1	0.15	182	183	184	937
7649	HJ_npc小和尚221010.obj	1	2	1	0.15	182	183	184	940
7650	HJ_npc大理种玫瑰花01.obj	1	2	3	0.15	182	183	184	983
7651	HJ_npc曼陀背琴老头22.obj	1	2	1	0.15	182	183	184	1114
7652	珍兽220808囚牛一级.obj	1	2	0.85	0.15	182	183	184	1163
7653	珍兽220808囚牛二级.obj	1	2	0.85	0.15	182	183	184	1163
7654	珍兽220808囚牛二级01.obj	1	2	0.85	0.15	182	183	184	1163
7655	珍兽220808囚牛三级.obj	1	2	0.85	0.15	182	183	184	1163
7656	珍兽220808囚牛三级01.obj	1	2	0.85	0.15	182	183	184	1163
7657	珍兽220808囚牛四级01.obj	1	2	0.85	0.15	182	183	184	1163
7658	珍兽220808囚牛四级.obj	1	2	0.85	0.15	182	183	184	1163
7659	珍兽220808囚牛五级.obj	1	2	0.85	0.15	182	183	184	1163
7660	珍兽220808囚牛五级01.obj	1	2	0.85	0.15	182	183	184	1163
7661	珍兽221010仙境花灵1.obj	1	2	1	0.15	182	183	184	1164
7662	珍兽221010仙境花灵2.obj	1	2	1	0.15	182	183	184	1164
7663	珍兽221010仙境花灵3.obj	1	2	1	0.15	182	183	184	1164
7664	珍兽221010仙境花灵4.obj	1	2	1	0.15	182	183	184	1164
7665	珍兽221010仙境花灵5.obj	1	2	1	0.15	182	183	184	1164
7666	珍兽221010仙境花灵7.obj	1	2	1	0.15	182	183	184	1164
7667	珍兽221010仙境花灵8.obj	1	2	1	0.15	182	183	184	1164
7668	珍兽221010仙境花灵9.obj	1	2	1	0.15	182	183	184	1164
7669	珍兽221010仙境花灵10.obj	1	2	1	0.15	182	183	184	1164
7670	骑乘220920黑红麒麟.obj	1	2	1	0.15	182	183	184	1165
7671	骑乘跨服争霸赛一级20110712.obj	1	2	1	0.15	182	183	184	1166
7672	骑乘跨服争霸赛二级20110713.obj	1	2	1	0.15	182	183	184	1167
7673	骑乘跨服争霸赛三级20110706.obj	1	2	1	0.15	182	183	184	1168
7674	骑乘220909圣诞靴子.obj	1	2	1	0.15	182	183	184	1165
7675	HJ_npc舞狮绣球17_大.obj	1	2	1	0.15	182	183	184	940
7676	hj_npc_校场金色漂浮光团.obj	1	2	1	0.15	182	183	184	1170
7677	hj_npc_校场紫色漂浮光团.obj	1	2	1	0.15	182	183	184	1169
7678	珍兽220720穷奇1级.obj	1	2	1	0.15	182	183	184	1171
7679	珍兽220720穷奇2级.obj	1	2	1	0.15	182	183	184	1171
7680	珍兽220720穷奇3级.obj	1	2	1	0.15	182	183	184	1171
7681	HJ_npc好看的圣诞小树22.obj	1	2	1	0.15	182	183	184	983
7682	pet_2022ZSA_G.obj	1	2	1	0.15	182	183	184	1172
7683	pet_2022ZSC_G.obj	1	2	1	0.15	182	183	184	1174
7684	pet_2022ZSC_G01.obj	1	2	1	0.15	182	183	184	1174
7685	pet_2022ZSD_G01.obj	1	2	1	0.15	182	183	184	1176
7686	pet_2022ZSD_G.obj	1	2	1	0.15	182	183	184	1176
7687	pet_2022ZSB_G01.obj	1	2	1	0.15	182	183	184	1175
7688	pet_2022ZSB_G.obj	1	2	1	0.15	182	183	184	1175
7689	pet_2022ZSE_G01.obj	1	2	1	0.15	182	183	184	1187
7690	pet_2022ZSE_G.obj	1	2	1	0.15	182	183	184	1173
7691	骑乘小老虎.obj	1	2	1	0.15	182	183	184	1181
7692	兽魂220815穷奇1级.obj	1	2	1	0.15	182	183	184	-1
7693	兽魂220815穷奇2级.obj	1	2	1	0.15	182	183	184	-1
7694	兽魂220815穷奇3级.obj	1	2	1	0.15	182	183	184	-1
7695	HJ_npc初试考官22.obj	1	2	1	0.15	182	183	184	940
7696	HJ_npc复试考官22.obj	1	2	1	0.15	182	183	184	940
7697	HJ_npc雪橇女孩和狗22.obj	1	2	1	0.15	182	183	184	940
7698	骑乘221026雪橇.obj	1	2	1	0.15	182	183	184	1177
7699	HJ_骑乘跑商17.obj	1	2	1	0.15	182	183	184	1178
7700	hj_npc_校场金色漂浮光团_加血.obj	1	2	1	0.15	182	183	184	-1
7701	hj_npc_校场金色漂浮光团_会心提升.obj	1	2	1	0.15	182	183	184	-1
7702	hj_npc_校场金色漂浮光团_火圈.obj	1	2	1	0.15	182	183	184	-1
7703	hj_npc_校场金色漂浮光团_净化.obj	1	2	1	0.15	182	183	184	-1
7704	hj_npc_校场金色漂浮光团_命中提升.obj	1	2	1	0.15	182	183	184	-1
7705	hj_npc_校场金色漂浮光团_无敌.obj	1	2	1	0.15	182	183	184	-1
7706	hj_npc_校场金色漂浮光团_移速提升.obj	1	2	1	0.15	182	183	184	-1
7707	hj_npc_校场金色漂浮光团_免控.obj	1	2	1	0.15	182	183	184	-1
7708	hj_npc_校场金色漂浮光团_隐身.obj	1	2	1	0.15	182	183	184	-1
7709	hj_npc_校场紫色漂浮光团_加血.obj	1	2	1	0.15	182	183	184	-1
7710	hj_npc_校场紫色漂浮光团_冷却重置.obj	1	2	1	0.15	182	183	184	-1
7711	hj_npc_校场紫色漂浮光团_免控.obj	1	2	1	0.15	182	183	184	-1
7712	hj_npc_校场紫色漂浮光团_伤害.obj	1	2	1	0.15	182	183	184	-1
7713	hj_npc_校场紫色漂浮光团_移速提升.obj	1	2	1	0.15	182	183	184	-1
7714	HJ_npc圣诞驯鹿22.obj	1	2	1	0.15	182	183	184	1005
7715	HJ_npc圣诞铃铛22.obj	1	2	1	0.15	182	183	184	-1
7716	HJ_npc圣诞袜子22.obj	1	2	1	0.15	182	183	184	-1
7717	HJ_npc圣诞雪人22.obj	1	2	1	0.15	182	183	184	-1
7718	HJ_npc侦探兔22.obj	1	2	1	0.15	182	183	184	1005
7719	骑乘2201027婚纱翅膀.obj	1	2	1	0.15	404	404	404	1011
7720	HJ_npc新年大锅22.obj	1	2	1	0.15	182	183	184	1182
7721	HJ_npc新年饺子大锅22.obj	1	2	1	0.15	182	183	184	1182
7722	HJ_npc新年年糕大锅22.obj	1	2	1	0.15	182	183	184	1182
7723	HJ_npc新年汤圆大锅22.obj	1	2	1	0.15	182	183	184	1182
7724	HJ_npc掌柜兔22.obj	1	2	1	0.15	182	183	184	940
7725	骑乘221108白虎翅膀.obj	1	2	1	0.15	404	404	404	1011
7726	HJ_npc总管兔22.obj	1	2	1	0.15	182	183	184	1183
7727	珍兽221110光天马一级.obj	1	2	0.9	0.15	182	183	184	1184
7728	珍兽221110玫瑰天马二级.obj	1	2	0.9	0.15	182	183	184	1184
7729	珍兽221110玫瑰天马二级01.obj	1	2	0.9	0.15	182	183	184	1184
7730	珍兽221110圣天马三级.obj	1	2	0.9	0.15	182	183	184	1184
7731	珍兽221110圣天马三级01.obj	1	2	0.9	0.15	182	183	184	1184
7732	珍兽221110海天马四级.obj	1	2	0.9	0.15	182	183	184	1184
7733	珍兽221110海天马四级01.obj	1	2	0.9	0.15	182	183	184	1184
7734	珍兽221110暗天马五级02.obj	1	2	0.9	0.15	182	183	184	1184
7735	珍兽221110暗天马五级01.obj	1	2	0.9	0.15	182	183	184	1184
7736	HJ_npc饺子小孩22.obj	1	2	1	0.15	182	183	184	1185
7737	HJ_npc年糕小孩22.obj	1	2	1	0.15	182	183	184	1185
7738	HJ_npc汤圆小孩22.obj	1	2	1	0.15	182	183	184	1185
7739	HJ_npc名厨兔22.obj	1	2	1	0.15	182	183	184	1183
7740	HJ_npc打工兔站堂小二22.obj	1	2	1	0.15	182	183	184	1186
7741	HJ_npc打工兔后厨帮厨22.obj	1	2	1	0.15	182	183	184	1188
7742	npc赤霞玫瑰花丛.obj	1	2	1	0.15	182	183	184	983
7743	npc荧黄玫瑰花丛.obj	1	2	1	0.15	182	183	184	983
7744	npc柔蓝玫瑰花丛.obj	1	2	1	0.15	182	183	184	983
7745	HJ_npc情人节花仙子粉22.obj	1	2	1	0.15	182	183	184	940
7746	HJ_npc情人节花仙子黄22.obj	1	2	1	0.15	182	183	184	940
7747	HJ_npc情人节花仙子蓝22.obj	1	2	1	0.15	182	183	184	940
7748	HJ_npc恋语宝匣22.obj	1	2	1	0.15	182	183	184	1136
7749	珍兽221110暗天马五级.obj	1	2	0.9	0.15	182	183	184	1184
7750	HJ_npc盗宝人23.obj	1	2	1	0.15	182	183	184	1114
7751	HJ_npc赵大刀23.obj	1	2	1	0.15	182	183	184	940
7752	npc偃甲音乐盒.obj	1	2	1	0.15	182	183	184	-1
7756	npc蜀南竹灯.obj	1	2	1	0.15	182	183	184	-1
7757	npc安神香炉.obj	1	2	1	0.15	182	183	184	-1
7758	HJ_npc白溪湖铲雪车齿轮23.obj	1	2	1	0.15	182	183	184	983
7759	HJ_npc蜀南竹海偃甲船摇杆23.obj	1	2	1	0.15	182	183	184	983
7760	HJ_npc西凉枫林护院傀儡手臂23.obj	1	2	0.4	0.15	182	183	184	983
7761	HJ_boss古偃甲延寿23.obj	1	2	1	0.15	182	183	184	1198
7762	HJ_boss古偃甲上生23.obj	1	2	1	0.15	182	183	184	1197
7763	HJ_npc延寿台23.obj	1	2	1	0.15	182	183	184	1196
7764	HJ_npc上生玲珑匣23.obj	1	2	1	0.15	182	183	184	1136
7765	HJ_npc上生台23.obj	1	2	1	0.15	182	183	184	1200
7767	npc低级晶矿机关.obj	1	2	1	0.15	182	183	184	1193
7768	npc中级晶矿机关.obj	1	2	1	0.15	182	183	184	1193
7769	npc高级晶矿机关.obj	1	2	1	0.15	182	183	184	1193
7770	HJ_npc西凉枫林灰熊23.obj	1	2	1	0.15	182	183	184	1114
7771	HJ_npc初级守矿怪23.obj	1	2	1	0.15	182	183	184	1212
7772	HJ_npc中级守矿怪23.obj	1	2	1	0.15	182	183	184	1212
7773	HJ_npc高级守矿怪23.obj	1	2	1	0.15	182	183	184	1189
7774	HJ_npc木甲豹子23.obj	1	2	1	0.15	182	183	184	1150
7775	HJ_npc木魇23.obj	1	2	1	0.15	182	183	184	1150
7776	HJ_npc长春谷族人23.obj	1	2	1	0.15	182	183	184	1150
7777	HJ_npc诗人一23.obj	1	2	1	0.15	182	183	184	1191
7778	HJ_npc诗人二23.obj	1	2	1	0.15	182	183	184	1191
7779	HJ_npc诗人三23.obj	1	2	1	0.15	182	183	184	1191
7780	HJ_npc诗圣23.obj	1	2	1	0.15	182	183	184	940
7781	npc长春谷饮酒赋诗酒桌.obj	1	2	1	0.15	182	183	184	1190
7782	HJ_npc孔明灯23.obj	1	2	1	0.15	182	183	184	1192
7783	cj_不老长春谷_冰封蓝光圈空模型.obj	1	2	2	0.15	182	183	184	-1
7784	cj_不老长春谷_毒瘴绿光圈空模型.obj	1	2	2	0.15	182	183	184	-1
7785	cj_不老长春谷_火焰红光圈空模型.obj	1	2	2	0.15	182	183	184	-1
7786	HJ_npc墨离23.obj	1	2	1	0.15	182	183	184	940
7787	HJ_npc路何方23.obj	1	2	1	0.15	182	183	184	937
7788	HJ_npc江行云23.obj	1	2	1	0.15	182	183	184	937
7789	HJ_npc墨忆23.obj	1	2	1	0.15	182	183	184	940
7790	HJ_npc墨回23.obj	1	2	1	0.15	182	183	184	940
7791	HJ_npc孙虎23.obj	1	2	1	0.15	182	183	184	940
7792	HJ_npc杨老三23.obj	1	2	1	0.15	182	183	184	940
7793	HJ_npc甄百岁23.obj	1	2	1	0.15	182	183	184	940
7794	HJ_npc阮枫眠23.obj	1	2	1	0.15	182	183	184	937
7795	HJ_npc千金墨知愁23.obj	1	2	1	0.15	182	183	184	937
7796	HJ_npc墨星翁23.obj	1	2	1	0.15	182	183	184	940
7797	HJ_npc老妇墨如23.obj	1	2	1	0.15	182	183	184	940
7798	HJ_npc金猊23.obj	1	2	1	0.15	182	183	184	1150
7799	HJ_npc邓祈安23.obj	1	2	1	0.15	182	183	184	940
7800	HJ_npc墨思思23.obj	1	2	1	0.15	182	183	184	940
7801	HJ_npc墨晓清23.obj	1	2	1	0.15	182	183	184	940
7802	HJ_npc峨嵋争霸赛女主雕像01.obj	1	2	1.2	0.15	182	183	184	-1
7803	HJ_npc少林争霸赛女主雕像01.obj	1	2	1.2	0.15	182	183	184	-1
7804	HJ_npc天山争霸赛男主雕像01.obj	1	2	1.2	0.15	182	183	184	-1
7805	HJ_npc天山争霸赛男主雕像02.obj	1	2	1.2	0.15	182	183	184	-1
7806	HJ_npc武当争霸赛男主雕像01.obj	1	2	1.2	0.15	182	183	184	-1
7807	HJ_npc武当争霸赛女主雕像01.obj	1	2	1.2	0.15	182	183	184	-1
7808	HJ_npc逍遥争霸赛男主雕像01.obj	1	2	1.2	0.15	182	183	184	-1
7809	HJ_npc逍遥争霸赛女主雕像01.obj	1	2	1.2	0.15	182	183	184	-1
7810	HJ_npc男1探子23.obj	1	2	1	0.15	182	183	184	1194
7811	HJ_npc墨北辰23.obj	1	2	1	0.15	182	183	184	940
7812	HJ_npc反派墨非白23.obj	1	2	1	0.15	182	183	184	940
7813	HJ_npc反派墨锦心23.obj	1	2	1	0.15	182	183	184	940
7814	HJ_npc灵猊23.obj	1	2	1	0.15	182	183	184	1150
7815	HJ_npc怪养女墨鸢23.obj	1	2	1	0.15	182	183	184	1195
7816	HJ_npc神秘女子23.obj	1	2	1	0.15	182	183	184	940
7817	骑乘220523绣球主题.obj	1	2	1	0.15	-1	-1	-1	1065
7818	HJ_npc擂鼓山苏星河17.obj	1	2	1	0.15	182	183	184	940
7819	HJ_npc墨晓溪23.obj	1	2	1	0.15	182	183	184	1005
7820	HJ_npc女1探子23.obj	1	2	1	0.15	182	183	184	1194
7821	HJ_npc男2探子23.obj	1	2	1	0.15	182	183	184	1194
7822	HJ_npc木甲豹子23.obj	1	2	2	0.15	182	183	184	1150
7823	HJ_npc木魇23.obj	1	2	1.6	0.15	182	183	184	1150
7824	HJ_npc偃甲非命23.obj	1	2	1	0.15	182	183	184	1150
7825	HJ_npc偃甲非乐23.obj	1	2	1	0.15	182	183	184	1150
7826	HJ_npc偃甲非攻23.obj	1	2	1	0.15	182	183	184	1150
7827	HJ_npc偃甲青鸟23.obj	1	2	1.5	0.15	182	183	184	940
7828	HJ_npc阮枫眠23金猊.obj	1	2	1	0.15	182	183	184	940
7829	HJ_npc阮枫眠23巨罴.obj	1	2	1	0.15	182	183	184	940
7830	HJ_npc男1修理工23.obj	1	2	1	0.15	182	183	184	1199
7831	HJ_npc男2修理工23.obj	1	2	1	0.15	182	183	184	1199
7832	HJ_npc女1修理工23.obj	1	2	1	0.15	182	183	184	1199
7833	HJ_npc养女墨鸢23.obj	1	2	1	0.15	182	183	184	940
7834	HJ_npc白溪湖冰柱23.obj	1	2	1	0.15	182	183	184	983
7835	npc长春谷采集矿石.obj	1	2	1	0.15	182	183	184	983
7836	HJ_npc刘博17.obj	1	2	1	0.15	182	183	184	940
7837	pet_2023hudaoss一级.obj	1	2	1	0.15	182	183	184	1201
7838	pet_2023hudaoss一级变异.obj	1	2	1	0.15	182	183	184	1201
7839	pet_2023hudaoss一级变异01.obj	1	2	1	0.15	182	183	184	1201
7840	pet_2023hudaoss三级变异.obj	1	2	1	0.15	182	183	184	1201
7841	pet_2023hudaoss三级变异01.obj	1	2	1	0.15	182	183	184	1201
7842	pet_2023hudaoss五级变异.obj	1	2	1	0.15	182	183	184	1201
7843	pet_2023hudaoss五级变异01.obj	1	2	1	0.15	182	183	184	1201
7844	pet_2023hudaoss七级变异.obj	1	2	1	0.15	182	183	184	1201
7845	pet_2023hudaoss七级变异01.obj	1	2	1	0.15	182	183	184	1201
7846	npc141111kvk虚竹.obj	1	2	1	0.15	182	183	184	940
7847	npc段誉20130904.obj	1	2	1	0.15	182	183	184	940
7848	星阵阿珠.obj	1	2	1	0.15	182	183	184	940
7849	星阵木婉清.obj	1	2	1	0.15	182	183	184	940
7850	星阵王语嫣.obj	1	2	1	0.15	182	183	184	940
7851	HJ_npc夫妻金库23.obj	1	2	1	0.15	182	183	184	940
7852	HJ_npc苏陶23.obj	1	2	1	0.15	182	183	184	940
7853	HJ_npc江思璇23.obj	1	2	1	0.15	182	183	184	940
7854	HJ_npc陈昭23.obj	1	2	1	0.15	182	183	184	940
7855	HJ_npc苏清漓23.obj	1	2	1	0.15	182	183	184	940
7856	HJ_npc易相知23.obj	1	2	1	0.15	182	183	184	940
7857	HJ_npc王语嫣23.obj	1	2	1	0.15	182	183	184	940
7858	HJ_npc苏家家丁23.obj	1	2	1	0.15	182	183	184	1114
7859	pet_2023TVB.obj	1	2	1	0.15	182	183	184	1203
7860	npc_2023TVB.obj	1	2	1	0.15	182	183	184	940
7861	HJ_npc苏家侍女23.obj	1	2	1	0.15	182	183	184	1204
7862	HJ_npc车缓行23.obj	1	2	1	0.15	182	183	184	940
7863	HJ_npc陆安然23.obj	1	2	1	0.15	182	183	184	940
7864	HJ_npc马提名23.obj	1	2	1	0.15	182	183	184	940
7865	HJ_npc苏明学23.obj	1	2	1	0.15	182	183	184	940
7866	HJ_npc司仪23.obj	1	2	1	0.15	182	183	184	940
7867	火墙空模型.obj	1	2	1	0.15	182	183	184	-1
7868	HJ_npc偃甲猴23.obj	1	2	1	0.15	182	183	184	1208
7869	骑乘230417比翼鸟公共bus.obj	1	2	1	0.15	182	183	184	1005
7870	骑乘230417花轿一级.obj	1	2	1	0.15	182	183	184	665
7871	骑乘230417花轿二级.obj	1	2	1	0.15	182	183	184	665
7872	骑乘230417花轿三级.obj	1	2	1	0.15	182	183	184	665
7873	HJ_npc柳如馨23.obj	1	2	1	0.15	182	183	184	940
7874	HJ_npc空模型_红丝.obj	1	2	1	0.15	182	183	184	-1
7875	HJ_npc空模型_银丝.obj	1	2	1	0.15	182	183	184	-1
7876	HJ_npc空模型_金丝.obj	1	2	1	0.15	182	183	184	-1
7877	HJ_npc_白色山茶花23.obj	1	2	1	0.15	182	183	184	983
7878	HJ_npc_粉色山茶花23.obj	1	2	1	0.15	182	183	184	983
7879	HJ_npc_红色山茶花23.obj	1	2	1	0.15	182	183	184	983
7880	HJ_npc_黄色山茶花23.obj	1	2	1	0.15	182	183	184	983
7881	HJ_npc_蓝色山茶花23.obj	1	2	1	0.15	182	183	184	983
7882	HJ_npc大灯笼架23.obj	1	2	0.8	0.15	182	183	184	983
7883	HJ_npc地灯23.obj	1	2	1	0.15	182	183	184	983
7884	HJ_npc古琴桌23.obj	1	2	1	0.15	182	183	184	983
7885	HJ_npc花鼓23.obj	1	2	1	0.15	182	183	184	983
7886	HJ_npc山茶花灯23.obj	1	2	0.8	0.15	182	183	184	983
7887	HJ_npc李清露23.obj	1	2	1	0.15	182	183	184	940
7888	HJ_npc晓露23.obj	1	2	1	0.15	182	183	184	940
7889	HJ_npc晓蕊23.obj	1	2	1	0.15	182	183	184	940
7890	HJ_npc晓蕾23.obj	1	2	1	0.15	182	183	184	940
7891	骑乘230417马车活动.obj	1	2	1	0.15	182	183	184	1207
7892	骑乘230417马车活动黑.obj	1	2	1	0.15	182	183	184	1207
7893	骑乘230417马车活动红.obj	1	2	1	0.15	182	183	184	1207
7894	npc_休闲玩法_光圈npc.obj	1	2	1	0.15	182	183	184	-1
7895	HJ_npc大绿树23.obj	1	2	1	0.15	182	183	184	983
7896	HJ_npc月老23.obj	1	2	1	0.15	182	183	184	940
7897	HJ_npc段誉23.obj	1	2	1	0.15	182	183	184	940
7898	HJ_npc钟灵23.obj	1	2	1	0.15	182	183	184	940
7899	万劫谷_数字石头1.obj	1	2	1	0.15	182	183	184	1206
7900	万劫谷_数字石头2.obj	1	2	1	0.15	182	183	184	1206
7901	万劫谷_数字石头3.obj	1	2	1	0.15	182	183	184	1206
7902	万劫谷_数字石头4.obj	1	2	1	0.15	182	183	184	1206
7903	万劫谷_数字石头5.obj	1	2	1	0.15	182	183	184	1206
7904	万劫谷_数字石头6.obj	1	2	1	0.15	182	183	184	1206
7905	万劫谷_数字石头7.obj	1	2	1	0.15	182	183	184	1206
7906	万劫谷_数字石头8.obj	1	2	1	0.15	182	183	184	1206
7907	万劫谷_数字石头9.obj	1	2	1	0.15	182	183	184	1206
7908	骑乘220321羊驼.obj	1	2	1	0.15	182	183	184	936
7909	结婚阻挡空模型.obj	1	2	1	0.15	182	183	184	-1
7910	HJ_npc结婚游街花车23.obj	1	2	1	0.15	182	183	184	937
7911	HJ_npc舞狮绣球17_结婚.obj	1	2	1	0.15	182	183	184	940
7912	骑乘220523绣球主题.obj	1	2	1	0.15	-1	-1	-1	1065
7913	骑乘230505牡丹车.obj	1	2	1	0.15	182	183	184	936
7914	HJ_npc帝陵重现战旗23.obj	1	2	0.75	0.15	182	183	184	983
7915	骑乘230504夏日清凉马.obj	1	2	1	0.15	191	192	193	966
7916	npc_2023duangongzi.obj	1	2	1	0.15	191	192	193	937
7917	npc_2023wangguniang.obj	1	2	1	0.15	191	192	193	937
7918	npc汴梁城红色青楼女子200724.obj	1	2	1	0.15	191	192	193	940
7919	npc次高级晶矿机关.obj	1	2	1	0.15	182	183	184	1193
7920	HJ_npc初级守矿怪石像版23.obj	1	2	1	0.15	182	183	184	983
7921	HJ_npc中级守矿怪石像版23.obj	1	2	1	0.15	182	183	184	983
7922	HJ_npc高级守矿怪石像版23.obj	1	2	1	0.15	182	183	184	983
7923	HJ_npc武场负责人23.obj	1	2	1	0.15	182	183	184	940
7924	HJ_npc心性不定的弟子23.obj	1	2	1	0.15	182	183	184	1214
7925	HJ_npc爪牙23.obj	1	2	1	0.15	182	183	184	1213
7926	boss_武道_贪官_技能2银钱为重陷阱.obj	1	2	1	0.15	182	183	184	-1
7927	HJ_npc贪官23.obj	1	2	1	0.15	182	183	184	1216
7928	骑乘230706比武招亲红白马.obj	1	2	1	0.15	182	183	184	937
7929	npc汴梁城书生200722.obj	1	2	1	0.15	182	183	184	940
7930	npc汴梁城字画书生200821.obj	1	2	1	0.15	182	183	184	940
7931	HJ_npc心志坚定的弟子23.obj	1	2	1	0.15	182	183	184	1214
7932	HJ_npc中原人尸体23.obj	1	2	1	0.15	182	183	184	962
7933	HJ_npc单家冤魂23.obj	1	2	1	0.15	182	183	184	1114
7934	HJ_npc扫地僧23.obj	1	2	1	0.15	182	183	184	1221
7935	HJ_npc扫地僧23半透明.obj	1	2	1	0.15	182	183	184	1269
7936	HJ_npc死亡的夫人23.obj	1	2	1	0.15	182	183	184	962
7937	HJ_npc死亡的契丹武士23.obj	1	2	1	0.15	182	183	184	962
7938	HJ_npc死亡的家仆23.obj	1	2	1	0.15	182	183	184	962
8467	比武招亲凤凰空物体.obj	1	2	1	0.15	182	183	184	983
8468	hj_npc盛愿花灯23.obj	1	2	1	0.15	182	183	184	1249
8469	hj_npc盛愿花灯23空中站立.obj	1	2	1	0.15	182	183	184	1250
8470	hj_npc情缘花灯23.obj	1	2	1	0.15	182	183	184	1248
8471	hj_npc夫妻花灯23.obj	1	2	1	0.15	182	183	184	1248
8472	hj_npc师徒花灯23.obj	1	2	1	0.15	182	183	184	1248
8473	hj_npc结拜花灯23.obj	1	2	1	0.15	182	183	184	1248
8474	hj_npc普通花灯23.obj	1	2	1	0.15	182	183	184	1248
8475	HJ_boss白世镜23.obj	1	2	1	0.15	182	183	184	1218
8476	HJ_boss单正23.obj	1	2	1	0.15	182	183	184	1219
8477	HJ_boss谭婆23.obj	1	2	1	0.15	182	183	184	1236
8478	HJ_boss玄苦23.obj	1	2	1	0.15	182	183	184	1220
8479	HJ_npc美女画卷23.obj	1	2	1	0.15	182	183	184	1224
8480	HJ_npc美女画卷23.obj	1	2	1	0.15	182	183	184	1225
8481	HJ_npc乔妈妈23.obj	1	2	1	0.15	182	183	184	1228
8482	HJ_npc乔三槐23.obj	1	2	1	0.15	182	183	184	1228
8483	HJ_npc神兵萧峰23.obj	1	2	1	0.15	182	183	184	1226
8484	HJ_npc契丹萧远山23.obj	1	2	1	0.15	182	183	184	1229
8485	HJ_npc神兵变身萧峰23.obj	1	2	1	0.15	182	183	184	1227
8486	HJ_npc萧远山23.obj	1	2	1	0.15	182	183	184	1230
8487	npc比武招亲旗子.obj	1	2	0.7	0.15	182	183	184	983
8488	npc比武招亲高级旗子.obj	1	2	0.7	0.15	182	183	184	983
8489	ride_2023fengqiuhuang凤.obj	1	2	1	0.15	404	404	404	1231
8490	ride_2023fengqiuhuang凰.obj	1	2	1	0.15	404	404	404	1231
8491	HJ_npc厨子嫌疑人23.obj	1	2	1	0.15	182	183	184	940
8492	HJ_npc舞女嫌疑人23.obj	1	2	1	0.15	182	183	184	940
8496	HJ_npc商贩嫌疑人23.obj	1	2	1	0.15	182	183	184	940
8497	骑乘230706比武招亲红白马高.obj	1	2	1	0.15	182	183	184	937
8498	HJ_npc空模型_谭婆.obj	1	2	1	0.15	182	183	184	-1
8499	HJ_npc冤怪23.obj	1	2	1	0.15	182	183	184	1241
8500	HJ_npc惧怪23.obj	1	2	1	0.15	182	183	184	1242
8501	HJ_npc憎怪23.obj	1	2	1	0.15	182	183	184	1243
8502	HJ_npc苦怪23.obj	1	2	1	0.15	182	183	184	1244
8503	珍兽230509凤求凰一级.obj	1	2	1	0.15	182	183	184	1234
8504	珍兽230509凤求凰二级.obj	1	2	1	0.15	182	183	184	1234
8505	珍兽230509凤求凰二级01.obj	1	2	1	0.15	182	183	184	1234
8506	珍兽230509凤求凰三级.obj	1	2	1	0.15	182	183	184	1234
8507	珍兽230509凤求凰三级01.obj	1	2	1	0.15	182	183	184	1234
8508	珍兽230509凤求凰四级.obj	1	2	1	0.15	182	183	184	1234
8509	珍兽230509凤求凰四级01.obj	1	2	1	0.15	182	183	184	1234
8510	珍兽230509凤求凰五级.obj	1	2	1	0.15	182	183	184	1234
8511	珍兽230509凤求凰五级01.obj	1	2	1	0.15	182	183	184	1234
8512	珍兽230509凤求凰五级特殊.obj	1	2	1	0.15	182	183	184	1234
8513	HJ_npc神兵变身萧峰23.obj	1	2	1	0.15	182	183	184	1235
8514	骑乘230706比武招亲红白马高.obj	1	2	1	0.15	182	183	184	1217
8515	骑乘蝴蝶翅膀160918.obj	1	2	1	0.15	182	183	184	1245
8516	HJ_npc神兵剧情单家祠堂牌匾.obj	1	2	1.2	0.15	182	183	184	983
8517	HJ_npc神兵剧情双人石碑.obj	1	2	1	0.15	182	183	184	983
8518	HJ_npc神兵剧情石碑.obj	1	2	1	0.15	182	183	184	983
8519	HJ_npc神兵剧情老旧包裹.obj	1	2	1	0.15	182	183	184	983
8520	HJ_npc神兵剧情落叶.obj	1	2	1	0.15	182	183	184	983
8521	HJ_npc神兵剧情佛经桌23.obj	1	2	1.2	0.15	182	183	184	983
8522	HJ_npc神兵剧情萧家刀23.obj	1	2	1	0.15	182	183	184	983
8523	HJ_boss赵钱孙23.obj	1	2	1	0.15	182	183	184	1240
8524	HJ_boss带头大哥23.obj	1	2	1	0.15	182	183	184	1239
8525	HJ_boss玄慈23.obj	1	2	1	0.15	182	183	184	1247
8526	HJ_boss汪剑通23.obj	1	2	1	0.15	182	183	184	1238
8527	HJ_boss魔化萧峰23.obj	1	2	1	0.15	182	183	184	1237
8528	HJ_npc冯拾羽23.obj	1	2	1	0.15	182	183	184	940
8529	HJ_npc齐天福23.obj	1	2	1	0.15	182	183	184	940
8530	boss少林高手22_神兵剧情.obj	1	2	1.1	0.15	182	183	184	1114
8531	boss_汪剑通_绿色旋风.obj	1	2	1	0.15	182	183	184	-1
8532	HJ_npc空模型_萧家刀.obj	1	2	1	0.15	182	183	184	-1
8533	骑乘230706比武招亲花轿低级.obj	1	2	1	0.15	182	183	184	937
8534	骑乘230706比武招亲花轿高级.obj	1	2	1	0.15	182	183	184	937
8535	hj_npc玄苦罗汉像a23.obj	1	2	1	0.15	182	183	184	983
8536	hj_npc玄苦罗汉像b23.obj	1	2	1	0.15	182	183	184	983
8537	hj_npc玄苦罗汉像c23.obj	1	2	1	0.15	182	183	184	983
8538	hj_npc玄苦罗汉像d23.obj	1	2	1	0.15	182	183	184	983
8539	npc迷离梦境莲花.obj	1	2	1	0.15	182	183	184	1246
8540	npc迷离梦境曼陀罗.obj	1	2	1	0.15	182	183	184	1246
8541	npc迷离梦境山玉兰.obj	1	2	1	0.15	182	183	184	1246
8542	npc迷离梦境优昙花.obj	1	2	1	0.15	182	183	184	1246
8543	HJ_boss玄慈的禅杖23.obj	1	2	1.4	0.15	182	183	184	1138
8544	HJ_boss带头大哥的木杖23.obj	1	2	1.4	0.15	182	183	184	1138
8545	npc_团本赵钱孙空物体.obj	1	2	1	0.15	182	183	184	-1
8546	boss_魔化萧峰_场景火焰特效1.obj	1	2	1	0.15	182	183	184	-1
8547	boss_魔化萧峰_场景火焰特效2.obj	1	2	1	0.15	182	183	184	-1
8548	boss_魔化萧峰_场景火焰特效3.obj	1	2	1	0.15	182	183	184	-1
8549	boss_赵钱孙_技能1发招B.obj	1	2	1	0.15	182	183	184	-1
8550	HJ_boss白世镜23.obj	1	2	0.8	0.15	182	183	184	1218
8551	HJ_npc翻倒的马车23.obj	1	2	1	0.15	182	183	184	983
8552	HJ_npc魔萧峰的黑色人影23.obj	1	2	1	0.15	182	183	184	1251
8553	HJ_npc魔萧峰的金色人影23.obj	1	2	1	0.15	182	183	184	1252
8554	HJ_boss汪剑通23技能分身.obj	1	2	1	0.15	182	183	184	1254
8555	hj_boss赵钱孙土堆23.obj	1	2	1	0.15	182	183	184	983
8556	HJ_npc神兵干将乘风23.obj	1	2	1	0.15	182	183	184	940
8557	npc迷离梦境散毒花.obj	1	2	1	0.15	182	183	184	1246
8558	HJ_npc付铁手23.obj	1	2	1	0.15	182	183	184	940
8559	HJ_npc铸造铁匠23.obj	1	2	1	0.15	182	183	184	1114
8560	HJ_npc黑色游龙23.obj	1	2	1	0.15	182	183	184	983
8561	骑乘230706比武招亲花轿侍女花篮.obj	1	2	1	0.15	182	183	184	1253
8562	骑乘230706比武招亲花轿侍女扇子.obj	1	2	1	0.15	182	183	184	937
8563	骑乘230706比武招亲花轿随从.obj	1	2	1	0.15	182	183	184	937
8564	骑乘230706比武招亲花轿随从唢呐.obj	1	2	1	0.15	182	183	184	937
8565	boss_萧峰心魔_技能3预警.obj	1	2	1	0.15	182	183	184	-1
8566	HJ_npc周年庆锦车嘉礼宝箱23.obj	1	2	1	0.15	182	183	184	1202
8567	HJ_npc婚庆主题花车23.obj	1	2	1	0.15	182	183	184	1149
8568	HJ_npc曼陀山庄主题花车23.obj	1	2	1	0.15	182	183	184	1267
8569	HJ_npc长春谷主题花车23.obj	1	2	0.9	0.15	182	183	184	1255
8570	boss_神器_玄苦技能3_子弹A.obj	1	2	1	0.15	182	183	184	-1
8571	HJ_boss单正23.obj	1	2	0.8	0.15	182	183	184	1219
8572	HJ_boss玄苦23.obj	1	2	0.8	0.15	182	183	184	1220
8573	HJ_boss赵钱孙23.obj	1	2	0.8	0.15	182	183	184	1240
8574	HJ_boss带头大哥23.obj	1	2	0.8	0.15	182	183	184	1239
8575	HJ_boss汪剑通23.obj	1	2	0.8	0.15	182	183	184	1238
8576	HJ_boss魔化萧峰23.obj	1	2	1	0.15	182	183	184	1237
8577	HJ_npc神秘侠士23.obj	1	2	1	0.15	182	183	184	1256
8578	npc汴梁城风尘女子200708.obj	1	2	1	0.15	182	183	184	937
8579	npc空模型_白世镜技能1陷阱.obj	1	2	1	0.15	182	183	184	-1
8580	npc白莲花.obj	1	2	1	0.15	182	183	184	983
8581	npc粉莲花.obj	1	2	1	0.15	182	183	184	983
8582	npc红莲花.obj	1	2	1	0.15	182	183	184	983
8583	npc黄莲花.obj	1	2	1	0.15	182	183	184	983
8584	npc蓝莲花.obj	1	2	1	0.15	182	183	184	983
8585	npc绿莲花.obj	1	2	1	0.15	182	183	184	983
8586	npc紫莲花.obj	1	2	1	0.15	182	183	184	983
8587	HJ_npc梦魇大怪23.obj	1	2	1	0.15	182	183	184	1114
8588	HJ_npc梦魇小怪23.obj	1	2	1	0.15	182	183	184	1114
8589	HJ_npc神秘侠士23.obj	1	2	1	0.15	182	183	184	1256
8590	HJ_npc业怪大23.obj	1	2	1	0.15	182	183	184	1114
8591	HJ_npc业怪小23.obj	1	2	1	0.15	182	183	184	1114
8592	HJ_npc神兵变身萧峰23.obj	1	2	1	0.15	182	183	184	1257
8593	cj_日常本动态阻挡_4米.obj	1	2	1	0.15	182	183	184	-1
8594	cj_日常本动态阻挡_8米.obj	1	2	1	0.15	182	183	184	-1
8595	cj_日常本动态阻挡_10米.obj	1	2	1	0.15	182	183	184	-1
8596	cj_日常本动态阻挡_16米.obj	1	2	1	0.15	182	183	184	-1
8597	boss_赵钱孙_洞.obj	1	2	1	0.15	182	183	184	-1
8598	npc_神兵剧情萧远山红晕.obj	1	2	1	0.15	182	183	184	-1
8599	HJ_npc带有金光的鹰23.obj	1	2	1	0.15	182	183	184	940
8600	骑乘230823带有金光的鹰.obj	1	2	1	0.15	182	183	184	1005
8601	骑乘230816周年庆红色战马.obj	1	2	1	0.15	191	192	193	1263
8602	神兵副武器230810诛妄剑展示.obj	1	2	1	0.15	182	183	184	-1
8603	神兵副武器230810慑魂弓展示.obj	1	2	1	0.15	182	183	184	-1
8604	神兵副武器230810怒涛锤展示.obj	1	2	1	0.15	182	183	184	-1
8605	神兵副武器230810相思匕展示.obj	1	2	1	0.15	182	183	184	-1
8606	神兵副武器230810长恨刀展示.obj	1	2	1	0.15	182	183	184	-1
8607	神兵副武器230810清欢箭展示.obj	1	2	1	0.15	182	183	184	-1
8608	神兵副武器230810离忧枪展示.obj	1	2	1	0.15	182	183	184	-1
8609	hj_boss玄苦23_怒.obj	1	2	1	0.15	182	183	184	1220
8610	HJ_npc卖油郎23.obj	1	2	1	0.15	182	183	184	937
8611	HJ_npc卖铁郎23.obj	1	2	1	0.15	182	183	184	937
8612	HJ_npc卖碳翁23.obj	1	2	1	0.15	182	183	184	937
8613	珍兽230817木麒麟宝宝.obj	1	2	1	0.15	182	183	184	1261
8614	珍兽230817水麒麟二级01.obj	1	2	1	0.15	182	183	184	1261
8615	珍兽230817水麒麟二级.obj	1	2	1	0.15	182	183	184	1261
8616	珍兽230817火麒麟三级01.obj	1	2	1	0.15	182	183	184	1260
8617	珍兽230817火麒麟三级.obj	1	2	1	0.15	182	183	184	1260
8618	珍兽230817金麒麟四级.obj	1	2	1	0.15	182	183	184	1260
8619	珍兽230817金麒麟四级01.obj	1	2	1	0.15	182	183	184	1260
8620	珍兽230817土麒麟五级01.obj	1	2	1	0.15	182	183	184	1261
8621	珍兽230817土麒麟五级.obj	1	2	1	0.15	182	183	184	1260
8622	玉兔AB.obj	1	2	1	0.15	182	183	184	983
8623	玉兔AB1.obj	1	2	1	0.15	182	183	184	983
8624	玉兔AB2.obj	1	2	1	0.15	182	183	184	983
8625	玉兔AB3.obj	1	2	1	0.15	182	183	184	983
8626	npc汴梁城富家女.obj	1	2	1	0.15	182	183	184	940
8627	HJ_npc神兵干将慕青23.obj	1	2	1	0.15	182	183	184	940
8628	boss_神器_玄苦佛像地面火焰.obj	1	2	1	0.15	182	183	184	-1
8629	boss_神兵_谭婆安全区.obj	1	2	1	0.15	182	183	184	-1
8630	boss_神兵_谭婆技能2_毒圈.obj	1	2	1	0.15	182	183	184	-1
8631	npc汴梁城中年普通男人.obj	1	2	1	0.15	182	183	184	940
8632	npc汴梁城平民路人女20200724.obj	1	2	1	0.15	182	183	184	1264
8633	npc汴梁城药摊小贩200710.obj	1	2	1	0.15	182	183	184	940
8634	npc汴梁城大内男仆.obj	1	2	1	0.15	182	183	184	940
8635	HJ_npc诗人二23.obj	1	2	1	0.15	182	183	184	940
8636	HJ_boss谭婆23.obj	1	2	1	0.15	182	183	184	1265
8637	HJ_npc神兵萧峰幻影蓝色23.obj	1	2	1	0.15	182	183	184	937
8638	HJ_npc单正石碓23a.obj	1	2	1	0.15	182	183	184	1138
8639	HJ_npc单正石碓23b.obj	1	2	1	0.15	182	183	184	1138
8640	HJ_npc单正石碓23c.obj	1	2	1	0.15	182	183	184	1138
8641	HJ_npc忧思怪物23.obj	1	2	1	0.15	182	183	184	1266
8642	HJ_npc长春谷主题花车偃甲青鸟23.obj	1	2	1	0.15	182	183	184	1005
8643	HJ_npc长春谷主题花车偃甲猴.obj	1	2	1	0.15	182	183	184	1005
8644	HJ_npc长春谷主题花车偃甲非乐23.obj	1	2	1	0.15	182	183	184	1005
8645	HJ_npc长春谷主题花车非命23.obj	1	2	1	0.15	182	183	184	1005
8646	HJ_npc曼陀花车男女.obj	1	2	1	0.15	182	183	184	1268
8647	HJ_npc曼陀花车曼陀天鹅中级.obj	1	2	1	0.15	182	183	184	1268
8648	HJ_npc_欲陷阱_A.obj	1	2	1	0.15	182	183	184	-1
8652	HJ_npc圣诞小鹿女23.obj	1	2	1	0.15	182	183	184	940
8653	HJ_npc圣诞鹿灵鲁道夫23.obj	1	2	1	0.15	182	183	184	940
8654	HJ_npc龙大哥23.obj	1	2	1	0.15	182	183	184	940
8655	HJ_npc龙美娜23.obj	1	2	1	0.15	182	183	184	1272
8656	HJ_npc龙阿强23.obj	1	2	1	0.15	182	183	184	1272
8657	HJ_npc修身学员23.obj	1	2	1	0.15	182	183	184	1271
8658	HJ_npc强体学员23.obj	1	2	1	0.15	182	183	184	1275
8659	HJ_npc舞龙23.obj	1	2	1	0.15	182	183	184	940
8660	HJ_npc龙孩子23.obj	1	2	1	0.15	182	183	184	1284
8661	HJ_npc主角变身舞龙23.obj	1	2	1	0.15	182	183	184	1285
8662	HJ_npc麒麟石特效.obj	1	2	1	0.15	182	183	184	1270
8663	骑乘230927圣诞驯鹿.obj	1	2	1	0.15	182	183	184	1273
8664	HJ_npc圣诞草莓糖果23.obj	1	2	1	0.15	182	183	184	940
8665	HJ_npc圣诞橙子糖果23.obj	1	2	1	0.15	182	183	184	940
8666	HJ_npc圣诞牛奶糖果23.obj	1	2	1	0.15	182	183	184	940
8667	HJ_npc圣诞葡萄糖果23.obj	1	2	1	0.15	182	183	184	940
8668	HJ_npc圣诞巧克力糖果23.obj	1	2	1	0.15	182	183	184	940
8669	HJ_npc圣诞香蕉糖果23.obj	1	2	1	0.15	182	183	184	940
8670	HJ_npc地之宝匣23.obj	1	2	0.6	0.15	182	183	184	1274
8671	HJ_npc人之宝匣23.obj	1	2	0.6	0.15	182	183	184	1274
8672	HJ_npc天之宝匣23.obj	1	2	0.6	0.15	182	183	184	1274
8673	pet_2023yyxiaolu宝宝.obj	1	2	1	0.15	182	183	184	1277
8674	pet_2023yyxiaolu一级.obj	1	2	1	0.15	182	183	184	1277
8675	pet_2023yyxiaolu一级01.obj	1	2	1	0.15	182	183	184	1277
8676	pet_2023yyxiaolu二级.obj	1	2	1	0.15	182	183	184	1276
8677	pet_2023yyxiaolu二级01.obj	1	2	1	0.15	182	183	184	1276
8678	pet_2023yyxiaolu三级.obj	1	2	1	0.15	182	183	184	1276
8679	pet_2023yyxiaolu三级01.obj	1	2	1	0.15	182	183	184	1276
8680	pet_2023yyxiaolu四级.obj	1	2	1	0.15	182	183	184	1277
8681	pet_2023yyxiaolu四级01.obj	1	2	1	0.15	182	183	184	1277
8682	ride_2023jingjichibang.obj	1	2	1	0.15	404	404	404	1011
8683	ride_2023jingjichibang01.obj	1	2	1	0.15	404	404	404	1011
8684	HJ_npc龙小帅23.obj	1	2	1	0.15	182	183	184	1005
8685	pet_2023PT一级龙.obj	1	2	1	0.15	182	183	184	1278
8686	pet_2023PT二级龙.obj	1	2	1	0.15	182	183	184	1279
8687	pet_2023PT二级龙01.obj	1	2	1	0.15	182	183	184	1279
8688	pet_2023PT三级龙.obj	1	2	1	0.15	182	183	184	1278
8689	pet_2023PT三级龙01.obj	1	2	1	0.15	182	183	184	1279
8690	pet_2023PT四级龙01.obj	1	2	1	0.15	182	183	184	1281
8691	pet_2023PT四级龙.obj	1	2	1	0.15	182	183	184	1280
8692	pet_2023PT五级龙01.obj	1	2	1	0.15	182	183	184	1282
8693	pet_2023PT五级龙.obj	1	2	1	0.15	182	183	184	1283
8694	HJ_npc变身小花仙23.obj	1	2	1	0.15	182	183	184	937
8695	HJ_npc变身小花仙男23.obj	1	2	1	0.15	182	183	184	937
8696	hj_粉色特效位置指示.obj	1	2	1	0.15	182	183	184	-1
8697	hj_蓝色特效位置指示.obj	1	2	1	0.15	182	183	184	-1
8698	hj_特殊特效位置指示_礼物盒A.obj	1	2	1	0.15	182	183	184	-1
8699	npc气氛小女孩.obj	1	2	1	0.15	182	183	184	1005
8700	npc气氛小男孩.obj	1	2	1	0.15	182	183	184	1005
8701	npc汴梁城小男孩变色.obj	1	2	1	0.15	182	183	184	1286
8702	npc汴梁城小男孩.obj	1	2	1	0.15	182	183	184	1287
8703	pet_2023狮鹫一级.obj	1	2	1	0.15	182	183	184	1288
8704	pet_2023狮鹫二级.obj	1	2	1	0.15	182	183	184	1288
8705	pet_2023狮鹫二级01.obj	1	2	1	0.15	182	183	184	1288
8706	pet_2023狮鹫三级01.obj	1	2	1	0.15	182	183	184	1288
8707	pet_2023狮鹫三级.obj	1	2	1	0.15	182	183	184	1288
8708	pet_2023狮鹫四级01.obj	1	2	1	0.15	182	183	184	1288
8709	pet_2023狮鹫四级.obj	1	2	1	0.15	182	183	184	1288
8710	pet_2023狮鹫五级.obj	1	2	1	0.15	182	183	184	1289
8711	pet_2023狮鹫五级02.obj	1	2	1	0.15	182	183	184	1289
8712	pet_2023狮鹫五级01.obj	1	2	1	0.15	182	183	184	1288
8713	HJ_npc翩翩23.obj	1	2	1	0.15	182	183	184	940
8714	HJ_npc霜霜和绯绯23.obj	1	2	1	0.15	182	183	184	1290
8715	HJ_npc萬疆域24.obj	1	2	1	0.15	182	183	184	-1
8716	HJ_npc星域万川24.obj	1	2	1	0.15	182	183	184	-1
8717	HJ_npc追风看日落24.obj	1	2	1	0.15	182	183	184	-1
8718	HJ_npc喜欢就买24.obj	1	2	1	0.15	182	183	184	-1
8719	HJ_npc天之痕24.obj	1	2	1	0.15	182	183	184	-1
8720	HJ_npc慕漓漓24.obj	1	2	1	0.15	182	183	184	-1
8721	HJ_npc星遥月24.obj	1	2	1	0.15	182	183	184	-1
8722	HJ_npc闻人羽24.obj	1	2	1	0.15	182	183	184	-1
8723	HJ_npc治安队长24.obj	1	2	1	0.15	182	183	184	940
8724	HJ_npc城管24.obj	1	2	1	0.15	182	183	184	1291
8725	HJ_npc贪吃的精灵24.obj	1	2	1	0.15	182	183	184	940
8726	HJ_npc精灵管家24.obj	1	2	1	0.15	182	183	184	940
8727	HJ_npc抱精灵的城管24.obj	1	2	1	0.15	182	183	184	1301
8728	npc_小龙石灯一24.obj	1	2	1	0.15	182	183	184	983
8729	npc_小龙石灯二24.obj	1	2	1	0.15	182	183	184	983
8730	npc_福袋龙24.obj	1	2	1	0.15	182	183	184	983
8731	npc_龙地灯24.obj	1	2	1	0.15	182	183	184	983
8732	npc_龙地灯黄24.obj	1	2	1	0.15	182	183	184	983
8733	npc_龙年气球三24.obj	1	2	1	0.15	182	183	184	983
8734	npc_龙年气球二24.obj	1	2	1	0.15	182	183	184	983
8735	npc_龙年气球红24.obj	1	2	1	0.15	182	183	184	983
8736	npc_龙年气球黄24.obj	1	2	1	0.15	182	183	184	983
8737	npc_龙花灯24.obj	1	2	1	0.15	182	183	184	983
8738	npc_氛围金龙24.obj	1	2	1.2	0.15	182	183	184	1292
8739	npc_氛围金龙24_1球.obj	1	2	1.2	0.15	182	183	184	1292
8740	npc_氛围金龙24_2球.obj	1	2	1.2	0.15	182	183	184	1292
8741	npc_氛围金龙24_3球.obj	1	2	1.2	0.15	182	183	184	1292
8742	HJ_npc祥瑞宝箱火24.obj	1	2	1	0.15	182	183	184	1305
8743	HJ_npc祥瑞宝箱木24.obj	1	2	1	0.15	182	183	184	1305
8744	HJ_npc祥瑞宝箱水24.obj	1	2	1	0.15	182	183	184	1305
8745	HJ_npc龙塔一级宝箱24.obj	1	2	1	0.15	182	183	184	1305
8746	HJ_npc龙塔二级宝箱24.obj	1	2	1	0.15	182	183	184	1305
8747	HJ_npc龙塔三级宝箱24.obj	1	2	1	0.15	182	183	184	1306
8748	HJ_npc妖塔一级宝箱火24.obj	1	2	1	0.15	182	183	184	1305
8749	HJ_npc妖塔一级宝箱木24.obj	1	2	1	0.15	182	183	184	1305
8750	HJ_npc妖塔一级宝箱水24.obj	1	2	1	0.15	182	183	184	1305
8751	HJ_npc妖塔二级宝箱火24.obj	1	2	1	0.15	182	183	184	1305
8752	HJ_npc妖塔二级宝箱木24.obj	1	2	1	0.15	182	183	184	1305
8753	HJ_npc妖塔二级宝箱水24.obj	1	2	1	0.15	182	183	184	1305
8754	HJ_npc妖塔三级宝箱火24.obj	1	2	1	0.15	182	183	184	1305
8755	HJ_npc妖塔三级宝箱木24.obj	1	2	1	0.15	182	183	184	1305
8756	HJ_npc妖塔三级宝箱水24.obj	1	2	1	0.15	182	183	184	1305
8757	HJ_npc妖塔四级宝箱火24.obj	1	2	1	0.15	182	183	184	1305
8758	HJ_npc妖塔四级宝箱木24.obj	1	2	1	0.15	182	183	184	1305
8759	HJ_npc妖塔四级宝箱水24.obj	1	2	1	0.15	182	183	184	1305
8760	HJ_npc龙塔PVP神龙24.obj	1	2	1.3	0.15	182	183	184	940
8761	HJ_npc润物露发放24.obj	1	2	1	0.15	182	183	184	940
8762	HJ_npc土灵珠发放24.obj	1	2	1	0.15	182	183	184	940
8763	HJ_npc大小姐24.obj	1	2	1	0.15	182	183	184	940
8764	HJ_npc海月水母24.obj	1	2	1	0.15	-1	-1	-1	1150
8765	HJ_npc小草妖24.obj	1	2	1	0.15	-1	-1	-1	1150
8766	HJ_npc战死游魂24.obj	1	2	1	0.15	182	183	184	1150
8767	HJ_npc玩家斗鸡a24.obj	1	2	1	0.15	182	183	184	1293
8768	HJ_npc玩家斗鸡b24.obj	1	2	1	0.15	182	183	184	1293
8769	HJ_npc玩家斗鸡aa24.obj	1	2	1	0.15	182	183	184	1293
8770	HJ_npc玩家斗鸡ab24.obj	1	2	1	0.15	182	183	184	1293
8771	HJ_npc玩家斗鸡ba24.obj	1	2	1	0.15	182	183	184	1293
8772	HJ_npc玩家斗鸡bb24.obj	1	2	1	0.15	182	183	184	1293
8773	HJ_npc修理偃甲24.obj	1	2	1	0.15	182	183	184	940
8774	HJ_npc蜃地胡豺24.obj	1	2	1.5	0.15	182	183	184	1150
8775	HJ_npc蜃地灰狼24.obj	1	2	1.5	0.15	182	183	184	1150
8776	HJ_npc尸豺24.obj	1	2	1	0.15	182	183	184	1150
8777	HJ_npc玩家小猫a24.obj	1	2	1	0.15	182	183	184	1294
8778	HJ_npc玩家小猫b24.obj	1	2	1	0.15	182	183	184	1294
8779	HJ_boss大司命24.obj	1	2	1	0.15	182	183	184	1295
8780	HJ_boss巴蛇24.obj	1	2	1	0.15	182	183	184	1296
8781	HJ_npc椿奶奶24.obj	1	2	1	0.15	182	183	184	940
8782	HJ_npc余有才24.obj	1	2	1	0.15	182	183	184	940
8783	HJ_npc重洗宗师陈德24.obj	1	2	1	0.15	182	183	184	940
8784	HJ_npc机巧木傀24.obj	1	2	1	0.15	182	183	184	1297
8785	HJ_npc寇准24.obj	1	2	1	0.15	182	183	184	940
8786	hj_boss巴蛇24_技能2十字预警.obj	1	2	1	0.15	182	183	184	-1
8787	boss_横公24_技能2陷阱预警.obj	1	2	1	0.15	182	183	184	-1
8788	HJ_boss横公24.obj	1	2	1	0.15	182	183	184	1298
8789	HJ_npc妖塔传送阵24未激活.obj	1	2	1	0.15	182	183	184	1299
8790	HJ_npc妖塔传送阵24激活.obj	1	2	1	0.15	182	183	184	1300
8791	HJ_npc火焰触发机关模型24未激活.obj	1	2	1	0.15	182	183	184	1299
8792	HJ_npc火焰触发机关模型24激活.obj	1	2	1	0.15	182	183	184	1300
8793	HJ_npc阻挡触发机关模型24未激活.obj	1	2	1	0.15	182	183	184	1299
8794	HJ_npc阻挡触发机关模型24激活.obj	1	2	1	0.15	182	183	184	1300
8795	HJ_npc狌狌24.obj	1	2	1	0.15	182	183	184	1150
8796	npc_龙塔pvp活动_阻挡8米.obj	1	2	1	0.15	182	183	184	-1
8797	npc_龙塔pvp活动_阻挡10米.obj	1	2	1	0.15	182	183	184	-1
8798	npc_龙塔pvp活动_阻挡16米.obj	1	2	1	0.15	182	183	184	-1
8799	npc_妖塔入口_火.obj	1	2	1	0.15	182	183	184	-1
8800	npc_妖塔入口_水.obj	1	2	1	0.15	182	183	184	-1
8801	npc_妖塔入口_木.obj	1	2	1	0.15	182	183	184	-1
8802	npc_龙塔祥瑞光圈红色_待机.obj	1	2	1	0.15	182	183	184	-1
8803	npc_龙塔祥瑞光圈红色_持续.obj	1	2	1	0.15	182	183	184	-1
8804	npc_龙塔祥瑞光圈红色_激活.obj	1	2	1	0.15	182	183	184	-1
8805	npc_龙塔祥瑞光圈绿色_待机.obj	1	2	1	0.15	182	183	184	-1
8806	npc_龙塔祥瑞光圈绿色_持续.obj	1	2	1	0.15	182	183	184	-1
8807	npc_龙塔祥瑞光圈绿色_激活.obj	1	2	1	0.15	182	183	184	-1
8808	npc_龙塔祥瑞光圈蓝色_待机.obj	1	2	1	0.15	182	183	184	-1
8809	npc_龙塔祥瑞光圈蓝色_持续.obj	1	2	1	0.15	182	183	184	-1
8810	npc_龙塔祥瑞光圈蓝色_激活.obj	1	2	1	0.15	182	183	184	-1
8811	npc_龙塔入口.obj	1	2	1	0.15	182	183	184	-1
8812	HJ_boss血鹫24.obj	1	2	1	0.15	182	183	184	1302
8813	boss_血鹫24_技能二预警.obj	1	2	1	0.15	182	183	184	-1
8814	HJ_npc金影蜃24.obj	1	2	1	0.15	182	183	184	1303
8815	HJ_npc影蜃24.obj	1	2	1	0.15	182	183	184	1303
8816	HJ_npc影蜃24b.obj	1	2	1	0.15	182	183	184	1303
8817	npc_托尼24.obj	1	2	1	0.15	182	183	184	940
8818	boss_大司命技能1特效_预警.obj	1	2	1	0.15	182	183	184	-1
8820	HJ_npc冯生的包裹24.obj	1	2	1	0.15	182	183	184	983
8821	HJ_npc观天镜24.obj	1	2	1	0.15	182	183	184	983
8822	HJ_npc精致镜筒24.obj	1	2	1	0.15	182	183	184	983
8823	HJ_npc绿玉螺栓24.obj	1	2	1	0.15	182	183	184	983
8824	HJ_npc水晶片24.obj	1	2	1	0.15	182	183	184	983
8825	HJ_npc朱雀战旗24.obj	1	2	1	0.15	182	183	184	983
8826	HJ_npc玄武战旗24.obj	1	2	1	0.15	182	183	184	983
8827	HJ_npc白虎战旗24.obj	1	2	1	0.15	182	183	184	983
8828	HJ_npc青龙战旗24.obj	1	2	1	0.15	182	183	184	983
8829	HJ_npc黄蓝棋盘格24.obj	1	2	1	0.15	182	183	184	-1
8831	npc怪140206海岸灵龟.obj	1	2	1	0.15	182	183	184	940
8832	npc新海龟.obj	1	2	1	0.15	182	183	184	940
8833	npc_2022shenhaiwanggui.obj	1	2	1	0.15	182	183	184	940
8839	HJ_npc海底元素螃蟹24.obj	1	2	1	0.15	182	183	184	940
8840	HJ_npc海底元素龙虾24.obj	1	2	1	0.15	182	183	184	940
8841	HJ_npc临仙楼艾方24.obj	1	2	1	0.15	182	183	184	940
8842	HJ_npc临仙楼艾清凉24.obj	1	2	1	0.15	182	183	184	940
8843	HJ_npc悬壶斋苍耳24.obj	1	2	1	0.15	182	183	184	940
8844	HJ_npc悬壶斋辛夷24.obj	1	2	1	0.15	182	183	184	940
8845	HJ_npc拙巧堂公输灵24.obj	1	2	1	0.15	182	183	184	940
8846	HJ_npc拙巧堂公输琢24.obj	1	2	1	0.15	182	183	184	940
8847	HJ_npc铸权宗宵练24.obj	1	2	1	0.15	182	183	184	940
8848	HJ_npc铸权宗承影24.obj	1	2	1	0.15	182	183	184	940
8849	HJ_npc渔民傀儡24.obj	1	2	1	0.15	182	183	184	1150
8850	骑乘240222海洋水母车.obj	1	2	1	0.15	182	183	184	1304
8851	HJ_npc狌狌24.obj	1	2	1.5	0.15	182	183	184	1150
8852	npc粳稻240312.obj	1	2	1	0.15	182	183	184	-1
8853	npc甘草240312.obj	1	2	1	0.15	182	183	184	-1
8854	npc青铜矿石240312.obj	1	2	1	0.15	182	183	184	-1
8855	npc桦枝240312.obj	1	2	1	0.15	182	183	184	-1
8856	HJ_npc龙塔零级宝箱24.obj	1	2	1	0.15	182	183	184	1305
8857	ride_2024bus海马.obj	1	2	1	0.15	-1	-1	-1	1005
8858	npc_龙塔祥瑞_氛围光圈.obj	1	2	1	0.15	-1	-1	-1	-1
8859	周年代币npc段誉.obj	1	2	1	0.15	182	183	184	1307
8860	周年代币npc钟汉良萧峰.obj	1	2	1	0.15	182	183	184	1308
8861	周年代币npc王语嫣.obj	1	2	1	0.15	182	183	184	1309
8862	周年代币npc虚竹.obj	1	2	1	0.15	182	183	184	1310
8863	周年代币npc钟灵.obj	1	2	1	0.15	182	183	184	1311
8864	npc普通宝箱.obj	1	2	1	0.15	182	183	184	-1
8865	npc鸿福之紫金宝箱20140326.obj	1	2	1	0.15	182	183	184	-1
8866	HJ_npc参翅玉脍宴料理锅24.obj	1	2	1	0.15	182	183	184	940
8867	HJ_npc牛羊全炙宴料理锅24.obj	1	2	1	0.15	182	183	184	940
8868	npc汴梁城小男孩.obj	1	2	1	0.15	182	183	184	937
8869	npc汴梁城富家公子.obj	1	2	1	0.15	182	183	184	937
8870	npc汴梁城中年男子200630.obj	1	2	1	0.15	182	183	184	1312
8871	npc汴梁城酒摊小贩200710.obj	1	2	1	0.15	182	183	184	937
8872	npc汴梁城师爷绿色200808.obj	1	2	1	0.15	182	183	184	937
8873	npc汴梁城小女孩.obj	1	2	1	0.15	182	183	184	937
8874	npc汴梁城富家女.obj	1	2	1	0.15	182	183	184	937
8875	npc汴梁城老鸨子200722.obj	1	2	1	0.15	182	183	184	937
8876	npc汴梁城中年贵族女20200729.obj	1	2	1	0.15	182	183	184	937
8877	npc汴梁城中老年妇女.obj	1	2	1	0.15	182	183	184	937
8878	苏辙B.obj	1	2	1	0.15	182	183	184	937
8879	HJ_npc鞭炮堆24.obj	1	2	1	0.15	182	183	184	-1
8880	骑乘140903圣灵乌鸦金色.obj	1	2	1	0.15	182	183	184	1313
8881	HJ_npc烟花匠24.obj	1	2	1	0.15	182	183	184	1314
8882	HJ_boss进阶大司命24.obj	1	2	1	0.15	182	183	184	1317
8883	pet_2024上古蝎子.obj	1	2	1	0.15	182	183	184	1316
8884	pet_2024绿洲蝎子.obj	1	2	1	0.15	182	183	184	1316
8885	pet_2024绿洲蝎子01.obj	1	2	1	0.15	182	183	184	1316
8886	pet_2024荆棘蝎子.obj	1	2	1	0.15	182	183	184	1316
8887	pet_2024荆棘蝎子01.obj	1	2	1	0.15	182	183	184	1315
8888	pet_2024榫卯蝎子.obj	1	2	1	0.15	182	183	184	1316
8889	pet_2024榫卯蝎子01.obj	1	2	1	0.15	182	183	184	1315
8890	pet_2024极地蝎子.obj	1	2	1	0.15	182	183	184	1315
8891	pet_2024极地蝎子01.obj	1	2	1	0.15	182	183	184	1315
8892	骑乘220323黑金铠甲虎.obj	1	2	1	0.15	182	183	184	1065
8893	boss_进阶_大司命24_技能一_陷阱.obj	1	2	1	0.15	182	183	184	-1
8894	HJ_npc战牧书24.obj	1	2	1	0.15	182	183	184	940
8895	骑乘240326黄金马_红.obj	1	2	1	0.15	191	192	193	1318
8896	骑乘240326黄金马_金.obj	1	2	1	0.15	191	192	193	1320
8897	骑乘240326黄金马_蓝.obj	1	2	1	0.15	191	192	193	1321
8898	骑乘240326黄金马_紫.obj	1	2	1	0.15	191	192	193	1322
8899	HJ_npc腊肉24.obj	1	2	1	0.15	182	183	184	-1
8900	HJ_npc糯米24.obj	1	2	1	0.15	182	183	184	-1
8901	HJ_npc粽叶24.obj	1	2	1	0.15	182	183	184	-1
8902	HJ_npc调味小贩24.obj	1	2	1	0.15	182	183	184	940
8903	HJ_npc金影蜃24无特效.obj	1	2	0.6	0.15	182	183	184	1303
8904	boss生死擂台宋江22.obj	1	2	0.8	0.15	182	183	184	1130
8905	boss生死擂台卢俊义22.obj	1	2	0.8	0.15	182	183	184	1132
8906	boss生死擂台李逵22.obj	1	2	0.8	0.15	182	183	184	1133
8907	骑乘240326黑白马.obj	1	2	1	0.15	191	192	193	1319
8908	HJ_npc采集店小二24.obj	1	2	1	0.15	182	183	184	1323
8909	HJ_npc陇中花24.obj	1	2	1	0.15	182	183	184	983
8910	HJ_npc尘下泥24.obj	1	2	1	0.15	182	183	184	983
8911	HJ_npc月上枝24.obj	1	2	1	0.15	182	183	184	983
8912	boss_龙塔boss_技能陷阱.obj	1	2	1	0.15	-1	-1	-1	1324
8913	HJ_boss跨服日常龙塔24.obj	1	2	1	0.15	182	183	184	1325
8914	HJ_npc焚烬邪影24.obj	1	2	1	0.15	182	183	184	1326
8915	HJ_npc张笑狮24.obj	1	2	1	0.15	182	183	184	940
8916	hj_npc残星共暗盒24.obj	1	2	1	0.15	182	183	184	983
8917	HJ_npc变身煞乱傀儡24.obj	1	2	1	0.15	182	183	184	1327
8918	buff_新杀星_引雷柱NPC.obj	1	2	1	0.15	182	183	184	-1
8919	HJ_npc乱心道影24.obj	1	2	1	0.15	182	183	184	1328
8920	骑乘240509六人机关鸟.obj	1	2	1	0.15	182	183	184	1255
8921	HJ_npc百晓灵24.obj	1	2	1	0.15	182	183	184	940
8922	凤凰古城_风水晶_2024.obj	1	2	1	0.15	182	183	184	160
8923	凤凰古城_火水晶_2024.obj	1	2	1	0.15	182	183	184	158
8924	凤凰古城_雷水晶_2024.obj	1	2	1	0.15	182	183	184	159
8925	凤凰古城_水水晶_2024.obj	1	2	1	0.15	182	183	184	157
8926	凤凰古城风水晶_灰色_2024.obj	1	2	1	0.15	182	183	184	164
8927	凤凰古城火水晶_灰色_2024.obj	1	2	1	0.15	182	183	184	162
8928	凤凰古城雷水晶_灰色_2024.obj	1	2	1	0.15	182	183	184	163
8929	凤凰古城水水晶_灰色_2024.obj	1	2	1	0.15	182	183	184	161
8930	HJ_npc蓝影蜃24.obj	1	2	1	0.15	182	183	184	1303
8931	HJ_npc张伏虎24.obj	1	2	1	0.15	182	183	184	940
8932	骑乘240517花朝节树染色.obj	1	2	1	0.15	182	183	184	1330
8933	骑乘240520异域骆驼.obj	1	2	1	0.15	480	481	482	966
8934	npc汴梁城大内禁军.obj	1	2	1	0.15	182	183	184	940
8935	HJ_npc古塔战旗a24.obj	1	2	1	0.15	-1	-1	-1	-1
8936	HJ_npc古塔战旗b24.obj	1	2	1	0.15	-1	-1	-1	-1
8937	HJ_npc古塔战旗c24.obj	1	2	1	0.15	-1	-1	-1	-1
8938	HJ_npc龙塔战旗a24.obj	1	2	1	0.15	-1	-1	-1	-1
8939	HJ_npc龙塔战旗b24.obj	1	2	1	0.15	-1	-1	-1	-1
8940	HJ_npc龙塔战旗c24.obj	1	2	1	0.15	-1	-1	-1	-1
8941	HJ_npc李灵芝24.obj	1	2	1	0.15	-1	-1	-1	940
8942	HJ_npc混元果24.obj	1	2	1	0.15	-1	-1	-1	-1
8943	npc_2024采集点蘑菇.obj	1	2	1	0.15	-1	-1	-1	983
8944	npc_2024采集点燃烧的火堆.obj	1	2	1	0.15	-1	-1	-1	983
8945	npc_2024采集点水果.obj	1	2	1	0.15	-1	-1	-1	983
8946	npc_2024采集点淤泥.obj	1	2	1	0.15	-1	-1	-1	983
8947	npc_2024采集点紫金钵碎片.obj	1	2	1	0.15	-1	-1	-1	983
8948	npc_2024互换怪孙悟空.obj	1	2	1	0.15	182	183	184	1333
8949	npc_2024互换唐僧.obj	1	2	1	0.15	182	183	184	1005
8950	npc_2024菩提老祖.obj	1	2	1	0.15	182	183	184	940
8951	npc_2024月光宝盒.obj	1	2	1	0.15	182	183	184	983
8952	npc_2024月光宝盒碎片.obj	1	2	1	0.15	182	183	184	983
8953	npc汴梁城老大爷200723.obj	1	2	1	0.15	182	183	184	937
8954	npc汴梁城赌坊伙计小乙.obj	1	2	1	0.15	182	183	184	937
8955	npc汴梁城大内男仆二200709.obj	1	2	1	0.15	182	183	184	937
8956	npc汴梁城女青年200702.obj	1	2	1	0.15	182	183	184	937
8957	npc汴梁城平民老太太200812.obj	1	2	1	0.15	182	183	184	937
8958	npc生肖猴161205.obj	1	2	1	0.15	182	183	184	937
8959	npc新天外野外猿猴201012.obj	1	2	1	0.15	182	183	184	937
8960	npc汴梁城杂货食品小贩200723.obj	1	2	1	0.15	182	183	184	937
8961	npc汴梁城平民路人女二20200724.obj	1	2	1	0.15	182	183	184	937
8962	npc汴梁城杂货风车小贩200723.obj	1	2	1	0.15	182	183	184	937
8963	npc汴梁城外卖平民男200722.obj	1	2	1	0.15	182	183	184	937
8964	npc汴梁城捕头.obj	1	2	1	0.15	182	183	184	937
8965	npc汴梁城挑夫喽啰200723.obj	1	2	1	0.15	182	183	184	937
8966	npc_2024变身唐僧.obj	1	2	1	0.15	182	183	184	1334
8967	npc_2024牛角壮汉1.obj	1	2	1	0.15	182	183	184	1335
8968	npc_2024牛角壮汉3.obj	1	2	1	0.15	182	183	184	1335
8969	npc_2024牛角壮汉2.obj	1	2	1	0.15	182	183	184	1335
8970	npc_2024扛牛唐僧1.obj	1	2	1	0.15	182	183	184	1336
8971	npc_2024扛牛唐僧3.obj	1	2	1	0.15	182	183	184	1336
8972	npc_2024扛牛唐僧2.obj	1	2	1	0.15	182	183	184	1336
8973	npc_2024大话菩提小祖.obj	1	2	1	0.15	182	183	184	940
8974	npc_2024牛小妖.obj	1	2	1	0.15	182	183	184	1340
8975	boss_2024大话孙悟空.obj	1	2	1	0.15	182	183	184	1341
8976	boss_2024牛魔王.obj	1	2	1	0.15	182	183	184	1343
8977	boss_2024牛魔王_技能1_牛小妖空模型.obj	1	2	1	0.15	182	183	184	1344
8978	npc_2024大话召唤孙悟空.obj	1	2	1	0.15	182	183	184	1339
8979	npc_2024牛小妖.obj	1	2	1	0.15	182	183	184	1345
8980	boss_2024大话孙悟空.obj	1	2	1	0.15	182	183	184	1342
8981	npc_2024变身红衣紫霞.obj	1	2	1	0.15	182	183	184	1338
8982	npc_2024大话骨妖.obj	1	2	1	0.15	182	183	184	1114
8983	npc_2024婚服至尊宝.obj	1	2	2	0.15	182	183	184	983
8984	npc_2024婚服至尊宝花轿_铁扇阵营.obj	1	2	1.5	0.15	182	183	184	1005
8985	npc_2024婚服至尊宝花轿_白骨阵营.obj	1	2	1.5	0.15	182	183	184	1005
8986	npc_2024婚服至尊宝花轿_紫霞阵营.obj	1	2	1.5	0.15	182	183	184	1005
8987	npc_2024月光宝盒传送红.obj	1	2	1	0.15	182	183	184	-1
8988	npc_2024铁扇公主.obj	1	2	1	0.15	182	183	184	1346
8989	npc_2024月光宝盒传送白.obj	1	2	1	0.15	182	183	184	-1
8990	npc_2024月光宝盒传送绿.obj	1	2	1	0.15	182	183	184	-1
8991	npc_2024变身白晶晶.obj	1	2	1	0.15	182	183	184	1337
8992	boss_大话PVE_孙悟空_技能1_扇形预警.obj	1	2	1	0.15	182	183	184	-1
8993	boss_大话PVE_孙悟空_技能1_宽5m矩形预警.obj	1	2	1	0.15	182	183	184	-1
8994	boss_大话PVE_孙悟空_技能1_矩形预警.obj	1	2	1	0.15	182	183	184	-1
8995	npc_2024精英怪哮天犬.obj	1	2	1	0.15	182	183	184	1347
8996	npc_2024采集点战靴.obj	1	2	1	0.15	182	183	184	-1
8997	npc_2024采集点头盔.obj	1	2	1	0.15	182	183	184	-1
8998	npc_2024采集点铠甲.obj	1	2	1	0.15	182	183	184	-1
8999	npc_2024采集点护腕.obj	1	2	1	0.15	182	183	184	-1
9000	npc_2024采集点兵刃.obj	1	2	1	0.15	182	183	184	-1
9001	cj_宗门试炼_动态阻挡_30米.obj	1	2	1	0.15	182	183	184	-1
9002	DHXY_主线一阶段动态阻挡.obj	1	2	1	0.15	182	183	184	-1
9003	npc_2024悟空残念.obj	1	2	1	0.15	182	183	184	940
9004	boss_2024大话二郎神.obj	1	2	1	0.15	182	183	184	1349
9005	npc_2024大话召唤孙悟空_白骨阵营.obj	1	2	1	0.15	182	183	184	1339
9006	npc_2024大话召唤孙悟空_紫霞阵营.obj	1	2	1	0.15	182	183	184	1339
9007	npc_2024大话天兵天将.obj	1	2	1	0.15	182	183	184	1150
9008	npc_2024精英怪哮天犬.obj	1	2	1.5	0.15	182	183	184	1347
9009	npc_2024精英怪哮天犬.obj	1	2	2	0.15	182	183	184	1347
9010	npc_2024大话召唤孙悟空_铁扇阵营.obj	1	2	1	0.15	182	183	184	1339
9011	npc汴梁城小男孩.obj	1	2	1	0.15	182	183	184	1287
9012	npc_2024大话宝莲灯.obj	1	2	1	0.15	182	183	184	1350
9013	boss_2024牛魔王.obj	1	2	0.33	0.15	182	183	184	1343
9014	boss_2024大话孙悟空.obj	1	2	0.33	0.15	182	183	184	1341
9015	大宋疑案_线索A_空npc.obj	1	2	1	0.15	182	183	184	-1
9016	大宋疑案_线索B_空npc.obj	1	2	1	0.15	182	183	184	-1
9017	大宋疑案_线索C_空npc.obj	1	2	1	0.15	182	183	184	-1
9018	npc_2024大话至尊宝.obj	1	2	1	0.15	182	183	184	1005
9019	npc_2024大话演绎01.obj	1	2	1	0.15	182	183	184	983
9020	npc_2024大话演绎02.obj	1	2	1	0.15	182	183	184	983
9021	npc_2024大话演绎03.obj	1	2	1	0.15	182	183	184	983
9022	npc_2024大话演绎04.obj	1	2	1	0.15	182	183	184	983
9023	npc_2024精英怪孙悟空.obj	1	2	1.5	0.15	182	183	184	1352
9024	npc_2024精英怪二郎神.obj	1	2	1.5	0.15	182	183	184	1351
9025	npc_2024精英怪白衣幻影紫霞.obj	1	2	1	0.15	182	183	184	1353
9026	npc_2024观心镜.obj	1	2	1	0.15	182	183	184	983
9027	npc_2024大话枯树.obj	1	2	1	0.15	182	183	184	983
9028	npc_2024大话银锁金铃.obj	1	2	1	0.15	182	183	184	983
9029	npc_2024大话毛驴.obj	1	2	1	0.15	182	183	184	983
9030	npc_2024大话天兵天将01.obj	1	2	1.5	0.15	182	183	184	1150
9031	npc_2024月光精粹.obj	1	2	1	0.15	182	183	184	983
9032	npc_2024月光精华.obj	1	2	1	0.15	182	183	184	983
9033	DHXY_主线三阶段动态阻挡.obj	1	2	1	0.15	182	183	184	-1
9034	npc_2024互换怪孙悟空.obj	1	2	1	0.15	182	183	184	1005
9035	npc_2024被吊唐僧.obj	1	2	1	0.15	182	183	184	940
9036	npc汴梁城紫毛青楼女子200728.obj	1	2	1	0.15	182	183	184	940
9037	pet_2024牛魔王一级.obj	1	2	1	0.15	182	183	184	1354
9038	pet_2024牛魔王二级.obj	1	2	1	0.15	182	183	184	1354
9039	pet_2024牛魔王二级01.obj	1	2	1	0.15	182	183	184	1354
9040	pet_2024牛魔王三级.obj	1	2	1	0.15	182	183	184	1354
9041	pet_2024牛魔王三级01.obj	1	2	1	0.15	182	183	184	1354
9042	pet_2024牛魔王四级.obj	1	2	1	0.15	182	183	184	1354
9043	pet_2024牛魔王四级01.obj	1	2	1	0.15	182	183	184	1354
9044	pet_2024牛魔王五级02.obj	1	2	1	0.15	182	183	184	1354
9045	pet_2024牛魔王五级01.obj	1	2	1	0.15	182	183	184	1354
9046	pet_2024牛魔王五级.obj	1	2	1	0.15	182	183	184	1355
9047	ride_2024七彩祥云.obj	1	2	1	0.15	-1	-1	-1	1356
9048	npc_2024铁扇公主空手.obj	1	2	1	0.15	182	183	184	940
9049	buff_2024婚服至尊宝花轿_抵达.obj	1	2	1	0.15	182	183	184	-1
9050	npc_2024大话至尊宝.obj	1	2	1	0.15	182	183	184	1005
9051	npc_2024牛小妖2.obj	1	2	1	0.15	182	183	184	1150
9052	npc_2024孙悟空boss召唤怪.obj	1	2	1	0.15	182	183	184	1339
9053	boss_2024大话孙悟空01.obj	1	2	1	0.15	182	183	184	1341
9054	ride_2024筋斗云新.obj	1	2	1	0.15	-1	-1	-1	1358
9055	HJ_npc低级马贼24.obj	1	2	1	0.15	182	183	184	1359
9056	HJ_npc中级马贼24.obj	1	2	1	0.15	182	183	184	1359
9057	HJ_npc高级马贼24.obj	1	2	1	0.15	182	183	184	1359
9058	ride_2023beigutuzi.obj	1	2	1	0.15	182	183	184	1360
9059	npc_2024孙悟空boss召唤怪缩小.obj	1	2	0.5	0.15	182	183	184	1339
9060	npc_2024恶人谷预热闻人语.obj	1	2	1	0.15	182	183	184	937
9061	npc_2024恶人谷预热正派打手.obj	1	2	1	0.15	182	183	184	1114
9062	npc_2024恶人谷预热变身书生.obj	1	2	1	0.15	182	183	184	1361
9063	pet_2024极地蝎子02.obj	1	2	1	0.15	182	183	184	1316
9064	HJ_npc林川度24.obj	1	2	1	0.15	182	183	184	940
9065	HJ_npc陈无垢24.obj	1	2	1	0.15	182	183	184	940
9066	HJ_npc探宝人24.obj	1	2	1	0.15	182	183	184	940
9067	HJ_npc主角变身僵化24.obj	1	2	1	0.15	182	183	184	1371
9068	HJ_npc禁军队长雕像24.obj	1	2	1	0.15	182	183	184	1370
9069	HJ_npc禁军百夫长雕像24.obj	1	2	1	0.15	182	183	184	1370
9070	HJ_npc禁军校尉雕像24.obj	1	2	1	0.15	182	183	184	1370
9071	HJ_npc禁军大将雕像24.obj	1	2	1	0.15	182	183	184	1370
9072	HJ_npc禁军队长24.obj	1	2	1	0.15	182	183	184	1362
9073	HJ_npc禁军百夫长24.obj	1	2	1	0.15	182	183	184	1381
9074	HJ_npc禁军校尉24.obj	1	2	1	0.15	182	183	184	1382
9075	HJ_npc禁军大将24.obj	1	2	1	0.15	182	183	184	1383
9076	HJ_npc精英怪不化骨24.obj	1	2	1	0.15	182	183	184	1363
9077	HJ_boss哈里克尸王24.obj	1	2	1.3	0.15	182	183	184	1364
9078	HJ_npc精绝墓葬召唤墓碑24.obj	1	2	1.5	0.15	182	183	184	1378
9079	npc空模型_精绝之眼陷阱特效.obj	1	2	1	0.15	182	183	184	-1
9080	npc_2024恶人谷预热施浩然.obj	1	2	1	0.15	182	183	184	1114
9081	npc空模型_精绝之眼爆炸特效.obj	1	2	1	0.15	182	183	184	-1
9082	pet_2024唐僧一级.obj	1	2	1	0.15	182	183	184	1368
9083	pet_2024唐僧一级01.obj	1	2	1	0.15	182	183	184	1368
9084	pet_2024唐僧二级.obj	1	2	1	0.15	182	183	184	1368
9085	pet_2024唐僧三级.obj	1	2	1	0.15	182	183	184	1368
9086	pet_2024唐僧四级.obj	1	2	1	0.15	182	183	184	1368
9087	pet_2024唐僧印度阿三.obj	1	2	1	0.15	182	183	184	1368
9088	pet_2024唐僧罗马勇士.obj	1	2	1	0.15	182	183	184	1368
9089	pet_2024唐僧埃及法老.obj	1	2	1	0.15	182	183	184	1368
9090	pet_2024唐僧五级.obj	1	2	1	0.15	182	183	184	1368
9091	psoul_2024骨翼五级.obj	1	2	1	0.15	182	183	184	-1
9092	psoul_2024骨翼五级01.obj	1	2	1	0.15	182	183	184	-1
9093	psoul_2024骨翼五级02.obj	1	2	1	0.15	182	183	184	-1
9094	psoul_2024骨翼五级03.obj	1	2	1	0.15	182	183	184	-1
9095	psoul_2024骨翼五级04.obj	1	2	1	0.15	182	183	184	-1
9096	psoul_2024骨翼五级05.obj	1	2	1	0.15	182	183	184	-1
9097	psoul_2024骨翼五级06.obj	1	2	1	0.15	182	183	184	-1
9098	psoul_2024骨翼五级07.obj	1	2	1	0.15	182	183	184	-1
9099	psoul_2024骨翼五级08.obj	1	2	1	0.15	182	183	184	-1
9100	npc_2024门派空宴席.obj	1	2	1	0.15	182	183	184	-1
9101	npc_2024门派满宴席.obj	1	2	1	0.15	182	183	184	-1
9102	npc_2024门派渔篓.obj	1	2	1	0.15	182	183	184	-1
9103	npc_ERG_2024掌门人.obj	1	2	1	0.15	182	183	184	940
9104	npc_ERG_2024武功传授人叶二娘.obj	1	2	1	0.15	182	183	184	940
9105	npc_ERG_2024任务发布人岳老三.obj	1	2	1	0.15	182	183	184	940
9106	npc_ERG_2024轻功传授人云中鹤.obj	1	2	1	0.15	182	183	184	940
9107	npc_ERG_2024门派拜师人段延庆.obj	1	2	1	0.15	182	183	184	940
9108	W_cloth_2024白晶晶npc.obj	1	2	1	0.15	182	183	184	1373
9109	HJ_npc黄金轮盘24.obj	1	2	1	0.15	-1	-1	-1	983
9110	npc_2024枯骨堆.obj	1	2	1	0.15	182	183	184	983
9111	npc_2024采集点一品红.obj	1	2	1	0.15	182	183	184	983
9112	npc_2024采集点鳄鱼蛋.obj	1	2	1	0.15	182	183	184	983
9113	hj_npc巨狮石像24.obj	1	2	1	0.15	-1	-1	-1	983
9114	HJ_npc灵灵鸠24.obj	1	2	1	0.15	182	183	184	940
9115	HJ_npc黄沙帮马贼24.obj	1	2	1	0.15	182	183	184	1372
9116	HJ_npc烈火帮凶寇24.obj	1	2	1	0.15	182	183	184	1372
9117	HJ_npc野风营恶徒24.obj	1	2	1	0.15	182	183	184	1372
9118	npc_2024门派鳄鱼大.obj	1	2	1	0.15	182	183	184	1380
9119	npc_2024门派鳄鱼中.obj	1	2	1	0.15	182	183	184	1380
9120	npc_2024门派鳄鱼小.obj	1	2	1	0.15	182	183	184	1380
9121	npc_ERG_2024门派传送人孙三霸.obj	1	2	1	0.15	182	183	184	940
9122	npc_ERG_2024门派辅助生活技能山曜.obj	1	2	1	0.15	182	183	184	940
9123	npc_ERG_2024门派生活技能山流儿.obj	1	2	1	0.15	182	183	184	940
9124	npc_ERG_2024坐骑讲解员印婆.obj	1	2	1	0.15	182	183	184	940
9125	npc_ERG_2024副本传送人鹿不平.obj	1	2	1	0.15	182	183	184	940
9126	npc_ERG_2024门派指路人谭青.obj	1	2	1	0.15	182	183	184	940
9127	npc_ERG_2024坐骑管理员刑万里.obj	1	2	1	0.15	182	183	184	940
9128	npc_ERG_2024门派男弟子.obj	1	2	1	0.15	182	183	184	937
9129	npc_ERG_2024门派女弟子.obj	1	2	1	0.15	182	183	184	937
9130	npc_2024恶人谷预热变身男.obj	1	2	1	0.15	182	183	184	1384
9131	npc_2024恶人谷预热变身女.obj	1	2	1	0.15	182	183	184	1384
9132	npc_2024采集点云母矿石.obj	1	2	1	0.15	182	183	184	-1
9133	npc_2024采集点造业灵菇.obj	1	2	1	0.15	182	183	184	-1
9134	npc_2024采集点长宁花.obj	1	2	1	0.15	182	183	184	-1
9135	boss_ERG_2024薄云天.obj	1	2	1	0.15	182	183	184	1385
9136	npc_2024门派副本讨恶菜鸟.obj	1	2	1	0.15	182	183	184	1114
9137	npc_2024门派副本讨恶小白.obj	1	2	1	0.15	182	183	184	1114
9138	npc_2024门派副本讨恶新丁.obj	1	2	1	0.15	182	183	184	1114
9139	npc_ERG_2024门派接引使大理.obj	1	2	1	0.15	182	183	184	940
9140	npc_2024恶人谷预热姜错.obj	1	2	1	0.15	182	183	184	983
9141	HJ_npc恶人谷推贤山魉24.obj	1	2	1	0.15	182	183	184	940
9142	HJ_npc恶人谷推贤山魍24.obj	1	2	1	0.15	182	183	184	937
9143	HJ_npc恶人谷武道长老山姥24.obj	1	2	1	0.15	182	183	184	940
9144	HJ_npc恶人谷武道长老山人木24.obj	1	2	1	0.15	182	183	184	940
9145	HJ_npc财运宝箱24.obj	1	2	1	0.15	182	183	184	1202
9146	HJ_npc财运福袋24.obj	1	2	1	0.15	182	183	184	1136
9147	HJ_npc游神花车24.obj	1	2	1	0.15	182	183	184	1149
9148	HJ_npc善财之人24.obj	1	2	1	0.15	182	183	184	1386
9149	npc_ERG_2024门派气氛齐小环.obj	1	2	1	0.15	182	183	184	937
9150	npc_ERG_2024门派气氛印祖.obj	1	2	1	0.15	182	183	184	937
9151	npc_ERG_2024门派气氛印公.obj	1	2	1	0.15	182	183	184	940
9152	npc_ERG_2024门派气氛山月.obj	1	2	1	0.15	182	183	184	940
9153	M_cloth_ERG_2024全集_雕塑.obj	1	2	1	0.15	182	183	184	983
9154	W_cloth_ERG_2024全集_雕塑.obj	1	2	1	0.15	182	183	184	983
9155	npc_2024门派猞猁公共.obj	1	2	1	0.15	182	183	184	1387
9156	HJ_npc稳活龙小妹24.obj	1	2	1	0.15	182	183	184	940
9157	HJ_npc残影17_11.obj	1	2	1	0.15	182	183	184	1003
9158	骑乘240715墨麒麟.obj	1	2	1	0.15	191	192	193	1389
9159	npc_2024恶人谷师门任务酒痴.obj	1	2	1	0.15	182	183	184	1114
9160	npc_2024冰雪节赵冰清.obj	1	2	1	0.15	182	183	184	940
9161	npc_冰雪节雪橇_冰场.obj	1	2	1	0.15	182	183	184	-1
9162	ride_2025猛兽战车冲浪板.obj	1	2	1	0.15	182	183	184	1392
9163	npc_2024冰雪节指示牌.obj	1	2	1	0.15	182	183	184	-1
9164	npc_2024冰雪节骨头.obj	1	2	1	0.15	182	183	184	-1
9165	npc_冰雪节雪橇_反向烟.obj	1	2	1	0.15	182	183	184	-1
9166	NPC_2024戴春生.obj	1	2	1	0.15	182	183	184	940
9167	npc_2024采集点蜜蜂罐子.obj	1	2	1	0.15	182	183	184	983
9168	npc_2025冰雪节预热沙漏一态.obj	1	2	1	0.15	182	183	184	983
9169	npc_2025冰雪节预热沙漏二态.obj	1	2	1	0.15	182	183	184	983
9170	npc_2025冰雪节预热沙漏三态.obj	1	2	1	0.15	182	183	184	983
9171	npc_2025冰雪节预热沙漏四态.obj	1	2	1	0.15	182	183	184	983
9172	npc_2024建筑工人呆呆牛.obj	1	2	1	0.15	182	183	184	1393
9173	buff_冰雪节打卡_技能3猛熊戏火子弹.obj	1	2	1	0.15	182	183	184	-1
9174	npc_2024旋转木马五米.obj	1	2	1	0.15	182	183	184	-1
9175	npc_2024旋转木马三米五.obj	1	2	1	0.15	182	183	184	-1
9176	npc_2024辽北小狠人.obj	1	2	1	0.15	182	183	184	937
9177	npc_2024变身推动小雪球.obj	1	2	1	0.15	182	183	184	1414
9178	npc_2024变身推动中雪球.obj	1	2	1	0.15	182	183	184	1435
9179	npc_2024变身推动大雪球.obj	1	2	1	0.15	182	183	184	1436
9180	npc_2024变身推动巨大雪球.obj	1	2	1	0.15	182	183	184	1437
9181	npc_2024变身与雪人王同行.obj	1	2	1	0.15	182	183	184	1438
9182	npc_2024变身寻梦高跷精灵.obj	1	2	1	0.15	182	183	184	1399
9183	npc_2024变身寻梦扇子精灵.obj	1	2	1	0.15	182	183	184	1427
9184	npc_2024变身舞狮.obj	1	2	1	0.15	182	183	184	1433
9185	npc_2024变身舞龙.obj	1	2	1	0.15	182	183	184	1434
9186	npc_2024奇迹圣诞树.obj	1	2	1	0.15	182	183	184	-1
9187	npc_2024采集点捕梦火种.obj	1	2	1	0.15	182	183	184	-1
9188	npc_2024奇迹发财树朱雀.obj	1	2	1	0.15	182	183	184	-1
9189	npc_2024开运金币.obj	1	2	1	0.15	182	183	184	-1
9190	npc_2024xueqianqian.obj	1	2	1	0.15	182	183	184	940
9191	npc_2024拟人粘玉米.obj	1	2	1	0.15	182	183	184	1400
9192	npc_2024拟人烤玉米.obj	1	2	1	0.15	182	183	184	983
9193	buff_冰雪节打卡_技能4天熊散花子弹.obj	1	2	1	0.15	182	183	184	-1
9194	npc_2024采集点冷面.obj	1	2	1	0.15	182	183	184	983
9195	npc_2024采集点铁锅炖.obj	1	2	1.5	0.15	182	183	184	983
9196	boss_2024熊瞎子.obj	1	2	1	0.15	182	183	184	1401
9197	npc_2024温泉蛋蛋鸡厨师.obj	1	2	1	0.15	182	183	184	1005
9198	npc_2024变身寻梦精灵.obj	1	2	1	0.15	182	183	184	1402
9199	npc_2024变身朱雀.obj	1	2	1	0.15	404	404	404	1403
9200	npc_2024冰雪节寒玉矿冰.obj	1	2	1	0.15	182	183	184	983
9201	npc_2024建筑工人蛋蛋鸡.obj	1	2	1	0.15	182	183	184	1393
9202	npc_2024建筑工人小狐仙.obj	1	2	1	0.15	182	183	184	1393
9203	npc_2024冰雪节方冰奇.obj	1	2	1	0.15	182	183	184	938
9204	npc_2024变身企鹅.obj	1	2	1	0.15	182	183	184	1404
9205	npc_2024变身小猫四足.obj	1	2	1	0.15	182	183	184	1405
9206	HJ_npc结界方碑24.obj	1	2	1	0.15	182	183	184	220
9207	npc许愿池低级小狐仙.obj	1	2	1	0.15	182	183	184	983
9208	HJ_npc开门神柱24蓝.obj	1	2	1.5	0.15	182	183	184	-1
9209	HJ_npc鞭炮桩24.obj	1	2	1.5	0.15	182	183	184	-1
9210	npc生肖福字钟1.obj	1	2	1	0.15	182	183	184	-1
9211	npc生肖福字钟2.obj	1	2	1	0.15	182	183	184	-1
9212	npc生肖福字钟3.obj	1	2	1	0.15	182	183	184	-1
9213	npc生肖福字钟4.obj	1	2	1	0.15	182	183	184	-1
9214	npc生肖福字钟5.obj	1	2	1	0.15	182	183	184	-1
9215	npc生肖福字钟6.obj	1	2	1	0.15	182	183	184	-1
9216	npc生肖福字钟7.obj	1	2	1	0.15	182	183	184	-1
9217	HJ_npc古惑猫24.obj	1	2	1	0.15	182	183	184	1005
9218	HJ_npc黑雾怪真身24.obj	1	2	1	0.15	182	183	184	1005
9219	HJ_boss黑雾怪24.obj	1	2	1	0.15	182	183	184	1442
9220	npc_2025生肖蛇.obj	1	2	1	0.15	182	183	184	940
9221	HJ_npc生肖龙24.obj	1	2	1	0.15	182	183	184	1005
9222	npc_2024青龙雕像覆雪.obj	1	2	1	0.15	182	183	184	941
9223	npc_2024白虎雕像覆雪.obj	1	2	1	0.15	182	183	184	944
9224	npc_2024朱雀雕像覆雪.obj	1	2	1	0.15	182	183	184	942
9225	npc_2024玄武雕像覆雪.obj	1	2	1	0.15	182	183	184	943
9226	npc_2024冰雪氛围小新.obj	1	2	1	0.15	182	183	184	937
9227	npc_2024卖冰棒的摊贩女.obj	1	2	1	0.15	182	183	184	937
9228	npc_2024巧克力摊位.obj	1	2	1	0.15	182	183	184	983
9229	npc_2024熊一冰雕.obj	1	2	1	0.15	182	183	184	940
9230	npc_2024熊一原型.obj	1	2	1	0.15	182	183	184	937
9231	npc_2024熊一被打1.obj	1	2	1	0.15	182	183	184	940
9232	npc_2024熊一被打2.obj	1	2	1	0.15	182	183	184	940
9233	npc_2024兔一冰雕.obj	1	2	1	0.15	182	183	184	940
9234	npc_2024兔一原型.obj	1	2	1	0.15	182	183	184	937
9235	npc_2024兔一被打1.obj	1	2	1	0.15	182	183	184	940
9236	npc_2024兔一被打2.obj	1	2	1	0.15	182	183	184	940
9237	npc_2024鸭一冰雕.obj	1	2	1	0.15	182	183	184	940
9238	npc_2024鸭一原型.obj	1	2	1	0.15	182	183	184	937
9239	npc_2024鸭一被打1.obj	1	2	1	0.15	182	183	184	940
9240	npc_2024鸭一被打2.obj	1	2	1	0.15	182	183	184	940
9241	npc_2024温水缸.obj	1	2	1	0.15	182	183	184	983
9242	npc_2024旋转木马八米.obj	1	2	1	0.15	182	183	184	-1
9243	npc_2024转树空npc.obj	1	2	1	0.15	182	183	184	-1
9244	npc_2024旋转木马六米五.obj	1	2	1	0.15	182	183	184	-1
9245	npc_2024转树空npc.obj	1	2	1	0.15	182	183	184	-1
9246	npc_2024仓吏使遁地符.obj	1	2	1	0.15	182	183	184	940
9247	npc_2025割草入口裸男.obj	1	2	1	0.15	182	183	184	940
9248	npc_2025豹小红.obj	1	2	1	0.15	182	183	184	940
9249	npc_2025豹小黄.obj	1	2	1	0.15	182	183	184	940
9250	npc_2025豹小蓝.obj	1	2	1	0.15	182	183	184	940
9251	npc_2025豹小绿.obj	1	2	1	0.15	182	183	184	940
9252	npc_2025豹小紫.obj	1	2	1	0.15	182	183	184	940
9253	npc_2025变身海豹1级.obj	1	2	1	0.15	182	183	184	1415
9254	npc_2025变身海豹2级.obj	1	2	1	0.15	182	183	184	1415
9255	npc_2025变身海豹3级.obj	1	2	1	0.15	182	183	184	1415
9256	npc_2025变身海豹4级.obj	1	2	1	0.15	182	183	184	1415
9257	npc_2025变身海豹5级.obj	1	2	1	0.15	182	183	184	1415
9258	npc_2025椰子汁1级.obj	1	2	0.7	0.15	182	183	184	1416
9259	npc_2025椰子汁2级.obj	1	2	0.7	0.15	182	183	184	1416
9260	npc_2025椰子汁3级.obj	1	2	0.7	0.15	182	183	184	1416
9261	npc_2024战败小墓碑.obj	1	2	1	0.15	182	183	184	1417
9262	npc_2025夏日光环_豹炸啦3米.obj	1	2	1	0.15	182	183	184	1418
9263	npc_2025夏日光环_豹炸啦3米.obj	1	2	1	0.15	182	183	184	1419
9264	npc_2025夏日沙滩躺椅.obj	1	2	1	0.15	182	183	184	983
9265	npc_2024变身水豚.obj	1	2	1	0.15	182	183	184	1420
9266	npc_2024温泉小兔兔.obj	1	2	1	0.15	182	183	184	940
9267	npc_2024狍夫子.obj	1	2	2.3	0.15	182	183	184	1424
9268	boss_2024雪怪憨憨.obj	1	2	1	0.15	182	183	184	1425
9269	npc_2024雪怪憨憨冰锥.obj	1	2	1	0.15	182	183	184	1426
9270	npc_2024冰雕字不.obj	1	2	1	0.15	182	183	184	983
9271	npc_2024冰雕字冰.obj	1	2	1	0.15	182	183	184	983
9272	npc_2024冰雕字城.obj	1	2	1	0.15	182	183	184	983
9273	npc_2024冰雕字夜.obj	1	2	1	0.15	182	183	184	983
9274	npc_2024冰雕字雪.obj	1	2	1	0.15	182	183	184	983
9275	npc_2024冰雪氛围小萌.obj	1	2	1	0.15	182	183	184	1423
9276	npc_2024冰雪氛围小萌搓澡女.obj	1	2	1	0.15	182	183	184	1422
9277	npc_2024冰雪氛围小萌搓澡男.obj	1	2	1	0.15	182	183	184	1422
9278	npc_2024冰雪氛围虎大力.obj	1	2	1	0.15	182	183	184	1423
9279	npc_2024冰雪氛围虎大力搓澡女.obj	1	2	1	0.15	182	183	184	1421
9280	npc_2024冰雪氛围虎大力搓澡男.obj	1	2	1	0.15	182	183	184	1421
9281	npc_2024变身冻住的大笨熊.obj	1	2	1	0.15	182	183	184	983
9282	npc_2024变身冻住的小兔兔.obj	1	2	1	0.15	182	183	184	983
9283	npc_2024变身冻住的飘飘鸭.obj	1	2	1	0.15	182	183	184	983
9284	npc_2025生肖蛇战损版.obj	1	2	1	0.15	182	183	184	1448
9285	HJ_npc变身扛鱼小子24.obj	1	2	1	0.15	182	183	184	937
9286	npc花车_2025十二生肖.obj	1	2	1	0.15	182	183	184	937
9287	npc_2024卖冰棒的摊贩男.obj	1	2	1	0.15	182	183	184	937
9288	npc_2023雪小悠.obj	1	2	1	0.15	182	183	184	940
9289	npc_2023变身舞狮帽小孩.obj	1	2	1	0.15	182	183	184	1428
9290	npc_2024雪怪憨憨冰锥.obj	1	2	1	0.15	182	183	184	1429
9291	npc_冰雪节割草_狂轰乱炸1.obj	1	2	1	0.15	182	183	184	1430
9292	npc_冰雪节割草_狂轰乱炸2.obj	1	2	1	0.15	182	183	184	1431
9293	npc_2024雪堆.obj	1	2	1	0.15	182	183	184	983
9294	npc_2024温泉蛋男一阶段.obj	1	2	1	0.15	182	183	184	1432
9295	npc_2024温泉蛋男二阶段.obj	1	2	1	0.15	182	183	184	1432
9296	npc_2024温泉蛋女一阶段.obj	1	2	1	0.15	182	183	184	1432
9297	npc_2024温泉蛋女二阶段.obj	1	2	1	0.15	182	183	184	1432
9298	HJ_npc2024少杰.obj	1	2	1	0.15	182	183	184	-1
9299	HJ_npc2024天之痕.obj	1	2	1	0.15	182	183	184	-1
9300	HJ_npc2024万疆域.obj	1	2	1	0.15	182	183	184	-1
9301	HJ_npc2024闻人尔羽.obj	1	2	1	0.15	182	183	184	-1
9302	HJ_npc2024星遥月.obj	1	2	1	0.15	182	183	184	-1
9303	HJ_npc2024星域.obj	1	2	1	0.15	182	183	184	-1
9304	HJ_npc2024战神七.obj	1	2	1	0.15	182	183	184	-1
9305	HJ_npc2024长安如梦里.obj	1	2	1	0.15	182	183	184	-1
9306	ride_2025猛兽战车冲浪板.obj	1	2	1	0.15	182	183	184	1392
9307	npc_2024狍跑.obj	1	2	1.3	0.15	182	183	184	940
9308	npc_2024射灯.obj	1	2	1	0.15	182	183	184	983
9309	buff_冰雪节打卡_技能4天熊散花子弹小.obj	1	2	1	0.15	182	183	184	-1
9310	npc_2024采集点冷面水中.obj	1	2	1	0.15	182	183	184	983
9311	npc_2024采集点铁锅炖水中.obj	1	2	1.5	0.15	182	183	184	983
9312	npc_2024空物体卷轴.obj	1	2	1	0.15	182	183	184	1439
9313	HJ_npc抢夺传送段誉24.obj	1	2	1	0.15	182	183	184	1440
9314	HJ_npc休息室梁大志24.obj	1	2	1	0.15	182	183	184	940
9315	HJ_npc运送段誉24.obj	1	2	1	0.15	182	183	184	1149
9316	HJ_npc重开巨狼24.obj	1	2	1	0.15	182	183	184	1114
9317	HJ_npc重开巨猿24.obj	1	2	1	0.15	182	183	184	1114
9318	npc_2024情人节追请宝匣.obj	1	2	1	0.15	182	183	184	1441
9319	npc_2025鉴灵石.obj	1	2	1	0.15	182	183	184	-1
9320	npc_2025长老小狐仙.obj	1	2	1.5	0.15	182	183	184	940
9321	npc_2025诞生地莲花未开.obj	1	2	1	0.15	182	183	184	-1
9322	npc_2025诞生地莲花开.obj	1	2	1	0.15	182	183	184	-1
9323	npc_采集物灵气.obj	1	2	1	0.15	182	183	184	-1
9324	npc怪_2025邪恶灵体.obj	1	2	1	0.15	182	183	184	1114
9325	boss_2025开悟守护兽.obj	1	2	1	0.15	182	183	184	1471
9326	npc_2025中型水晶1.obj	1	2	1	0.15	182	183	184	-1
9327	npc_2025中型水晶2.obj	1	2	1	0.15	182	183	184	-1
9328	npc_2025中型水晶3.obj	1	2	1	0.15	182	183	184	-1
9329	npc_2025中型水晶4.obj	1	2	1	0.15	182	183	184	-1
9330	npc_2025巨大水晶.obj	1	2	1	0.15	182	183	184	-1
9331	HJ_npc开门神柱24黄.obj	1	2	1.5	0.15	182	183	184	-1
9332	HJ_npc开门神柱24绿.obj	1	2	1.5	0.15	182	183	184	-1
9333	HJ_npc开门神柱24红.obj	1	2	1.5	0.15	182	183	184	-1
9334	npc_2024变身一尾狐.obj	1	2	1	0.15	182	183	184	940
9335	npc_2024变身五尾狐.obj	1	2	1	0.15	182	183	184	940
9336	npc_2024变身九尾狐.obj	1	2	1	0.15	182	183	184	940
9337	pet_2024VIP相柳蛇一级.obj	1	2	1	0.15	182	183	184	1447
9338	pet_2024VIP相柳蛇二级.obj	1	2	1	0.15	182	183	184	1447
9339	pet_2024VIP相柳蛇二级01.obj	1	2	1	0.15	182	183	184	1447
9340	pet_2024VIP相柳蛇三级.obj	1	2	1	0.15	182	183	184	1447
9341	pet_2024VIP相柳蛇三级01.obj	1	2	1	0.15	182	183	184	1447
9342	pet_2024VIP相柳蛇四级.obj	1	2	1	0.15	182	183	184	1447
9343	pet_2024VIP相柳蛇四级01.obj	1	2	1	0.15	182	183	184	1447
9344	pet_2024VIP相柳蛇五级01.obj	1	2	1	0.15	182	183	184	1447
9345	pet_2024VIP相柳蛇五级.obj	1	2	1	0.15	182	183	184	1447
9346	生肖故事黑气_空npc.obj	1	2	1	0.15	182	183	184	-1
9347	灰色松鼠.obj	1	2	1	0.15	182	183	184	962
9348	npc变身_2025召唤丹小狐仙.obj	1	2	1	0.15	182	183	184	1465
9349	npc变身_2025召唤丹呆呆牛.obj	1	2	1	0.15	182	183	184	1466
9350	npc变身_2025召唤丹花仙子01.obj	1	2	1	0.15	182	183	184	1467
9351	npc变身_2025召唤丹花仙子02.obj	1	2	1	0.15	182	183	184	1457
9352	npc变身_2025召唤丹神企鹅.obj	1	2	1	0.15	182	183	184	1468
9353	npc变身_2025召唤丹蝴蝶.obj	1	2	1	0.15	182	183	184	1469
9354	npc_2025珍兽打卡鹿蜀.obj	1	2	1	0.15	182	183	184	940
9355	npc_2025珍兽打卡飞天猫好学.obj	1	2	1	0.15	182	183	184	1475
9356	npc_2025珍兽打卡飞天猫胖胖.obj	1	2	1	0.15	182	183	184	1475
9357	npc_2025珍兽打卡飞天狗练拳.obj	1	2	1	0.15	182	183	184	1475
9358	npc_2025珍兽打卡飞天狗猜谜.obj	1	2	1	0.15	182	183	184	1475
9359	npc_2025珍兽打卡企鹅王害羞.obj	1	2	1	0.15	182	183	184	1475
9360	npc_2025珍兽打卡企鹅王旅游.obj	1	2	1	0.15	182	183	184	1475
9361	npc_2025珍兽打卡武林书商.obj	1	2	1	0.15	182	183	184	940
9362	npc_2025珍兽打卡小商贩.obj	1	2	1	0.15	182	183	184	940
9363	npc_2025珍兽打卡泥人匠.obj	1	2	1	0.15	182	183	184	940
9364	npc_2025珍兽打卡墨宝阁掌柜.obj	1	2	1	0.15	182	183	184	940
9365	npc_2025珍兽打卡王秀才.obj	1	2	1	0.15	182	183	184	940
9366	npc_2025珍兽打卡特级厨师.obj	1	2	1	0.15	182	183	184	940
9367	npc变身_2025满载珍兽之友.obj	1	2	1	0.15	182	183	184	1480
9368	npc变身_2025珍兽之友.obj	1	2	1	0.15	182	183	184	1480
9369	npc_2024情人节狼人.obj	1	2	1	0.15	182	183	184	940
9370	npc_2025情人节月神.obj	1	2	1	0.15	182	183	184	940
9371	npc怪_2025精英怪猴子01.obj	1	2	1	0.15	182	183	184	922
9372	npc怪_2025精英怪猴子02.obj	1	2	1	0.15	182	183	184	922
9373	npc怪_2025精英怪人形花.obj	1	2	1	0.15	182	183	184	514
9374	npc怪_2025精英怪五色神牛01.obj	1	2	1	0.15	182	183	184	917
9375	npc怪_2025精英怪五色神牛02.obj	1	2	1	0.15	182	183	184	917
9376	npc怪_2025精英怪礼包虎.obj	1	2	1	0.15	182	183	184	934
9377	npc_2025珍兽主城代币商店.obj	1	2	1	0.15	182	183	184	940
9378	灰色松鼠.obj	1	2	2	0.15	182	183	184	601
9379	HJ_圣兽之魂鹤17.obj	1	2	2.5	0.15	182	183	184	1049
9380	npc_2025精灵升级.obj	1	2	1.5	0.15	182	183	184	940
9381	npc_2025珍兽主城钱庄当铺.obj	1	2	2.5	0.15	182	183	184	940
9382	npc_2025珍兽主城钱庄伙计.obj	1	2	1.8	0.15	182	183	184	940
9383	npc_2025珍兽主城钱庄老板.obj	1	2	1.8	0.15	182	183	184	940
9384	npc_2025珍兽主城医生.obj	1	2	1.5	0.15	182	183	184	940
9385	npc_2025珍兽主城移植云靡靡.obj	1	2	1.5	0.15	182	183	184	940
9386	npc_2025珍兽主城移植云渺渺.obj	1	2	1.5	0.15	182	183	184	940
9387	npc_2025珍兽主城移植云思儿.obj	1	2	1.5	0.15	182	183	184	940
9388	npc_2025珍兽主城驿站.obj	1	2	1.5	0.15	182	183	184	940
9389	npc_2025珍兽主城杂货.obj	1	2	2.5	0.15	182	183	184	940
9390	npc_2025被困灵蛇.obj	1	2	1	0.15	182	183	184	940
9391	npc_2025玉坛仙蟒.obj	1	2	1	0.15	182	183	184	940
9392	npc_2025腾云神蛟.obj	1	2	1	0.15	182	183	184	940
9393	npc_2025藏菊仙灵一级红色.obj	1	2	1	0.15	182	183	184	1460
9394	npc_2025藏菊仙灵二级红色.obj	1	2	1	0.15	182	183	184	1460
9395	npc_2025藏菊仙灵三级红色.obj	1	2	1	0.15	182	183	184	1460
9396	npc_2025奉梅仙灵一级红色.obj	1	2	1	0.15	182	183	184	1460
9397	npc_2025奉梅仙灵二级红色.obj	1	2	1	0.15	182	183	184	1460
9398	npc_2025奉梅仙灵三级红色.obj	1	2	1	0.15	182	183	184	1460
9399	npc采集点_2025山楂.obj	1	2	1	0.15	-1	-1	-1	983
9400	npc采集点_2025决明.obj	1	2	1	0.15	-1	-1	-1	983
9401	npc采集点_2025石菖蒲.obj	1	2	1	0.15	-1	-1	-1	983
9402	npc采集点_2025黄芪.obj	1	2	1	0.15	-1	-1	-1	983
9403	npc采集点_2025甘华.obj	1	2	1	0.15	-1	-1	-1	983
9404	npc怪_2025精英怪黑色蝙蝠.obj	1	2	1	0.15	182	183	184	601
9405	橙色宠物虎.obj	1	2	1	0.15	182	183	184	601
9406	npc怪_2025精英怪上古神猿.obj	1	2	1	0.15	182	183	184	513
9407	npc怪_2025精英怪白狐.obj	1	2	1	0.15	182	183	184	527
9408	npc_2025长老乘黄.obj	1	2	1.5	0.15	182	183	184	940
9409	npc_2025开悟台.obj	1	2	1	0.15	182	183	184	983
9410	npc_2025山海蔓萝01.obj	1	2	1	0.15	182	183	184	1472
9411	npc_2025山海蔓萝02.obj	1	2	1	0.15	182	183	184	1473
9412	npc_2025山海蔓萝03.obj	1	2	1	0.15	182	183	184	1474
9413	npc_2025城主白泽.obj	1	2	1	0.15	182	183	184	940
9414	npc_2025珍兽日常松鼠.obj	1	2	1.5	0.15	182	183	184	940
9415	npc_2025珍兽日常浣熊.obj	1	2	2	0.15	182	183	184	940
9416	npc_2025珍兽派遣椿先生.obj	1	2	1.2	0.15	182	183	184	940
9417	npc_2025珍兽派遣桑先生.obj	1	2	1.3	0.15	182	183	184	940
9418	npc_2025珍兽金币交易行.obj	1	2	1.5	0.15	182	183	184	940
9419	npc_2025空物体雷劫落雷.obj	1	2	1	0.15	182	183	184	-1
9420	npc_2025含桂仙灵一级红色.obj	1	2	1	0.15	182	183	184	1460
9421	npc_2025含桂仙灵二级红色.obj	1	2	1	0.15	182	183	184	1460
9422	npc_2025含桂仙灵三级红色.obj	1	2	1	0.15	182	183	184	1460
9423	npc_2025纳月仙灵一级红色.obj	1	2	1	0.15	182	183	184	1460
9424	npc_2025纳月仙灵二级红色.obj	1	2	1	0.15	182	183	184	1460
9425	npc_2025纳月仙灵三级红色.obj	1	2	1	0.15	182	183	184	1460
9426	npc_2025摇兰仙灵一级红色.obj	1	2	1	0.15	182	183	184	1460
9427	npc_2025摇兰仙灵二级红色.obj	1	2	1	0.15	182	183	184	1460
9428	npc_2025摇兰仙灵三级红色.obj	1	2	1	0.15	182	183	184	1460
9429	npc_2025珍兽日常飞天猫.obj	1	2	1.5	0.15	182	183	184	940
9430	npc_2025珍兽日常萌宝猪.obj	1	2	1.5	0.15	182	183	184	940
9431	npc_2025珍兽日常鸳鸯.obj	1	2	1.5	0.15	182	183	184	940
9432	npc_2025浑真仙灵.obj	1	2	1	0.15	182	183	184	940
9433	npc_2025中型水晶1激活.obj	1	2	1	0.15	182	183	184	-1
9434	npc_2025中型水晶2激活.obj	1	2	1	0.15	182	183	184	-1
9435	npc_2025中型水晶3激活.obj	1	2	1	0.15	182	183	184	-1
9436	npc_2025中型水晶4激活.obj	1	2	1	0.15	182	183	184	-1
9437	npc_2025巨大水晶激活.obj	1	2	1	0.15	182	183	184	-1
9438	ride_2025伊丽莎白猫.obj	1	2	1	0.15	182	183	184	1482
9439	npc_2025藏菊仙灵一级蓝色.obj	1	2	1	0.15	182	183	184	1460
9440	npc_2025藏菊仙灵二级蓝色.obj	1	2	1	0.15	182	183	184	1460
9441	npc_2025藏菊仙灵三级蓝色.obj	1	2	1	0.15	182	183	184	1460
9442	npc_2025奉梅仙灵一级蓝色.obj	1	2	1	0.15	182	183	184	1460
9443	npc_2025奉梅仙灵二级蓝色.obj	1	2	1	0.15	182	183	184	1460
9444	npc_2025奉梅仙灵三级蓝色.obj	1	2	1	0.15	182	183	184	1460
9445	npc_2025含桂仙灵一级蓝色.obj	1	2	1	0.15	182	183	184	1460
9446	npc_2025含桂仙灵二级蓝色.obj	1	2	1	0.15	182	183	184	1460
9447	npc_2025含桂仙灵三级蓝色.obj	1	2	1	0.15	182	183	184	1460
9448	npc_2025纳月仙灵一级蓝色.obj	1	2	1	0.15	182	183	184	1460
9449	npc_2025纳月仙灵二级蓝色.obj	1	2	1	0.15	182	183	184	1460
9450	npc_2025纳月仙灵三级蓝色.obj	1	2	1	0.15	182	183	184	1460
9451	npc_2025摇兰仙灵一级蓝色.obj	1	2	1	0.15	182	183	184	1460
9452	npc_2025摇兰仙灵二级蓝色.obj	1	2	1	0.15	182	183	184	1460
9453	npc_2025摇兰仙灵三级蓝色.obj	1	2	1	0.15	182	183	184	1460
9454	npc_2025藏菊仙灵一级黄色.obj	1	2	1	0.15	182	183	184	1460
9455	npc_2025藏菊仙灵二级黄色.obj	1	2	1	0.15	182	183	184	1460
9456	npc_2025藏菊仙灵三级黄色.obj	1	2	1	0.15	182	183	184	1460
9457	npc_2025奉梅仙灵一级黄色.obj	1	2	1	0.15	182	183	184	1460
9458	npc_2025奉梅仙灵二级黄色.obj	1	2	1	0.15	182	183	184	1460
9459	npc_2025奉梅仙灵三级黄色.obj	1	2	1	0.15	182	183	184	1460
9460	npc_2025含桂仙灵一级黄色.obj	1	2	1	0.15	182	183	184	1460
9461	npc_2025含桂仙灵二级黄色.obj	1	2	1	0.15	182	183	184	1460
9462	npc_2025含桂仙灵三级黄色.obj	1	2	1	0.15	182	183	184	1460
9463	npc_2025纳月仙灵一级黄色.obj	1	2	1	0.15	182	183	184	1460
9464	npc_2025纳月仙灵二级黄色.obj	1	2	1	0.15	182	183	184	1460
9465	npc_2025纳月仙灵三级黄色.obj	1	2	1	0.15	182	183	184	1460
9466	npc_2025摇兰仙灵一级黄色.obj	1	2	1	0.15	182	183	184	1460
9467	npc_2025摇兰仙灵二级黄色.obj	1	2	1	0.15	182	183	184	1460
9468	npc_2025摇兰仙灵三级黄色.obj	1	2	1	0.15	182	183	184	1460
9469	npc_2025昆吾氛围军队低级.obj	1	2	1.5	0.15	182	183	184	937
9470	npc_2025昆吾氛围军队高级.obj	1	2	1.5	0.15	182	183	184	940
9471	npc_2025昆吾氛围平民呆呆牛.obj	1	2	1.5	0.15	182	183	184	983
9472	npc_2025昆吾氛围平民蛋蛋鸡.obj	1	2	1.5	0.15	182	183	184	940
9473	npc_2025昆吾氛围平民蛋蛋鸡群.obj	1	2	1.5	0.15	182	183	184	940
9474	npc_2025昆吾中级祭司.obj	1	2	1.5	0.15	182	183	184	1483
9475	npc_2025昆吾中级祭司01.obj	1	2	1.5	0.15	182	183	184	1483
9476	npc_2025昆吾中级祭司02.obj	1	2	1.5	0.15	182	183	184	1483
9477	npc_2025昆吾中级祭司03.obj	1	2	1.5	0.15	182	183	184	1483
9478	npc_2025昆吾中级祭司04.obj	1	2	1.5	0.15	182	183	184	1483
9479	npc_2025昆吾低级祭司.obj	1	2	1.5	0.15	182	183	184	1483
9480	npc_2025昆吾氛围平民小虎.obj	1	2	1.5	0.15	182	183	184	940
9481	npc_2025昆吾氛围平民飘飘兔.obj	1	2	1.5	0.15	182	183	184	940
9482	npc_2025昆吾氛围平民飘飘鸭.obj	1	2	1.5	0.15	182	183	184	940
9483	npc_2025昆吾氛围暗部.obj	1	2	1.5	0.15	182	183	184	940
9484	npc_2025昆吾高级祭司.obj	1	2	1.5	0.15	182	183	184	1483
9485	npc_2025昆吾氛围军队中级.obj	1	2	1.2	0.15	182	183	184	940
9486	蓝色宠物蝴蝶.obj	1	2	1	0.15	182	183	184	601
9487	npc花车_2025周年庆.obj	1	2	1	0.15	182	183	184	1149
9488	HJ_npc周年庆锦车嘉礼宝箱23.obj	1	2	0.7	0.15	182	183	184	1202
9489	npc宋辽大战青龙210203.obj	1	2	1	0.15	182	183	184	941
9490	npc宋辽大战白虎210203.obj	1	2	1	0.15	182	183	184	944
9491	npc宋辽大战朱雀210203.obj	1	2	1	0.15	182	183	184	942
9492	npc宋辽大战玄武210203.obj	1	2	1	0.15	182	183	184	943
9493	npc_2025珍兽打卡泥人匠.obj	1	2	1	0.15	182	183	184	940
9494	npc_2025珍兽打卡墨宝阁掌柜.obj	1	2	1	0.15	182	183	184	940
9495	npc_2025珍兽打卡王秀才.obj	1	2	1	0.15	182	183	184	940
9496	npc_2025珍兽打卡特级厨师.obj	1	2	1	0.15	182	183	184	940
9497	npc_ERG_2024坐骑讲解员印婆.obj	1	2	1	0.15	182	183	184	940
9498	npc_ERG_2024副本传送人鹿不平.obj	1	2	1	0.15	182	183	184	940
9499	npc_ERG_2024门派指路人谭青.obj	1	2	1	0.15	182	183	184	940
9500	npc_ERG_2024坐骑管理员刑万里.obj	1	2	1	0.15	182	183	184	940
9501	npc_2024门派猞猁公共.obj	1	2	1	0.15	182	183	184	1387
9502	骑乘240509六人机关鸟.obj	1	2	1	0.15	182	183	184	1255
9503	ride_2025猛兽战车冲浪板.obj	1	2	1	0.15	182	183	184	1392
9504	npc_2024吃鸡败退者石碑.obj	1	2	1	0.15	182	183	184	-1
9505	npc_2024吃鸡凤武秘宝箱.obj	1	2	1	0.15	182	183	184	1136
9506	npc_2024吃鸡金羽军备箱.obj	1	2	1	0.15	182	183	184	1136
9507	npc_2024吃鸡铜羽军备箱.obj	1	2	1	0.15	182	183	184	1136
9508	npc_2024吃鸡银羽军备箱.obj	1	2	1	0.15	182	183	184	1136
9509	boss_2025紫禁城禁卫军.obj	1	2	1	0.15	182	183	184	1495
9510	boss_2025兽穴狻猊.obj	1	2	1	0.15	182	183	184	1496
9511	npc_2025端午打卡金瓯永固杯.obj	1	2	0.2	0.15	182	183	184	983
9512	npc_2025端午打卡罗盘.obj	1	2	1	0.15	182	183	184	983
9513	ride_2025荆棘龙.obj	1	2	1	0.15	495	495	495	1501
9514	ride_2025星云龙.obj	1	2	1	0.15	495	495	495	1497
9515	ride_2025星云龙04.obj	1	2	1	0.15	495	495	495	1499
9516	ride_2025星云龙03.obj	1	2	1	0.15	495	495	495	1498
9517	ride_2025星云龙05.obj	1	2	1	0.15	495	495	495	1500
9518	npc_2025兽穴光球.obj	1	2	1	0.15	495	495	495	1502
9519	npc_金瓯争夺赛法阵.obj	1	2	1	0.15	182	183	184	-1
9520	npc_2025端午打卡咸粽子.obj	1	2	1	0.15	182	183	184	1503
9521	npc_2025端午打卡甜粽子.obj	1	2	1	0.15	182	183	184	1503
9522	npc_2025端午打卡粽子.obj	1	2	1.2	0.15	182	183	184	1005
9524	boss_2025紫禁城禁军统帅.obj	1	2	1	0.15	182	183	184	1506
9525	boss_2025紫禁城殿前司都使.obj	1	2	1	0.15	182	183	184	1505
9528	npc_2025移植吃鸡重甲卫兵.obj	1	2	1	0.15	182	183	184	940
9529	npc_2025移植吃鸡重甲驻卫.obj	1	2	1	0.15	182	183	184	940
9530	npc_2025紫禁预热营地锅.obj	1	2	1	0.15	182	183	184	983
9531	npc_2025紫禁预热商队护卫.obj	1	2	0.5	0.15	182	183	184	1114
9532	npc_2025男重伤状态.obj	1	2	1	0.15	182	183	184	983
9533	npc_2025女重伤状态.obj	1	2	1	0.15	182	183	184	983
9534	npc_2025紫禁预热商队头领.obj	1	2	1	0.15	182	183	184	937
9535	npc_2025紫禁预热马车车轮.obj	1	2	1	0.15	182	183	184	983
9536	npc_2025紫禁预热商队马车.obj	1	2	1	0.15	182	183	184	938
9537	npc怪_2025精英怪聆月飞将.obj	1	2	1	0.15	182	183	184	1150
9538	npc怪_2025精英怪羽林健将.obj	1	2	1	0.15	182	183	184	1150
9539	npc怪_2025精英怪长明骁将.obj	1	2	0.75	0.15	182	183	184	1150
9540	npc怪_2025精英怪逐浪战将.obj	1	2	1	0.15	182	183	184	1150
9541	HJ_紫禁预热_空模型.obj	1	2	1	0.15	182	183	184	-1
9542	boss_2025紫禁城禁卫军.obj	1	2	0.75	0.15	182	183	184	1495
9543	boss_2025紫禁城禁军统帅.obj	1	2	0.75	0.15	182	183	184	1506
9544	boss_2025紫禁城殿前司都使_技能2爆炸A.obj	1	2	1	0.15	182	183	184	-1
9545	npc死鱼2025.obj	1	2	1	0.15	182	183	184	-1
9546	npc_2021ymydahua.obj	1	2	1	0.15	182	183	184	1507
9547	npc_2021ymymengbao.obj	1	2	1	0.15	182	183	184	1507
9548	npc_2021ymyzhenhuan.obj	1	2	1	0.15	182	183	184	1508
9549	npc_2021ymymaotuan.obj	1	2	1	0.15	182	183	184	1508
9550	珍兽230509凤求凰一级.obj	1	2	1	0.15	182	183	184	1234
9551	珍兽230509凤求凰二级.obj	1	2	1	0.15	182	183	184	1234
9552	珍兽230509凤求凰二级01.obj	1	2	1	0.15	182	183	184	1234
9553	珍兽230509凤求凰三级.obj	1	2	1	0.15	182	183	184	1234
9554	珍兽230509凤求凰三级01.obj	1	2	1	0.15	182	183	184	1234
9555	珍兽230509凤求凰四级.obj	1	2	1	0.15	182	183	184	1234
9556	珍兽230509凤求凰四级01.obj	1	2	1	0.15	182	183	184	1234
9557	珍兽230509凤求凰五级.obj	1	2	1	0.15	182	183	184	1234
9558	珍兽230509凤求凰五级01.obj	1	2	1	0.15	182	183	184	1234
9559	珍兽230509凤求凰五级特殊.obj	1	2	1	0.15	182	183	184	1234
9560	npc_2025紫禁打卡琉璃盏.obj	1	2	1	0.15	182	183	184	983
9561	npc_2025紫禁打卡珊瑚屏风.obj	1	2	1	0.15	182	183	184	983
9562	npc_2025紫禁打卡夜明珠.obj	1	2	1	0.15	182	183	184	983
9563	npc怪_2025精英怪紫禁预热金瓯守卫.obj	1	2	1	0.15	182	183	184	1509
9564	npc汴梁城红袍官员200807_站立.obj	1	2	1	0.15	182	183	184	940
9565	npc汴梁城操练的士兵200710_站立.obj	1	2	1	0.15	182	183	184	1511
9566	npc汴梁城抱娃平民女紫衣200721_站立.obj	1	2	1	0.15	182	183	184	940
9567	npc_2025紫禁打卡护宝卫.obj	1	2	1	0.15	182	183	184	937
9568	npc采集点_2025商队货物.obj	1	2	1	0.15	182	183	184	983
9569	npc_2025紫禁稳活修复工人.obj	1	2	1	0.15	182	183	184	940
9570	npc_2025紫禁之巅统战将军.obj	1	2	1	0.15	182	183	184	940
9571	npc_2025紫禁日常贵妃井.obj	1	2	1	0.15	182	183	184	983
9572	npc_2025紫禁日常贵妃井01.obj	1	2	1	0.15	182	183	184	983
9573	npc汴梁城小男孩.obj	1	2	1	0.15	182	183	184	1512
9574	npc汴梁城小女孩.obj	1	2	1	0.15	182	183	184	1513
9575	npc汴梁城小男孩变色.obj	1	2	1	0.15	182	183	184	1514
9576	npc_2025紫禁打卡力大无穷搬运工.obj	1	2	1.1	0.15	182	183	184	1515
9577	npc_2025紫禁打卡心灵手巧搬运工.obj	1	2	1	0.15	182	183	184	1515
9578	npc_2025紫禁打卡眼明手快搬运工.obj	1	2	1	0.15	182	183	184	1515
9579	npc_2025紫禁打卡龚公公.obj	1	2	1	0.15	182	183	184	940
9580	npc_2025紫禁锦刀卫队长.obj	1	2	1	0.15	182	183	184	940
9581	HJ_npc祥瑞宝箱火24.obj	1	2	0.7	0.15	182	183	184	1305
9583	npc_2025夏日沙滩躺椅.obj	1	2	1	0.15	182	183	184	983
9584	npc_2025夏日露头的沙堆.obj	1	2	1	0.15	182	183	184	983
9585	npc_2025美人鱼人鱼公主.obj	1	2	1.2	0.15	182	183	184	940
9586	npc_2025猛兽战车渔女.obj	1	2	1	0.15	182	183	184	940
9587	npc_2025空沙堆.obj	1	2	1	0.15	182	183	184	983
9588	npc变身_2025美人鱼小鱼.obj	1	2	1	0.15	182	183	184	1516
9589	npc变身_2025美人鱼中鱼.obj	1	2	1	0.15	182	183	184	1516
9590	npc变身_2025美人鱼大鱼.obj	1	2	1	0.15	182	183	184	1516
9591	npc变身_2025美人鱼超大鱼.obj	1	2	1	0.15	182	183	184	1516
9592	npc变身_2025美人鱼美人鱼.obj	1	2	1	0.15	182	183	184	1516
9593	npc_2025割草占领点红.obj	1	2	1	0.15	182	183	184	-1
9594	npc_2025割草占领点黄.obj	1	2	1	0.15	182	183	184	-1
9595	npc_2025割草占领点蓝.obj	1	2	1	0.15	182	183	184	-1
9596	npc_2025割草占领点绿.obj	1	2	1	0.15	182	183	184	-1
9597	npc_2025割草占领点紫.obj	1	2	1	0.15	182	183	184	-1
9598	npc_2025夏日露头的沙堆女.obj	1	2	1	0.15	182	183	184	983
9599	ride_2025夏日彩虹独角兽.obj	1	2	1	0.15	182	183	184	1517
9600	npc_2025夏日活动云暖暖.obj	1	2	1	0.15	182	183	184	940
9601	npc_2025夏日活动鱼丸.obj	1	2	1	0.15	182	183	184	940
9603	npc_2025莲花大佛破损.obj	1	2	1	0.15	182	183	184	983
9604	npc_2025七夕打卡美色劫.obj	1	2	1	0.15	182	183	184	1149
9605	npc_2025七夕打卡小倩.obj	1	2	1	0.15	182	183	184	1553
9606	npc_2025七夕打卡权位劫.obj	1	2	1	0.15	182	183	184	940
9607	npc_2025七夕打卡青云簪.obj	1	2	1	0.15	182	183	184	983
9608	npc_2025七夕副本和尚.obj	1	2	1	0.15	182	183	184	940
9609	npc怪_2025七夕副本僵尸小兵.obj	1	2	1	0.15	182	183	184	1114
9610	ride_2025超特bus紫电.obj	1	2	1	0.15	194	195	196	1521
9611	npc_2025七夕副本宁采臣.obj	1	2	1	0.15	182	183	184	1005
9612	npc_2025七夕副本赤霞.obj	1	2	1	0.15	182	183	184	1543
9613	npc变身_2025七夕打卡青年宁.obj	1	2	1	0.15	182	183	184	1544
9614	npc怪_2025倩女日常林隐树妖.obj	1	2	1	0.15	182	183	184	1150
9615	npc_2025倩女日常散魂符.obj	1	2	1	0.15	182	183	184	983
9616	npc怪_2025七夕副本噬人花小.obj	1	2	1	0.15	182	183	184	1545
9617	npc怪_2025七夕副本噬人花大.obj	1	2	1	0.15	182	183	184	1546
9618	npc_2025倩女日常紫檀葫芦.obj	1	2	1	0.15	182	183	184	983
9619	npc_2025打卡龙龙.obj	1	2	1	0.15	182	183	184	940
9620	npc变身_2025打卡龙龙01.obj	1	2	1	0.15	182	183	184	1579
9621	npc采集点_2025打卡秘籍书箱.obj	1	2	0.7	0.15	182	183	184	983
9622	npc_2025七夕氛围金刚经石碑.obj	1	2	1	0.15	182	183	184	983
9623	npc_2025七夕氛围老年宁.obj	1	2	1	0.15	182	183	184	940
9624	npc_2025七夕氛围书箱.obj	1	2	1	0.15	182	183	184	983
9625	npc_2025倩女日常泛黄金刚经.obj	1	2	1	0.15	182	183	184	983
9626	npc_2025倩女日常般若灵印.obj	1	2	1	0.15	182	183	184	983
9627	npc_2025倩女日常金刚经.obj	1	2	1	0.15	182	183	184	983
9628	boss_2025七夕副本血槐娘娘.obj	1	2	1	0.15	182	183	184	1547
9629	boss_2025倩女日常月槐女妖.obj	1	2	1	0.15	182	183	184	1548
9630	boss_2025倩女日常月槐女妖幻影.obj	1	2	1	0.15	182	183	184	1549
9631	buff_倩女日常本_金刚经保护罩.obj	1	2	1	0.15	182	183	184	-1
9632	npc怪_2025七夕副本僵尸守卫.obj	1	2	1.5	0.15	182	183	184	1550
9633	npc_2025七夕氛围秋千.obj	1	2	1	0.15	182	183	184	940
9634	npc_2025七夕氛围怨女.obj	1	2	1	0.15	182	183	184	1551
9635	npc_2025七夕氛围年轻宁残影.obj	1	2	1	0.15	182	183	184	1552
9636	npc怪_2025七夕副本穿心蔓.obj	1	2	1	0.15	182	183	184	1554
9637	npc怪_2025七夕副本穿心蔓大.obj	1	2	1	0.15	182	183	184	1555
9638	npc_2025七夕打卡小倩.obj	1	2	1	0.15	182	183	184	1005
9639	npc_2025七夕副本赤霞.obj	1	2	1	0.15	182	183	184	1558
9640	npc_2025空沙堆.obj	1	2	1	0.15	182	183	184	-1
9641	npc_2025空沙堆.obj	1	2	1	0.15	182	183	184	-1
9642	npc_2025空沙堆.obj	1	2	1	0.15	182	183	184	-1
9643	npc_2025空沙堆.obj	1	2	1.3	0.15	182	183	184	-1
9644	npc_2025空沙堆.obj	1	2	1	0.15	182	183	184	-1
9645	npc_2025空沙堆.obj	1	2	1	0.15	182	183	184	-1
9646	爬地毒虫.obj	1	2	1	0.15	182	183	184	1152
9647	灰白偏红蜘蛛.obj	1	2	1	0.15	182	183	184	592
9648	灰白色蜘蛛.obj	1	2	1	0.15	182	183	184	592
9649	毒狼蛛.obj	1	2	1	0.15	182	183	184	452
9650	红袍蜘蛛.obj	1	2	1	0.15	182	183	184	641
9651	白花蜘蛛.obj	1	2	1	0.15	182	183	184	592
9652	npc怪_2025小僵尸.obj	1	2	1	0.15	182	183	184	149
9653	npc_2025预热阿紫.obj	1	2	1	0.15	182	183	184	1114
9654	npc_2025预热小兵.obj	1	2	1	0.15	182	183	184	1575
9655	npc_2025预热游坦之.obj	1	2	1	0.15	182	183	184	1576
9656	npc_2025预热段誉.obj	1	2	1	0.15	182	183	184	940
9657	npc_2025巅峰系统萧峰幻影.obj	1	2	1	0.15	182	183	184	1589
9658	npc_2025预热虚竹.obj	1	2	1	0.15	182	183	184	940
9659	npc_2025预热钟灵.obj	1	2	1	0.15	182	183	184	940
9660	npc_2025预热官员.obj	1	2	1	0.15	182	183	184	940
9661	npc_2025预热死亡的家仆.obj	1	2	1	0.15	182	183	184	962
9662	npc_2025预热死亡的契丹武士.obj	1	2	1	0.15	182	183	184	962
9663	npc_2025预热碎片信件.obj	1	2	1	0.15	182	183	184	983
9664	npc_2025预热碎片佛珠.obj	1	2	1	0.15	182	183	184	983
9665	npc_2025预热碎片僧袍.obj	1	2	1	0.15	182	183	184	983
9666	npc_2025预热蒲团.obj	1	2	1	0.15	182	183	184	983
9667	npc_2025预热点火草堆.obj	1	2	1	0.15	182	183	184	983
9668	HJ_npc七夕副本宝箱.obj	1	2	1.5	0.15	182	183	184	1202
9669	npc汴梁城字画书生200821.obj	1	2	1	0.15	182	183	184	1572
9670	npc空模型_七夕副本出场黑雾.obj	1	2	1	0.15	182	183	184	-1
9671	npc怪_2025七夕副本噬人花预警范围.obj	1	2	1	0.15	182	183	184	-1
9672	npc_2025七夕副本赤霞.obj	1	2	1	0.15	182	183	184	940
9673	npc_2025巅峰等级玄智法师.obj	1	2	1	0.15	182	183	184	1592
9674	npc_2025帝陵重现辽战旗.obj	1	2	1	0.15	182	183	184	983
9675	npc_2025帝陵重现宋战旗.obj	1	2	1	0.15	182	183	184	983
9676	npc_2025帝陵重现传令官.obj	1	2	1	0.15	182	183	184	940
9677	npc_2025帝陵重现探情使.obj	1	2	1	0.15	182	183	184	940
9678	npc_2025帝陵重现宝箱.obj	1	2	1.3	0.15	182	183	184	1594
9679	boss_2025帝陵重现冲阵头领.obj	1	2	1	0.15	182	183	184	1150
9680	npc怪_2025帝陵重现白狼.obj	1	2	1	0.15	182	183	184	1150
9681	npc怪_2025帝陵重现辽国骑兵.obj	1	2	1	0.15	182	183	184	1589
9682	npc怪_2025帝陵重现偏陲悍匪.obj	1	2	1	0.15	182	183	184	1150
9683	npc怪_2025帝陵重现契丹勇士.obj	1	2	1	0.15	182	183	184	1150
9684	npc怪_2025帝陵重现巡逻辽兵.obj	1	2	1	0.15	182	183	184	1150
9685	npc怪_2025帝陵重现鹰隼.obj	1	2	1	0.15	182	183	184	1150
9686	boss_2025帝陵重现耶律隆绪.obj	1	2	1	0.15	182	183	184	1525
9688	npc_2025预热酒坛.obj	1	2	1	0.15	182	183	184	983
9689	npc_2025打卡天天.obj	1	2	1	0.15	182	183	184	940
9690	npc变身_2025打卡天天01.obj	1	2	1	0.15	182	183	184	1581
9691	npc变身_2025打卡天天02.obj	1	2	1	0.15	182	183	184	1581
9692	npc变身_2025打卡天天03.obj	1	2	1	0.15	182	183	184	1581
9693	npc_2025巅峰系统黑袍侠客.obj	1	2	1	0.15	182	183	184	940
9694	npc_2025巅峰系统萧峰.obj	1	2	1	0.15	182	183	184	937
9695	npc_2025预热小兵.obj	1	2	1	0.15	182	183	184	1558
9696	npc_2025巅峰系统漂浮秘典.obj	1	2	1	0.15	182	183	184	983
9697	npc_2025野外精英金印密匣.obj	1	2	1	0.15	182	183	184	1136
9699	npc怪_2025精英怪预热游坦之.obj	1	2	1	0.15	182	183	184	1578
9700	npc怪_2025地狱之门身手不凡的探子.obj	1	2	0.8	0.15	182	183	184	1114
9701	npc怪_2025地狱之门形迹可疑的探子.obj	1	2	0.8	0.15	182	183	184	1114
9702	空npc_cj_Q3打卡_送达点.obj	1	2	0.7	0.15	182	183	184	-1
9703	npc_2025预热空模型.obj	1	2	1	0.15	182	183	184	-1
9704	npc怪_2025巡逻怪预热辽兵.obj	1	2	1	0.15	182	183	184	1580
9705	npc_2025巅峰系统一桶水.obj	1	2	1	0.15	182	183	184	983
9706	psoul_2025弯月.obj	1	2	1	0.15	182	183	184	-1
9707	psoul_2025弯月01.obj	1	2	1	0.15	182	183	184	-1
9708	psoul_2025弯月03.obj	1	2	1	0.15	182	183	184	-1
9709	psoul_2025弯月04.obj	1	2	1	0.15	182	183	184	-1
9710	psoul_2025弯月05.obj	1	2	1	0.15	182	183	184	-1
9711	psoul_2025弯月06.obj	1	2	1	0.15	182	183	184	-1
9712	psoul_2025弯月07.obj	1	2	1	0.15	182	183	184	-1
9713	psoul_2025弯月13.obj	1	2	1	0.15	182	183	184	-1
9714	psoul_2025弯月14.obj	1	2	1	0.15	182	183	184	-1
9715	npc宋辽大战战斗辽兵210203.obj	1	2	1	0.15	182	183	184	1580
9716	npc_2025地狱之门暗探据点.obj	1	2	0.8	0.15	182	183	184	1114
9717	boss_2025野外精英辽军都头.obj	1	2	1	0.15	182	183	184	1588
9718	npc_2025祈愿树未开花.obj	1	2	1.4	0.15	182	183	184	983
9719	npc_2025祈愿树开花.obj	1	2	1.4	0.15	182	183	184	983
9720	npc_2025巅峰系统玉佛.obj	1	2	1	0.15	182	183	184	983
9721	npc_2025巅峰系统无面佛.obj	1	2	1	0.15	182	183	184	983
9722	npc_2025巅峰系统石佛.obj	1	2	1	0.15	182	183	184	983
9723	npc_2025巅峰系统木佛.obj	1	2	1	0.15	182	183	184	983
9724	npc_2025巅峰系统金佛.obj	1	2	1	0.15	182	183	184	983
9725	npc_2025预热空模型阻挡8米.obj	1	2	1	0.15	182	183	184	-1
9726	HJ_npc曼陀背琴老头22.obj	1	2	1	0.15	182	183	184	1590
9727	npc变身_2025巅峰系统毒蝎.obj	1	2	1	0.15	182	183	184	1005
9728	npc_2025预热小兵.obj	1	2	1	0.15	182	183	184	1591
9729	npc采集点_2025巅峰系统干涸的坑地.obj	1	2	1	0.15	182	183	184	983
9730	npc采集点_2025巅峰系统有水的坑地.obj	1	2	1	0.15	182	183	184	983
9731	npc_2025巅峰系统战死灵灵鸠.obj	1	2	1	0.15	182	183	184	1255
9732	npc侠士D210203.obj	1	2	1	0.15	182	183	184	1593
9733	npc_2025预热空模型阻挡12米.obj	1	2	1	0.15	182	183	184	-1
9734	npc侠士B210203.obj	1	2	1	0.15	182	183	184	1593
9735	npc_2025巅峰等级玄智法师.obj	1	2	1	0.15	182	183	184	1522
9736	npc_2025预热点火草堆_氛围光.obj	1	2	1	0.15	182	183	184	983
9737	npc怪_2025帝陵重现弓箭士兵.obj	1	2	1	0.15	182	183	184	1524
9738	ride_2023fengqiuhuang凤.obj	1	2	1	0.15	182	183	184	1526
9739	npc_2025巅峰预热剧情灵灵铃24.obj	1	2	1	0.15	182	183	184	983
9740	npc_2025巅峰预热剧情阿紫.obj	1	2	1	0.15	182	183	184	983
9741	npc_2025巅峰预热剧情侠士B210203.obj	1	2	1	0.15	182	183	184	983
9742	npc_2025巅峰预热剧情侠士D210203.obj	1	2	1	0.15	182	183	184	983
9743	npc_2025巅峰预热剧情游坦之.obj	1	2	1	0.15	182	183	184	983
9744	pet_2025混世魔猿一级.obj	1	2	1	0.15	182	183	184	1595
9745	pet_2025混世魔猿二级01.obj	1	2	1	0.15	182	183	184	1595
9746	pet_2025混世魔猿二级.obj	1	2	1	0.15	182	183	184	1595
9747	pet_2025混世魔猿三级01.obj	1	2	1	0.15	182	183	184	1595
9748	pet_2025混世魔猿三级.obj	1	2	1	0.15	182	183	184	1595
9749	pet_2025混世魔猿四级01.obj	1	2	1	0.15	182	183	184	1595
9750	pet_2025混世魔猿四级.obj	1	2	1	0.15	182	183	184	1595
9751	pet_2025混世魔猿五级.obj	1	2	1	0.15	182	183	184	1595
9752	pet_2025混世魔猿五级01.obj	1	2	1	0.15	182	183	184	1595
9753	ride_2025精卫鸟01.obj	1	2	1	0.15	495	495	495	1596
9754	HJ_npc朱雀战旗24.obj	1	2	0.25	0.15	182	183	184	983
9755	HJ_npc玄武战旗24.obj	1	2	0.25	0.15	182	183	184	983
9756	HJ_npc白虎战旗24.obj	1	2	0.25	0.15	182	183	184	983
9757	HJ_npc青龙战旗24.obj	1	2	0.25	0.15	182	183	184	983
9758	npc_2025冰雪节方冰奇.obj	1	2	1	0.15	495	495	495	1598
9759	npc_2025冰雪节预热呆呆牛.obj	1	2	1	0.15	495	495	495	1597
9760	npc_2025冰雪节预热蛋蛋鸡.obj	1	2	1	0.15	495	495	495	1602
9761	npc_2025冰雪节预热小狐仙.obj	1	2	1	0.15	495	495	495	1603
9762	npc_2025感恩节火鸡啾啾.obj	1	2	1	0.15	495	495	495	1005
9763	npc_2025感恩节火鸡肥肥.obj	1	2	1	0.15	495	495	495	1005
9773	npc_2025祈愿树未开花覆雪.obj	1	2	1.4	0.15	182	183	184	983
9774	npc_2025祈愿树开花覆雪.obj	1	2	1.4	0.15	182	183	184	983

12597	骑乘树傀儡100407.obj	1	2	1	0.15	182	183	184	1606
12598	骑乘20100423炎兽.obj	1	2	1	0.15	182	183	184	1604
12599	骑乘100528轩辕雷兽.obj	1	2	1	0.15	182	183	184	1605
12674	骑乘多人龙20100809.obj	1	2	1	0.15	182	183	184	1607
12686	骑乘兔子20100908.obj	1	2	1	0.15	182	183	184	836
12778	骑乘火麒麟20100407.obj	1	2	1	0.15	182	183	184	1610
12779	骑乘重甲战马101119.obj	1	2	1	0.15	182	183	184	1613
12780	骑乘100733卷轴3.obj	1	2	1	0.15	182	183	184	1609
12781	骑乘麒麟锦鱼.obj	1	2	1	0.15	182	183	184	1612
12782	骑乘仓鼠.obj	1	2	1	0.15	182	183	184	1611
12783	骑乘陆行鸟.obj	1	2	1	0.15	182	183	184	1608
12798	骑乘金麟舞狮101202.obj	1	2	1	0.15	182	183	184	1614
12838	骑乘春节花车101229.obj	1	2	1	0.15	182	183	184	1616
12841	骑乘金翅100728.obj	1	2	1	0.15	182	183	184	1615
12842	骑乘金翅蓝色100728.obj	1	2	1	0.15	182	183	184	1615
12843	骑乘金翅青色100728.obj	1	2	1	0.15	182	183	184	1615
12926	骑乘100915六人马车.obj	1	2	1	0.15	182	183	184	1620
12962	骑乘烈焰狂犀20110321.obj	1	2	1	0.15	182	183	184	1617
12963	骑乘童子台20101101.obj	1	2	1	0.15	182	183	184	1618
12964	骑乘月白蛟马110316.obj	1	2	1	0.15	182	183	184	1619
12978	骑乘雪狮王110406.obj	1	2	1	0.15	182	183	184	1621
13210	骑乘灵貉111121.obj	1	2	1	0.15	182	183	184	1622
13256	骑乘双人驯鹿120109花车.obj	1	2	1	0.15	182	183	184	1623
13306	骑乘战争巨兽120221.obj	1	2	1	0.15	182	183	184	1625
13310	骑乘巨猿20120209.obj	1	2	1	0.15	182	183	184	841
13320	骑乘石狼110926.obj	1	2	1	0.15	182	183	184	1626
13362	骑乘紫羽101009.obj	1	2	1	0.15	182	183	184	1624
13545	骑乘碧水金睛兽白色.obj	1	2	1	0.15	182	183	184	1627
13555	骑乘粉海马20120918.obj	1	2	1	0.15	182	183	184	1628
13556	骑乘蓝海马20120918.obj	1	2	1	0.15	182	183	184	1628
13585	骑乘穷奇黑色120919.obj	1	2	1	0.15	182	183	184	1622
13586	骑乘穷奇白色120919.obj	1	2	1	0.15	182	183	184	1622
13597	骑乘圣诞方舟121120.obj	1	2	1	0.15	182	183	184	1629
13619	骑乘春节福寿狮子130105.obj	1	2	1	0.15	182	183	184	1622
13620	骑乘半透熊20130312.obj	1	2	1	0.15	182	183	184	850
13621	骑乘路行鹤130227.obj	1	2	1	0.15	182	183	184	1630
13623	骑乘唐门门派坐骑初级130418.obj	1	2	1	0.15	182	183	184	1631
13624	骑乘唐门门派坐骑中级130425.obj	1	2	1	0.15	182	183	184	1631
13625	骑乘唐门门派坐骑高级130509.obj	1	2	1	0.15	182	183	184	1631
13631	骑乘血羽101009.obj	1	2	1	0.15	182	183	184	1624
13632	骑乘夏日冰龙130527.obj	1	2	1	0.15	182	183	184	1632
13733	骑乘黑玫瑰130729.obj	1	2	1	0.15	182	183	184	1633
13766	骑乘藏族套2012062.obj	1	2	1	0.15	182	183	184	1634
13769	骑乘水马20131028.obj	1	2	1	0.15	182	183	184	1635
13770	骑乘机械坐骑131017.obj	1	2	1	0.15	182	183	184	1636
13780	骑乘20131128圣诞骑乘.obj	1	2	1	0.15	182	183	184	1637
13823	骑乘20140102情人节骑乘.obj	1	2	1	0.15	182	183	184	1638
13877	骑乘140210火焰马.obj	1	2	1	0.15	182	183	184	1639
13984	骑乘140416仙龟.obj	1	2	1	0.15	182	183	184	1640
14030	骑乘140507海龙.obj	1	2	1	0.15	182	183	184	1641
14097	骑乘140903圣灵乌鸦.obj	1	2	1	0.15	182	183	184	1642
14099	骑乘2014情人节情侣羊.obj	1	2	1	0.15	182	183	184	1643
14158	骑乘141008古风荷花.obj	1	2	1	0.15	182	183	184	1647
14159	骑乘141113炼狱凤凰.obj	1	2	1	0.15	182	183	184	1645
14160	骑乘141113裂海魔龙骑乘.obj	1	2	1	0.15	182	183	184	1644
14161	骑乘141113噬魂花妖坐骑.obj	1	2	1	0.15	182	183	184	1646
14164	骑乘140428风筝a.obj	1	2	1	0.15	182	183	184	1648
14165	骑乘140428风筝b.obj	1	2	1	0.15	182	183	184	1648
14225	骑乘150302钢鬃坐骑.obj	1	2	1	0.15	182	183	184	1649
14234	骑乘1503109龙舟.obj	1	2	1	0.15	182	183	184	1651
14277	骑乘150515雄霸天下1.obj	1	2	1.3	0.15	182	183	184	1650
14278	骑乘150515雄霸天下2.obj	1	2	1.3	0.15	182	183	184	1650
14287	骑乘150621龙人骑乘.obj	1	2	1	0.15	182	183	184	1652
14331	骑乘150403七夕坐骑.obj	1	2	1	0.15	182	183	184	936
14333	骑乘20150611天鹅花车.obj	1	2	1	0.15	182	183	184	1653
14452	骑乘150914白猫a.obj	1	2	1	0.15	182	183	184	1655
14454	骑乘150914白猫.obj	1	2	1	0.15	182	183	184	1655
14503	骑乘151218傲娇公主坐骑.obj	1	2	1	0.15	182	183	184	1656
14504	骑乘151218傲娇公主坐骑紫色.obj	1	2	1	0.15	182	183	184	1656
14660	骑乘150410半人马白.obj	1	2	1	0.15	182	183	184	1654
14740	骑乘160114墨幽.obj	1	2	1	0.15	182	183	184	1657
14741	骑乘160114紫玉.obj	1	2	1	0.15	182	183	184	1657
14769	骑乘熊猫100115九周年.obj	1	2	1	0.15	182	183	184	851
14797	坐骑160426牛魔王.obj	1	2	1	0.15	182	183	184	1658
14808	骑乘160612蛋糕.obj	1	2	1	0.15	182	183	184	1659
14838	骑乘160602鬼谷狐狸01.obj	1	2	1	0.15	182	183	184	1660
14839	骑乘160602鬼谷狐狸02.obj	1	2	1	0.15	182	183	184	1660
14840	骑乘160602鬼谷狐狸03.obj	1	2	1	0.15	182	183	184	1660
15062	骑乘金羽101009.obj	1	2	1	0.15	182	183	184	1624
15355	骑乘160516白狼.obj	1	2	1	0.15	182	183	184	1661
15432	骑乘160916冰雪驯鹿.obj	1	2	1	0.15	182	183	184	1662
15457	骑乘161207龙.obj	1	2	1	0.15	182	183	184	1663
15467	骑乘170605双头龙.obj	1	2	1	0.15	182	183	184	1664
15537	骑乘20170726猎鹰兽01.obj	1	2	1	0.15	182	183	184	1665
15538	骑乘20170726猎鹰兽02.obj	1	2	1	0.15	182	183	184	1665
15574	骑乘171120冰雪.obj	1	2	1	0.15	182	183	184	1666
15611	骑乘180116翅膀.obj	1	2	1	0.15	182	183	184	1667
15642	骑乘180504孔雀.obj	1	2	1	0.15	182	183	184	1668
15644	骑乘180527琵琶.obj	1	2	1	0.15	182	183	184	1669
15655	骑乘180516七夕羽毛.obj	1	2	1	0.15	182	183	184	1669
15656	骑乘180516七夕羽毛蓝.obj	1	2	1	0.15	182	183	184	1669
15665	骑乘180804兔子月亮.obj	1	2	1.5	0.15	182	183	184	1669
15673	骑乘180925飞剑.obj	1	2	1.5	0.15	182	183	184	1670
15717	骑乘181207凤凰坐骑.obj	1	2	1	0.15	182	183	184	1671
15735	骑乘190328瑞鹤图黑金卷轴.obj	1	2	1	0.15	182	183	184	1609
15815	骑乘190828桃花岛高级.obj	1	2	1	0.15	182	183	184	1672
15816	骑乘190829桃花岛中级.obj	1	2	1	0.15	182	183	184	1672
15817	骑乘190823桃花岛低级.obj	1	2	1	0.15	182	183	184	1672
15910	骑乘191008神秘主题黑马.obj	1	2	1	0.15	182	183	184	1673
16011	骑乘20200414荷花金鱼.obj	1	2	1	0.15	182	183	184	1674
16018	骑乘200304春季藤蔓仙子.obj	1	2	1	0.15	182	183	184	1669
16064	骑乘200714七夕并蒂莲.obj	1	2	1	0.15	182	183	184	1675
16071	骑乘200714七夕并蒂莲蓝色.obj	1	2	1	0.15	182	183	184	1675
16266	骑乘201012丰收麦穗马.obj	1	2	1	0.15	182	183	184	1676
16288	骑乘公共黑马20201105.obj	1	2	1	0.15	182	183	184	1676
16289	骑乘公共白马20201105.obj	1	2	1	0.15	182	183	184	1676
16370	春节坐骑20201228.obj	1	2	1	0.15	182	183	184	1677
16371	骑乘霓裳羽衣白鸾201218.obj	1	2	1	0.15	182	183	184	1677
16382	骑乘霓裳羽衣白鸾201218变色.obj	1	2	1	0.15	182	183	184	1677
16383	骑乘立春风筝210111.obj	1	2	1	0.15	182	183	184	1678
16384	ride_2021zhanma.obj	1	2	1	0.15	182	183	184	1679
16391	ride_2021jiaogu.obj	1	2	1	0.15	182	183	184	1680
16392	ride_2021lanhuazhuti.obj	1	2	1	0.15	182	183	184	1669
16394	ride_2021hehuachuan.obj	1	2	1	0.15	182	183	184	1681
16452	ride_CR_2021wuya2.obj	1	2	1	0.15	182	183	184	1676
16453	ride_CR_2021wuya3.obj	1	2	1	0.15	182	183	184	1676
16501	ride_2021xuexiong.obj	1	2	1	0.15	182	183	184	918
16502	ride_2021jianzhi.obj	1	2	1	0.15	182	183	184	918
16535	骑乘20191217上元节大花灯.obj	1	2	1	0.15	182	183	184	1680
16536	ride_2021baijinchibang.obj	1	2	1	0.15	182	183	184	1667
16537	ride_2021baijinchibang01.obj	1	2	1	0.15	182	183	184	1667
16587	ride_2022xiongmao.obj	1	2	1	0.15	182	183	184	1681
16588	ride_2022xmzhuye.obj	1	2	1	0.15	182	183	184	1681
16589	ride_2022huachaojielanse变色01.obj	1	2	1	0.15	182	183	184	936
16590	ride_2022huachaojielanse.obj	1	2	1	0.15	182	183	184	936
16617	ride_2021qingluan.obj	1	2	1	0.15	182	183	184	1680
16683	ride_2022feibao.obj	1	2	1	0.15	182	183	184	1683
16707	ride_2022mgyzhanma.obj	1	2	1	0.15	182	183	184	1682
16708	ride_2022mgyzhanma01.obj	1	2	1	0.15	182	183	184	1684
16748	ride_2022huachaojieC.obj	1	2	1	0.15	182	183	184	1671
16818	ride_2022fuchunshanju.obj	1	2	1	0.15	182	183	184	1609
16833	ride_2022qrjma.obj	1	2	1	0.15	182	183	184	1686
16834	ride_2022qrjmacheM.obj	1	2	1	0.15	182	183	184	1685
16976	ride_2023jianghuma01.obj	1	2	1	0.15	182	183	184	1687
17004	骑乘201006天马白紫.obj	1	2	1	0.15	182	183	184	1688
17037	ride_2023zhengbasai01.obj	1	2	1	0.15	182	183	184	1691
17038	ride_2023zhengbasai02.obj	1	2	1	0.15	182	183	184	1690
17039	ride_2023zhengbasai03.obj	1	2	1	0.15	182	183	184	1689
17348	ride_ZM_2023laohu.obj	1	2	1	0.15	182	183	184	1676
17349	ride_ZM_2023shizi.obj	1	2	1	0.15	182	183	184	1676
17350	ride_ZM_2023lang.obj	1	2	1	0.15	182	183	184	1676
17351	ride_ZM_2023he.obj	1	2	1	0.15	182	183	184	1676
17352	ride_ZM_2023fenghuang.obj	1	2	1	0.15	182	183	184	1676
17353	ride_ZM_2023niu.obj	1	2	1	0.15	182	183	184	1676
17354	ride_ZM_2023baima.obj	1	2	1	0.15	182	183	184	1676
17355	ride_ZM_2023diao.obj	1	2	1	0.15	182	183	184	1676
17356	ride_ZM_2023lu.obj	1	2	1	0.15	182	183	184	1676
17357	ride_ZM_2023yang.obj	1	2	1	0.15	182	183	184	1676
17358	ride_ZM_2023heibao.obj	1	2	1	0.15	182	183	184	1676
17359	ride_ZM_2023huli.obj	1	2	1	0.15	182	183	184	1676
17360	ride_ZM_2023jiqiniao.obj	1	2	1	0.15	182	183	184	1676
17361	ride_ZM_2023wuya.obj	1	2	1	0.15	182	183	184	1676
17409	ride_2023柯基犬.obj	1	2	1	0.15	182	183	184	1676
17458	ride_2023年兽.obj	1	2	1	0.15	182	183	184	1692
17484	ride_2024蛋蛋鸡.obj	1	2	1	0.15	182	183	184	1681
17500	ride_2024战甲马.obj	1	2	1	0.15	182	183	184	1676
17570	骑乘240415端午蓝龙.obj	1	2	1	0.15	182	183	184	1693
17851	ride_ZM_2024猞猁.obj	1	2	1	0.15	182	183	184	1676
18145	ride_2025黑金鱼花灯.obj	1	2	1	0.15	182	183	184	1694
18302	ride_2025九尾白狐.obj	1	2	1	0.15	182	183	184	1695
18322	ride_2025战马01.obj	1	2	1	0.15	182	183	184	1696
18523	ride_2026冰雪狮子.obj	1	2	1	0.15	182	183	184	1697
18524	ride_2026冰雪狮子01.obj	1	2	1	0.15	182	183	184	1698
18526	ride_2025Q版貔貅.obj	1	2	1	0.15	182	183	184	1699
