INT	INT	STRING	INT	INT	INT	STRING	STRING	INT	INT	INT	INT	INT	INT	INT	INT	INT	INT	INT	INT	INT	INT	INT
INT	INT	STRING	INT	INT	INT	STRING	STRING	INT	INT	INT	INT	INT	INT	INT	INT	INT	INT	INT	INT	INT	INT	INT
1	205	Huy®n nha	0	1	0	400 1200 -5600	1 0 0 0	72	73	74	75	-1	-1	-1	-1	-1	-1	20000	40000	80000	160000	320000
2	205	ÐÕi kÏ	17	2	0	400 1200 -3600	1 0 0 0	1	1	1	1	-1	-1	-1	-1	-1	-1	0	0	0	0	0
3	205	Võ Phß¶ng	11	4	0	3900 800 -5700	1 0 0 0	2	3	4	5	-1	6	7	8	9	10	9000	15300	26000	44200	75200
4	205	Phòng Cø	4	5	0	5900 800 -5900	1 0 0 0	6	7	8	-1	-1	-1	-1	-1	-1	-1	0	0	15000	18000	21600
5	205	Ti«n trang	3	6	0	5900 800 -4200	1 0 0 0	10	11	12	13	-1	89	17	35	53	71	10000	18000	32400	58300	105000
6	205	Trß¶ng võ	15	7	0	5500 400 -200	1 0 0 0	14	15	16	17	-1	-1	-1	-1	-1	-1	9000	15300	26000	44200	75200
7	205	M­ Thß½ng	7	8	0	3300 0 -1200	1 0 0 0	18	19	20	21	-1	-1	-1	-1	-1	-1	9000	11700	15200	19800	25700
8	205	Thß vi®n	13	9	0	-2100 0 -1800	1 0 0 0	22	23	24	25	-1	-1	-1	-1	-1	-1	9000	11700	15200	19800	25700
9	205	Y Xä	10	11	0	-4800 400 600	1 0 0 0	26	27	28	-1	-1	-1	11	12	13	-1	0	0	20000	26000	33800
10	205	T§p Phß¶ng	9	12	0	-5700 400 -700	1 0 0 0	30	31	32	33	-1	-1	-1	-1	-1	-1	9000	11700	15200	19800	25700
11	205	TØu quán	2	13	0	-5900 800 -2400	1 0 0 0	34	35	36	-1	-1	-1	14	15	16	-1	0	0	20000	26000	33800
12	205	Sß½ng phòng	1	14	0	-5900 800 -3900	1 0 0 0	38	39	40	41	-1	-1	-1	-1	-1	-1	9000	9900	10900	12000	13200
13	205	Võ Cø	6	15	0	-5300 800 -6000	1 0 0 0	42	43	44	-1	-1	-1	-1	-1	-1	-1	0	0	15000	18000	21600
14	205	ÐoÕn Ðài	5	16	0	-3300 800 -5500	1 0 0 0	46	47	48	49	-1	1	2	3	4	5	9000	11700	15200	19800	25700
15	205	Tß¶ng thành	8	17	0	400 0 1000	1 0 0 0	1	1	1	1	-1	-1	-1	-1	-1	-1	0	0	0	0	0
16	206	Huy®n nha	0	1	0	400 1200 -5600	1 0 0 0	72	73	74	75	-1	-1	-1	-1	-1	-1	20000	40000	80000	160000	320000
17	206	ÐÕi kÏ	17	2	0	400 1200 -3600	1 0 0 0	1	1	1	1	-1	-1	-1	-1	-1	-1	0	0	0	0	0
18	206	Võ Phß¶ng	11	4	0	3900 800 -5700	1 0 0 0	2	3	4	5	-1	6	7	8	9	10	9000	15300	26000	44200	75200
19	206	Phòng Cø	4	5	0	5900 800 -5900	1 0 0 0	6	7	8	-1	-1	-1	-1	-1	-1	-1	0	0	15000	18000	21600
20	206	Ti«n trang	3	6	0	5900 800 -4200	1 0 0 0	10	11	12	13	-1	90	18	36	54	72	10000	18000	32400	58300	105000
21	206	Trß¶ng võ	15	7	0	5500 400 -200	1 0 0 0	14	15	16	17	-1	-1	-1	-1	-1	-1	9000	15300	26000	44200	75200
22	206	M­ Thß½ng	7	8	0	3300 0 -1200	1 0 0 0	18	19	20	21	-1	-1	-1	-1	-1	-1	9000	11700	15200	19800	25700
23	206	Thß vi®n	13	9	0	-2100 0 -1800	1 0 0 0	22	23	24	25	-1	-1	-1	-1	-1	-1	9000	11700	15200	19800	25700
24	206	Y Xä	10	11	0	-4800 400 600	1 0 0 0	26	27	28	-1	-1	-1	11	12	13	-1	0	0	20000	26000	33800
25	206	T§p Phß¶ng	9	12	0	-5700 400 -700	1 0 0 0	30	31	32	33	-1	-1	-1	-1	-1	-1	9000	11700	15200	19800	25700
26	206	TØu quán	2	13	0	-5900 800 -2400	1 0 0 0	34	35	36	-1	-1	-1	14	15	16	-1	0	0	20000	26000	33800
27	206	Sß½ng phòng	1	14	0	-5900 800 -3900	1 0 0 0	38	39	40	41	-1	-1	-1	-1	-1	-1	9000	9900	10900	12000	13200
28	206	Võ Cø	6	15	0	-5300 800 -6000	1 0 0 0	42	43	44	-1	-1	-1	-1	-1	-1	-1	0	0	15000	18000	21600
29	206	ÐoÕn Ðài	5	16	0	-3300 800 -5500	1 0 0 0	46	47	48	49	-1	1	2	3	4	5	9000	11700	15200	19800	25700
30	206	Tß¶ng thành	8	17	0	400 0 1000	1 0 0 0	1	1	1	1	-1	-1	-1	-1	-1	-1	0	0	0	0	0
31	207	Huy®n nha	0	1	0	400 1200 -5600	1 0 0 0	72	73	74	75	-1	-1	-1	-1	-1	-1	20000	40000	80000	160000	320000
32	207	ÐÕi kÏ	17	2	0	400 1200 -3600	1 0 0 0	1	1	1	1	-1	-1	-1	-1	-1	-1	0	0	0	0	0
33	207	Võ Phß¶ng	11	4	0	3900 800 -5700	1 0 0 0	2	3	4	5	-1	6	7	8	9	10	9000	15300	26000	44200	75200
34	207	Phòng Cø	4	5	0	5900 800 -5900	1 0 0 0	6	7	8	-1	-1	-1	-1	-1	-1	-1	0	0	15000	18000	21600
35	207	Ti«n trang	3	6	0	5900 800 -4200	1 0 0 0	10	11	12	13	-1	91	19	37	55	73	10000	18000	32400	58300	105000
36	207	Trß¶ng võ	15	7	0	5500 400 -200	1 0 0 0	14	15	16	17	-1	-1	-1	-1	-1	-1	9000	15300	26000	44200	75200
37	207	M­ Thß½ng	7	8	0	3300 0 -1200	1 0 0 0	18	19	20	21	-1	-1	-1	-1	-1	-1	9000	11700	15200	19800	25700
38	207	Thß vi®n	13	9	0	-2100 0 -1800	1 0 0 0	22	23	24	25	-1	-1	-1	-1	-1	-1	9000	11700	15200	19800	25700
39	207	Y Xä	10	11	0	-4800 400 600	1 0 0 0	26	27	28	-1	-1	-1	11	12	13	-1	0	0	20000	26000	33800
40	207	T§p Phß¶ng	9	12	0	-5700 400 -700	1 0 0 0	30	31	32	33	-1	-1	-1	-1	-1	-1	9000	11700	15200	19800	25700
41	207	TØu quán	2	13	0	-5900 800 -2400	1 0 0 0	34	35	36	-1	-1	-1	14	15	16	-1	0	0	20000	26000	33800
42	207	Sß½ng phòng	1	14	0	-5900 800 -3900	1 0 0 0	38	39	40	41	-1	-1	-1	-1	-1	-1	9000	9900	10900	12000	13200
43	207	Võ Cø	6	15	0	-5300 800 -6000	1 0 0 0	42	43	44	-1	-1	-1	-1	-1	-1	-1	0	0	15000	18000	21600
44	207	ÐoÕn Ðài	5	16	0	-3300 800 -5500	1 0 0 0	46	47	48	49	-1	1	2	3	4	5	9000	11700	15200	19800	25700
45	207	Tß¶ng thành	8	17	0	400 0 1000	1 0 0 0	1	1	1	1	-1	-1	-1	-1	-1	-1	0	0	0	0	0
46	208	Huy®n nha	0	1	0	400 1200 -5600	1 0 0 0	72	73	74	75	-1	-1	-1	-1	-1	-1	20000	40000	80000	160000	320000
47	208	ÐÕi kÏ	17	2	0	400 1200 -3600	1 0 0 0	1	1	1	1	-1	-1	-1	-1	-1	-1	0	0	0	0	0
48	208	Võ Phß¶ng	11	4	0	3900 800 -5700	1 0 0 0	2	3	4	5	-1	6	7	8	9	10	9000	15300	26000	44200	75200
49	208	Phòng Cø	4	5	0	5900 800 -5900	1 0 0 0	6	7	8	-1	-1	-1	-1	-1	-1	-1	0	0	15000	18000	21600
50	208	Ti«n trang	3	6	0	5900 800 -4200	1 0 0 0	10	11	12	13	-1	92	20	38	56	74	10000	18000	32400	58300	105000
51	208	Trß¶ng võ	15	7	0	5500 400 -200	1 0 0 0	14	15	16	17	-1	-1	-1	-1	-1	-1	9000	15300	26000	44200	75200
52	208	M­ Thß½ng	7	8	0	3300 0 -1200	1 0 0 0	18	19	20	21	-1	-1	-1	-1	-1	-1	9000	11700	15200	19800	25700
53	208	Thß vi®n	13	9	0	-2100 0 -1800	1 0 0 0	22	23	24	25	-1	-1	-1	-1	-1	-1	9000	11700	15200	19800	25700
54	208	Y Xä	10	11	0	-4800 400 600	1 0 0 0	26	27	28	-1	-1	-1	11	12	13	-1	0	0	20000	26000	33800
55	208	T§p Phß¶ng	9	12	0	-5700 400 -700	1 0 0 0	30	31	32	33	-1	-1	-1	-1	-1	-1	9000	11700	15200	19800	25700
56	208	TØu quán	2	13	0	-5900 800 -2400	1 0 0 0	34	35	36	-1	-1	-1	14	15	16	-1	0	0	20000	26000	33800
57	208	Sß½ng phòng	1	14	0	-5900 800 -3900	1 0 0 0	38	39	40	41	-1	-1	-1	-1	-1	-1	9000	9900	10900	12000	13200
58	208	Võ Cø	6	15	0	-5300 800 -6000	1 0 0 0	42	43	44	-1	-1	-1	-1	-1	-1	-1	0	0	15000	18000	21600
59	208	ÐoÕn Ðài	5	16	0	-3300 800 -5500	1 0 0 0	46	47	48	49	-1	1	2	3	4	5	9000	11700	15200	19800	25700
60	208	Tß¶ng thành	8	17	0	400 0 1000	1 0 0 0	1	1	1	1	-1	-1	-1	-1	-1	-1	0	0	0	0	0
61	209	Huy®n nha	0	1	0	400 1200 -5600	1 0 0 0	72	73	74	75	-1	-1	-1	-1	-1	-1	20000	40000	80000	160000	320000
62	209	ÐÕi kÏ	17	2	0	400 1200 -3600	1 0 0 0	1	1	1	1	-1	-1	-1	-1	-1	-1	0	0	0	0	0
63	209	Võ Phß¶ng	11	4	0	3900 800 -5700	1 0 0 0	2	3	4	5	-1	6	7	8	9	10	9000	15300	26000	44200	75200
64	209	Phòng Cø	4	5	0	5900 800 -5900	1 0 0 0	6	7	8	-1	-1	-1	-1	-1	-1	-1	0	0	15000	18000	21600
65	209	Ti«n trang	3	6	0	5900 800 -4200	1 0 0 0	10	11	12	13	-1	93	21	39	57	75	10000	18000	32400	58300	105000
66	209	Trß¶ng võ	15	7	0	5500 400 -200	1 0 0 0	14	15	16	17	-1	-1	-1	-1	-1	-1	9000	15300	26000	44200	75200
67	209	M­ Thß½ng	7	8	0	3300 0 -1200	1 0 0 0	18	19	20	21	-1	-1	-1	-1	-1	-1	9000	11700	15200	19800	25700
68	209	Thß vi®n	13	9	0	-2100 0 -1800	1 0 0 0	22	23	24	25	-1	-1	-1	-1	-1	-1	9000	11700	15200	19800	25700
69	209	Y Xä	10	11	0	-4800 400 600	1 0 0 0	26	27	28	-1	-1	-1	11	12	13	-1	0	0	20000	26000	33800
70	209	T§p Phß¶ng	9	12	0	-5700 400 -700	1 0 0 0	30	31	32	33	-1	-1	-1	-1	-1	-1	9000	11700	15200	19800	25700
71	209	TØu quán	2	13	0	-5900 800 -2400	1 0 0 0	34	35	36	-1	-1	-1	14	15	16	-1	0	0	20000	26000	33800
72	209	Sß½ng phòng	1	14	0	-5900 800 -3900	1 0 0 0	38	39	40	41	-1	-1	-1	-1	-1	-1	9000	9900	10900	12000	13200
73	209	Võ Cø	6	15	0	-5300 800 -6000	1 0 0 0	42	43	44	-1	-1	-1	-1	-1	-1	-1	0	0	15000	18000	21600
74	209	ÐoÕn Ðài	5	16	0	-3300 800 -5500	1 0 0 0	46	47	48	49	-1	1	2	3	4	5	9000	11700	15200	19800	25700
75	209	Tß¶ng thành	8	17	0	400 0 1000	1 0 0 0	1	1	1	1	-1	-1	-1	-1	-1	-1	0	0	0	0	0
76	210	Huy®n nha	0	1	0	400 1200 -5600	1 0 0 0	72	73	74	75	-1	-1	-1	-1	-1	-1	20000	40000	80000	160000	320000
77	210	ÐÕi kÏ	17	2	0	400 1200 -3600	1 0 0 0	1	1	1	1	-1	-1	-1	-1	-1	-1	0	0	0	0	0
78	210	Võ Phß¶ng	11	4	0	3900 800 -5700	1 0 0 0	2	3	4	5	-1	6	7	8	9	10	9000	15300	26000	44200	75200
79	210	Phòng Cø	4	5	0	5900 800 -5900	1 0 0 0	6	7	8	-1	-1	-1	-1	-1	-1	-1	0	0	15000	18000	21600
80	210	Ti«n trang	3	6	0	5900 800 -4200	1 0 0 0	10	11	12	13	-1	94	22	40	58	76	10000	18000	32400	58300	105000
81	210	Trß¶ng võ	15	7	0	5500 400 -200	1 0 0 0	14	15	16	17	-1	-1	-1	-1	-1	-1	9000	15300	26000	44200	75200
82	210	M­ Thß½ng	7	8	0	3300 0 -1200	1 0 0 0	18	19	20	21	-1	-1	-1	-1	-1	-1	9000	11700	15200	19800	25700
83	210	Thß vi®n	13	9	0	-2100 0 -1800	1 0 0 0	22	23	24	25	-1	-1	-1	-1	-1	-1	9000	11700	15200	19800	25700
84	210	Y Xä	10	11	0	-4800 400 600	1 0 0 0	26	27	28	-1	-1	-1	11	12	13	-1	0	0	20000	26000	33800
85	210	T§p Phß¶ng	9	12	0	-5700 400 -700	1 0 0 0	30	31	32	33	-1	-1	-1	-1	-1	-1	9000	11700	15200	19800	25700
86	210	TØu quán	2	13	0	-5900 800 -2400	1 0 0 0	34	35	36	-1	-1	-1	14	15	16	-1	0	0	20000	26000	33800
87	210	Sß½ng phòng	1	14	0	-5900 800 -3900	1 0 0 0	38	39	40	41	-1	-1	-1	-1	-1	-1	9000	9900	10900	12000	13200
88	210	Võ Cø	6	15	0	-5300 800 -6000	1 0 0 0	42	43	44	-1	-1	-1	-1	-1	-1	-1	0	0	15000	18000	21600
89	210	ÐoÕn Ðài	5	16	0	-3300 800 -5500	1 0 0 0	46	47	48	49	-1	1	2	3	4	5	9000	11700	15200	19800	25700
90	210	Tß¶ng thành	8	17	0	400 0 1000	1 0 0 0	1	1	1	1	-1	-1	-1	-1	-1	-1	0	0	0	0	0
91	211	Huy®n nha	0	1	0	400 1200 -5600	1 0 0 0	72	73	74	75	-1	-1	-1	-1	-1	-1	20000	40000	80000	160000	320000
92	211	ÐÕi kÏ	17	2	0	400 1200 -3600	1 0 0 0	1	1	1	1	-1	-1	-1	-1	-1	-1	0	0	0	0	0
93	211	Võ Phß¶ng	11	4	0	3900 800 -5700	1 0 0 0	2	3	4	5	-1	6	7	8	9	10	9000	15300	26000	44200	75200
94	211	Phòng Cø	4	5	0	5900 800 -5900	1 0 0 0	6	7	8	-1	-1	-1	-1	-1	-1	-1	0	0	15000	18000	21600
95	211	Ti«n trang	3	6	0	5900 800 -4200	1 0 0 0	10	11	12	13	-1	95	23	41	59	77	10000	18000	32400	58300	105000
96	211	Trß¶ng võ	15	7	0	5500 400 -200	1 0 0 0	14	15	16	17	-1	-1	-1	-1	-1	-1	9000	15300	26000	44200	75200
97	211	M­ Thß½ng	7	8	0	3300 0 -1200	1 0 0 0	18	19	20	21	-1	-1	-1	-1	-1	-1	9000	11700	15200	19800	25700
98	211	Thß vi®n	13	9	0	-2100 0 -1800	1 0 0 0	22	23	24	25	-1	-1	-1	-1	-1	-1	9000	11700	15200	19800	25700
99	211	Y Xä	10	11	0	-4800 400 600	1 0 0 0	26	27	28	-1	-1	-1	11	12	13	-1	0	0	20000	26000	33800
100	211	T§p Phß¶ng	9	12	0	-5700 400 -700	1 0 0 0	30	31	32	33	-1	-1	-1	-1	-1	-1	9000	11700	15200	19800	25700
101	211	TØu quán	2	13	0	-5900 800 -2400	1 0 0 0	34	35	36	-1	-1	-1	14	15	16	-1	0	0	20000	26000	33800
102	211	Sß½ng phòng	1	14	0	-5900 800 -3900	1 0 0 0	38	39	40	41	-1	-1	-1	-1	-1	-1	9000	9900	10900	12000	13200
103	211	Võ Cø	6	15	0	-5300 800 -6000	1 0 0 0	42	43	44	-1	-1	-1	-1	-1	-1	-1	0	0	15000	18000	21600
104	211	ÐoÕn Ðài	5	16	0	-3300 800 -5500	1 0 0 0	46	47	48	49	-1	1	2	3	4	5	9000	11700	15200	19800	25700
105	211	Tß¶ng thành	8	17	0	400 0 1000	1 0 0 0	1	1	1	1	-1	-1	-1	-1	-1	-1	0	0	0	0	0
106	212	Huy®n nha	0	1	0	400 1200 -5600	1 0 0 0	72	73	74	75	-1	-1	-1	-1	-1	-1	20000	40000	80000	160000	320000
107	212	ÐÕi kÏ	17	2	0	400 1200 -3600	1 0 0 0	1	1	1	1	-1	-1	-1	-1	-1	-1	0	0	0	0	0
108	212	Võ Phß¶ng	11	4	0	3900 800 -5700	1 0 0 0	2	3	4	5	-1	6	7	8	9	10	9000	15300	26000	44200	75200
109	212	Phòng Cø	4	5	0	5900 800 -5900	1 0 0 0	6	7	8	-1	-1	-1	-1	-1	-1	-1	0	0	15000	18000	21600
110	212	Ti«n trang	3	6	0	5900 800 -4200	1 0 0 0	10	11	12	13	-1	96	24	42	60	78	10000	18000	32400	58300	105000
111	212	Trß¶ng võ	15	7	0	5500 400 -200	1 0 0 0	14	15	16	17	-1	-1	-1	-1	-1	-1	9000	15300	26000	44200	75200
112	212	M­ Thß½ng	7	8	0	3300 0 -1200	1 0 0 0	18	19	20	21	-1	-1	-1	-1	-1	-1	9000	11700	15200	19800	25700
113	212	Thß vi®n	13	9	0	-2100 0 -1800	1 0 0 0	22	23	24	25	-1	-1	-1	-1	-1	-1	9000	11700	15200	19800	25700
114	212	Y Xä	10	11	0	-4800 400 600	1 0 0 0	26	27	28	-1	-1	-1	11	12	13	-1	0	0	20000	26000	33800
115	212	T§p Phß¶ng	9	12	0	-5700 400 -700	1 0 0 0	30	31	32	33	-1	-1	-1	-1	-1	-1	9000	11700	15200	19800	25700
116	212	TØu quán	2	13	0	-5900 800 -2400	1 0 0 0	34	35	36	-1	-1	-1	14	15	16	-1	0	0	20000	26000	33800
117	212	Sß½ng phòng	1	14	0	-5900 800 -3900	1 0 0 0	38	39	40	41	-1	-1	-1	-1	-1	-1	9000	9900	10900	12000	13200
118	212	Võ Cø	6	15	0	-5300 800 -6000	1 0 0 0	42	43	44	-1	-1	-1	-1	-1	-1	-1	0	0	15000	18000	21600
119	212	ÐoÕn Ðài	5	16	0	-3300 800 -5500	1 0 0 0	46	47	48	49	-1	1	2	3	4	5	9000	11700	15200	19800	25700
120	212	Tß¶ng thành	8	17	0	400 0 1000	1 0 0 0	1	1	1	1	-1	-1	-1	-1	-1	-1	0	0	0	0	0
121	213	Huy®n nha	0	1	0	400 1200 -5600	1 0 0 0	72	73	74	75	-1	-1	-1	-1	-1	-1	20000	40000	80000	160000	320000
122	213	ÐÕi kÏ	17	2	0	400 1200 -3600	1 0 0 0	1	1	1	1	-1	-1	-1	-1	-1	-1	0	0	0	0	0
123	213	Võ Phß¶ng	11	4	0	3900 800 -5700	1 0 0 0	2	3	4	5	-1	6	7	8	9	10	9000	15300	26000	44200	75200
124	213	Phòng Cø	4	5	0	5900 800 -5900	1 0 0 0	6	7	8	-1	-1	-1	-1	-1	-1	-1	0	0	15000	18000	21600
125	213	Ti«n trang	3	6	0	5900 800 -4200	1 0 0 0	10	11	12	13	-1	97	25	43	61	79	10000	18000	32400	58300	105000
126	213	Trß¶ng võ	15	7	0	5500 400 -200	1 0 0 0	14	15	16	17	-1	-1	-1	-1	-1	-1	9000	15300	26000	44200	75200
127	213	M­ Thß½ng	7	8	0	3300 0 -1200	1 0 0 0	18	19	20	21	-1	-1	-1	-1	-1	-1	9000	11700	15200	19800	25700
128	213	Thß vi®n	13	9	0	-2100 0 -1800	1 0 0 0	22	23	24	25	-1	-1	-1	-1	-1	-1	9000	11700	15200	19800	25700
129	213	Y Xä	10	11	0	-4800 400 600	1 0 0 0	26	27	28	-1	-1	-1	11	12	13	-1	0	0	20000	26000	33800
130	213	T§p Phß¶ng	9	12	0	-5700 400 -700	1 0 0 0	30	31	32	33	-1	-1	-1	-1	-1	-1	9000	11700	15200	19800	25700
131	213	TØu quán	2	13	0	-5900 800 -2400	1 0 0 0	34	35	36	-1	-1	-1	14	15	16	-1	0	0	20000	26000	33800
132	213	Sß½ng phòng	1	14	0	-5900 800 -3900	1 0 0 0	38	39	40	41	-1	-1	-1	-1	-1	-1	9000	9900	10900	12000	13200
133	213	Võ Cø	6	15	0	-5300 800 -6000	1 0 0 0	42	43	44	-1	-1	-1	-1	-1	-1	-1	0	0	15000	18000	21600
134	213	ÐoÕn Ðài	5	16	0	-3300 800 -5500	1 0 0 0	46	47	48	49	-1	1	2	3	4	5	9000	11700	15200	19800	25700
135	213	Tß¶ng thành	8	17	0	400 0 1000	1 0 0 0	1	1	1	1	-1	-1	-1	-1	-1	-1	0	0	0	0	0
136	214	Huy®n nha	0	1	0	400 1200 -5600	1 0 0 0	72	73	74	75	-1	-1	-1	-1	-1	-1	20000	40000	80000	160000	320000
137	214	ÐÕi kÏ	17	2	0	400 1200 -3600	1 0 0 0	1	1	1	1	-1	-1	-1	-1	-1	-1	0	0	0	0	0
138	214	Võ Phß¶ng	11	4	0	3900 800 -5700	1 0 0 0	2	3	4	5	-1	6	7	8	9	10	9000	15300	26000	44200	75200
139	214	Phòng Cø	4	5	0	5900 800 -5900	1 0 0 0	6	7	8	-1	-1	-1	-1	-1	-1	-1	0	0	15000	18000	21600
140	214	Ti«n trang	3	6	0	5900 800 -4200	1 0 0 0	10	11	12	13	-1	98	26	44	62	80	10000	18000	32400	58300	105000
141	214	Trß¶ng võ	15	7	0	5500 400 -200	1 0 0 0	14	15	16	17	-1	-1	-1	-1	-1	-1	9000	15300	26000	44200	75200
142	214	M­ Thß½ng	7	8	0	3300 0 -1200	1 0 0 0	18	19	20	21	-1	-1	-1	-1	-1	-1	9000	11700	15200	19800	25700
143	214	Thß vi®n	13	9	0	-2100 0 -1800	1 0 0 0	22	23	24	25	-1	-1	-1	-1	-1	-1	9000	11700	15200	19800	25700
144	214	Y Xä	10	11	0	-4800 400 600	1 0 0 0	26	27	28	-1	-1	-1	11	12	13	-1	0	0	20000	26000	33800
145	214	T§p Phß¶ng	9	12	0	-5700 400 -700	1 0 0 0	30	31	32	33	-1	-1	-1	-1	-1	-1	9000	11700	15200	19800	25700
146	214	TØu quán	2	13	0	-5900 800 -2400	1 0 0 0	34	35	36	-1	-1	-1	14	15	16	-1	0	0	20000	26000	33800
147	214	Sß½ng phòng	1	14	0	-5900 800 -3900	1 0 0 0	38	39	40	41	-1	-1	-1	-1	-1	-1	9000	9900	10900	12000	13200
148	214	Võ Cø	6	15	0	-5300 800 -6000	1 0 0 0	42	43	44	-1	-1	-1	-1	-1	-1	-1	0	0	15000	18000	21600
149	214	ÐoÕn Ðài	5	16	0	-3300 800 -5500	1 0 0 0	46	47	48	49	-1	1	2	3	4	5	9000	11700	15200	19800	25700
150	214	Tß¶ng thành	8	17	0	400 0 1000	1 0 0 0	1	1	1	1	-1	-1	-1	-1	-1	-1	0	0	0	0	0
151	215	Huy®n nha	0	1	0	400 1200 -5600	1 0 0 0	72	73	74	75	-1	-1	-1	-1	-1	-1	20000	40000	80000	160000	320000
152	215	ÐÕi kÏ	17	2	0	400 1200 -3600	1 0 0 0	1	1	1	1	-1	-1	-1	-1	-1	-1	0	0	0	0	0
153	215	Võ Phß¶ng	11	4	0	3900 800 -5700	1 0 0 0	2	3	4	5	-1	6	7	8	9	10	9000	15300	26000	44200	75200
154	215	Phòng Cø	4	5	0	5900 800 -5900	1 0 0 0	6	7	8	-1	-1	-1	-1	-1	-1	-1	0	0	15000	18000	21600
155	215	Ti«n trang	3	6	0	5900 800 -4200	1 0 0 0	10	11	12	13	-1	99	27	45	63	81	10000	18000	32400	58300	105000
156	215	Trß¶ng võ	15	7	0	5500 400 -200	1 0 0 0	14	15	16	17	-1	-1	-1	-1	-1	-1	9000	15300	26000	44200	75200
157	215	M­ Thß½ng	7	8	0	3300 0 -1200	1 0 0 0	18	19	20	21	-1	-1	-1	-1	-1	-1	9000	11700	15200	19800	25700
158	215	Thß vi®n	13	9	0	-2100 0 -1800	1 0 0 0	22	23	24	25	-1	-1	-1	-1	-1	-1	9000	11700	15200	19800	25700
159	215	Y Xä	10	11	0	-4800 400 600	1 0 0 0	26	27	28	-1	-1	-1	11	12	13	-1	0	0	20000	26000	33800
160	215	T§p Phß¶ng	9	12	0	-5700 400 -700	1 0 0 0	30	31	32	33	-1	-1	-1	-1	-1	-1	9000	11700	15200	19800	25700
161	215	TØu quán	2	13	0	-5900 800 -2400	1 0 0 0	34	35	36	-1	-1	-1	14	15	16	-1	0	0	20000	26000	33800
162	215	Sß½ng phòng	1	14	0	-5900 800 -3900	1 0 0 0	38	39	40	41	-1	-1	-1	-1	-1	-1	9000	9900	10900	12000	13200
163	215	Võ Cø	6	15	0	-5300 800 -6000	1 0 0 0	42	43	44	-1	-1	-1	-1	-1	-1	-1	0	0	15000	18000	21600
164	215	ÐoÕn Ðài	5	16	0	-3300 800 -5500	1 0 0 0	46	47	48	49	-1	1	2	3	4	5	9000	11700	15200	19800	25700
165	215	Tß¶ng thành	8	17	0	400 0 1000	1 0 0 0	1	1	1	1	-1	-1	-1	-1	-1	-1	0	0	0	0	0
166	216	Huy®n nha	0	1	0	400 1200 -5600	1 0 0 0	72	73	74	75	-1	-1	-1	-1	-1	-1	20000	40000	80000	160000	320000
167	216	ÐÕi kÏ	17	2	0	400 1200 -3600	1 0 0 0	1	1	1	1	-1	-1	-1	-1	-1	-1	0	0	0	0	0
168	216	Võ Phß¶ng	11	4	0	3900 800 -5700	1 0 0 0	2	3	4	5	-1	6	7	8	9	10	9000	15300	26000	44200	75200
169	216	Phòng Cø	4	5	0	5900 800 -5900	1 0 0 0	6	7	8	-1	-1	-1	-1	-1	-1	-1	0	0	15000	18000	21600
170	216	Ti«n trang	3	6	0	5900 800 -4200	1 0 0 0	10	11	12	13	-1	100	28	46	64	82	10000	18000	32400	58300	105000
171	216	Trß¶ng võ	15	7	0	5500 400 -200	1 0 0 0	14	15	16	17	-1	-1	-1	-1	-1	-1	9000	15300	26000	44200	75200
172	216	M­ Thß½ng	7	8	0	3300 0 -1200	1 0 0 0	18	19	20	21	-1	-1	-1	-1	-1	-1	9000	11700	15200	19800	25700
173	216	Thß vi®n	13	9	0	-2100 0 -1800	1 0 0 0	22	23	24	25	-1	-1	-1	-1	-1	-1	9000	11700	15200	19800	25700
174	216	Y Xä	10	11	0	-4800 400 600	1 0 0 0	26	27	28	-1	-1	-1	11	12	13	-1	0	0	20000	26000	33800
175	216	T§p Phß¶ng	9	12	0	-5700 400 -700	1 0 0 0	30	31	32	33	-1	-1	-1	-1	-1	-1	9000	11700	15200	19800	25700
176	216	TØu quán	2	13	0	-5900 800 -2400	1 0 0 0	34	35	36	-1	-1	-1	14	15	16	-1	0	0	20000	26000	33800
177	216	Sß½ng phòng	1	14	0	-5900 800 -3900	1 0 0 0	38	39	40	41	-1	-1	-1	-1	-1	-1	9000	9900	10900	12000	13200
178	216	Võ Cø	6	15	0	-5300 800 -6000	1 0 0 0	42	43	44	-1	-1	-1	-1	-1	-1	-1	0	0	15000	18000	21600
179	216	ÐoÕn Ðài	5	16	0	-3300 800 -5500	1 0 0 0	46	47	48	49	-1	1	2	3	4	5	9000	11700	15200	19800	25700
180	216	Tß¶ng thành	8	17	0	400 0 1000	1 0 0 0	1	1	1	1	-1	-1	-1	-1	-1	-1	0	0	0	0	0
181	217	Huy®n nha	0	1	0	400 1200 -5600	1 0 0 0	72	73	74	75	-1	-1	-1	-1	-1	-1	20000	40000	80000	160000	320000
182	217	ÐÕi kÏ	17	2	0	400 1200 -3600	1 0 0 0	1	1	1	1	-1	-1	-1	-1	-1	-1	0	0	0	0	0
183	217	Võ Phß¶ng	11	4	0	3900 800 -5700	1 0 0 0	2	3	4	5	-1	6	7	8	9	10	9000	15300	26000	44200	75200
184	217	Phòng Cø	4	5	0	5900 800 -5900	1 0 0 0	6	7	8	-1	-1	-1	-1	-1	-1	-1	0	0	15000	18000	21600
185	217	Ti«n trang	3	6	0	5900 800 -4200	1 0 0 0	10	11	12	13	-1	101	29	47	65	83	10000	18000	32400	58300	105000
186	217	Trß¶ng võ	15	7	0	5500 400 -200	1 0 0 0	14	15	16	17	-1	-1	-1	-1	-1	-1	9000	15300	26000	44200	75200
187	217	M­ Thß½ng	7	8	0	3300 0 -1200	1 0 0 0	18	19	20	21	-1	-1	-1	-1	-1	-1	9000	11700	15200	19800	25700
188	217	Thß vi®n	13	9	0	-2100 0 -1800	1 0 0 0	22	23	24	25	-1	-1	-1	-1	-1	-1	9000	11700	15200	19800	25700
189	217	Y Xä	10	11	0	-4800 400 600	1 0 0 0	26	27	28	-1	-1	-1	11	12	13	-1	0	0	20000	26000	33800
190	217	T§p Phß¶ng	9	12	0	-5700 400 -700	1 0 0 0	30	31	32	33	-1	-1	-1	-1	-1	-1	9000	11700	15200	19800	25700
191	217	TØu quán	2	13	0	-5900 800 -2400	1 0 0 0	34	35	36	-1	-1	-1	14	15	16	-1	0	0	20000	26000	33800
192	217	Sß½ng phòng	1	14	0	-5900 800 -3900	1 0 0 0	38	39	40	41	-1	-1	-1	-1	-1	-1	9000	9900	10900	12000	13200
193	217	Võ Cø	6	15	0	-5300 800 -6000	1 0 0 0	42	43	44	-1	-1	-1	-1	-1	-1	-1	0	0	15000	18000	21600
194	217	ÐoÕn Ðài	5	16	0	-3300 800 -5500	1 0 0 0	46	47	48	49	-1	1	2	3	4	5	9000	11700	15200	19800	25700
195	217	Tß¶ng thành	8	17	0	400 0 1000	1 0 0 0	1	1	1	1	-1	-1	-1	-1	-1	-1	0	0	0	0	0
196	218	Huy®n nha	0	1	0	400 1200 -5600	1 0 0 0	72	73	74	75	-1	-1	-1	-1	-1	-1	20000	40000	80000	160000	320000
197	218	ÐÕi kÏ	17	2	0	400 1200 -3600	1 0 0 0	1	1	1	1	-1	-1	-1	-1	-1	-1	0	0	0	0	0
198	218	Võ Phß¶ng	11	4	0	3900 800 -5700	1 0 0 0	2	3	4	5	-1	6	7	8	9	10	9000	15300	26000	44200	75200
199	218	Phòng Cø	4	5	0	5900 800 -5900	1 0 0 0	6	7	8	-1	-1	-1	-1	-1	-1	-1	0	0	15000	18000	21600
200	218	Ti«n trang	3	6	0	5900 800 -4200	1 0 0 0	10	11	12	13	-1	102	30	48	66	84	10000	18000	32400	58300	105000
201	218	Trß¶ng võ	15	7	0	5500 400 -200	1 0 0 0	14	15	16	17	-1	-1	-1	-1	-1	-1	9000	15300	26000	44200	75200
202	218	M­ Thß½ng	7	8	0	3300 0 -1200	1 0 0 0	18	19	20	21	-1	-1	-1	-1	-1	-1	9000	11700	15200	19800	25700
203	218	Thß vi®n	13	9	0	-2100 0 -1800	1 0 0 0	22	23	24	25	-1	-1	-1	-1	-1	-1	9000	11700	15200	19800	25700
204	218	Y Xä	10	11	0	-4800 400 600	1 0 0 0	26	27	28	-1	-1	-1	11	12	13	-1	0	0	20000	26000	33800
205	218	T§p Phß¶ng	9	12	0	-5700 400 -700	1 0 0 0	30	31	32	33	-1	-1	-1	-1	-1	-1	9000	11700	15200	19800	25700
206	218	TØu quán	2	13	0	-5900 800 -2400	1 0 0 0	34	35	36	-1	-1	-1	14	15	16	-1	0	0	20000	26000	33800
207	218	Sß½ng phòng	1	14	0	-5900 800 -3900	1 0 0 0	38	39	40	41	-1	-1	-1	-1	-1	-1	9000	9900	10900	12000	13200
208	218	Võ Cø	6	15	0	-5300 800 -6000	1 0 0 0	42	43	44	-1	-1	-1	-1	-1	-1	-1	0	0	15000	18000	21600
209	218	ÐoÕn Ðài	5	16	0	-3300 800 -5500	1 0 0 0	46	47	48	49	-1	1	2	3	4	5	9000	11700	15200	19800	25700
210	218	Tß¶ng thành	8	17	0	400 0 1000	1 0 0 0	1	1	1	1	-1	-1	-1	-1	-1	-1	0	0	0	0	0
211	219	Huy®n nha	0	1	0	400 1200 -5600	1 0 0 0	72	73	74	75	-1	-1	-1	-1	-1	-1	20000	40000	80000	160000	320000
212	219	ÐÕi kÏ	17	2	0	400 1200 -3600	1 0 0 0	1	1	1	1	-1	-1	-1	-1	-1	-1	0	0	0	0	0
213	219	Võ Phß¶ng	11	4	0	3900 800 -5700	1 0 0 0	2	3	4	5	-1	6	7	8	9	10	9000	15300	26000	44200	75200
214	219	Phòng Cø	4	5	0	5900 800 -5900	1 0 0 0	6	7	8	-1	-1	-1	-1	-1	-1	-1	0	0	15000	18000	21600
215	219	Ti«n trang	3	6	0	5900 800 -4200	1 0 0 0	10	11	12	13	-1	103	31	49	67	85	10000	18000	32400	58300	105000
216	219	Trß¶ng võ	15	7	0	5500 400 -200	1 0 0 0	14	15	16	17	-1	-1	-1	-1	-1	-1	9000	15300	26000	44200	75200
217	219	M­ Thß½ng	7	8	0	3300 0 -1200	1 0 0 0	18	19	20	21	-1	-1	-1	-1	-1	-1	9000	11700	15200	19800	25700
218	219	Thß vi®n	13	9	0	-2100 0 -1800	1 0 0 0	22	23	24	25	-1	-1	-1	-1	-1	-1	9000	11700	15200	19800	25700
219	219	Y Xä	10	11	0	-4800 400 600	1 0 0 0	26	27	28	-1	-1	-1	11	12	13	-1	0	0	20000	26000	33800
220	219	T§p Phß¶ng	9	12	0	-5700 400 -700	1 0 0 0	30	31	32	33	-1	-1	-1	-1	-1	-1	9000	11700	15200	19800	25700
221	219	TØu quán	2	13	0	-5900 800 -2400	1 0 0 0	34	35	36	-1	-1	-1	14	15	16	-1	0	0	20000	26000	33800
222	219	Sß½ng phòng	1	14	0	-5900 800 -3900	1 0 0 0	38	39	40	41	-1	-1	-1	-1	-1	-1	9000	9900	10900	12000	13200
223	219	Võ Cø	6	15	0	-5300 800 -6000	1 0 0 0	42	43	44	-1	-1	-1	-1	-1	-1	-1	0	0	15000	18000	21600
224	219	ÐoÕn Ðài	5	16	0	-3300 800 -5500	1 0 0 0	46	47	48	49	-1	1	2	3	4	5	9000	11700	15200	19800	25700
225	219	Tß¶ng thành	8	17	0	400 0 1000	1 0 0 0	1	1	1	1	-1	-1	-1	-1	-1	-1	0	0	0	0	0
226	220	Huy®n nha	0	1	0	400 1200 -5600	1 0 0 0	72	73	74	75	-1	-1	-1	-1	-1	-1	20000	40000	80000	160000	320000
227	220	ÐÕi kÏ	17	2	0	400 1200 -3600	1 0 0 0	1	1	1	1	-1	-1	-1	-1	-1	-1	0	0	0	0	0
228	220	Võ Phß¶ng	11	4	0	3900 800 -5700	1 0 0 0	2	3	4	5	-1	6	7	8	9	10	9000	15300	26000	44200	75200
229	220	Phòng Cø	4	5	0	5900 800 -5900	1 0 0 0	6	7	8	-1	-1	-1	-1	-1	-1	-1	0	0	15000	18000	21600
230	220	Ti«n trang	3	6	0	5900 800 -4200	1 0 0 0	10	11	12	13	-1	104	32	50	68	86	10000	18000	32400	58300	105000
231	220	Trß¶ng võ	15	7	0	5500 400 -200	1 0 0 0	14	15	16	17	-1	-1	-1	-1	-1	-1	9000	15300	26000	44200	75200
232	220	M­ Thß½ng	7	8	0	3300 0 -1200	1 0 0 0	18	19	20	21	-1	-1	-1	-1	-1	-1	9000	11700	15200	19800	25700
233	220	Thß vi®n	13	9	0	-2100 0 -1800	1 0 0 0	22	23	24	25	-1	-1	-1	-1	-1	-1	9000	11700	15200	19800	25700
234	220	Y Xä	10	11	0	-4800 400 600	1 0 0 0	26	27	28	-1	-1	-1	11	12	13	-1	0	0	20000	26000	33800
235	220	T§p Phß¶ng	9	12	0	-5700 400 -700	1 0 0 0	30	31	32	33	-1	-1	-1	-1	-1	-1	9000	11700	15200	19800	25700
236	220	TØu quán	2	13	0	-5900 800 -2400	1 0 0 0	34	35	36	-1	-1	-1	14	15	16	-1	0	0	20000	26000	33800
237	220	Sß½ng phòng	1	14	0	-5900 800 -3900	1 0 0 0	38	39	40	41	-1	-1	-1	-1	-1	-1	9000	9900	10900	12000	13200
238	220	Võ Cø	6	15	0	-5300 800 -6000	1 0 0 0	42	43	44	-1	-1	-1	-1	-1	-1	-1	0	0	15000	18000	21600
239	220	ÐoÕn Ðài	5	16	0	-3300 800 -5500	1 0 0 0	46	47	48	49	-1	1	2	3	4	5	9000	11700	15200	19800	25700
240	220	Tß¶ng thành	8	17	0	400 0 1000	1 0 0 0	1	1	1	1	-1	-1	-1	-1	-1	-1	0	0	0	0	0
241	221	Huy®n nha	0	1	0	400 1200 -5600	1 0 0 0	72	73	74	75	-1	-1	-1	-1	-1	-1	20000	40000	80000	160000	320000
242	221	ÐÕi kÏ	17	2	0	400 1200 -3600	1 0 0 0	1	1	1	1	-1	-1	-1	-1	-1	-1	0	0	0	0	0
243	221	Võ Phß¶ng	11	4	0	3900 800 -5700	1 0 0 0	2	3	4	5	-1	6	7	8	9	10	9000	15300	26000	44200	75200
244	221	Phòng Cø	4	5	0	5900 800 -5900	1 0 0 0	6	7	8	-1	-1	-1	-1	-1	-1	-1	0	0	15000	18000	21600
245	221	Ti«n trang	3	6	0	5900 800 -4200	1 0 0 0	10	11	12	13	-1	105	33	51	69	87	10000	18000	32400	58300	105000
246	221	Trß¶ng võ	15	7	0	5500 400 -200	1 0 0 0	14	15	16	17	-1	-1	-1	-1	-1	-1	9000	15300	26000	44200	75200
247	221	M­ Thß½ng	7	8	0	3300 0 -1200	1 0 0 0	18	19	20	21	-1	-1	-1	-1	-1	-1	9000	11700	15200	19800	25700
248	221	Thß vi®n	13	9	0	-2100 0 -1800	1 0 0 0	22	23	24	25	-1	-1	-1	-1	-1	-1	9000	11700	15200	19800	25700
249	221	Y Xä	10	11	0	-4800 400 600	1 0 0 0	26	27	28	-1	-1	-1	11	12	13	-1	0	0	20000	26000	33800
250	221	T§p Phß¶ng	9	12	0	-5700 400 -700	1 0 0 0	30	31	32	33	-1	-1	-1	-1	-1	-1	9000	11700	15200	19800	25700
251	221	TØu quán	2	13	0	-5900 800 -2400	1 0 0 0	34	35	36	-1	-1	-1	14	15	16	-1	0	0	20000	26000	33800
252	221	Sß½ng phòng	1	14	0	-5900 800 -3900	1 0 0 0	38	39	40	41	-1	-1	-1	-1	-1	-1	9000	9900	10900	12000	13200
253	221	Võ Cø	6	15	0	-5300 800 -6000	1 0 0 0	42	43	44	-1	-1	-1	-1	-1	-1	-1	0	0	15000	18000	21600
254	221	ÐoÕn Ðài	5	16	0	-3300 800 -5500	1 0 0 0	46	47	48	49	-1	1	2	3	4	5	9000	11700	15200	19800	25700
255	221	Tß¶ng thành	8	17	0	400 0 1000	1 0 0 0	1	1	1	1	-1	-1	-1	-1	-1	-1	0	0	0	0	0
256	222	Huy®n nha	0	1	0	400 1200 -5600	1 0 0 0	72	73	74	75	-1	-1	-1	-1	-1	-1	20000	40000	80000	160000	320000
257	222	ÐÕi kÏ	17	2	0	400 1200 -3600	1 0 0 0	1	1	1	1	-1	-1	-1	-1	-1	-1	0	0	0	0	0
258	222	Võ Phß¶ng	11	4	0	3900 800 -5700	1 0 0 0	2	3	4	5	-1	6	7	8	9	10	9000	15300	26000	44200	75200
259	222	Phòng Cø	4	5	0	5900 800 -5900	1 0 0 0	6	7	8	-1	-1	-1	-1	-1	-1	-1	0	0	15000	18000	21600
260	222	Ti«n trang	3	6	0	5900 800 -4200	1 0 0 0	10	11	12	13	-1	106	34	52	70	88	10000	18000	32400	58300	105000
261	222	Trß¶ng võ	15	7	0	5500 400 -200	1 0 0 0	14	15	16	17	-1	-1	-1	-1	-1	-1	9000	15300	26000	44200	75200
262	222	M­ Thß½ng	7	8	0	3300 0 -1200	1 0 0 0	18	19	20	21	-1	-1	-1	-1	-1	-1	9000	11700	15200	19800	25700
263	222	Thß vi®n	13	9	0	-2100 0 -1800	1 0 0 0	22	23	24	25	-1	-1	-1	-1	-1	-1	9000	11700	15200	19800	25700
264	222	Y Xä	10	11	0	-4800 400 600	1 0 0 0	26	27	28	-1	-1	-1	11	12	13	-1	0	0	20000	26000	33800
265	222	T§p Phß¶ng	9	12	0	-5700 400 -700	1 0 0 0	30	31	32	33	-1	-1	-1	-1	-1	-1	9000	11700	15200	19800	25700
266	222	TØu quán	2	13	0	-5900 800 -2400	1 0 0 0	34	35	36	-1	-1	-1	14	15	16	-1	0	0	20000	26000	33800
267	222	Sß½ng phòng	1	14	0	-5900 800 -3900	1 0 0 0	38	39	40	41	-1	-1	-1	-1	-1	-1	9000	9900	10900	12000	13200
268	222	Võ Cø	6	15	0	-5300 800 -6000	1 0 0 0	42	43	44	-1	-1	-1	-1	-1	-1	-1	0	0	15000	18000	21600
269	222	ÐoÕn Ðài	5	16	0	-3300 800 -5500	1 0 0 0	46	47	48	49	-1	1	2	3	4	5	9000	11700	15200	19800	25700
270	222	Tß¶ng thành	8	17	0	400 0 1000	1 0 0 0	1	1	1	1	-1	-1	-1	-1	-1	-1	0	0	0	0	0
271	223	Huy®n nha	0	1	0	400 1200 -5600	1 0 0 0	72	73	74	75	-1	-1	-1	-1	-1	-1	20000	40000	80000	160000	320000
272	223	ÐÕi kÏ	17	2	0	400 1200 -3600	1 0 0 0	1	1	1	1	-1	-1	-1	-1	-1	-1	0	0	0	0	0
273	223	Võ Phß¶ng	11	4	0	3900 800 -5700	1 0 0 0	2	3	4	5	-1	6	7	8	9	10	9000	15300	26000	44200	75200
274	223	Phòng Cø	4	5	0	5900 800 -5900	1 0 0 0	6	7	8	-1	-1	-1	-1	-1	-1	-1	0	0	15000	18000	21600
275	223	Ti«n trang	3	6	0	5900 800 -4200	1 0 0 0	10	11	12	13	-1	89	17	35	53	71	10000	18000	32400	58300	105000
276	223	Trß¶ng võ	15	7	0	5500 400 -200	1 0 0 0	14	15	16	17	-1	-1	-1	-1	-1	-1	9000	15300	26000	44200	75200
277	223	M­ Thß½ng	7	8	0	3300 0 -1200	1 0 0 0	18	19	20	21	-1	-1	-1	-1	-1	-1	9000	11700	15200	19800	25700
278	223	Thß vi®n	13	9	0	-2100 0 -1800	1 0 0 0	22	23	24	25	-1	-1	-1	-1	-1	-1	9000	11700	15200	19800	25700
279	223	Y Xä	10	11	0	-4800 400 600	1 0 0 0	26	27	28	-1	-1	-1	11	12	13	-1	0	0	20000	26000	33800
280	223	T§p Phß¶ng	9	12	0	-5700 400 -700	1 0 0 0	30	31	32	33	-1	-1	-1	-1	-1	-1	9000	11700	15200	19800	25700
281	223	TØu quán	2	13	0	-5900 800 -2400	1 0 0 0	34	35	36	-1	-1	-1	14	15	16	-1	0	0	20000	26000	33800
282	223	Sß½ng phòng	1	14	0	-5900 800 -3900	1 0 0 0	38	39	40	41	-1	-1	-1	-1	-1	-1	9000	9900	10900	12000	13200
283	223	Võ Cø	6	15	0	-5300 800 -6000	1 0 0 0	42	43	44	-1	-1	-1	-1	-1	-1	-1	0	0	15000	18000	21600
284	223	ÐoÕn Ðài	5	16	0	-3300 800 -5500	1 0 0 0	46	47	48	49	-1	1	2	3	4	5	9000	11700	15200	19800	25700
285	223	Tß¶ng thành	8	17	0	400 0 1000	1 0 0 0	1	1	1	1	-1	-1	-1	-1	-1	-1	0	0	0	0	0
286	224	Huy®n nha	0	1	0	400 1200 -5600	1 0 0 0	72	73	74	75	-1	-1	-1	-1	-1	-1	20000	40000	80000	160000	320000
287	224	ÐÕi kÏ	17	2	0	400 1200 -3600	1 0 0 0	1	1	1	1	-1	-1	-1	-1	-1	-1	0	0	0	0	0
288	224	Võ Phß¶ng	11	4	0	3900 800 -5700	1 0 0 0	2	3	4	5	-1	6	7	8	9	10	9000	15300	26000	44200	75200
289	224	Phòng Cø	4	5	0	5900 800 -5900	1 0 0 0	6	7	8	-1	-1	-1	-1	-1	-1	-1	0	0	15000	18000	21600
290	224	Ti«n trang	3	6	0	5900 800 -4200	1 0 0 0	10	11	12	13	-1	90	18	36	54	72	10000	18000	32400	58300	105000
291	224	Trß¶ng võ	15	7	0	5500 400 -200	1 0 0 0	14	15	16	17	-1	-1	-1	-1	-1	-1	9000	15300	26000	44200	75200
292	224	M­ Thß½ng	7	8	0	3300 0 -1200	1 0 0 0	18	19	20	21	-1	-1	-1	-1	-1	-1	9000	11700	15200	19800	25700
293	224	Thß vi®n	13	9	0	-2100 0 -1800	1 0 0 0	22	23	24	25	-1	-1	-1	-1	-1	-1	9000	11700	15200	19800	25700
294	224	Y Xä	10	11	0	-4800 400 600	1 0 0 0	26	27	28	-1	-1	-1	11	12	13	-1	0	0	20000	26000	33800
295	224	T§p Phß¶ng	9	12	0	-5700 400 -700	1 0 0 0	30	31	32	33	-1	-1	-1	-1	-1	-1	9000	11700	15200	19800	25700
296	224	TØu quán	2	13	0	-5900 800 -2400	1 0 0 0	34	35	36	-1	-1	-1	14	15	16	-1	0	0	20000	26000	33800
297	224	Sß½ng phòng	1	14	0	-5900 800 -3900	1 0 0 0	38	39	40	41	-1	-1	-1	-1	-1	-1	9000	9900	10900	12000	13200
298	224	Võ Cø	6	15	0	-5300 800 -6000	1 0 0 0	42	43	44	-1	-1	-1	-1	-1	-1	-1	0	0	15000	18000	21600
299	224	ÐoÕn Ðài	5	16	0	-3300 800 -5500	1 0 0 0	46	47	48	49	-1	1	2	3	4	5	9000	11700	15200	19800	25700
300	224	Tß¶ng thành	8	17	0	400 0 1000	1 0 0 0	1	1	1	1	-1	-1	-1	-1	-1	-1	0	0	0	0	0
301	225	Huy®n nha	0	1	0	400 1200 -5600	1 0 0 0	72	73	74	75	-1	-1	-1	-1	-1	-1	20000	40000	80000	160000	320000
302	225	ÐÕi kÏ	17	2	0	400 1200 -3600	1 0 0 0	1	1	1	1	-1	-1	-1	-1	-1	-1	0	0	0	0	0
303	225	Võ Phß¶ng	11	4	0	3900 800 -5700	1 0 0 0	2	3	4	5	-1	6	7	8	9	10	9000	15300	26000	44200	75200
304	225	Phòng Cø	4	5	0	5900 800 -5900	1 0 0 0	6	7	8	-1	-1	-1	-1	-1	-1	-1	0	0	15000	18000	21600
305	225	Ti«n trang	3	6	0	5900 800 -4200	1 0 0 0	10	11	12	13	-1	91	19	37	55	73	10000	18000	32400	58300	105000
306	225	Trß¶ng võ	15	7	0	5500 400 -200	1 0 0 0	14	15	16	17	-1	-1	-1	-1	-1	-1	9000	15300	26000	44200	75200
307	225	M­ Thß½ng	7	8	0	3300 0 -1200	1 0 0 0	18	19	20	21	-1	-1	-1	-1	-1	-1	9000	11700	15200	19800	25700
308	225	Thß vi®n	13	9	0	-2100 0 -1800	1 0 0 0	22	23	24	25	-1	-1	-1	-1	-1	-1	9000	11700	15200	19800	25700
309	225	Y Xä	10	11	0	-4800 400 600	1 0 0 0	26	27	28	-1	-1	-1	11	12	13	-1	0	0	20000	26000	33800
310	225	T§p Phß¶ng	9	12	0	-5700 400 -700	1 0 0 0	30	31	32	33	-1	-1	-1	-1	-1	-1	9000	11700	15200	19800	25700
311	225	TØu quán	2	13	0	-5900 800 -2400	1 0 0 0	34	35	36	-1	-1	-1	14	15	16	-1	0	0	20000	26000	33800
312	225	Sß½ng phòng	1	14	0	-5900 800 -3900	1 0 0 0	38	39	40	41	-1	-1	-1	-1	-1	-1	9000	9900	10900	12000	13200
313	225	Võ Cø	6	15	0	-5300 800 -6000	1 0 0 0	42	43	44	-1	-1	-1	-1	-1	-1	-1	0	0	15000	18000	21600
314	225	ÐoÕn Ðài	5	16	0	-3300 800 -5500	1 0 0 0	46	47	48	49	-1	1	2	3	4	5	9000	11700	15200	19800	25700
315	225	Tß¶ng thành	8	17	0	400 0 1000	1 0 0 0	1	1	1	1	-1	-1	-1	-1	-1	-1	0	0	0	0	0
316	226	Huy®n nha	0	1	0	400 1200 -5600	1 0 0 0	72	73	74	75	-1	-1	-1	-1	-1	-1	20000	40000	80000	160000	320000
317	226	ÐÕi kÏ	17	2	0	400 1200 -3600	1 0 0 0	1	1	1	1	-1	-1	-1	-1	-1	-1	0	0	0	0	0
318	226	Võ Phß¶ng	11	4	0	3900 800 -5700	1 0 0 0	2	3	4	5	-1	6	7	8	9	10	9000	15300	26000	44200	75200
319	226	Phòng Cø	4	5	0	5900 800 -5900	1 0 0 0	6	7	8	-1	-1	-1	-1	-1	-1	-1	0	0	15000	18000	21600
320	226	Ti«n trang	3	6	0	5900 800 -4200	1 0 0 0	10	11	12	13	-1	92	20	38	56	74	10000	18000	32400	58300	105000
321	226	Trß¶ng võ	15	7	0	5500 400 -200	1 0 0 0	14	15	16	17	-1	-1	-1	-1	-1	-1	9000	15300	26000	44200	75200
322	226	M­ Thß½ng	7	8	0	3300 0 -1200	1 0 0 0	18	19	20	21	-1	-1	-1	-1	-1	-1	9000	11700	15200	19800	25700
323	226	Thß vi®n	13	9	0	-2100 0 -1800	1 0 0 0	22	23	24	25	-1	-1	-1	-1	-1	-1	9000	11700	15200	19800	25700
324	226	Y Xä	10	11	0	-4800 400 600	1 0 0 0	26	27	28	-1	-1	-1	11	12	13	-1	0	0	20000	26000	33800
325	226	T§p Phß¶ng	9	12	0	-5700 400 -700	1 0 0 0	30	31	32	33	-1	-1	-1	-1	-1	-1	9000	11700	15200	19800	25700
326	226	TØu quán	2	13	0	-5900 800 -2400	1 0 0 0	34	35	36	-1	-1	-1	14	15	16	-1	0	0	20000	26000	33800
327	226	Sß½ng phòng	1	14	0	-5900 800 -3900	1 0 0 0	38	39	40	41	-1	-1	-1	-1	-1	-1	9000	9900	10900	12000	13200
328	226	Võ Cø	6	15	0	-5300 800 -6000	1 0 0 0	42	43	44	-1	-1	-1	-1	-1	-1	-1	0	0	15000	18000	21600
329	226	ÐoÕn Ðài	5	16	0	-3300 800 -5500	1 0 0 0	46	47	48	49	-1	1	2	3	4	5	9000	11700	15200	19800	25700
330	226	Tß¶ng thành	8	17	0	400 0 1000	1 0 0 0	1	1	1	1	-1	-1	-1	-1	-1	-1	0	0	0	0	0
331	227	Huy®n nha	0	1	0	400 1200 -5600	1 0 0 0	72	73	74	75	-1	-1	-1	-1	-1	-1	20000	40000	80000	160000	320000
332	227	ÐÕi kÏ	17	2	0	400 1200 -3600	1 0 0 0	1	1	1	1	-1	-1	-1	-1	-1	-1	0	0	0	0	0
333	227	Võ Phß¶ng	11	4	0	3900 800 -5700	1 0 0 0	2	3	4	5	-1	6	7	8	9	10	9000	15300	26000	44200	75200
334	227	Phòng Cø	4	5	0	5900 800 -5900	1 0 0 0	6	7	8	-1	-1	-1	-1	-1	-1	-1	0	0	15000	18000	21600
335	227	Ti«n trang	3	6	0	5900 800 -4200	1 0 0 0	10	11	12	13	-1	93	21	39	57	75	10000	18000	32400	58300	105000
336	227	Trß¶ng võ	15	7	0	5500 400 -200	1 0 0 0	14	15	16	17	-1	-1	-1	-1	-1	-1	9000	15300	26000	44200	75200
337	227	M­ Thß½ng	7	8	0	3300 0 -1200	1 0 0 0	18	19	20	21	-1	-1	-1	-1	-1	-1	9000	11700	15200	19800	25700
338	227	Thß vi®n	13	9	0	-2100 0 -1800	1 0 0 0	22	23	24	25	-1	-1	-1	-1	-1	-1	9000	11700	15200	19800	25700
339	227	Y Xä	10	11	0	-4800 400 600	1 0 0 0	26	27	28	-1	-1	-1	11	12	13	-1	0	0	20000	26000	33800
340	227	T§p Phß¶ng	9	12	0	-5700 400 -700	1 0 0 0	30	31	32	33	-1	-1	-1	-1	-1	-1	9000	11700	15200	19800	25700
341	227	TØu quán	2	13	0	-5900 800 -2400	1 0 0 0	34	35	36	-1	-1	-1	14	15	16	-1	0	0	20000	26000	33800
342	227	Sß½ng phòng	1	14	0	-5900 800 -3900	1 0 0 0	38	39	40	41	-1	-1	-1	-1	-1	-1	9000	9900	10900	12000	13200
343	227	Võ Cø	6	15	0	-5300 800 -6000	1 0 0 0	42	43	44	-1	-1	-1	-1	-1	-1	-1	0	0	15000	18000	21600
344	227	ÐoÕn Ðài	5	16	0	-3300 800 -5500	1 0 0 0	46	47	48	49	-1	1	2	3	4	5	9000	11700	15200	19800	25700
345	227	Tß¶ng thành	8	17	0	400 0 1000	1 0 0 0	1	1	1	1	-1	-1	-1	-1	-1	-1	0	0	0	0	0
346	228	Huy®n nha	0	1	0	400 1200 -5600	1 0 0 0	72	73	74	75	-1	-1	-1	-1	-1	-1	20000	40000	80000	160000	320000
347	228	ÐÕi kÏ	17	2	0	400 1200 -3600	1 0 0 0	1	1	1	1	-1	-1	-1	-1	-1	-1	0	0	0	0	0
348	228	Võ Phß¶ng	11	4	0	3900 800 -5700	1 0 0 0	2	3	4	5	-1	6	7	8	9	10	9000	15300	26000	44200	75200
349	228	Phòng Cø	4	5	0	5900 800 -5900	1 0 0 0	6	7	8	-1	-1	-1	-1	-1	-1	-1	0	0	15000	18000	21600
350	228	Ti«n trang	3	6	0	5900 800 -4200	1 0 0 0	10	11	12	13	-1	94	22	40	58	76	10000	18000	32400	58300	105000
351	228	Trß¶ng võ	15	7	0	5500 400 -200	1 0 0 0	14	15	16	17	-1	-1	-1	-1	-1	-1	9000	15300	26000	44200	75200
352	228	M­ Thß½ng	7	8	0	3300 0 -1200	1 0 0 0	18	19	20	21	-1	-1	-1	-1	-1	-1	9000	11700	15200	19800	25700
353	228	Thß vi®n	13	9	0	-2100 0 -1800	1 0 0 0	22	23	24	25	-1	-1	-1	-1	-1	-1	9000	11700	15200	19800	25700
354	228	Y Xä	10	11	0	-4800 400 600	1 0 0 0	26	27	28	-1	-1	-1	11	12	13	-1	0	0	20000	26000	33800
355	228	T§p Phß¶ng	9	12	0	-5700 400 -700	1 0 0 0	30	31	32	33	-1	-1	-1	-1	-1	-1	9000	11700	15200	19800	25700
356	228	TØu quán	2	13	0	-5900 800 -2400	1 0 0 0	34	35	36	-1	-1	-1	14	15	16	-1	0	0	20000	26000	33800
357	228	Sß½ng phòng	1	14	0	-5900 800 -3900	1 0 0 0	38	39	40	41	-1	-1	-1	-1	-1	-1	9000	9900	10900	12000	13200
358	228	Võ Cø	6	15	0	-5300 800 -6000	1 0 0 0	42	43	44	-1	-1	-1	-1	-1	-1	-1	0	0	15000	18000	21600
359	228	ÐoÕn Ðài	5	16	0	-3300 800 -5500	1 0 0 0	46	47	48	49	-1	1	2	3	4	5	9000	11700	15200	19800	25700
360	228	Tß¶ng thành	8	17	0	400 0 1000	1 0 0 0	1	1	1	1	-1	-1	-1	-1	-1	-1	0	0	0	0	0
361	229	Huy®n nha	0	1	0	400 1200 -5600	1 0 0 0	72	73	74	75	-1	-1	-1	-1	-1	-1	20000	40000	80000	160000	320000
362	229	ÐÕi kÏ	17	2	0	400 1200 -3600	1 0 0 0	1	1	1	1	-1	-1	-1	-1	-1	-1	0	0	0	0	0
363	229	Võ Phß¶ng	11	4	0	3900 800 -5700	1 0 0 0	2	3	4	5	-1	6	7	8	9	10	9000	15300	26000	44200	75200
364	229	Phòng Cø	4	5	0	5900 800 -5900	1 0 0 0	6	7	8	-1	-1	-1	-1	-1	-1	-1	0	0	15000	18000	21600
365	229	Ti«n trang	3	6	0	5900 800 -4200	1 0 0 0	10	11	12	13	-1	95	23	41	59	77	10000	18000	32400	58300	105000
366	229	Trß¶ng võ	15	7	0	5500 400 -200	1 0 0 0	14	15	16	17	-1	-1	-1	-1	-1	-1	9000	15300	26000	44200	75200
367	229	M­ Thß½ng	7	8	0	3300 0 -1200	1 0 0 0	18	19	20	21	-1	-1	-1	-1	-1	-1	9000	11700	15200	19800	25700
368	229	Thß vi®n	13	9	0	-2100 0 -1800	1 0 0 0	22	23	24	25	-1	-1	-1	-1	-1	-1	9000	11700	15200	19800	25700
369	229	Y Xä	10	11	0	-4800 400 600	1 0 0 0	26	27	28	-1	-1	-1	11	12	13	-1	0	0	20000	26000	33800
370	229	T§p Phß¶ng	9	12	0	-5700 400 -700	1 0 0 0	30	31	32	33	-1	-1	-1	-1	-1	-1	9000	11700	15200	19800	25700
371	229	TØu quán	2	13	0	-5900 800 -2400	1 0 0 0	34	35	36	-1	-1	-1	14	15	16	-1	0	0	20000	26000	33800
372	229	Sß½ng phòng	1	14	0	-5900 800 -3900	1 0 0 0	38	39	40	41	-1	-1	-1	-1	-1	-1	9000	9900	10900	12000	13200
373	229	Võ Cø	6	15	0	-5300 800 -6000	1 0 0 0	42	43	44	-1	-1	-1	-1	-1	-1	-1	0	0	15000	18000	21600
374	229	ÐoÕn Ðài	5	16	0	-3300 800 -5500	1 0 0 0	46	47	48	49	-1	1	2	3	4	5	9000	11700	15200	19800	25700
375	229	Tß¶ng thành	8	17	0	400 0 1000	1 0 0 0	1	1	1	1	-1	-1	-1	-1	-1	-1	0	0	0	0	0
376	230	Huy®n nha	0	1	0	400 1200 -5600	1 0 0 0	72	73	74	75	-1	-1	-1	-1	-1	-1	20000	40000	80000	160000	320000
377	230	ÐÕi kÏ	17	2	0	400 1200 -3600	1 0 0 0	1	1	1	1	-1	-1	-1	-1	-1	-1	0	0	0	0	0
378	230	Võ Phß¶ng	11	4	0	3900 800 -5700	1 0 0 0	2	3	4	5	-1	6	7	8	9	10	9000	15300	26000	44200	75200
379	230	Phòng Cø	4	5	0	5900 800 -5900	1 0 0 0	6	7	8	-1	-1	-1	-1	-1	-1	-1	0	0	15000	18000	21600
380	230	Ti«n trang	3	6	0	5900 800 -4200	1 0 0 0	10	11	12	13	-1	96	24	42	60	78	10000	18000	32400	58300	105000
381	230	Trß¶ng võ	15	7	0	5500 400 -200	1 0 0 0	14	15	16	17	-1	-1	-1	-1	-1	-1	9000	15300	26000	44200	75200
382	230	M­ Thß½ng	7	8	0	3300 0 -1200	1 0 0 0	18	19	20	21	-1	-1	-1	-1	-1	-1	9000	11700	15200	19800	25700
383	230	Thß vi®n	13	9	0	-2100 0 -1800	1 0 0 0	22	23	24	25	-1	-1	-1	-1	-1	-1	9000	11700	15200	19800	25700
384	230	Y Xä	10	11	0	-4800 400 600	1 0 0 0	26	27	28	-1	-1	-1	11	12	13	-1	0	0	20000	26000	33800
385	230	T§p Phß¶ng	9	12	0	-5700 400 -700	1 0 0 0	30	31	32	33	-1	-1	-1	-1	-1	-1	9000	11700	15200	19800	25700
386	230	TØu quán	2	13	0	-5900 800 -2400	1 0 0 0	34	35	36	-1	-1	-1	14	15	16	-1	0	0	20000	26000	33800
387	230	Sß½ng phòng	1	14	0	-5900 800 -3900	1 0 0 0	38	39	40	41	-1	-1	-1	-1	-1	-1	9000	9900	10900	12000	13200
388	230	Võ Cø	6	15	0	-5300 800 -6000	1 0 0 0	42	43	44	-1	-1	-1	-1	-1	-1	-1	0	0	15000	18000	21600
389	230	ÐoÕn Ðài	5	16	0	-3300 800 -5500	1 0 0 0	46	47	48	49	-1	1	2	3	4	5	9000	11700	15200	19800	25700
390	230	Tß¶ng thành	8	17	0	400 0 1000	1 0 0 0	1	1	1	1	-1	-1	-1	-1	-1	-1	0	0	0	0	0
391	231	Huy®n nha	0	1	0	400 1200 -5600	1 0 0 0	72	73	74	75	-1	-1	-1	-1	-1	-1	20000	40000	80000	160000	320000
392	231	ÐÕi kÏ	17	2	0	400 1200 -3600	1 0 0 0	1	1	1	1	-1	-1	-1	-1	-1	-1	0	0	0	0	0
393	231	Võ Phß¶ng	11	4	0	3900 800 -5700	1 0 0 0	2	3	4	5	-1	6	7	8	9	10	9000	15300	26000	44200	75200
394	231	Phòng Cø	4	5	0	5900 800 -5900	1 0 0 0	6	7	8	-1	-1	-1	-1	-1	-1	-1	0	0	15000	18000	21600
395	231	Ti«n trang	3	6	0	5900 800 -4200	1 0 0 0	10	11	12	13	-1	97	25	43	61	79	10000	18000	32400	58300	105000
396	231	Trß¶ng võ	15	7	0	5500 400 -200	1 0 0 0	14	15	16	17	-1	-1	-1	-1	-1	-1	9000	15300	26000	44200	75200
397	231	M­ Thß½ng	7	8	0	3300 0 -1200	1 0 0 0	18	19	20	21	-1	-1	-1	-1	-1	-1	9000	11700	15200	19800	25700
398	231	Thß vi®n	13	9	0	-2100 0 -1800	1 0 0 0	22	23	24	25	-1	-1	-1	-1	-1	-1	9000	11700	15200	19800	25700
399	231	Y Xä	10	11	0	-4800 400 600	1 0 0 0	26	27	28	-1	-1	-1	11	12	13	-1	0	0	20000	26000	33800
400	231	T§p Phß¶ng	9	12	0	-5700 400 -700	1 0 0 0	30	31	32	33	-1	-1	-1	-1	-1	-1	9000	11700	15200	19800	25700
401	231	TØu quán	2	13	0	-5900 800 -2400	1 0 0 0	34	35	36	-1	-1	-1	14	15	16	-1	0	0	20000	26000	33800
402	231	Sß½ng phòng	1	14	0	-5900 800 -3900	1 0 0 0	38	39	40	41	-1	-1	-1	-1	-1	-1	9000	9900	10900	12000	13200
403	231	Võ Cø	6	15	0	-5300 800 -6000	1 0 0 0	42	43	44	-1	-1	-1	-1	-1	-1	-1	0	0	15000	18000	21600
404	231	ÐoÕn Ðài	5	16	0	-3300 800 -5500	1 0 0 0	46	47	48	49	-1	1	2	3	4	5	9000	11700	15200	19800	25700
405	231	Tß¶ng thành	8	17	0	400 0 1000	1 0 0 0	1	1	1	1	-1	-1	-1	-1	-1	-1	0	0	0	0	0
406	232	Huy®n nha	0	1	0	400 1200 -5600	1 0 0 0	72	73	74	75	-1	-1	-1	-1	-1	-1	20000	40000	80000	160000	320000
407	232	ÐÕi kÏ	17	2	0	400 1200 -3600	1 0 0 0	1	1	1	1	-1	-1	-1	-1	-1	-1	0	0	0	0	0
408	232	Võ Phß¶ng	11	4	0	3900 800 -5700	1 0 0 0	2	3	4	5	-1	6	7	8	9	10	9000	15300	26000	44200	75200
409	232	Phòng Cø	4	5	0	5900 800 -5900	1 0 0 0	6	7	8	-1	-1	-1	-1	-1	-1	-1	0	0	15000	18000	21600
410	232	Ti«n trang	3	6	0	5900 800 -4200	1 0 0 0	10	11	12	13	-1	98	26	44	62	80	10000	18000	32400	58300	105000
411	232	Trß¶ng võ	15	7	0	5500 400 -200	1 0 0 0	14	15	16	17	-1	-1	-1	-1	-1	-1	9000	15300	26000	44200	75200
412	232	M­ Thß½ng	7	8	0	3300 0 -1200	1 0 0 0	18	19	20	21	-1	-1	-1	-1	-1	-1	9000	11700	15200	19800	25700
413	232	Thß vi®n	13	9	0	-2100 0 -1800	1 0 0 0	22	23	24	25	-1	-1	-1	-1	-1	-1	9000	11700	15200	19800	25700
414	232	Y Xä	10	11	0	-4800 400 600	1 0 0 0	26	27	28	-1	-1	-1	11	12	13	-1	0	0	20000	26000	33800
415	232	T§p Phß¶ng	9	12	0	-5700 400 -700	1 0 0 0	30	31	32	33	-1	-1	-1	-1	-1	-1	9000	11700	15200	19800	25700
416	232	TØu quán	2	13	0	-5900 800 -2400	1 0 0 0	34	35	36	-1	-1	-1	14	15	16	-1	0	0	20000	26000	33800
417	232	Sß½ng phòng	1	14	0	-5900 800 -3900	1 0 0 0	38	39	40	41	-1	-1	-1	-1	-1	-1	9000	9900	10900	12000	13200
418	232	Võ Cø	6	15	0	-5300 800 -6000	1 0 0 0	42	43	44	-1	-1	-1	-1	-1	-1	-1	0	0	15000	18000	21600
419	232	ÐoÕn Ðài	5	16	0	-3300 800 -5500	1 0 0 0	46	47	48	49	-1	1	2	3	4	5	9000	11700	15200	19800	25700
420	232	Tß¶ng thành	8	17	0	400 0 1000	1 0 0 0	1	1	1	1	-1	-1	-1	-1	-1	-1	0	0	0	0	0
421	233	Huy®n nha	0	1	0	400 1200 -5600	1 0 0 0	72	73	74	75	-1	-1	-1	-1	-1	-1	20000	40000	80000	160000	320000
422	233	ÐÕi kÏ	17	2	0	400 1200 -3600	1 0 0 0	1	1	1	1	-1	-1	-1	-1	-1	-1	0	0	0	0	0
423	233	Võ Phß¶ng	11	4	0	3900 800 -5700	1 0 0 0	2	3	4	5	-1	6	7	8	9	10	9000	15300	26000	44200	75200
424	233	Phòng Cø	4	5	0	5900 800 -5900	1 0 0 0	6	7	8	-1	-1	-1	-1	-1	-1	-1	0	0	15000	18000	21600
425	233	Ti«n trang	3	6	0	5900 800 -4200	1 0 0 0	10	11	12	13	-1	99	27	45	63	81	10000	18000	32400	58300	105000
426	233	Trß¶ng võ	15	7	0	5500 400 -200	1 0 0 0	14	15	16	17	-1	-1	-1	-1	-1	-1	9000	15300	26000	44200	75200
427	233	M­ Thß½ng	7	8	0	3300 0 -1200	1 0 0 0	18	19	20	21	-1	-1	-1	-1	-1	-1	9000	11700	15200	19800	25700
428	233	Thß vi®n	13	9	0	-2100 0 -1800	1 0 0 0	22	23	24	25	-1	-1	-1	-1	-1	-1	9000	11700	15200	19800	25700
429	233	Y Xä	10	11	0	-4800 400 600	1 0 0 0	26	27	28	-1	-1	-1	11	12	13	-1	0	0	20000	26000	33800
430	233	T§p Phß¶ng	9	12	0	-5700 400 -700	1 0 0 0	30	31	32	33	-1	-1	-1	-1	-1	-1	9000	11700	15200	19800	25700
431	233	TØu quán	2	13	0	-5900 800 -2400	1 0 0 0	34	35	36	-1	-1	-1	14	15	16	-1	0	0	20000	26000	33800
432	233	Sß½ng phòng	1	14	0	-5900 800 -3900	1 0 0 0	38	39	40	41	-1	-1	-1	-1	-1	-1	9000	9900	10900	12000	13200
433	233	Võ Cø	6	15	0	-5300 800 -6000	1 0 0 0	42	43	44	-1	-1	-1	-1	-1	-1	-1	0	0	15000	18000	21600
434	233	ÐoÕn Ðài	5	16	0	-3300 800 -5500	1 0 0 0	46	47	48	49	-1	1	2	3	4	5	9000	11700	15200	19800	25700
435	233	Tß¶ng thành	8	17	0	400 0 1000	1 0 0 0	1	1	1	1	-1	-1	-1	-1	-1	-1	0	0	0	0	0
436	234	Huy®n nha	0	1	0	400 1200 -5600	1 0 0 0	72	73	74	75	-1	-1	-1	-1	-1	-1	20000	40000	80000	160000	320000
437	234	ÐÕi kÏ	17	2	0	400 1200 -3600	1 0 0 0	1	1	1	1	-1	-1	-1	-1	-1	-1	0	0	0	0	0
438	234	Võ Phß¶ng	11	4	0	3900 800 -5700	1 0 0 0	2	3	4	5	-1	6	7	8	9	10	9000	15300	26000	44200	75200
439	234	Phòng Cø	4	5	0	5900 800 -5900	1 0 0 0	6	7	8	-1	-1	-1	-1	-1	-1	-1	0	0	15000	18000	21600
440	234	Ti«n trang	3	6	0	5900 800 -4200	1 0 0 0	10	11	12	13	-1	100	28	46	64	82	10000	18000	32400	58300	105000
441	234	Trß¶ng võ	15	7	0	5500 400 -200	1 0 0 0	14	15	16	17	-1	-1	-1	-1	-1	-1	9000	15300	26000	44200	75200
442	234	M­ Thß½ng	7	8	0	3300 0 -1200	1 0 0 0	18	19	20	21	-1	-1	-1	-1	-1	-1	9000	11700	15200	19800	25700
443	234	Thß vi®n	13	9	0	-2100 0 -1800	1 0 0 0	22	23	24	25	-1	-1	-1	-1	-1	-1	9000	11700	15200	19800	25700
444	234	Y Xä	10	11	0	-4800 400 600	1 0 0 0	26	27	28	-1	-1	-1	11	12	13	-1	0	0	20000	26000	33800
445	234	T§p Phß¶ng	9	12	0	-5700 400 -700	1 0 0 0	30	31	32	33	-1	-1	-1	-1	-1	-1	9000	11700	15200	19800	25700
446	234	TØu quán	2	13	0	-5900 800 -2400	1 0 0 0	34	35	36	-1	-1	-1	14	15	16	-1	0	0	20000	26000	33800
447	234	Sß½ng phòng	1	14	0	-5900 800 -3900	1 0 0 0	38	39	40	41	-1	-1	-1	-1	-1	-1	9000	9900	10900	12000	13200
448	234	Võ Cø	6	15	0	-5300 800 -6000	1 0 0 0	42	43	44	-1	-1	-1	-1	-1	-1	-1	0	0	15000	18000	21600
449	234	ÐoÕn Ðài	5	16	0	-3300 800 -5500	1 0 0 0	46	47	48	49	-1	1	2	3	4	5	9000	11700	15200	19800	25700
450	234	Tß¶ng thành	8	17	0	400 0 1000	1 0 0 0	1	1	1	1	-1	-1	-1	-1	-1	-1	0	0	0	0	0
451	235	Huy®n nha	0	1	0	400 1200 -5600	1 0 0 0	72	73	74	75	-1	-1	-1	-1	-1	-1	20000	40000	80000	160000	320000
452	235	ÐÕi kÏ	17	2	0	400 1200 -3600	1 0 0 0	1	1	1	1	-1	-1	-1	-1	-1	-1	0	0	0	0	0
453	235	Võ Phß¶ng	11	4	0	3900 800 -5700	1 0 0 0	2	3	4	5	-1	6	7	8	9	10	9000	15300	26000	44200	75200
454	235	Phòng Cø	4	5	0	5900 800 -5900	1 0 0 0	6	7	8	-1	-1	-1	-1	-1	-1	-1	0	0	15000	18000	21600
455	235	Ti«n trang	3	6	0	5900 800 -4200	1 0 0 0	10	11	12	13	-1	101	29	47	65	83	10000	18000	32400	58300	105000
456	235	Trß¶ng võ	15	7	0	5500 400 -200	1 0 0 0	14	15	16	17	-1	-1	-1	-1	-1	-1	9000	15300	26000	44200	75200
457	235	M­ Thß½ng	7	8	0	3300 0 -1200	1 0 0 0	18	19	20	21	-1	-1	-1	-1	-1	-1	9000	11700	15200	19800	25700
458	235	Thß vi®n	13	9	0	-2100 0 -1800	1 0 0 0	22	23	24	25	-1	-1	-1	-1	-1	-1	9000	11700	15200	19800	25700
459	235	Y Xä	10	11	0	-4800 400 600	1 0 0 0	26	27	28	-1	-1	-1	11	12	13	-1	0	0	20000	26000	33800
460	235	T§p Phß¶ng	9	12	0	-5700 400 -700	1 0 0 0	30	31	32	33	-1	-1	-1	-1	-1	-1	9000	11700	15200	19800	25700
461	235	TØu quán	2	13	0	-5900 800 -2400	1 0 0 0	34	35	36	-1	-1	-1	14	15	16	-1	0	0	20000	26000	33800
462	235	Sß½ng phòng	1	14	0	-5900 800 -3900	1 0 0 0	38	39	40	41	-1	-1	-1	-1	-1	-1	9000	9900	10900	12000	13200
463	235	Võ Cø	6	15	0	-5300 800 -6000	1 0 0 0	42	43	44	-1	-1	-1	-1	-1	-1	-1	0	0	15000	18000	21600
464	235	ÐoÕn Ðài	5	16	0	-3300 800 -5500	1 0 0 0	46	47	48	49	-1	1	2	3	4	5	9000	11700	15200	19800	25700
465	235	Tß¶ng thành	8	17	0	400 0 1000	1 0 0 0	1	1	1	1	-1	-1	-1	-1	-1	-1	0	0	0	0	0
466	236	Huy®n nha	0	1	0	400 1200 -5600	1 0 0 0	72	73	74	75	-1	-1	-1	-1	-1	-1	20000	40000	80000	160000	320000
467	236	ÐÕi kÏ	17	2	0	400 1200 -3600	1 0 0 0	1	1	1	1	-1	-1	-1	-1	-1	-1	0	0	0	0	0
468	236	Võ Phß¶ng	11	4	0	3900 800 -5700	1 0 0 0	2	3	4	5	-1	6	7	8	9	10	9000	15300	26000	44200	75200
469	236	Phòng Cø	4	5	0	5900 800 -5900	1 0 0 0	6	7	8	-1	-1	-1	-1	-1	-1	-1	0	0	15000	18000	21600
470	236	Ti«n trang	3	6	0	5900 800 -4200	1 0 0 0	10	11	12	13	-1	102	30	48	66	84	10000	18000	32400	58300	105000
471	236	Trß¶ng võ	15	7	0	5500 400 -200	1 0 0 0	14	15	16	17	-1	-1	-1	-1	-1	-1	9000	15300	26000	44200	75200
472	236	M­ Thß½ng	7	8	0	3300 0 -1200	1 0 0 0	18	19	20	21	-1	-1	-1	-1	-1	-1	9000	11700	15200	19800	25700
473	236	Thß vi®n	13	9	0	-2100 0 -1800	1 0 0 0	22	23	24	25	-1	-1	-1	-1	-1	-1	9000	11700	15200	19800	25700
474	236	Y Xä	10	11	0	-4800 400 600	1 0 0 0	26	27	28	-1	-1	-1	11	12	13	-1	0	0	20000	26000	33800
475	236	T§p Phß¶ng	9	12	0	-5700 400 -700	1 0 0 0	30	31	32	33	-1	-1	-1	-1	-1	-1	9000	11700	15200	19800	25700
476	236	TØu quán	2	13	0	-5900 800 -2400	1 0 0 0	34	35	36	-1	-1	-1	14	15	16	-1	0	0	20000	26000	33800
477	236	Sß½ng phòng	1	14	0	-5900 800 -3900	1 0 0 0	38	39	40	41	-1	-1	-1	-1	-1	-1	9000	9900	10900	12000	13200
478	236	Võ Cø	6	15	0	-5300 800 -6000	1 0 0 0	42	43	44	-1	-1	-1	-1	-1	-1	-1	0	0	15000	18000	21600
479	236	ÐoÕn Ðài	5	16	0	-3300 800 -5500	1 0 0 0	46	47	48	49	-1	1	2	3	4	5	9000	11700	15200	19800	25700
480	236	Tß¶ng thành	8	17	0	400 0 1000	1 0 0 0	1	1	1	1	-1	-1	-1	-1	-1	-1	0	0	0	0	0
481	237	Huy®n nha	0	1	0	400 1200 -5600	1 0 0 0	72	73	74	75	-1	-1	-1	-1	-1	-1	20000	40000	80000	160000	320000
482	237	ÐÕi kÏ	17	2	0	400 1200 -3600	1 0 0 0	1	1	1	1	-1	-1	-1	-1	-1	-1	0	0	0	0	0
483	237	Võ Phß¶ng	11	4	0	3900 800 -5700	1 0 0 0	2	3	4	5	-1	6	7	8	9	10	9000	15300	26000	44200	75200
484	237	Phòng Cø	4	5	0	5900 800 -5900	1 0 0 0	6	7	8	-1	-1	-1	-1	-1	-1	-1	0	0	15000	18000	21600
485	237	Ti«n trang	3	6	0	5900 800 -4200	1 0 0 0	10	11	12	13	-1	103	31	49	67	85	10000	18000	32400	58300	105000
486	237	Trß¶ng võ	15	7	0	5500 400 -200	1 0 0 0	14	15	16	17	-1	-1	-1	-1	-1	-1	9000	15300	26000	44200	75200
487	237	M­ Thß½ng	7	8	0	3300 0 -1200	1 0 0 0	18	19	20	21	-1	-1	-1	-1	-1	-1	9000	11700	15200	19800	25700
488	237	Thß vi®n	13	9	0	-2100 0 -1800	1 0 0 0	22	23	24	25	-1	-1	-1	-1	-1	-1	9000	11700	15200	19800	25700
489	237	Y Xä	10	11	0	-4800 400 600	1 0 0 0	26	27	28	-1	-1	-1	11	12	13	-1	0	0	20000	26000	33800
490	237	T§p Phß¶ng	9	12	0	-5700 400 -700	1 0 0 0	30	31	32	33	-1	-1	-1	-1	-1	-1	9000	11700	15200	19800	25700
491	237	TØu quán	2	13	0	-5900 800 -2400	1 0 0 0	34	35	36	-1	-1	-1	14	15	16	-1	0	0	20000	26000	33800
492	237	Sß½ng phòng	1	14	0	-5900 800 -3900	1 0 0 0	38	39	40	41	-1	-1	-1	-1	-1	-1	9000	9900	10900	12000	13200
493	237	Võ Cø	6	15	0	-5300 800 -6000	1 0 0 0	42	43	44	-1	-1	-1	-1	-1	-1	-1	0	0	15000	18000	21600
494	237	ÐoÕn Ðài	5	16	0	-3300 800 -5500	1 0 0 0	46	47	48	49	-1	1	2	3	4	5	9000	11700	15200	19800	25700
495	237	Tß¶ng thành	8	17	0	400 0 1000	1 0 0 0	1	1	1	1	-1	-1	-1	-1	-1	-1	0	0	0	0	0
496	238	Huy®n nha	0	1	0	400 1200 -5600	1 0 0 0	72	73	74	75	-1	-1	-1	-1	-1	-1	20000	40000	80000	160000	320000
497	238	ÐÕi kÏ	17	2	0	400 1200 -3600	1 0 0 0	1	1	1	1	-1	-1	-1	-1	-1	-1	0	0	0	0	0
498	238	Võ Phß¶ng	11	4	0	3900 800 -5700	1 0 0 0	2	3	4	5	-1	6	7	8	9	10	9000	15300	26000	44200	75200
499	238	Phòng Cø	4	5	0	5900 800 -5900	1 0 0 0	6	7	8	-1	-1	-1	-1	-1	-1	-1	0	0	15000	18000	21600
500	238	Ti«n trang	3	6	0	5900 800 -4200	1 0 0 0	10	11	12	13	-1	104	32	50	68	86	10000	18000	32400	58300	105000
501	238	Trß¶ng võ	15	7	0	5500 400 -200	1 0 0 0	14	15	16	17	-1	-1	-1	-1	-1	-1	9000	15300	26000	44200	75200
502	238	M­ Thß½ng	7	8	0	3300 0 -1200	1 0 0 0	18	19	20	21	-1	-1	-1	-1	-1	-1	9000	11700	15200	19800	25700
503	238	Thß vi®n	13	9	0	-2100 0 -1800	1 0 0 0	22	23	24	25	-1	-1	-1	-1	-1	-1	9000	11700	15200	19800	25700
504	238	Y Xä	10	11	0	-4800 400 600	1 0 0 0	26	27	28	-1	-1	-1	11	12	13	-1	0	0	20000	26000	33800
505	238	T§p Phß¶ng	9	12	0	-5700 400 -700	1 0 0 0	30	31	32	33	-1	-1	-1	-1	-1	-1	9000	11700	15200	19800	25700
506	238	TØu quán	2	13	0	-5900 800 -2400	1 0 0 0	34	35	36	-1	-1	-1	14	15	16	-1	0	0	20000	26000	33800
507	238	Sß½ng phòng	1	14	0	-5900 800 -3900	1 0 0 0	38	39	40	41	-1	-1	-1	-1	-1	-1	9000	9900	10900	12000	13200
508	238	Võ Cø	6	15	0	-5300 800 -6000	1 0 0 0	42	43	44	-1	-1	-1	-1	-1	-1	-1	0	0	15000	18000	21600
509	238	ÐoÕn Ðài	5	16	0	-3300 800 -5500	1 0 0 0	46	47	48	49	-1	1	2	3	4	5	9000	11700	15200	19800	25700
510	238	Tß¶ng thành	8	17	0	400 0 1000	1 0 0 0	1	1	1	1	-1	-1	-1	-1	-1	-1	0	0	0	0	0
511	239	Huy®n nha	0	1	0	400 1200 -5600	1 0 0 0	72	73	74	75	-1	-1	-1	-1	-1	-1	20000	40000	80000	160000	320000
512	239	ÐÕi kÏ	17	2	0	400 1200 -3600	1 0 0 0	1	1	1	1	-1	-1	-1	-1	-1	-1	0	0	0	0	0
513	239	Võ Phß¶ng	11	4	0	3900 800 -5700	1 0 0 0	2	3	4	5	-1	6	7	8	9	10	9000	15300	26000	44200	75200
514	239	Phòng Cø	4	5	0	5900 800 -5900	1 0 0 0	6	7	8	-1	-1	-1	-1	-1	-1	-1	0	0	15000	18000	21600
515	239	Ti«n trang	3	6	0	5900 800 -4200	1 0 0 0	10	11	12	13	-1	105	33	51	69	87	10000	18000	32400	58300	105000
516	239	Trß¶ng võ	15	7	0	5500 400 -200	1 0 0 0	14	15	16	17	-1	-1	-1	-1	-1	-1	9000	15300	26000	44200	75200
517	239	M­ Thß½ng	7	8	0	3300 0 -1200	1 0 0 0	18	19	20	21	-1	-1	-1	-1	-1	-1	9000	11700	15200	19800	25700
518	239	Thß vi®n	13	9	0	-2100 0 -1800	1 0 0 0	22	23	24	25	-1	-1	-1	-1	-1	-1	9000	11700	15200	19800	25700
519	239	Y Xä	10	11	0	-4800 400 600	1 0 0 0	26	27	28	-1	-1	-1	11	12	13	-1	0	0	20000	26000	33800
520	239	T§p Phß¶ng	9	12	0	-5700 400 -700	1 0 0 0	30	31	32	33	-1	-1	-1	-1	-1	-1	9000	11700	15200	19800	25700
521	239	TØu quán	2	13	0	-5900 800 -2400	1 0 0 0	34	35	36	-1	-1	-1	14	15	16	-1	0	0	20000	26000	33800
522	239	Sß½ng phòng	1	14	0	-5900 800 -3900	1 0 0 0	38	39	40	41	-1	-1	-1	-1	-1	-1	9000	9900	10900	12000	13200
523	239	Võ Cø	6	15	0	-5300 800 -6000	1 0 0 0	42	43	44	-1	-1	-1	-1	-1	-1	-1	0	0	15000	18000	21600
524	239	ÐoÕn Ðài	5	16	0	-3300 800 -5500	1 0 0 0	46	47	48	49	-1	1	2	3	4	5	9000	11700	15200	19800	25700
525	239	Tß¶ng thành	8	17	0	400 0 1000	1 0 0 0	1	1	1	1	-1	-1	-1	-1	-1	-1	0	0	0	0	0
526	240	Huy®n nha	0	1	0	400 1200 -5600	1 0 0 0	72	73	74	75	-1	-1	-1	-1	-1	-1	20000	40000	80000	160000	320000
527	240	ÐÕi kÏ	17	2	0	400 1200 -3600	1 0 0 0	1	1	1	1	-1	-1	-1	-1	-1	-1	0	0	0	0	0
528	240	Võ Phß¶ng	11	4	0	3900 800 -5700	1 0 0 0	2	3	4	5	-1	6	7	8	9	10	9000	15300	26000	44200	75200
529	240	Phòng Cø	4	5	0	5900 800 -5900	1 0 0 0	6	7	8	-1	-1	-1	-1	-1	-1	-1	0	0	15000	18000	21600
530	240	Ti«n trang	3	6	0	5900 800 -4200	1 0 0 0	10	11	12	13	-1	106	34	52	70	88	10000	18000	32400	58300	105000
531	240	Trß¶ng võ	15	7	0	5500 400 -200	1 0 0 0	14	15	16	17	-1	-1	-1	-1	-1	-1	9000	15300	26000	44200	75200
532	240	M­ Thß½ng	7	8	0	3300 0 -1200	1 0 0 0	18	19	20	21	-1	-1	-1	-1	-1	-1	9000	11700	15200	19800	25700
533	240	Thß vi®n	13	9	0	-2100 0 -1800	1 0 0 0	22	23	24	25	-1	-1	-1	-1	-1	-1	9000	11700	15200	19800	25700
534	240	Y Xä	10	11	0	-4800 400 600	1 0 0 0	26	27	28	-1	-1	-1	11	12	13	-1	0	0	20000	26000	33800
535	240	T§p Phß¶ng	9	12	0	-5700 400 -700	1 0 0 0	30	31	32	33	-1	-1	-1	-1	-1	-1	9000	11700	15200	19800	25700
536	240	TØu quán	2	13	0	-5900 800 -2400	1 0 0 0	34	35	36	-1	-1	-1	14	15	16	-1	0	0	20000	26000	33800
537	240	Sß½ng phòng	1	14	0	-5900 800 -3900	1 0 0 0	38	39	40	41	-1	-1	-1	-1	-1	-1	9000	9900	10900	12000	13200
538	240	Võ Cø	6	15	0	-5300 800 -6000	1 0 0 0	42	43	44	-1	-1	-1	-1	-1	-1	-1	0	0	15000	18000	21600
539	240	ÐoÕn Ðài	5	16	0	-3300 800 -5500	1 0 0 0	46	47	48	49	-1	1	2	3	4	5	9000	11700	15200	19800	25700
540	240	Tß¶ng thành	8	17	0	400 0 1000	1 0 0 0	1	1	1	1	-1	-1	-1	-1	-1	-1	0	0	0	0	0
541	241	Huy®n nha	0	1	0	400 1200 -5600	1 0 0 0	72	73	74	75	-1	-1	-1	-1	-1	-1	20000	40000	80000	160000	320000
542	241	ÐÕi kÏ	17	2	0	400 1200 -3600	1 0 0 0	1	1	1	1	-1	-1	-1	-1	-1	-1	0	0	0	0	0
543	241	Võ Phß¶ng	11	4	0	3900 800 -5700	1 0 0 0	2	3	4	5	-1	6	7	8	9	10	9000	15300	26000	44200	75200
544	241	Phòng Cø	4	5	0	5900 800 -5900	1 0 0 0	6	7	8	-1	-1	-1	-1	-1	-1	-1	0	0	15000	18000	21600
545	241	Ti«n trang	3	6	0	5900 800 -4200	1 0 0 0	10	11	12	13	-1	89	17	35	53	71	10000	18000	32400	58300	105000
546	241	Trß¶ng võ	15	7	0	5500 400 -200	1 0 0 0	14	15	16	17	-1	-1	-1	-1	-1	-1	9000	15300	26000	44200	75200
547	241	M­ Thß½ng	7	8	0	3300 0 -1200	1 0 0 0	18	19	20	21	-1	-1	-1	-1	-1	-1	9000	11700	15200	19800	25700
548	241	Thß vi®n	13	9	0	-2100 0 -1800	1 0 0 0	22	23	24	25	-1	-1	-1	-1	-1	-1	9000	11700	15200	19800	25700
549	241	Y Xä	10	11	0	-4800 400 600	1 0 0 0	26	27	28	-1	-1	-1	11	12	13	-1	0	0	20000	26000	33800
550	241	T§p Phß¶ng	9	12	0	-5700 400 -700	1 0 0 0	30	31	32	33	-1	-1	-1	-1	-1	-1	9000	11700	15200	19800	25700
551	241	TØu quán	2	13	0	-5900 800 -2400	1 0 0 0	34	35	36	-1	-1	-1	14	15	16	-1	0	0	20000	26000	33800
552	241	Sß½ng phòng	1	14	0	-5900 800 -3900	1 0 0 0	38	39	40	41	-1	-1	-1	-1	-1	-1	9000	9900	10900	12000	13200
553	241	Võ Cø	6	15	0	-5300 800 -6000	1 0 0 0	42	43	44	-1	-1	-1	-1	-1	-1	-1	0	0	15000	18000	21600
554	241	ÐoÕn Ðài	5	16	0	-3300 800 -5500	1 0 0 0	46	47	48	49	-1	1	2	3	4	5	9000	11700	15200	19800	25700
555	241	Tß¶ng thành	8	17	0	400 0 1000	1 0 0 0	1	1	1	1	-1	-1	-1	-1	-1	-1	0	0	0	0	0
556	242	Huy®n nha	0	1	0	400 1200 -5600	1 0 0 0	72	73	74	75	-1	-1	-1	-1	-1	-1	20000	40000	80000	160000	320000
557	242	ÐÕi kÏ	17	2	0	400 1200 -3600	1 0 0 0	1	1	1	1	-1	-1	-1	-1	-1	-1	0	0	0	0	0
558	242	Võ Phß¶ng	11	4	0	3900 800 -5700	1 0 0 0	2	3	4	5	-1	6	7	8	9	10	9000	15300	26000	44200	75200
559	242	Phòng Cø	4	5	0	5900 800 -5900	1 0 0 0	6	7	8	-1	-1	-1	-1	-1	-1	-1	0	0	15000	18000	21600
560	242	Ti«n trang	3	6	0	5900 800 -4200	1 0 0 0	10	11	12	13	-1	90	18	36	54	72	10000	18000	32400	58300	105000
561	242	Trß¶ng võ	15	7	0	5500 400 -200	1 0 0 0	14	15	16	17	-1	-1	-1	-1	-1	-1	9000	15300	26000	44200	75200
562	242	M­ Thß½ng	7	8	0	3300 0 -1200	1 0 0 0	18	19	20	21	-1	-1	-1	-1	-1	-1	9000	11700	15200	19800	25700
563	242	Thß vi®n	13	9	0	-2100 0 -1800	1 0 0 0	22	23	24	25	-1	-1	-1	-1	-1	-1	9000	11700	15200	19800	25700
564	242	Y Xä	10	11	0	-4800 400 600	1 0 0 0	26	27	28	-1	-1	-1	11	12	13	-1	0	0	20000	26000	33800
565	242	T§p Phß¶ng	9	12	0	-5700 400 -700	1 0 0 0	30	31	32	33	-1	-1	-1	-1	-1	-1	9000	11700	15200	19800	25700
566	242	TØu quán	2	13	0	-5900 800 -2400	1 0 0 0	34	35	36	-1	-1	-1	14	15	16	-1	0	0	20000	26000	33800
567	242	Sß½ng phòng	1	14	0	-5900 800 -3900	1 0 0 0	38	39	40	41	-1	-1	-1	-1	-1	-1	9000	9900	10900	12000	13200
568	242	Võ Cø	6	15	0	-5300 800 -6000	1 0 0 0	42	43	44	-1	-1	-1	-1	-1	-1	-1	0	0	15000	18000	21600
569	242	ÐoÕn Ðài	5	16	0	-3300 800 -5500	1 0 0 0	46	47	48	49	-1	1	2	3	4	5	9000	11700	15200	19800	25700
570	242	Tß¶ng thành	8	17	0	400 0 1000	1 0 0 0	1	1	1	1	-1	-1	-1	-1	-1	-1	0	0	0	0	0
571	243	Huy®n nha	0	1	0	400 1200 -5600	1 0 0 0	72	73	74	75	-1	-1	-1	-1	-1	-1	20000	40000	80000	160000	320000
572	243	ÐÕi kÏ	17	2	0	400 1200 -3600	1 0 0 0	1	1	1	1	-1	-1	-1	-1	-1	-1	0	0	0	0	0
573	243	Võ Phß¶ng	11	4	0	3900 800 -5700	1 0 0 0	2	3	4	5	-1	6	7	8	9	10	9000	15300	26000	44200	75200
574	243	Phòng Cø	4	5	0	5900 800 -5900	1 0 0 0	6	7	8	-1	-1	-1	-1	-1	-1	-1	0	0	15000	18000	21600
575	243	Ti«n trang	3	6	0	5900 800 -4200	1 0 0 0	10	11	12	13	-1	91	19	37	55	73	10000	18000	32400	58300	105000
576	243	Trß¶ng võ	15	7	0	5500 400 -200	1 0 0 0	14	15	16	17	-1	-1	-1	-1	-1	-1	9000	15300	26000	44200	75200
577	243	M­ Thß½ng	7	8	0	3300 0 -1200	1 0 0 0	18	19	20	21	-1	-1	-1	-1	-1	-1	9000	11700	15200	19800	25700
578	243	Thß vi®n	13	9	0	-2100 0 -1800	1 0 0 0	22	23	24	25	-1	-1	-1	-1	-1	-1	9000	11700	15200	19800	25700
579	243	Y Xä	10	11	0	-4800 400 600	1 0 0 0	26	27	28	-1	-1	-1	11	12	13	-1	0	0	20000	26000	33800
580	243	T§p Phß¶ng	9	12	0	-5700 400 -700	1 0 0 0	30	31	32	33	-1	-1	-1	-1	-1	-1	9000	11700	15200	19800	25700
581	243	TØu quán	2	13	0	-5900 800 -2400	1 0 0 0	34	35	36	-1	-1	-1	14	15	16	-1	0	0	20000	26000	33800
582	243	Sß½ng phòng	1	14	0	-5900 800 -3900	1 0 0 0	38	39	40	41	-1	-1	-1	-1	-1	-1	9000	9900	10900	12000	13200
583	243	Võ Cø	6	15	0	-5300 800 -6000	1 0 0 0	42	43	44	-1	-1	-1	-1	-1	-1	-1	0	0	15000	18000	21600
584	243	ÐoÕn Ðài	5	16	0	-3300 800 -5500	1 0 0 0	46	47	48	49	-1	1	2	3	4	5	9000	11700	15200	19800	25700
585	243	Tß¶ng thành	8	17	0	400 0 1000	1 0 0 0	1	1	1	1	-1	-1	-1	-1	-1	-1	0	0	0	0	0
586	244	Huy®n nha	0	1	0	400 1200 -5600	1 0 0 0	72	73	74	75	-1	-1	-1	-1	-1	-1	20000	40000	80000	160000	320000
587	244	ÐÕi kÏ	17	2	0	400 1200 -3600	1 0 0 0	1	1	1	1	-1	-1	-1	-1	-1	-1	0	0	0	0	0
588	244	Võ Phß¶ng	11	4	0	3900 800 -5700	1 0 0 0	2	3	4	5	-1	6	7	8	9	10	9000	15300	26000	44200	75200
589	244	Phòng Cø	4	5	0	5900 800 -5900	1 0 0 0	6	7	8	-1	-1	-1	-1	-1	-1	-1	0	0	15000	18000	21600
590	244	Ti«n trang	3	6	0	5900 800 -4200	1 0 0 0	10	11	12	13	-1	92	20	38	56	74	10000	18000	32400	58300	105000
591	244	Trß¶ng võ	15	7	0	5500 400 -200	1 0 0 0	14	15	16	17	-1	-1	-1	-1	-1	-1	9000	15300	26000	44200	75200
592	244	M­ Thß½ng	7	8	0	3300 0 -1200	1 0 0 0	18	19	20	21	-1	-1	-1	-1	-1	-1	9000	11700	15200	19800	25700
593	244	Thß vi®n	13	9	0	-2100 0 -1800	1 0 0 0	22	23	24	25	-1	-1	-1	-1	-1	-1	9000	11700	15200	19800	25700
594	244	Y Xä	10	11	0	-4800 400 600	1 0 0 0	26	27	28	-1	-1	-1	11	12	13	-1	0	0	20000	26000	33800
595	244	T§p Phß¶ng	9	12	0	-5700 400 -700	1 0 0 0	30	31	32	33	-1	-1	-1	-1	-1	-1	9000	11700	15200	19800	25700
596	244	TØu quán	2	13	0	-5900 800 -2400	1 0 0 0	34	35	36	-1	-1	-1	14	15	16	-1	0	0	20000	26000	33800
597	244	Sß½ng phòng	1	14	0	-5900 800 -3900	1 0 0 0	38	39	40	41	-1	-1	-1	-1	-1	-1	9000	9900	10900	12000	13200
598	244	Võ Cø	6	15	0	-5300 800 -6000	1 0 0 0	42	43	44	-1	-1	-1	-1	-1	-1	-1	0	0	15000	18000	21600
599	244	ÐoÕn Ðài	5	16	0	-3300 800 -5500	1 0 0 0	46	47	48	49	-1	1	2	3	4	5	9000	11700	15200	19800	25700
600	244	Tß¶ng thành	8	17	0	400 0 1000	1 0 0 0	1	1	1	1	-1	-1	-1	-1	-1	-1	0	0	0	0	0
601	245	Huy®n nha	0	1	0	400 1200 -5600	1 0 0 0	72	73	74	75	-1	-1	-1	-1	-1	-1	20000	40000	80000	160000	320000
602	245	ÐÕi kÏ	17	2	0	400 1200 -3600	1 0 0 0	1	1	1	1	-1	-1	-1	-1	-1	-1	0	0	0	0	0
603	245	Võ Phß¶ng	11	4	0	3900 800 -5700	1 0 0 0	2	3	4	5	-1	6	7	8	9	10	9000	15300	26000	44200	75200
604	245	Phòng Cø	4	5	0	5900 800 -5900	1 0 0 0	6	7	8	-1	-1	-1	-1	-1	-1	-1	0	0	15000	18000	21600
605	245	Ti«n trang	3	6	0	5900 800 -4200	1 0 0 0	10	11	12	13	-1	93	21	39	57	75	10000	18000	32400	58300	105000
606	245	Trß¶ng võ	15	7	0	5500 400 -200	1 0 0 0	14	15	16	17	-1	-1	-1	-1	-1	-1	9000	15300	26000	44200	75200
607	245	M­ Thß½ng	7	8	0	3300 0 -1200	1 0 0 0	18	19	20	21	-1	-1	-1	-1	-1	-1	9000	11700	15200	19800	25700
608	245	Thß vi®n	13	9	0	-2100 0 -1800	1 0 0 0	22	23	24	25	-1	-1	-1	-1	-1	-1	9000	11700	15200	19800	25700
609	245	Y Xä	10	11	0	-4800 400 600	1 0 0 0	26	27	28	-1	-1	-1	11	12	13	-1	0	0	20000	26000	33800
610	245	T§p Phß¶ng	9	12	0	-5700 400 -700	1 0 0 0	30	31	32	33	-1	-1	-1	-1	-1	-1	9000	11700	15200	19800	25700
611	245	TØu quán	2	13	0	-5900 800 -2400	1 0 0 0	34	35	36	-1	-1	-1	14	15	16	-1	0	0	20000	26000	33800
612	245	Sß½ng phòng	1	14	0	-5900 800 -3900	1 0 0 0	38	39	40	41	-1	-1	-1	-1	-1	-1	9000	9900	10900	12000	13200
613	245	Võ Cø	6	15	0	-5300 800 -6000	1 0 0 0	42	43	44	-1	-1	-1	-1	-1	-1	-1	0	0	15000	18000	21600
614	245	ÐoÕn Ðài	5	16	0	-3300 800 -5500	1 0 0 0	46	47	48	49	-1	1	2	3	4	5	9000	11700	15200	19800	25700
615	245	Tß¶ng thành	8	17	0	400 0 1000	1 0 0 0	1	1	1	1	-1	-1	-1	-1	-1	-1	0	0	0	0	0
616	246	Huy®n nha	0	1	0	400 1200 -5600	1 0 0 0	72	73	74	75	-1	-1	-1	-1	-1	-1	20000	40000	80000	160000	320000
617	246	ÐÕi kÏ	17	2	0	400 1200 -3600	1 0 0 0	1	1	1	1	-1	-1	-1	-1	-1	-1	0	0	0	0	0
618	246	Võ Phß¶ng	11	4	0	3900 800 -5700	1 0 0 0	2	3	4	5	-1	6	7	8	9	10	9000	15300	26000	44200	75200
619	246	Phòng Cø	4	5	0	5900 800 -5900	1 0 0 0	6	7	8	-1	-1	-1	-1	-1	-1	-1	0	0	15000	18000	21600
620	246	Ti«n trang	3	6	0	5900 800 -4200	1 0 0 0	10	11	12	13	-1	94	22	40	58	76	10000	18000	32400	58300	105000
621	246	Trß¶ng võ	15	7	0	5500 400 -200	1 0 0 0	14	15	16	17	-1	-1	-1	-1	-1	-1	9000	15300	26000	44200	75200
622	246	M­ Thß½ng	7	8	0	3300 0 -1200	1 0 0 0	18	19	20	21	-1	-1	-1	-1	-1	-1	9000	11700	15200	19800	25700
623	246	Thß vi®n	13	9	0	-2100 0 -1800	1 0 0 0	22	23	24	25	-1	-1	-1	-1	-1	-1	9000	11700	15200	19800	25700
624	246	Y Xä	10	11	0	-4800 400 600	1 0 0 0	26	27	28	-1	-1	-1	11	12	13	-1	0	0	20000	26000	33800
625	246	T§p Phß¶ng	9	12	0	-5700 400 -700	1 0 0 0	30	31	32	33	-1	-1	-1	-1	-1	-1	9000	11700	15200	19800	25700
626	246	TØu quán	2	13	0	-5900 800 -2400	1 0 0 0	34	35	36	-1	-1	-1	14	15	16	-1	0	0	20000	26000	33800
627	246	Sß½ng phòng	1	14	0	-5900 800 -3900	1 0 0 0	38	39	40	41	-1	-1	-1	-1	-1	-1	9000	9900	10900	12000	13200
628	246	Võ Cø	6	15	0	-5300 800 -6000	1 0 0 0	42	43	44	-1	-1	-1	-1	-1	-1	-1	0	0	15000	18000	21600
629	246	ÐoÕn Ðài	5	16	0	-3300 800 -5500	1 0 0 0	46	47	48	49	-1	1	2	3	4	5	9000	11700	15200	19800	25700
630	246	Tß¶ng thành	8	17	0	400 0 1000	1 0 0 0	1	1	1	1	-1	-1	-1	-1	-1	-1	0	0	0	0	0
631	247	Huy®n nha	0	1	0	400 1200 -5600	1 0 0 0	72	73	74	75	-1	-1	-1	-1	-1	-1	20000	40000	80000	160000	320000
632	247	ÐÕi kÏ	17	2	0	400 1200 -3600	1 0 0 0	1	1	1	1	-1	-1	-1	-1	-1	-1	0	0	0	0	0
633	247	Võ Phß¶ng	11	4	0	3900 800 -5700	1 0 0 0	2	3	4	5	-1	6	7	8	9	10	9000	15300	26000	44200	75200
634	247	Phòng Cø	4	5	0	5900 800 -5900	1 0 0 0	6	7	8	-1	-1	-1	-1	-1	-1	-1	0	0	15000	18000	21600
635	247	Ti«n trang	3	6	0	5900 800 -4200	1 0 0 0	10	11	12	13	-1	95	23	41	59	77	10000	18000	32400	58300	105000
636	247	Trß¶ng võ	15	7	0	5500 400 -200	1 0 0 0	14	15	16	17	-1	-1	-1	-1	-1	-1	9000	15300	26000	44200	75200
637	247	M­ Thß½ng	7	8	0	3300 0 -1200	1 0 0 0	18	19	20	21	-1	-1	-1	-1	-1	-1	9000	11700	15200	19800	25700
638	247	Thß vi®n	13	9	0	-2100 0 -1800	1 0 0 0	22	23	24	25	-1	-1	-1	-1	-1	-1	9000	11700	15200	19800	25700
639	247	Y Xä	10	11	0	-4800 400 600	1 0 0 0	26	27	28	-1	-1	-1	11	12	13	-1	0	0	20000	26000	33800
640	247	T§p Phß¶ng	9	12	0	-5700 400 -700	1 0 0 0	30	31	32	33	-1	-1	-1	-1	-1	-1	9000	11700	15200	19800	25700
641	247	TØu quán	2	13	0	-5900 800 -2400	1 0 0 0	34	35	36	-1	-1	-1	14	15	16	-1	0	0	20000	26000	33800
642	247	Sß½ng phòng	1	14	0	-5900 800 -3900	1 0 0 0	38	39	40	41	-1	-1	-1	-1	-1	-1	9000	9900	10900	12000	13200
643	247	Võ Cø	6	15	0	-5300 800 -6000	1 0 0 0	42	43	44	-1	-1	-1	-1	-1	-1	-1	0	0	15000	18000	21600
644	247	ÐoÕn Ðài	5	16	0	-3300 800 -5500	1 0 0 0	46	47	48	49	-1	1	2	3	4	5	9000	11700	15200	19800	25700
645	247	Tß¶ng thành	8	17	0	400 0 1000	1 0 0 0	1	1	1	1	-1	-1	-1	-1	-1	-1	0	0	0	0	0
646	248	Huy®n nha	0	1	0	400 1200 -5600	1 0 0 0	72	73	74	75	-1	-1	-1	-1	-1	-1	20000	40000	80000	160000	320000
647	248	ÐÕi kÏ	17	2	0	400 1200 -3600	1 0 0 0	1	1	1	1	-1	-1	-1	-1	-1	-1	0	0	0	0	0
648	248	Võ Phß¶ng	11	4	0	3900 800 -5700	1 0 0 0	2	3	4	5	-1	6	7	8	9	10	9000	15300	26000	44200	75200
649	248	Phòng Cø	4	5	0	5900 800 -5900	1 0 0 0	6	7	8	-1	-1	-1	-1	-1	-1	-1	0	0	15000	18000	21600
650	248	Ti«n trang	3	6	0	5900 800 -4200	1 0 0 0	10	11	12	13	-1	96	24	42	60	78	10000	18000	32400	58300	105000
651	248	Trß¶ng võ	15	7	0	5500 400 -200	1 0 0 0	14	15	16	17	-1	-1	-1	-1	-1	-1	9000	15300	26000	44200	75200
652	248	M­ Thß½ng	7	8	0	3300 0 -1200	1 0 0 0	18	19	20	21	-1	-1	-1	-1	-1	-1	9000	11700	15200	19800	25700
653	248	Thß vi®n	13	9	0	-2100 0 -1800	1 0 0 0	22	23	24	25	-1	-1	-1	-1	-1	-1	9000	11700	15200	19800	25700
654	248	Y Xä	10	11	0	-4800 400 600	1 0 0 0	26	27	28	-1	-1	-1	11	12	13	-1	0	0	20000	26000	33800
655	248	T§p Phß¶ng	9	12	0	-5700 400 -700	1 0 0 0	30	31	32	33	-1	-1	-1	-1	-1	-1	9000	11700	15200	19800	25700
656	248	TØu quán	2	13	0	-5900 800 -2400	1 0 0 0	34	35	36	-1	-1	-1	14	15	16	-1	0	0	20000	26000	33800
657	248	Sß½ng phòng	1	14	0	-5900 800 -3900	1 0 0 0	38	39	40	41	-1	-1	-1	-1	-1	-1	9000	9900	10900	12000	13200
658	248	Võ Cø	6	15	0	-5300 800 -6000	1 0 0 0	42	43	44	-1	-1	-1	-1	-1	-1	-1	0	0	15000	18000	21600
659	248	ÐoÕn Ðài	5	16	0	-3300 800 -5500	1 0 0 0	46	47	48	49	-1	1	2	3	4	5	9000	11700	15200	19800	25700
660	248	Tß¶ng thành	8	17	0	400 0 1000	1 0 0 0	1	1	1	1	-1	-1	-1	-1	-1	-1	0	0	0	0	0
661	249	Huy®n nha	0	1	0	400 1200 -5600	1 0 0 0	72	73	74	75	-1	-1	-1	-1	-1	-1	20000	40000	80000	160000	320000
662	249	ÐÕi kÏ	17	2	0	400 1200 -3600	1 0 0 0	1	1	1	1	-1	-1	-1	-1	-1	-1	0	0	0	0	0
663	249	Võ Phß¶ng	11	4	0	3900 800 -5700	1 0 0 0	2	3	4	5	-1	6	7	8	9	10	9000	15300	26000	44200	75200
664	249	Phòng Cø	4	5	0	5900 800 -5900	1 0 0 0	6	7	8	-1	-1	-1	-1	-1	-1	-1	0	0	15000	18000	21600
665	249	Ti«n trang	3	6	0	5900 800 -4200	1 0 0 0	10	11	12	13	-1	97	25	43	61	79	10000	18000	32400	58300	105000
666	249	Trß¶ng võ	15	7	0	5500 400 -200	1 0 0 0	14	15	16	17	-1	-1	-1	-1	-1	-1	9000	15300	26000	44200	75200
667	249	M­ Thß½ng	7	8	0	3300 0 -1200	1 0 0 0	18	19	20	21	-1	-1	-1	-1	-1	-1	9000	11700	15200	19800	25700
668	249	Thß vi®n	13	9	0	-2100 0 -1800	1 0 0 0	22	23	24	25	-1	-1	-1	-1	-1	-1	9000	11700	15200	19800	25700
669	249	Y Xä	10	11	0	-4800 400 600	1 0 0 0	26	27	28	-1	-1	-1	11	12	13	-1	0	0	20000	26000	33800
670	249	T§p Phß¶ng	9	12	0	-5700 400 -700	1 0 0 0	30	31	32	33	-1	-1	-1	-1	-1	-1	9000	11700	15200	19800	25700
671	249	TØu quán	2	13	0	-5900 800 -2400	1 0 0 0	34	35	36	-1	-1	-1	14	15	16	-1	0	0	20000	26000	33800
672	249	Sß½ng phòng	1	14	0	-5900 800 -3900	1 0 0 0	38	39	40	41	-1	-1	-1	-1	-1	-1	9000	9900	10900	12000	13200
673	249	Võ Cø	6	15	0	-5300 800 -6000	1 0 0 0	42	43	44	-1	-1	-1	-1	-1	-1	-1	0	0	15000	18000	21600
674	249	ÐoÕn Ðài	5	16	0	-3300 800 -5500	1 0 0 0	46	47	48	49	-1	1	2	3	4	5	9000	11700	15200	19800	25700
675	249	Tß¶ng thành	8	17	0	400 0 1000	1 0 0 0	1	1	1	1	-1	-1	-1	-1	-1	-1	0	0	0	0	0
676	250	Huy®n nha	0	1	0	400 1200 -5600	1 0 0 0	72	73	74	75	-1	-1	-1	-1	-1	-1	20000	40000	80000	160000	320000
677	250	ÐÕi kÏ	17	2	0	400 1200 -3600	1 0 0 0	1	1	1	1	-1	-1	-1	-1	-1	-1	0	0	0	0	0
678	250	Võ Phß¶ng	11	4	0	3900 800 -5700	1 0 0 0	2	3	4	5	-1	6	7	8	9	10	9000	15300	26000	44200	75200
679	250	Phòng Cø	4	5	0	5900 800 -5900	1 0 0 0	6	7	8	-1	-1	-1	-1	-1	-1	-1	0	0	15000	18000	21600
680	250	Ti«n trang	3	6	0	5900 800 -4200	1 0 0 0	10	11	12	13	-1	98	26	44	62	80	10000	18000	32400	58300	105000
681	250	Trß¶ng võ	15	7	0	5500 400 -200	1 0 0 0	14	15	16	17	-1	-1	-1	-1	-1	-1	9000	15300	26000	44200	75200
682	250	M­ Thß½ng	7	8	0	3300 0 -1200	1 0 0 0	18	19	20	21	-1	-1	-1	-1	-1	-1	9000	11700	15200	19800	25700
683	250	Thß vi®n	13	9	0	-2100 0 -1800	1 0 0 0	22	23	24	25	-1	-1	-1	-1	-1	-1	9000	11700	15200	19800	25700
684	250	Y Xä	10	11	0	-4800 400 600	1 0 0 0	26	27	28	-1	-1	-1	11	12	13	-1	0	0	20000	26000	33800
685	250	T§p Phß¶ng	9	12	0	-5700 400 -700	1 0 0 0	30	31	32	33	-1	-1	-1	-1	-1	-1	9000	11700	15200	19800	25700
686	250	TØu quán	2	13	0	-5900 800 -2400	1 0 0 0	34	35	36	-1	-1	-1	14	15	16	-1	0	0	20000	26000	33800
687	250	Sß½ng phòng	1	14	0	-5900 800 -3900	1 0 0 0	38	39	40	41	-1	-1	-1	-1	-1	-1	9000	9900	10900	12000	13200
688	250	Võ Cø	6	15	0	-5300 800 -6000	1 0 0 0	42	43	44	-1	-1	-1	-1	-1	-1	-1	0	0	15000	18000	21600
689	250	ÐoÕn Ðài	5	16	0	-3300 800 -5500	1 0 0 0	46	47	48	49	-1	1	2	3	4	5	9000	11700	15200	19800	25700
690	250	Tß¶ng thành	8	17	0	400 0 1000	1 0 0 0	1	1	1	1	-1	-1	-1	-1	-1	-1	0	0	0	0	0
691	251	Huy®n nha	0	1	0	400 1200 -5600	1 0 0 0	72	73	74	75	-1	-1	-1	-1	-1	-1	20000	40000	80000	160000	320000
692	251	ÐÕi kÏ	17	2	0	400 1200 -3600	1 0 0 0	1	1	1	1	-1	-1	-1	-1	-1	-1	0	0	0	0	0
693	251	Võ Phß¶ng	11	4	0	3900 800 -5700	1 0 0 0	2	3	4	5	-1	6	7	8	9	10	9000	15300	26000	44200	75200
694	251	Phòng Cø	4	5	0	5900 800 -5900	1 0 0 0	6	7	8	-1	-1	-1	-1	-1	-1	-1	0	0	15000	18000	21600
695	251	Ti«n trang	3	6	0	5900 800 -4200	1 0 0 0	10	11	12	13	-1	99	27	45	63	81	10000	18000	32400	58300	105000
696	251	Trß¶ng võ	15	7	0	5500 400 -200	1 0 0 0	14	15	16	17	-1	-1	-1	-1	-1	-1	9000	15300	26000	44200	75200
697	251	M­ Thß½ng	7	8	0	3300 0 -1200	1 0 0 0	18	19	20	21	-1	-1	-1	-1	-1	-1	9000	11700	15200	19800	25700
698	251	Thß vi®n	13	9	0	-2100 0 -1800	1 0 0 0	22	23	24	25	-1	-1	-1	-1	-1	-1	9000	11700	15200	19800	25700
699	251	Y Xä	10	11	0	-4800 400 600	1 0 0 0	26	27	28	-1	-1	-1	11	12	13	-1	0	0	20000	26000	33800
700	251	T§p Phß¶ng	9	12	0	-5700 400 -700	1 0 0 0	30	31	32	33	-1	-1	-1	-1	-1	-1	9000	11700	15200	19800	25700
701	251	TØu quán	2	13	0	-5900 800 -2400	1 0 0 0	34	35	36	-1	-1	-1	14	15	16	-1	0	0	20000	26000	33800
702	251	Sß½ng phòng	1	14	0	-5900 800 -3900	1 0 0 0	38	39	40	41	-1	-1	-1	-1	-1	-1	9000	9900	10900	12000	13200
703	251	Võ Cø	6	15	0	-5300 800 -6000	1 0 0 0	42	43	44	-1	-1	-1	-1	-1	-1	-1	0	0	15000	18000	21600
704	251	ÐoÕn Ðài	5	16	0	-3300 800 -5500	1 0 0 0	46	47	48	49	-1	1	2	3	4	5	9000	11700	15200	19800	25700
705	251	Tß¶ng thành	8	17	0	400 0 1000	1 0 0 0	1	1	1	1	-1	-1	-1	-1	-1	-1	0	0	0	0	0
706	252	Huy®n nha	0	1	0	400 1200 -5600	1 0 0 0	72	73	74	75	-1	-1	-1	-1	-1	-1	20000	40000	80000	160000	320000
707	252	ÐÕi kÏ	17	2	0	400 1200 -3600	1 0 0 0	1	1	1	1	-1	-1	-1	-1	-1	-1	0	0	0	0	0
708	252	Võ Phß¶ng	11	4	0	3900 800 -5700	1 0 0 0	2	3	4	5	-1	6	7	8	9	10	9000	15300	26000	44200	75200
709	252	Phòng Cø	4	5	0	5900 800 -5900	1 0 0 0	6	7	8	-1	-1	-1	-1	-1	-1	-1	0	0	15000	18000	21600
710	252	Ti«n trang	3	6	0	5900 800 -4200	1 0 0 0	10	11	12	13	-1	100	28	46	64	82	10000	18000	32400	58300	105000
711	252	Trß¶ng võ	15	7	0	5500 400 -200	1 0 0 0	14	15	16	17	-1	-1	-1	-1	-1	-1	9000	15300	26000	44200	75200
712	252	M­ Thß½ng	7	8	0	3300 0 -1200	1 0 0 0	18	19	20	21	-1	-1	-1	-1	-1	-1	9000	11700	15200	19800	25700
713	252	Thß vi®n	13	9	0	-2100 0 -1800	1 0 0 0	22	23	24	25	-1	-1	-1	-1	-1	-1	9000	11700	15200	19800	25700
714	252	Y Xä	10	11	0	-4800 400 600	1 0 0 0	26	27	28	-1	-1	-1	11	12	13	-1	0	0	20000	26000	33800
715	252	T§p Phß¶ng	9	12	0	-5700 400 -700	1 0 0 0	30	31	32	33	-1	-1	-1	-1	-1	-1	9000	11700	15200	19800	25700
716	252	TØu quán	2	13	0	-5900 800 -2400	1 0 0 0	34	35	36	-1	-1	-1	14	15	16	-1	0	0	20000	26000	33800
717	252	Sß½ng phòng	1	14	0	-5900 800 -3900	1 0 0 0	38	39	40	41	-1	-1	-1	-1	-1	-1	9000	9900	10900	12000	13200
718	252	Võ Cø	6	15	0	-5300 800 -6000	1 0 0 0	42	43	44	-1	-1	-1	-1	-1	-1	-1	0	0	15000	18000	21600
719	252	ÐoÕn Ðài	5	16	0	-3300 800 -5500	1 0 0 0	46	47	48	49	-1	1	2	3	4	5	9000	11700	15200	19800	25700
720	252	Tß¶ng thành	8	17	0	400 0 1000	1 0 0 0	1	1	1	1	-1	-1	-1	-1	-1	-1	0	0	0	0	0
721	253	Huy®n nha	0	1	0	400 1200 -5600	1 0 0 0	72	73	74	75	-1	-1	-1	-1	-1	-1	20000	40000	80000	160000	320000
722	253	ÐÕi kÏ	17	2	0	400 1200 -3600	1 0 0 0	1	1	1	1	-1	-1	-1	-1	-1	-1	0	0	0	0	0
723	253	Võ Phß¶ng	11	4	0	3900 800 -5700	1 0 0 0	2	3	4	5	-1	6	7	8	9	10	9000	15300	26000	44200	75200
724	253	Phòng Cø	4	5	0	5900 800 -5900	1 0 0 0	6	7	8	-1	-1	-1	-1	-1	-1	-1	0	0	15000	18000	21600
725	253	Ti«n trang	3	6	0	5900 800 -4200	1 0 0 0	10	11	12	13	-1	101	29	47	65	83	10000	18000	32400	58300	105000
726	253	Trß¶ng võ	15	7	0	5500 400 -200	1 0 0 0	14	15	16	17	-1	-1	-1	-1	-1	-1	9000	15300	26000	44200	75200
727	253	M­ Thß½ng	7	8	0	3300 0 -1200	1 0 0 0	18	19	20	21	-1	-1	-1	-1	-1	-1	9000	11700	15200	19800	25700
728	253	Thß vi®n	13	9	0	-2100 0 -1800	1 0 0 0	22	23	24	25	-1	-1	-1	-1	-1	-1	9000	11700	15200	19800	25700
729	253	Y Xä	10	11	0	-4800 400 600	1 0 0 0	26	27	28	-1	-1	-1	11	12	13	-1	0	0	20000	26000	33800
730	253	T§p Phß¶ng	9	12	0	-5700 400 -700	1 0 0 0	30	31	32	33	-1	-1	-1	-1	-1	-1	9000	11700	15200	19800	25700
731	253	TØu quán	2	13	0	-5900 800 -2400	1 0 0 0	34	35	36	-1	-1	-1	14	15	16	-1	0	0	20000	26000	33800
732	253	Sß½ng phòng	1	14	0	-5900 800 -3900	1 0 0 0	38	39	40	41	-1	-1	-1	-1	-1	-1	9000	9900	10900	12000	13200
733	253	Võ Cø	6	15	0	-5300 800 -6000	1 0 0 0	42	43	44	-1	-1	-1	-1	-1	-1	-1	0	0	15000	18000	21600
734	253	ÐoÕn Ðài	5	16	0	-3300 800 -5500	1 0 0 0	46	47	48	49	-1	1	2	3	4	5	9000	11700	15200	19800	25700
735	253	Tß¶ng thành	8	17	0	400 0 1000	1 0 0 0	1	1	1	1	-1	-1	-1	-1	-1	-1	0	0	0	0	0
736	254	Huy®n nha	0	1	0	400 1200 -5600	1 0 0 0	72	73	74	75	-1	-1	-1	-1	-1	-1	20000	40000	80000	160000	320000
737	254	ÐÕi kÏ	17	2	0	400 1200 -3600	1 0 0 0	1	1	1	1	-1	-1	-1	-1	-1	-1	0	0	0	0	0
738	254	Võ Phß¶ng	11	4	0	3900 800 -5700	1 0 0 0	2	3	4	5	-1	6	7	8	9	10	9000	15300	26000	44200	75200
739	254	Phòng Cø	4	5	0	5900 800 -5900	1 0 0 0	6	7	8	-1	-1	-1	-1	-1	-1	-1	0	0	15000	18000	21600
740	254	Ti«n trang	3	6	0	5900 800 -4200	1 0 0 0	10	11	12	13	-1	102	30	48	66	84	10000	18000	32400	58300	105000
741	254	Trß¶ng võ	15	7	0	5500 400 -200	1 0 0 0	14	15	16	17	-1	-1	-1	-1	-1	-1	9000	15300	26000	44200	75200
742	254	M­ Thß½ng	7	8	0	3300 0 -1200	1 0 0 0	18	19	20	21	-1	-1	-1	-1	-1	-1	9000	11700	15200	19800	25700
743	254	Thß vi®n	13	9	0	-2100 0 -1800	1 0 0 0	22	23	24	25	-1	-1	-1	-1	-1	-1	9000	11700	15200	19800	25700
744	254	Y Xä	10	11	0	-4800 400 600	1 0 0 0	26	27	28	-1	-1	-1	11	12	13	-1	0	0	20000	26000	33800
745	254	T§p Phß¶ng	9	12	0	-5700 400 -700	1 0 0 0	30	31	32	33	-1	-1	-1	-1	-1	-1	9000	11700	15200	19800	25700
746	254	TØu quán	2	13	0	-5900 800 -2400	1 0 0 0	34	35	36	-1	-1	-1	14	15	16	-1	0	0	20000	26000	33800
747	254	Sß½ng phòng	1	14	0	-5900 800 -3900	1 0 0 0	38	39	40	41	-1	-1	-1	-1	-1	-1	9000	9900	10900	12000	13200
748	254	Võ Cø	6	15	0	-5300 800 -6000	1 0 0 0	42	43	44	-1	-1	-1	-1	-1	-1	-1	0	0	15000	18000	21600
749	254	ÐoÕn Ðài	5	16	0	-3300 800 -5500	1 0 0 0	46	47	48	49	-1	1	2	3	4	5	9000	11700	15200	19800	25700
750	254	Tß¶ng thành	8	17	0	400 0 1000	1 0 0 0	1	1	1	1	-1	-1	-1	-1	-1	-1	0	0	0	0	0
751	255	Huy®n nha	0	1	0	400 1200 -5600	1 0 0 0	72	73	74	75	-1	-1	-1	-1	-1	-1	20000	40000	80000	160000	320000
752	255	ÐÕi kÏ	17	2	0	400 1200 -3600	1 0 0 0	1	1	1	1	-1	-1	-1	-1	-1	-1	0	0	0	0	0
753	255	Võ Phß¶ng	11	4	0	3900 800 -5700	1 0 0 0	2	3	4	5	-1	6	7	8	9	10	9000	15300	26000	44200	75200
754	255	Phòng Cø	4	5	0	5900 800 -5900	1 0 0 0	6	7	8	-1	-1	-1	-1	-1	-1	-1	0	0	15000	18000	21600
755	255	Ti«n trang	3	6	0	5900 800 -4200	1 0 0 0	10	11	12	13	-1	103	31	49	67	85	10000	18000	32400	58300	105000
756	255	Trß¶ng võ	15	7	0	5500 400 -200	1 0 0 0	14	15	16	17	-1	-1	-1	-1	-1	-1	9000	15300	26000	44200	75200
757	255	M­ Thß½ng	7	8	0	3300 0 -1200	1 0 0 0	18	19	20	21	-1	-1	-1	-1	-1	-1	9000	11700	15200	19800	25700
758	255	Thß vi®n	13	9	0	-2100 0 -1800	1 0 0 0	22	23	24	25	-1	-1	-1	-1	-1	-1	9000	11700	15200	19800	25700
759	255	Y Xä	10	11	0	-4800 400 600	1 0 0 0	26	27	28	-1	-1	-1	11	12	13	-1	0	0	20000	26000	33800
760	255	T§p Phß¶ng	9	12	0	-5700 400 -700	1 0 0 0	30	31	32	33	-1	-1	-1	-1	-1	-1	9000	11700	15200	19800	25700
761	255	TØu quán	2	13	0	-5900 800 -2400	1 0 0 0	34	35	36	-1	-1	-1	14	15	16	-1	0	0	20000	26000	33800
762	255	Sß½ng phòng	1	14	0	-5900 800 -3900	1 0 0 0	38	39	40	41	-1	-1	-1	-1	-1	-1	9000	9900	10900	12000	13200
763	255	Võ Cø	6	15	0	-5300 800 -6000	1 0 0 0	42	43	44	-1	-1	-1	-1	-1	-1	-1	0	0	15000	18000	21600
764	255	ÐoÕn Ðài	5	16	0	-3300 800 -5500	1 0 0 0	46	47	48	49	-1	1	2	3	4	5	9000	11700	15200	19800	25700
765	255	Tß¶ng thành	8	17	0	400 0 1000	1 0 0 0	1	1	1	1	-1	-1	-1	-1	-1	-1	0	0	0	0	0
766	256	Huy®n nha	0	1	0	400 1200 -5600	1 0 0 0	72	73	74	75	-1	-1	-1	-1	-1	-1	20000	40000	80000	160000	320000
767	256	ÐÕi kÏ	17	2	0	400 1200 -3600	1 0 0 0	1	1	1	1	-1	-1	-1	-1	-1	-1	0	0	0	0	0
768	256	Võ Phß¶ng	11	4	0	3900 800 -5700	1 0 0 0	2	3	4	5	-1	6	7	8	9	10	9000	15300	26000	44200	75200
769	256	Phòng Cø	4	5	0	5900 800 -5900	1 0 0 0	6	7	8	-1	-1	-1	-1	-1	-1	-1	0	0	15000	18000	21600
770	256	Ti«n trang	3	6	0	5900 800 -4200	1 0 0 0	10	11	12	13	-1	104	32	50	68	86	10000	18000	32400	58300	105000
771	256	Trß¶ng võ	15	7	0	5500 400 -200	1 0 0 0	14	15	16	17	-1	-1	-1	-1	-1	-1	9000	15300	26000	44200	75200
772	256	M­ Thß½ng	7	8	0	3300 0 -1200	1 0 0 0	18	19	20	21	-1	-1	-1	-1	-1	-1	9000	11700	15200	19800	25700
773	256	Thß vi®n	13	9	0	-2100 0 -1800	1 0 0 0	22	23	24	25	-1	-1	-1	-1	-1	-1	9000	11700	15200	19800	25700
774	256	Y Xä	10	11	0	-4800 400 600	1 0 0 0	26	27	28	-1	-1	-1	11	12	13	-1	0	0	20000	26000	33800
775	256	T§p Phß¶ng	9	12	0	-5700 400 -700	1 0 0 0	30	31	32	33	-1	-1	-1	-1	-1	-1	9000	11700	15200	19800	25700
776	256	TØu quán	2	13	0	-5900 800 -2400	1 0 0 0	34	35	36	-1	-1	-1	14	15	16	-1	0	0	20000	26000	33800
777	256	Sß½ng phòng	1	14	0	-5900 800 -3900	1 0 0 0	38	39	40	41	-1	-1	-1	-1	-1	-1	9000	9900	10900	12000	13200
778	256	Võ Cø	6	15	0	-5300 800 -6000	1 0 0 0	42	43	44	-1	-1	-1	-1	-1	-1	-1	0	0	15000	18000	21600
779	256	ÐoÕn Ðài	5	16	0	-3300 800 -5500	1 0 0 0	46	47	48	49	-1	1	2	3	4	5	9000	11700	15200	19800	25700
780	256	Tß¶ng thành	8	17	0	400 0 1000	1 0 0 0	1	1	1	1	-1	-1	-1	-1	-1	-1	0	0	0	0	0
781	257	Huy®n nha	0	1	0	400 1200 -5600	1 0 0 0	72	73	74	75	-1	-1	-1	-1	-1	-1	20000	40000	80000	160000	320000
782	257	ÐÕi kÏ	17	2	0	400 1200 -3600	1 0 0 0	1	1	1	1	-1	-1	-1	-1	-1	-1	0	0	0	0	0
783	257	Võ Phß¶ng	11	4	0	3900 800 -5700	1 0 0 0	2	3	4	5	-1	6	7	8	9	10	9000	15300	26000	44200	75200
784	257	Phòng Cø	4	5	0	5900 800 -5900	1 0 0 0	6	7	8	-1	-1	-1	-1	-1	-1	-1	0	0	15000	18000	21600
785	257	Ti«n trang	3	6	0	5900 800 -4200	1 0 0 0	10	11	12	13	-1	105	33	51	69	87	10000	18000	32400	58300	105000
786	257	Trß¶ng võ	15	7	0	5500 400 -200	1 0 0 0	14	15	16	17	-1	-1	-1	-1	-1	-1	9000	15300	26000	44200	75200
787	257	M­ Thß½ng	7	8	0	3300 0 -1200	1 0 0 0	18	19	20	21	-1	-1	-1	-1	-1	-1	9000	11700	15200	19800	25700
788	257	Thß vi®n	13	9	0	-2100 0 -1800	1 0 0 0	22	23	24	25	-1	-1	-1	-1	-1	-1	9000	11700	15200	19800	25700
789	257	Y Xä	10	11	0	-4800 400 600	1 0 0 0	26	27	28	-1	-1	-1	11	12	13	-1	0	0	20000	26000	33800
790	257	T§p Phß¶ng	9	12	0	-5700 400 -700	1 0 0 0	30	31	32	33	-1	-1	-1	-1	-1	-1	9000	11700	15200	19800	25700
791	257	TØu quán	2	13	0	-5900 800 -2400	1 0 0 0	34	35	36	-1	-1	-1	14	15	16	-1	0	0	20000	26000	33800
792	257	Sß½ng phòng	1	14	0	-5900 800 -3900	1 0 0 0	38	39	40	41	-1	-1	-1	-1	-1	-1	9000	9900	10900	12000	13200
793	257	Võ Cø	6	15	0	-5300 800 -6000	1 0 0 0	42	43	44	-1	-1	-1	-1	-1	-1	-1	0	0	15000	18000	21600
794	257	ÐoÕn Ðài	5	16	0	-3300 800 -5500	1 0 0 0	46	47	48	49	-1	1	2	3	4	5	9000	11700	15200	19800	25700
795	257	Tß¶ng thành	8	17	0	400 0 1000	1 0 0 0	1	1	1	1	-1	-1	-1	-1	-1	-1	0	0	0	0	0
796	258	Huy®n nha	0	1	0	400 1200 -5600	1 0 0 0	72	73	74	75	-1	-1	-1	-1	-1	-1	20000	40000	80000	160000	320000
797	258	ÐÕi kÏ	17	2	0	400 1200 -3600	1 0 0 0	1	1	1	1	-1	-1	-1	-1	-1	-1	0	0	0	0	0
798	258	Võ Phß¶ng	11	4	0	3900 800 -5700	1 0 0 0	2	3	4	5	-1	6	7	8	9	10	9000	15300	26000	44200	75200
799	258	Phòng Cø	4	5	0	5900 800 -5900	1 0 0 0	6	7	8	-1	-1	-1	-1	-1	-1	-1	0	0	15000	18000	21600
800	258	Ti«n trang	3	6	0	5900 800 -4200	1 0 0 0	10	11	12	13	-1	106	34	52	70	88	10000	18000	32400	58300	105000
801	258	Trß¶ng võ	15	7	0	5500 400 -200	1 0 0 0	14	15	16	17	-1	-1	-1	-1	-1	-1	9000	15300	26000	44200	75200
802	258	M­ Thß½ng	7	8	0	3300 0 -1200	1 0 0 0	18	19	20	21	-1	-1	-1	-1	-1	-1	9000	11700	15200	19800	25700
803	258	Thß vi®n	13	9	0	-2100 0 -1800	1 0 0 0	22	23	24	25	-1	-1	-1	-1	-1	-1	9000	11700	15200	19800	25700
804	258	Y Xä	10	11	0	-4800 400 600	1 0 0 0	26	27	28	-1	-1	-1	11	12	13	-1	0	0	20000	26000	33800
805	258	T§p Phß¶ng	9	12	0	-5700 400 -700	1 0 0 0	30	31	32	33	-1	-1	-1	-1	-1	-1	9000	11700	15200	19800	25700
806	258	TØu quán	2	13	0	-5900 800 -2400	1 0 0 0	34	35	36	-1	-1	-1	14	15	16	-1	0	0	20000	26000	33800
807	258	Sß½ng phòng	1	14	0	-5900 800 -3900	1 0 0 0	38	39	40	41	-1	-1	-1	-1	-1	-1	9000	9900	10900	12000	13200
808	258	Võ Cø	6	15	0	-5300 800 -6000	1 0 0 0	42	43	44	-1	-1	-1	-1	-1	-1	-1	0	0	15000	18000	21600
809	258	ÐoÕn Ðài	5	16	0	-3300 800 -5500	1 0 0 0	46	47	48	49	-1	1	2	3	4	5	9000	11700	15200	19800	25700
810	258	Tß¶ng thành	8	17	0	400 0 1000	1 0 0 0	1	1	1	1	-1	-1	-1	-1	-1	-1	0	0	0	0	0
811	259	Huy®n nha	0	1	0	400 1200 -5600	1 0 0 0	72	73	74	75	-1	-1	-1	-1	-1	-1	20000	40000	80000	160000	320000
812	259	ÐÕi kÏ	17	2	0	400 1200 -3600	1 0 0 0	1	1	1	1	-1	-1	-1	-1	-1	-1	0	0	0	0	0
813	259	Võ Phß¶ng	11	4	0	3900 800 -5700	1 0 0 0	2	3	4	5	-1	6	7	8	9	10	9000	15300	26000	44200	75200
814	259	Phòng Cø	4	5	0	5900 800 -5900	1 0 0 0	6	7	8	-1	-1	-1	-1	-1	-1	-1	0	0	15000	18000	21600
815	259	Ti«n trang	3	6	0	5900 800 -4200	1 0 0 0	10	11	12	13	-1	89	17	35	53	71	10000	18000	32400	58300	105000
816	259	Trß¶ng võ	15	7	0	5500 400 -200	1 0 0 0	14	15	16	17	-1	-1	-1	-1	-1	-1	9000	15300	26000	44200	75200
817	259	M­ Thß½ng	7	8	0	3300 0 -1200	1 0 0 0	18	19	20	21	-1	-1	-1	-1	-1	-1	9000	11700	15200	19800	25700
818	259	Thß vi®n	13	9	0	-2100 0 -1800	1 0 0 0	22	23	24	25	-1	-1	-1	-1	-1	-1	9000	11700	15200	19800	25700
819	259	Y Xä	10	11	0	-4800 400 600	1 0 0 0	26	27	28	-1	-1	-1	11	12	13	-1	0	0	20000	26000	33800
820	259	T§p Phß¶ng	9	12	0	-5700 400 -700	1 0 0 0	30	31	32	33	-1	-1	-1	-1	-1	-1	9000	11700	15200	19800	25700
821	259	TØu quán	2	13	0	-5900 800 -2400	1 0 0 0	34	35	36	-1	-1	-1	14	15	16	-1	0	0	20000	26000	33800
822	259	Sß½ng phòng	1	14	0	-5900 800 -3900	1 0 0 0	38	39	40	41	-1	-1	-1	-1	-1	-1	9000	9900	10900	12000	13200
823	259	Võ Cø	6	15	0	-5300 800 -6000	1 0 0 0	42	43	44	-1	-1	-1	-1	-1	-1	-1	0	0	15000	18000	21600
824	259	ÐoÕn Ðài	5	16	0	-3300 800 -5500	1 0 0 0	46	47	48	49	-1	1	2	3	4	5	9000	11700	15200	19800	25700
825	259	Tß¶ng thành	8	17	0	400 0 1000	1 0 0 0	1	1	1	1	-1	-1	-1	-1	-1	-1	0	0	0	0	0
826	260	Huy®n nha	0	1	0	400 1200 -5600	1 0 0 0	72	73	74	75	-1	-1	-1	-1	-1	-1	20000	40000	80000	160000	320000
827	260	ÐÕi kÏ	17	2	0	400 1200 -3600	1 0 0 0	1	1	1	1	-1	-1	-1	-1	-1	-1	0	0	0	0	0
828	260	Võ Phß¶ng	11	4	0	3900 800 -5700	1 0 0 0	2	3	4	5	-1	6	7	8	9	10	9000	15300	26000	44200	75200
829	260	Phòng Cø	4	5	0	5900 800 -5900	1 0 0 0	6	7	8	-1	-1	-1	-1	-1	-1	-1	0	0	15000	18000	21600
830	260	Ti«n trang	3	6	0	5900 800 -4200	1 0 0 0	10	11	12	13	-1	90	18	36	54	72	10000	18000	32400	58300	105000
831	260	Trß¶ng võ	15	7	0	5500 400 -200	1 0 0 0	14	15	16	17	-1	-1	-1	-1	-1	-1	9000	15300	26000	44200	75200
832	260	M­ Thß½ng	7	8	0	3300 0 -1200	1 0 0 0	18	19	20	21	-1	-1	-1	-1	-1	-1	9000	11700	15200	19800	25700
833	260	Thß vi®n	13	9	0	-2100 0 -1800	1 0 0 0	22	23	24	25	-1	-1	-1	-1	-1	-1	9000	11700	15200	19800	25700
834	260	Y Xä	10	11	0	-4800 400 600	1 0 0 0	26	27	28	-1	-1	-1	11	12	13	-1	0	0	20000	26000	33800
835	260	T§p Phß¶ng	9	12	0	-5700 400 -700	1 0 0 0	30	31	32	33	-1	-1	-1	-1	-1	-1	9000	11700	15200	19800	25700
836	260	TØu quán	2	13	0	-5900 800 -2400	1 0 0 0	34	35	36	-1	-1	-1	14	15	16	-1	0	0	20000	26000	33800
837	260	Sß½ng phòng	1	14	0	-5900 800 -3900	1 0 0 0	38	39	40	41	-1	-1	-1	-1	-1	-1	9000	9900	10900	12000	13200
838	260	Võ Cø	6	15	0	-5300 800 -6000	1 0 0 0	42	43	44	-1	-1	-1	-1	-1	-1	-1	0	0	15000	18000	21600
839	260	ÐoÕn Ðài	5	16	0	-3300 800 -5500	1 0 0 0	46	47	48	49	-1	1	2	3	4	5	9000	11700	15200	19800	25700
840	260	Tß¶ng thành	8	17	0	400 0 1000	1 0 0 0	1	1	1	1	-1	-1	-1	-1	-1	-1	0	0	0	0	0
841	261	Huy®n nha	0	1	0	400 1200 -5600	1 0 0 0	72	73	74	75	-1	-1	-1	-1	-1	-1	20000	40000	80000	160000	320000
842	261	ÐÕi kÏ	17	2	0	400 1200 -3600	1 0 0 0	1	1	1	1	-1	-1	-1	-1	-1	-1	0	0	0	0	0
843	261	Võ Phß¶ng	11	4	0	3900 800 -5700	1 0 0 0	2	3	4	5	-1	6	7	8	9	10	9000	15300	26000	44200	75200
844	261	Phòng Cø	4	5	0	5900 800 -5900	1 0 0 0	6	7	8	-1	-1	-1	-1	-1	-1	-1	0	0	15000	18000	21600
845	261	Ti«n trang	3	6	0	5900 800 -4200	1 0 0 0	10	11	12	13	-1	91	19	37	55	73	10000	18000	32400	58300	105000
846	261	Trß¶ng võ	15	7	0	5500 400 -200	1 0 0 0	14	15	16	17	-1	-1	-1	-1	-1	-1	9000	15300	26000	44200	75200
847	261	M­ Thß½ng	7	8	0	3300 0 -1200	1 0 0 0	18	19	20	21	-1	-1	-1	-1	-1	-1	9000	11700	15200	19800	25700
848	261	Thß vi®n	13	9	0	-2100 0 -1800	1 0 0 0	22	23	24	25	-1	-1	-1	-1	-1	-1	9000	11700	15200	19800	25700
849	261	Y Xä	10	11	0	-4800 400 600	1 0 0 0	26	27	28	-1	-1	-1	11	12	13	-1	0	0	20000	26000	33800
850	261	T§p Phß¶ng	9	12	0	-5700 400 -700	1 0 0 0	30	31	32	33	-1	-1	-1	-1	-1	-1	9000	11700	15200	19800	25700
851	261	TØu quán	2	13	0	-5900 800 -2400	1 0 0 0	34	35	36	-1	-1	-1	14	15	16	-1	0	0	20000	26000	33800
852	261	Sß½ng phòng	1	14	0	-5900 800 -3900	1 0 0 0	38	39	40	41	-1	-1	-1	-1	-1	-1	9000	9900	10900	12000	13200
853	261	Võ Cø	6	15	0	-5300 800 -6000	1 0 0 0	42	43	44	-1	-1	-1	-1	-1	-1	-1	0	0	15000	18000	21600
854	261	ÐoÕn Ðài	5	16	0	-3300 800 -5500	1 0 0 0	46	47	48	49	-1	1	2	3	4	5	9000	11700	15200	19800	25700
855	261	Tß¶ng thành	8	17	0	400 0 1000	1 0 0 0	1	1	1	1	-1	-1	-1	-1	-1	-1	0	0	0	0	0
856	262	Huy®n nha	0	1	0	400 1200 -5600	1 0 0 0	72	73	74	75	-1	-1	-1	-1	-1	-1	20000	40000	80000	160000	320000
857	262	ÐÕi kÏ	17	2	0	400 1200 -3600	1 0 0 0	1	1	1	1	-1	-1	-1	-1	-1	-1	0	0	0	0	0
858	262	Võ Phß¶ng	11	4	0	3900 800 -5700	1 0 0 0	2	3	4	5	-1	6	7	8	9	10	9000	15300	26000	44200	75200
859	262	Phòng Cø	4	5	0	5900 800 -5900	1 0 0 0	6	7	8	-1	-1	-1	-1	-1	-1	-1	0	0	15000	18000	21600
860	262	Ti«n trang	3	6	0	5900 800 -4200	1 0 0 0	10	11	12	13	-1	92	20	38	56	74	10000	18000	32400	58300	105000
861	262	Trß¶ng võ	15	7	0	5500 400 -200	1 0 0 0	14	15	16	17	-1	-1	-1	-1	-1	-1	9000	15300	26000	44200	75200
862	262	M­ Thß½ng	7	8	0	3300 0 -1200	1 0 0 0	18	19	20	21	-1	-1	-1	-1	-1	-1	9000	11700	15200	19800	25700
863	262	Thß vi®n	13	9	0	-2100 0 -1800	1 0 0 0	22	23	24	25	-1	-1	-1	-1	-1	-1	9000	11700	15200	19800	25700
864	262	Y Xä	10	11	0	-4800 400 600	1 0 0 0	26	27	28	-1	-1	-1	11	12	13	-1	0	0	20000	26000	33800
865	262	T§p Phß¶ng	9	12	0	-5700 400 -700	1 0 0 0	30	31	32	33	-1	-1	-1	-1	-1	-1	9000	11700	15200	19800	25700
866	262	TØu quán	2	13	0	-5900 800 -2400	1 0 0 0	34	35	36	-1	-1	-1	14	15	16	-1	0	0	20000	26000	33800
867	262	Sß½ng phòng	1	14	0	-5900 800 -3900	1 0 0 0	38	39	40	41	-1	-1	-1	-1	-1	-1	9000	9900	10900	12000	13200
868	262	Võ Cø	6	15	0	-5300 800 -6000	1 0 0 0	42	43	44	-1	-1	-1	-1	-1	-1	-1	0	0	15000	18000	21600
869	262	ÐoÕn Ðài	5	16	0	-3300 800 -5500	1 0 0 0	46	47	48	49	-1	1	2	3	4	5	9000	11700	15200	19800	25700
870	262	Tß¶ng thành	8	17	0	400 0 1000	1 0 0 0	1	1	1	1	-1	-1	-1	-1	-1	-1	0	0	0	0	0
871	263	Huy®n nha	0	1	0	400 1200 -5600	1 0 0 0	72	73	74	75	-1	-1	-1	-1	-1	-1	20000	40000	80000	160000	320000
872	263	ÐÕi kÏ	17	2	0	400 1200 -3600	1 0 0 0	1	1	1	1	-1	-1	-1	-1	-1	-1	0	0	0	0	0
873	263	Võ Phß¶ng	11	4	0	3900 800 -5700	1 0 0 0	2	3	4	5	-1	6	7	8	9	10	9000	15300	26000	44200	75200
874	263	Phòng Cø	4	5	0	5900 800 -5900	1 0 0 0	6	7	8	-1	-1	-1	-1	-1	-1	-1	0	0	15000	18000	21600
875	263	Ti«n trang	3	6	0	5900 800 -4200	1 0 0 0	10	11	12	13	-1	93	21	39	57	75	10000	18000	32400	58300	105000
876	263	Trß¶ng võ	15	7	0	5500 400 -200	1 0 0 0	14	15	16	17	-1	-1	-1	-1	-1	-1	9000	15300	26000	44200	75200
877	263	M­ Thß½ng	7	8	0	3300 0 -1200	1 0 0 0	18	19	20	21	-1	-1	-1	-1	-1	-1	9000	11700	15200	19800	25700
878	263	Thß vi®n	13	9	0	-2100 0 -1800	1 0 0 0	22	23	24	25	-1	-1	-1	-1	-1	-1	9000	11700	15200	19800	25700
879	263	Y Xä	10	11	0	-4800 400 600	1 0 0 0	26	27	28	-1	-1	-1	11	12	13	-1	0	0	20000	26000	33800
880	263	T§p Phß¶ng	9	12	0	-5700 400 -700	1 0 0 0	30	31	32	33	-1	-1	-1	-1	-1	-1	9000	11700	15200	19800	25700
881	263	TØu quán	2	13	0	-5900 800 -2400	1 0 0 0	34	35	36	-1	-1	-1	14	15	16	-1	0	0	20000	26000	33800
882	263	Sß½ng phòng	1	14	0	-5900 800 -3900	1 0 0 0	38	39	40	41	-1	-1	-1	-1	-1	-1	9000	9900	10900	12000	13200
883	263	Võ Cø	6	15	0	-5300 800 -6000	1 0 0 0	42	43	44	-1	-1	-1	-1	-1	-1	-1	0	0	15000	18000	21600
884	263	ÐoÕn Ðài	5	16	0	-3300 800 -5500	1 0 0 0	46	47	48	49	-1	1	2	3	4	5	9000	11700	15200	19800	25700
885	263	Tß¶ng thành	8	17	0	400 0 1000	1 0 0 0	1	1	1	1	-1	-1	-1	-1	-1	-1	0	0	0	0	0
886	264	Huy®n nha	0	1	0	400 1200 -5600	1 0 0 0	72	73	74	75	-1	-1	-1	-1	-1	-1	20000	40000	80000	160000	320000
887	264	ÐÕi kÏ	17	2	0	400 1200 -3600	1 0 0 0	1	1	1	1	-1	-1	-1	-1	-1	-1	0	0	0	0	0
888	264	Võ Phß¶ng	11	4	0	3900 800 -5700	1 0 0 0	2	3	4	5	-1	6	7	8	9	10	9000	15300	26000	44200	75200
889	264	Phòng Cø	4	5	0	5900 800 -5900	1 0 0 0	6	7	8	-1	-1	-1	-1	-1	-1	-1	0	0	15000	18000	21600
890	264	Ti«n trang	3	6	0	5900 800 -4200	1 0 0 0	10	11	12	13	-1	94	22	40	58	76	10000	18000	32400	58300	105000
891	264	Trß¶ng võ	15	7	0	5500 400 -200	1 0 0 0	14	15	16	17	-1	-1	-1	-1	-1	-1	9000	15300	26000	44200	75200
892	264	M­ Thß½ng	7	8	0	3300 0 -1200	1 0 0 0	18	19	20	21	-1	-1	-1	-1	-1	-1	9000	11700	15200	19800	25700
893	264	Thß vi®n	13	9	0	-2100 0 -1800	1 0 0 0	22	23	24	25	-1	-1	-1	-1	-1	-1	9000	11700	15200	19800	25700
894	264	Y Xä	10	11	0	-4800 400 600	1 0 0 0	26	27	28	-1	-1	-1	11	12	13	-1	0	0	20000	26000	33800
895	264	T§p Phß¶ng	9	12	0	-5700 400 -700	1 0 0 0	30	31	32	33	-1	-1	-1	-1	-1	-1	9000	11700	15200	19800	25700
896	264	TØu quán	2	13	0	-5900 800 -2400	1 0 0 0	34	35	36	-1	-1	-1	14	15	16	-1	0	0	20000	26000	33800
897	264	Sß½ng phòng	1	14	0	-5900 800 -3900	1 0 0 0	38	39	40	41	-1	-1	-1	-1	-1	-1	9000	9900	10900	12000	13200
898	264	Võ Cø	6	15	0	-5300 800 -6000	1 0 0 0	42	43	44	-1	-1	-1	-1	-1	-1	-1	0	0	15000	18000	21600
899	264	ÐoÕn Ðài	5	16	0	-3300 800 -5500	1 0 0 0	46	47	48	49	-1	1	2	3	4	5	9000	11700	15200	19800	25700
900	264	Tß¶ng thành	8	17	0	400 0 1000	1 0 0 0	1	1	1	1	-1	-1	-1	-1	-1	-1	0	0	0	0	0
901	265	Huy®n nha	0	1	0	400 1200 -5600	1 0 0 0	72	73	74	75	-1	-1	-1	-1	-1	-1	20000	40000	80000	160000	320000
902	265	ÐÕi kÏ	17	2	0	400 1200 -3600	1 0 0 0	1	1	1	1	-1	-1	-1	-1	-1	-1	0	0	0	0	0
903	265	Võ Phß¶ng	11	4	0	3900 800 -5700	1 0 0 0	2	3	4	5	-1	6	7	8	9	10	9000	15300	26000	44200	75200
904	265	Phòng Cø	4	5	0	5900 800 -5900	1 0 0 0	6	7	8	-1	-1	-1	-1	-1	-1	-1	0	0	15000	18000	21600
905	265	Ti«n trang	3	6	0	5900 800 -4200	1 0 0 0	10	11	12	13	-1	95	23	41	59	77	10000	18000	32400	58300	105000
906	265	Trß¶ng võ	15	7	0	5500 400 -200	1 0 0 0	14	15	16	17	-1	-1	-1	-1	-1	-1	9000	15300	26000	44200	75200
907	265	M­ Thß½ng	7	8	0	3300 0 -1200	1 0 0 0	18	19	20	21	-1	-1	-1	-1	-1	-1	9000	11700	15200	19800	25700
908	265	Thß vi®n	13	9	0	-2100 0 -1800	1 0 0 0	22	23	24	25	-1	-1	-1	-1	-1	-1	9000	11700	15200	19800	25700
909	265	Y Xä	10	11	0	-4800 400 600	1 0 0 0	26	27	28	-1	-1	-1	11	12	13	-1	0	0	20000	26000	33800
910	265	T§p Phß¶ng	9	12	0	-5700 400 -700	1 0 0 0	30	31	32	33	-1	-1	-1	-1	-1	-1	9000	11700	15200	19800	25700
911	265	TØu quán	2	13	0	-5900 800 -2400	1 0 0 0	34	35	36	-1	-1	-1	14	15	16	-1	0	0	20000	26000	33800
912	265	Sß½ng phòng	1	14	0	-5900 800 -3900	1 0 0 0	38	39	40	41	-1	-1	-1	-1	-1	-1	9000	9900	10900	12000	13200
913	265	Võ Cø	6	15	0	-5300 800 -6000	1 0 0 0	42	43	44	-1	-1	-1	-1	-1	-1	-1	0	0	15000	18000	21600
914	265	ÐoÕn Ðài	5	16	0	-3300 800 -5500	1 0 0 0	46	47	48	49	-1	1	2	3	4	5	9000	11700	15200	19800	25700
915	265	Tß¶ng thành	8	17	0	400 0 1000	1 0 0 0	1	1	1	1	-1	-1	-1	-1	-1	-1	0	0	0	0	0
916	266	Huy®n nha	0	1	0	400 1200 -5600	1 0 0 0	72	73	74	75	-1	-1	-1	-1	-1	-1	20000	40000	80000	160000	320000
917	266	ÐÕi kÏ	17	2	0	400 1200 -3600	1 0 0 0	1	1	1	1	-1	-1	-1	-1	-1	-1	0	0	0	0	0
918	266	Võ Phß¶ng	11	4	0	3900 800 -5700	1 0 0 0	2	3	4	5	-1	6	7	8	9	10	9000	15300	26000	44200	75200
919	266	Phòng Cø	4	5	0	5900 800 -5900	1 0 0 0	6	7	8	-1	-1	-1	-1	-1	-1	-1	0	0	15000	18000	21600
920	266	Ti«n trang	3	6	0	5900 800 -4200	1 0 0 0	10	11	12	13	-1	96	24	42	60	78	10000	18000	32400	58300	105000
921	266	Trß¶ng võ	15	7	0	5500 400 -200	1 0 0 0	14	15	16	17	-1	-1	-1	-1	-1	-1	9000	15300	26000	44200	75200
922	266	M­ Thß½ng	7	8	0	3300 0 -1200	1 0 0 0	18	19	20	21	-1	-1	-1	-1	-1	-1	9000	11700	15200	19800	25700
923	266	Thß vi®n	13	9	0	-2100 0 -1800	1 0 0 0	22	23	24	25	-1	-1	-1	-1	-1	-1	9000	11700	15200	19800	25700
924	266	Y Xä	10	11	0	-4800 400 600	1 0 0 0	26	27	28	-1	-1	-1	11	12	13	-1	0	0	20000	26000	33800
925	266	T§p Phß¶ng	9	12	0	-5700 400 -700	1 0 0 0	30	31	32	33	-1	-1	-1	-1	-1	-1	9000	11700	15200	19800	25700
926	266	TØu quán	2	13	0	-5900 800 -2400	1 0 0 0	34	35	36	-1	-1	-1	14	15	16	-1	0	0	20000	26000	33800
927	266	Sß½ng phòng	1	14	0	-5900 800 -3900	1 0 0 0	38	39	40	41	-1	-1	-1	-1	-1	-1	9000	9900	10900	12000	13200
928	266	Võ Cø	6	15	0	-5300 800 -6000	1 0 0 0	42	43	44	-1	-1	-1	-1	-1	-1	-1	0	0	15000	18000	21600
929	266	ÐoÕn Ðài	5	16	0	-3300 800 -5500	1 0 0 0	46	47	48	49	-1	1	2	3	4	5	9000	11700	15200	19800	25700
930	266	Tß¶ng thành	8	17	0	400 0 1000	1 0 0 0	1	1	1	1	-1	-1	-1	-1	-1	-1	0	0	0	0	0
931	267	Huy®n nha	0	1	0	400 1200 -5600	1 0 0 0	72	73	74	75	-1	-1	-1	-1	-1	-1	20000	40000	80000	160000	320000
932	267	ÐÕi kÏ	17	2	0	400 1200 -3600	1 0 0 0	1	1	1	1	-1	-1	-1	-1	-1	-1	0	0	0	0	0
933	267	Võ Phß¶ng	11	4	0	3900 800 -5700	1 0 0 0	2	3	4	5	-1	6	7	8	9	10	9000	15300	26000	44200	75200
934	267	Phòng Cø	4	5	0	5900 800 -5900	1 0 0 0	6	7	8	-1	-1	-1	-1	-1	-1	-1	0	0	15000	18000	21600
935	267	Ti«n trang	3	6	0	5900 800 -4200	1 0 0 0	10	11	12	13	-1	97	25	43	61	79	10000	18000	32400	58300	105000
936	267	Trß¶ng võ	15	7	0	5500 400 -200	1 0 0 0	14	15	16	17	-1	-1	-1	-1	-1	-1	9000	15300	26000	44200	75200
937	267	M­ Thß½ng	7	8	0	3300 0 -1200	1 0 0 0	18	19	20	21	-1	-1	-1	-1	-1	-1	9000	11700	15200	19800	25700
938	267	Thß vi®n	13	9	0	-2100 0 -1800	1 0 0 0	22	23	24	25	-1	-1	-1	-1	-1	-1	9000	11700	15200	19800	25700
939	267	Y Xä	10	11	0	-4800 400 600	1 0 0 0	26	27	28	-1	-1	-1	11	12	13	-1	0	0	20000	26000	33800
940	267	T§p Phß¶ng	9	12	0	-5700 400 -700	1 0 0 0	30	31	32	33	-1	-1	-1	-1	-1	-1	9000	11700	15200	19800	25700
941	267	TØu quán	2	13	0	-5900 800 -2400	1 0 0 0	34	35	36	-1	-1	-1	14	15	16	-1	0	0	20000	26000	33800
942	267	Sß½ng phòng	1	14	0	-5900 800 -3900	1 0 0 0	38	39	40	41	-1	-1	-1	-1	-1	-1	9000	9900	10900	12000	13200
943	267	Võ Cø	6	15	0	-5300 800 -6000	1 0 0 0	42	43	44	-1	-1	-1	-1	-1	-1	-1	0	0	15000	18000	21600
944	267	ÐoÕn Ðài	5	16	0	-3300 800 -5500	1 0 0 0	46	47	48	49	-1	1	2	3	4	5	9000	11700	15200	19800	25700
945	267	Tß¶ng thành	8	17	0	400 0 1000	1 0 0 0	1	1	1	1	-1	-1	-1	-1	-1	-1	0	0	0	0	0
946	268	Huy®n nha	0	1	0	400 1200 -5600	1 0 0 0	72	73	74	75	-1	-1	-1	-1	-1	-1	20000	40000	80000	160000	320000
947	268	ÐÕi kÏ	17	2	0	400 1200 -3600	1 0 0 0	1	1	1	1	-1	-1	-1	-1	-1	-1	0	0	0	0	0
948	268	Võ Phß¶ng	11	4	0	3900 800 -5700	1 0 0 0	2	3	4	5	-1	6	7	8	9	10	9000	15300	26000	44200	75200
949	268	Phòng Cø	4	5	0	5900 800 -5900	1 0 0 0	6	7	8	-1	-1	-1	-1	-1	-1	-1	0	0	15000	18000	21600
950	268	Ti«n trang	3	6	0	5900 800 -4200	1 0 0 0	10	11	12	13	-1	98	26	44	62	80	10000	18000	32400	58300	105000
951	268	Trß¶ng võ	15	7	0	5500 400 -200	1 0 0 0	14	15	16	17	-1	-1	-1	-1	-1	-1	9000	15300	26000	44200	75200
952	268	M­ Thß½ng	7	8	0	3300 0 -1200	1 0 0 0	18	19	20	21	-1	-1	-1	-1	-1	-1	9000	11700	15200	19800	25700
953	268	Thß vi®n	13	9	0	-2100 0 -1800	1 0 0 0	22	23	24	25	-1	-1	-1	-1	-1	-1	9000	11700	15200	19800	25700
954	268	Y Xä	10	11	0	-4800 400 600	1 0 0 0	26	27	28	-1	-1	-1	11	12	13	-1	0	0	20000	26000	33800
955	268	T§p Phß¶ng	9	12	0	-5700 400 -700	1 0 0 0	30	31	32	33	-1	-1	-1	-1	-1	-1	9000	11700	15200	19800	25700
956	268	TØu quán	2	13	0	-5900 800 -2400	1 0 0 0	34	35	36	-1	-1	-1	14	15	16	-1	0	0	20000	26000	33800
957	268	Sß½ng phòng	1	14	0	-5900 800 -3900	1 0 0 0	38	39	40	41	-1	-1	-1	-1	-1	-1	9000	9900	10900	12000	13200
958	268	Võ Cø	6	15	0	-5300 800 -6000	1 0 0 0	42	43	44	-1	-1	-1	-1	-1	-1	-1	0	0	15000	18000	21600
959	268	ÐoÕn Ðài	5	16	0	-3300 800 -5500	1 0 0 0	46	47	48	49	-1	1	2	3	4	5	9000	11700	15200	19800	25700
960	268	Tß¶ng thành	8	17	0	400 0 1000	1 0 0 0	1	1	1	1	-1	-1	-1	-1	-1	-1	0	0	0	0	0
961	269	Huy®n nha	0	1	0	400 1200 -5600	1 0 0 0	72	73	74	75	-1	-1	-1	-1	-1	-1	20000	40000	80000	160000	320000
962	269	ÐÕi kÏ	17	2	0	400 1200 -3600	1 0 0 0	1	1	1	1	-1	-1	-1	-1	-1	-1	0	0	0	0	0
963	269	Võ Phß¶ng	11	4	0	3900 800 -5700	1 0 0 0	2	3	4	5	-1	6	7	8	9	10	9000	15300	26000	44200	75200
964	269	Phòng Cø	4	5	0	5900 800 -5900	1 0 0 0	6	7	8	-1	-1	-1	-1	-1	-1	-1	0	0	15000	18000	21600
965	269	Ti«n trang	3	6	0	5900 800 -4200	1 0 0 0	10	11	12	13	-1	99	27	45	63	81	10000	18000	32400	58300	105000
966	269	Trß¶ng võ	15	7	0	5500 400 -200	1 0 0 0	14	15	16	17	-1	-1	-1	-1	-1	-1	9000	15300	26000	44200	75200
967	269	M­ Thß½ng	7	8	0	3300 0 -1200	1 0 0 0	18	19	20	21	-1	-1	-1	-1	-1	-1	9000	11700	15200	19800	25700
968	269	Thß vi®n	13	9	0	-2100 0 -1800	1 0 0 0	22	23	24	25	-1	-1	-1	-1	-1	-1	9000	11700	15200	19800	25700
969	269	Y Xä	10	11	0	-4800 400 600	1 0 0 0	26	27	28	-1	-1	-1	11	12	13	-1	0	0	20000	26000	33800
970	269	T§p Phß¶ng	9	12	0	-5700 400 -700	1 0 0 0	30	31	32	33	-1	-1	-1	-1	-1	-1	9000	11700	15200	19800	25700
971	269	TØu quán	2	13	0	-5900 800 -2400	1 0 0 0	34	35	36	-1	-1	-1	14	15	16	-1	0	0	20000	26000	33800
972	269	Sß½ng phòng	1	14	0	-5900 800 -3900	1 0 0 0	38	39	40	41	-1	-1	-1	-1	-1	-1	9000	9900	10900	12000	13200
973	269	Võ Cø	6	15	0	-5300 800 -6000	1 0 0 0	42	43	44	-1	-1	-1	-1	-1	-1	-1	0	0	15000	18000	21600
974	269	ÐoÕn Ðài	5	16	0	-3300 800 -5500	1 0 0 0	46	47	48	49	-1	1	2	3	4	5	9000	11700	15200	19800	25700
975	269	Tß¶ng thành	8	17	0	400 0 1000	1 0 0 0	1	1	1	1	-1	-1	-1	-1	-1	-1	0	0	0	0	0
976	270	Huy®n nha	0	1	0	400 1200 -5600	1 0 0 0	72	73	74	75	-1	-1	-1	-1	-1	-1	20000	40000	80000	160000	320000
977	270	ÐÕi kÏ	17	2	0	400 1200 -3600	1 0 0 0	1	1	1	1	-1	-1	-1	-1	-1	-1	0	0	0	0	0
978	270	Võ Phß¶ng	11	4	0	3900 800 -5700	1 0 0 0	2	3	4	5	-1	6	7	8	9	10	9000	15300	26000	44200	75200
979	270	Phòng Cø	4	5	0	5900 800 -5900	1 0 0 0	6	7	8	-1	-1	-1	-1	-1	-1	-1	0	0	15000	18000	21600
980	270	Ti«n trang	3	6	0	5900 800 -4200	1 0 0 0	10	11	12	13	-1	100	28	46	64	82	10000	18000	32400	58300	105000
981	270	Trß¶ng võ	15	7	0	5500 400 -200	1 0 0 0	14	15	16	17	-1	-1	-1	-1	-1	-1	9000	15300	26000	44200	75200
982	270	M­ Thß½ng	7	8	0	3300 0 -1200	1 0 0 0	18	19	20	21	-1	-1	-1	-1	-1	-1	9000	11700	15200	19800	25700
983	270	Thß vi®n	13	9	0	-2100 0 -1800	1 0 0 0	22	23	24	25	-1	-1	-1	-1	-1	-1	9000	11700	15200	19800	25700
984	270	Y Xä	10	11	0	-4800 400 600	1 0 0 0	26	27	28	-1	-1	-1	11	12	13	-1	0	0	20000	26000	33800
985	270	T§p Phß¶ng	9	12	0	-5700 400 -700	1 0 0 0	30	31	32	33	-1	-1	-1	-1	-1	-1	9000	11700	15200	19800	25700
986	270	TØu quán	2	13	0	-5900 800 -2400	1 0 0 0	34	35	36	-1	-1	-1	14	15	16	-1	0	0	20000	26000	33800
987	270	Sß½ng phòng	1	14	0	-5900 800 -3900	1 0 0 0	38	39	40	41	-1	-1	-1	-1	-1	-1	9000	9900	10900	12000	13200
988	270	Võ Cø	6	15	0	-5300 800 -6000	1 0 0 0	42	43	44	-1	-1	-1	-1	-1	-1	-1	0	0	15000	18000	21600
989	270	ÐoÕn Ðài	5	16	0	-3300 800 -5500	1 0 0 0	46	47	48	49	-1	1	2	3	4	5	9000	11700	15200	19800	25700
990	270	Tß¶ng thành	8	17	0	400 0 1000	1 0 0 0	1	1	1	1	-1	-1	-1	-1	-1	-1	0	0	0	0	0
991	271	Huy®n nha	0	1	0	400 1200 -5600	1 0 0 0	72	73	74	75	-1	-1	-1	-1	-1	-1	20000	40000	80000	160000	320000
992	271	ÐÕi kÏ	17	2	0	400 1200 -3600	1 0 0 0	1	1	1	1	-1	-1	-1	-1	-1	-1	0	0	0	0	0
993	271	Võ Phß¶ng	11	4	0	3900 800 -5700	1 0 0 0	2	3	4	5	-1	6	7	8	9	10	9000	15300	26000	44200	75200
994	271	Phòng Cø	4	5	0	5900 800 -5900	1 0 0 0	6	7	8	-1	-1	-1	-1	-1	-1	-1	0	0	15000	18000	21600
995	271	Ti«n trang	3	6	0	5900 800 -4200	1 0 0 0	10	11	12	13	-1	101	29	47	65	83	10000	18000	32400	58300	105000
996	271	Trß¶ng võ	15	7	0	5500 400 -200	1 0 0 0	14	15	16	17	-1	-1	-1	-1	-1	-1	9000	15300	26000	44200	75200
997	271	M­ Thß½ng	7	8	0	3300 0 -1200	1 0 0 0	18	19	20	21	-1	-1	-1	-1	-1	-1	9000	11700	15200	19800	25700
998	271	Thß vi®n	13	9	0	-2100 0 -1800	1 0 0 0	22	23	24	25	-1	-1	-1	-1	-1	-1	9000	11700	15200	19800	25700
999	271	Y Xä	10	11	0	-4800 400 600	1 0 0 0	26	27	28	-1	-1	-1	11	12	13	-1	0	0	20000	26000	33800
1000	271	T§p Phß¶ng	9	12	0	-5700 400 -700	1 0 0 0	30	31	32	33	-1	-1	-1	-1	-1	-1	9000	11700	15200	19800	25700
1001	271	TØu quán	2	13	0	-5900 800 -2400	1 0 0 0	34	35	36	-1	-1	-1	14	15	16	-1	0	0	20000	26000	33800
1002	271	Sß½ng phòng	1	14	0	-5900 800 -3900	1 0 0 0	38	39	40	41	-1	-1	-1	-1	-1	-1	9000	9900	10900	12000	13200
1003	271	Võ Cø	6	15	0	-5300 800 -6000	1 0 0 0	42	43	44	-1	-1	-1	-1	-1	-1	-1	0	0	15000	18000	21600
1004	271	ÐoÕn Ðài	5	16	0	-3300 800 -5500	1 0 0 0	46	47	48	49	-1	1	2	3	4	5	9000	11700	15200	19800	25700
1005	271	Tß¶ng thành	8	17	0	400 0 1000	1 0 0 0	1	1	1	1	-1	-1	-1	-1	-1	-1	0	0	0	0	0
1006	272	Huy®n nha	0	1	0	400 1200 -5600	1 0 0 0	72	73	74	75	-1	-1	-1	-1	-1	-1	20000	40000	80000	160000	320000
1007	272	ÐÕi kÏ	17	2	0	400 1200 -3600	1 0 0 0	1	1	1	1	-1	-1	-1	-1	-1	-1	0	0	0	0	0
1008	272	Võ Phß¶ng	11	4	0	3900 800 -5700	1 0 0 0	2	3	4	5	-1	6	7	8	9	10	9000	15300	26000	44200	75200
1009	272	Phòng Cø	4	5	0	5900 800 -5900	1 0 0 0	6	7	8	-1	-1	-1	-1	-1	-1	-1	0	0	15000	18000	21600
1010	272	Ti«n trang	3	6	0	5900 800 -4200	1 0 0 0	10	11	12	13	-1	102	30	48	66	84	10000	18000	32400	58300	105000
1011	272	Trß¶ng võ	15	7	0	5500 400 -200	1 0 0 0	14	15	16	17	-1	-1	-1	-1	-1	-1	9000	15300	26000	44200	75200
1012	272	M­ Thß½ng	7	8	0	3300 0 -1200	1 0 0 0	18	19	20	21	-1	-1	-1	-1	-1	-1	9000	11700	15200	19800	25700
1013	272	Thß vi®n	13	9	0	-2100 0 -1800	1 0 0 0	22	23	24	25	-1	-1	-1	-1	-1	-1	9000	11700	15200	19800	25700
1014	272	Y Xä	10	11	0	-4800 400 600	1 0 0 0	26	27	28	-1	-1	-1	11	12	13	-1	0	0	20000	26000	33800
1015	272	T§p Phß¶ng	9	12	0	-5700 400 -700	1 0 0 0	30	31	32	33	-1	-1	-1	-1	-1	-1	9000	11700	15200	19800	25700
1016	272	TØu quán	2	13	0	-5900 800 -2400	1 0 0 0	34	35	36	-1	-1	-1	14	15	16	-1	0	0	20000	26000	33800
1017	272	Sß½ng phòng	1	14	0	-5900 800 -3900	1 0 0 0	38	39	40	41	-1	-1	-1	-1	-1	-1	9000	9900	10900	12000	13200
1018	272	Võ Cø	6	15	0	-5300 800 -6000	1 0 0 0	42	43	44	-1	-1	-1	-1	-1	-1	-1	0	0	15000	18000	21600
1019	272	ÐoÕn Ðài	5	16	0	-3300 800 -5500	1 0 0 0	46	47	48	49	-1	1	2	3	4	5	9000	11700	15200	19800	25700
1020	272	Tß¶ng thành	8	17	0	400 0 1000	1 0 0 0	1	1	1	1	-1	-1	-1	-1	-1	-1	0	0	0	0	0
1021	273	Huy®n nha	0	1	0	400 1200 -5600	1 0 0 0	72	73	74	75	-1	-1	-1	-1	-1	-1	20000	40000	80000	160000	320000
1022	273	ÐÕi kÏ	17	2	0	400 1200 -3600	1 0 0 0	1	1	1	1	-1	-1	-1	-1	-1	-1	0	0	0	0	0
1023	273	Võ Phß¶ng	11	4	0	3900 800 -5700	1 0 0 0	2	3	4	5	-1	6	7	8	9	10	9000	15300	26000	44200	75200
1024	273	Phòng Cø	4	5	0	5900 800 -5900	1 0 0 0	6	7	8	-1	-1	-1	-1	-1	-1	-1	0	0	15000	18000	21600
1025	273	Ti«n trang	3	6	0	5900 800 -4200	1 0 0 0	10	11	12	13	-1	103	31	49	67	85	10000	18000	32400	58300	105000
1026	273	Trß¶ng võ	15	7	0	5500 400 -200	1 0 0 0	14	15	16	17	-1	-1	-1	-1	-1	-1	9000	15300	26000	44200	75200
1027	273	M­ Thß½ng	7	8	0	3300 0 -1200	1 0 0 0	18	19	20	21	-1	-1	-1	-1	-1	-1	9000	11700	15200	19800	25700
1028	273	Thß vi®n	13	9	0	-2100 0 -1800	1 0 0 0	22	23	24	25	-1	-1	-1	-1	-1	-1	9000	11700	15200	19800	25700
1029	273	Y Xä	10	11	0	-4800 400 600	1 0 0 0	26	27	28	-1	-1	-1	11	12	13	-1	0	0	20000	26000	33800
1030	273	T§p Phß¶ng	9	12	0	-5700 400 -700	1 0 0 0	30	31	32	33	-1	-1	-1	-1	-1	-1	9000	11700	15200	19800	25700
1031	273	TØu quán	2	13	0	-5900 800 -2400	1 0 0 0	34	35	36	-1	-1	-1	14	15	16	-1	0	0	20000	26000	33800
1032	273	Sß½ng phòng	1	14	0	-5900 800 -3900	1 0 0 0	38	39	40	41	-1	-1	-1	-1	-1	-1	9000	9900	10900	12000	13200
1033	273	Võ Cø	6	15	0	-5300 800 -6000	1 0 0 0	42	43	44	-1	-1	-1	-1	-1	-1	-1	0	0	15000	18000	21600
1034	273	ÐoÕn Ðài	5	16	0	-3300 800 -5500	1 0 0 0	46	47	48	49	-1	1	2	3	4	5	9000	11700	15200	19800	25700
1035	273	Tß¶ng thành	8	17	0	400 0 1000	1 0 0 0	1	1	1	1	-1	-1	-1	-1	-1	-1	0	0	0	0	0
1036	274	Huy®n nha	0	1	0	400 1200 -5600	1 0 0 0	72	73	74	75	-1	-1	-1	-1	-1	-1	20000	40000	80000	160000	320000
1037	274	ÐÕi kÏ	17	2	0	400 1200 -3600	1 0 0 0	1	1	1	1	-1	-1	-1	-1	-1	-1	0	0	0	0	0
1038	274	Võ Phß¶ng	11	4	0	3900 800 -5700	1 0 0 0	2	3	4	5	-1	6	7	8	9	10	9000	15300	26000	44200	75200
1039	274	Phòng Cø	4	5	0	5900 800 -5900	1 0 0 0	6	7	8	-1	-1	-1	-1	-1	-1	-1	0	0	15000	18000	21600
1040	274	Ti«n trang	3	6	0	5900 800 -4200	1 0 0 0	10	11	12	13	-1	104	32	50	68	86	10000	18000	32400	58300	105000
1041	274	Trß¶ng võ	15	7	0	5500 400 -200	1 0 0 0	14	15	16	17	-1	-1	-1	-1	-1	-1	9000	15300	26000	44200	75200
1042	274	M­ Thß½ng	7	8	0	3300 0 -1200	1 0 0 0	18	19	20	21	-1	-1	-1	-1	-1	-1	9000	11700	15200	19800	25700
1043	274	Thß vi®n	13	9	0	-2100 0 -1800	1 0 0 0	22	23	24	25	-1	-1	-1	-1	-1	-1	9000	11700	15200	19800	25700
1044	274	Y Xä	10	11	0	-4800 400 600	1 0 0 0	26	27	28	-1	-1	-1	11	12	13	-1	0	0	20000	26000	33800
1045	274	T§p Phß¶ng	9	12	0	-5700 400 -700	1 0 0 0	30	31	32	33	-1	-1	-1	-1	-1	-1	9000	11700	15200	19800	25700
1046	274	TØu quán	2	13	0	-5900 800 -2400	1 0 0 0	34	35	36	-1	-1	-1	14	15	16	-1	0	0	20000	26000	33800
1047	274	Sß½ng phòng	1	14	0	-5900 800 -3900	1 0 0 0	38	39	40	41	-1	-1	-1	-1	-1	-1	9000	9900	10900	12000	13200
1048	274	Võ Cø	6	15	0	-5300 800 -6000	1 0 0 0	42	43	44	-1	-1	-1	-1	-1	-1	-1	0	0	15000	18000	21600
1049	274	ÐoÕn Ðài	5	16	0	-3300 800 -5500	1 0 0 0	46	47	48	49	-1	1	2	3	4	5	9000	11700	15200	19800	25700
1050	274	Tß¶ng thành	8	17	0	400 0 1000	1 0 0 0	1	1	1	1	-1	-1	-1	-1	-1	-1	0	0	0	0	0
1051	275	Huy®n nha	0	1	0	400 1200 -5600	1 0 0 0	72	73	74	75	-1	-1	-1	-1	-1	-1	20000	40000	80000	160000	320000
1052	275	ÐÕi kÏ	17	2	0	400 1200 -3600	1 0 0 0	1	1	1	1	-1	-1	-1	-1	-1	-1	0	0	0	0	0
1053	275	Võ Phß¶ng	11	4	0	3900 800 -5700	1 0 0 0	2	3	4	5	-1	6	7	8	9	10	9000	15300	26000	44200	75200
1054	275	Phòng Cø	4	5	0	5900 800 -5900	1 0 0 0	6	7	8	-1	-1	-1	-1	-1	-1	-1	0	0	15000	18000	21600
1055	275	Ti«n trang	3	6	0	5900 800 -4200	1 0 0 0	10	11	12	13	-1	105	33	51	69	87	10000	18000	32400	58300	105000
1056	275	Trß¶ng võ	15	7	0	5500 400 -200	1 0 0 0	14	15	16	17	-1	-1	-1	-1	-1	-1	9000	15300	26000	44200	75200
1057	275	M­ Thß½ng	7	8	0	3300 0 -1200	1 0 0 0	18	19	20	21	-1	-1	-1	-1	-1	-1	9000	11700	15200	19800	25700
1058	275	Thß vi®n	13	9	0	-2100 0 -1800	1 0 0 0	22	23	24	25	-1	-1	-1	-1	-1	-1	9000	11700	15200	19800	25700
1059	275	Y Xä	10	11	0	-4800 400 600	1 0 0 0	26	27	28	-1	-1	-1	11	12	13	-1	0	0	20000	26000	33800
1060	275	T§p Phß¶ng	9	12	0	-5700 400 -700	1 0 0 0	30	31	32	33	-1	-1	-1	-1	-1	-1	9000	11700	15200	19800	25700
1061	275	TØu quán	2	13	0	-5900 800 -2400	1 0 0 0	34	35	36	-1	-1	-1	14	15	16	-1	0	0	20000	26000	33800
1062	275	Sß½ng phòng	1	14	0	-5900 800 -3900	1 0 0 0	38	39	40	41	-1	-1	-1	-1	-1	-1	9000	9900	10900	12000	13200
1063	275	Võ Cø	6	15	0	-5300 800 -6000	1 0 0 0	42	43	44	-1	-1	-1	-1	-1	-1	-1	0	0	15000	18000	21600
1064	275	ÐoÕn Ðài	5	16	0	-3300 800 -5500	1 0 0 0	46	47	48	49	-1	1	2	3	4	5	9000	11700	15200	19800	25700
1065	275	Tß¶ng thành	8	17	0	400 0 1000	1 0 0 0	1	1	1	1	-1	-1	-1	-1	-1	-1	0	0	0	0	0
1066	276	Huy®n nha	0	1	0	400 1200 -5600	1 0 0 0	72	73	74	75	-1	-1	-1	-1	-1	-1	20000	40000	80000	160000	320000
1067	276	ÐÕi kÏ	17	2	0	400 1200 -3600	1 0 0 0	1	1	1	1	-1	-1	-1	-1	-1	-1	0	0	0	0	0
1068	276	Võ Phß¶ng	11	4	0	3900 800 -5700	1 0 0 0	2	3	4	5	-1	6	7	8	9	10	9000	15300	26000	44200	75200
1069	276	Phòng Cø	4	5	0	5900 800 -5900	1 0 0 0	6	7	8	-1	-1	-1	-1	-1	-1	-1	0	0	15000	18000	21600
1070	276	Ti«n trang	3	6	0	5900 800 -4200	1 0 0 0	10	11	12	13	-1	106	34	52	70	88	10000	18000	32400	58300	105000
1071	276	Trß¶ng võ	15	7	0	5500 400 -200	1 0 0 0	14	15	16	17	-1	-1	-1	-1	-1	-1	9000	15300	26000	44200	75200
1072	276	M­ Thß½ng	7	8	0	3300 0 -1200	1 0 0 0	18	19	20	21	-1	-1	-1	-1	-1	-1	9000	11700	15200	19800	25700
1073	276	Thß vi®n	13	9	0	-2100 0 -1800	1 0 0 0	22	23	24	25	-1	-1	-1	-1	-1	-1	9000	11700	15200	19800	25700
1074	276	Y Xä	10	11	0	-4800 400 600	1 0 0 0	26	27	28	-1	-1	-1	11	12	13	-1	0	0	20000	26000	33800
1075	276	T§p Phß¶ng	9	12	0	-5700 400 -700	1 0 0 0	30	31	32	33	-1	-1	-1	-1	-1	-1	9000	11700	15200	19800	25700
1076	276	TØu quán	2	13	0	-5900 800 -2400	1 0 0 0	34	35	36	-1	-1	-1	14	15	16	-1	0	0	20000	26000	33800
1077	276	Sß½ng phòng	1	14	0	-5900 800 -3900	1 0 0 0	38	39	40	41	-1	-1	-1	-1	-1	-1	9000	9900	10900	12000	13200
1078	276	Võ Cø	6	15	0	-5300 800 -6000	1 0 0 0	42	43	44	-1	-1	-1	-1	-1	-1	-1	0	0	15000	18000	21600
1079	276	ÐoÕn Ðài	5	16	0	-3300 800 -5500	1 0 0 0	46	47	48	49	-1	1	2	3	4	5	9000	11700	15200	19800	25700
1080	276	Tß¶ng thành	8	17	0	400 0 1000	1 0 0 0	1	1	1	1	-1	-1	-1	-1	-1	-1	0	0	0	0	0
1081	277	Huy®n nha	0	1	0	400 1200 -5600	1 0 0 0	72	73	74	75	-1	-1	-1	-1	-1	-1	20000	40000	80000	160000	320000
1082	277	ÐÕi kÏ	17	2	0	400 1200 -3600	1 0 0 0	1	1	1	1	-1	-1	-1	-1	-1	-1	0	0	0	0	0
1083	277	Võ Phß¶ng	11	4	0	3900 800 -5700	1 0 0 0	2	3	4	5	-1	6	7	8	9	10	9000	15300	26000	44200	75200
1084	277	Phòng Cø	4	5	0	5900 800 -5900	1 0 0 0	6	7	8	-1	-1	-1	-1	-1	-1	-1	0	0	15000	18000	21600
1085	277	Ti«n trang	3	6	0	5900 800 -4200	1 0 0 0	10	11	12	13	-1	89	17	35	53	71	10000	18000	32400	58300	105000
1086	277	Trß¶ng võ	15	7	0	5500 400 -200	1 0 0 0	14	15	16	17	-1	-1	-1	-1	-1	-1	9000	15300	26000	44200	75200
1087	277	M­ Thß½ng	7	8	0	3300 0 -1200	1 0 0 0	18	19	20	21	-1	-1	-1	-1	-1	-1	9000	11700	15200	19800	25700
1088	277	Thß vi®n	13	9	0	-2100 0 -1800	1 0 0 0	22	23	24	25	-1	-1	-1	-1	-1	-1	9000	11700	15200	19800	25700
1089	277	Y Xä	10	11	0	-4800 400 600	1 0 0 0	26	27	28	-1	-1	-1	11	12	13	-1	0	0	20000	26000	33800
1090	277	T§p Phß¶ng	9	12	0	-5700 400 -700	1 0 0 0	30	31	32	33	-1	-1	-1	-1	-1	-1	9000	11700	15200	19800	25700
1091	277	TØu quán	2	13	0	-5900 800 -2400	1 0 0 0	34	35	36	-1	-1	-1	14	15	16	-1	0	0	20000	26000	33800
1092	277	Sß½ng phòng	1	14	0	-5900 800 -3900	1 0 0 0	38	39	40	41	-1	-1	-1	-1	-1	-1	9000	9900	10900	12000	13200
1093	277	Võ Cø	6	15	0	-5300 800 -6000	1 0 0 0	42	43	44	-1	-1	-1	-1	-1	-1	-1	0	0	15000	18000	21600
1094	277	ÐoÕn Ðài	5	16	0	-3300 800 -5500	1 0 0 0	46	47	48	49	-1	1	2	3	4	5	9000	11700	15200	19800	25700
1095	277	Tß¶ng thành	8	17	0	400 0 1000	1 0 0 0	1	1	1	1	-1	-1	-1	-1	-1	-1	0	0	0	0	0
1096	278	Huy®n nha	0	1	0	400 1200 -5600	1 0 0 0	72	73	74	75	-1	-1	-1	-1	-1	-1	20000	40000	80000	160000	320000
1097	278	ÐÕi kÏ	17	2	0	400 1200 -3600	1 0 0 0	1	1	1	1	-1	-1	-1	-1	-1	-1	0	0	0	0	0
1098	278	Võ Phß¶ng	11	4	0	3900 800 -5700	1 0 0 0	2	3	4	5	-1	6	7	8	9	10	9000	15300	26000	44200	75200
1099	278	Phòng Cø	4	5	0	5900 800 -5900	1 0 0 0	6	7	8	-1	-1	-1	-1	-1	-1	-1	0	0	15000	18000	21600
1100	278	Ti«n trang	3	6	0	5900 800 -4200	1 0 0 0	10	11	12	13	-1	90	18	36	54	72	10000	18000	32400	58300	105000
1101	278	Trß¶ng võ	15	7	0	5500 400 -200	1 0 0 0	14	15	16	17	-1	-1	-1	-1	-1	-1	9000	15300	26000	44200	75200
1102	278	M­ Thß½ng	7	8	0	3300 0 -1200	1 0 0 0	18	19	20	21	-1	-1	-1	-1	-1	-1	9000	11700	15200	19800	25700
1103	278	Thß vi®n	13	9	0	-2100 0 -1800	1 0 0 0	22	23	24	25	-1	-1	-1	-1	-1	-1	9000	11700	15200	19800	25700
1104	278	Y Xä	10	11	0	-4800 400 600	1 0 0 0	26	27	28	-1	-1	-1	11	12	13	-1	0	0	20000	26000	33800
1105	278	T§p Phß¶ng	9	12	0	-5700 400 -700	1 0 0 0	30	31	32	33	-1	-1	-1	-1	-1	-1	9000	11700	15200	19800	25700
1106	278	TØu quán	2	13	0	-5900 800 -2400	1 0 0 0	34	35	36	-1	-1	-1	14	15	16	-1	0	0	20000	26000	33800
1107	278	Sß½ng phòng	1	14	0	-5900 800 -3900	1 0 0 0	38	39	40	41	-1	-1	-1	-1	-1	-1	9000	9900	10900	12000	13200
1108	278	Võ Cø	6	15	0	-5300 800 -6000	1 0 0 0	42	43	44	-1	-1	-1	-1	-1	-1	-1	0	0	15000	18000	21600
1109	278	ÐoÕn Ðài	5	16	0	-3300 800 -5500	1 0 0 0	46	47	48	49	-1	1	2	3	4	5	9000	11700	15200	19800	25700
1110	278	Tß¶ng thành	8	17	0	400 0 1000	1 0 0 0	1	1	1	1	-1	-1	-1	-1	-1	-1	0	0	0	0	0
1111	279	Huy®n nha	0	1	0	400 1200 -5600	1 0 0 0	72	73	74	75	-1	-1	-1	-1	-1	-1	20000	40000	80000	160000	320000
1112	279	ÐÕi kÏ	17	2	0	400 1200 -3600	1 0 0 0	1	1	1	1	-1	-1	-1	-1	-1	-1	0	0	0	0	0
1113	279	Võ Phß¶ng	11	4	0	3900 800 -5700	1 0 0 0	2	3	4	5	-1	6	7	8	9	10	9000	15300	26000	44200	75200
1114	279	Phòng Cø	4	5	0	5900 800 -5900	1 0 0 0	6	7	8	-1	-1	-1	-1	-1	-1	-1	0	0	15000	18000	21600
1115	279	Ti«n trang	3	6	0	5900 800 -4200	1 0 0 0	10	11	12	13	-1	91	19	37	55	73	10000	18000	32400	58300	105000
1116	279	Trß¶ng võ	15	7	0	5500 400 -200	1 0 0 0	14	15	16	17	-1	-1	-1	-1	-1	-1	9000	15300	26000	44200	75200
1117	279	M­ Thß½ng	7	8	0	3300 0 -1200	1 0 0 0	18	19	20	21	-1	-1	-1	-1	-1	-1	9000	11700	15200	19800	25700
1118	279	Thß vi®n	13	9	0	-2100 0 -1800	1 0 0 0	22	23	24	25	-1	-1	-1	-1	-1	-1	9000	11700	15200	19800	25700
1119	279	Y Xä	10	11	0	-4800 400 600	1 0 0 0	26	27	28	-1	-1	-1	11	12	13	-1	0	0	20000	26000	33800
1120	279	T§p Phß¶ng	9	12	0	-5700 400 -700	1 0 0 0	30	31	32	33	-1	-1	-1	-1	-1	-1	9000	11700	15200	19800	25700
1121	279	TØu quán	2	13	0	-5900 800 -2400	1 0 0 0	34	35	36	-1	-1	-1	14	15	16	-1	0	0	20000	26000	33800
1122	279	Sß½ng phòng	1	14	0	-5900 800 -3900	1 0 0 0	38	39	40	41	-1	-1	-1	-1	-1	-1	9000	9900	10900	12000	13200
1123	279	Võ Cø	6	15	0	-5300 800 -6000	1 0 0 0	42	43	44	-1	-1	-1	-1	-1	-1	-1	0	0	15000	18000	21600
1124	279	ÐoÕn Ðài	5	16	0	-3300 800 -5500	1 0 0 0	46	47	48	49	-1	1	2	3	4	5	9000	11700	15200	19800	25700
1125	279	Tß¶ng thành	8	17	0	400 0 1000	1 0 0 0	1	1	1	1	-1	-1	-1	-1	-1	-1	0	0	0	0	0
1126	280	Huy®n nha	0	1	0	400 1200 -5600	1 0 0 0	72	73	74	75	-1	-1	-1	-1	-1	-1	20000	40000	80000	160000	320000
1127	280	ÐÕi kÏ	17	2	0	400 1200 -3600	1 0 0 0	1	1	1	1	-1	-1	-1	-1	-1	-1	0	0	0	0	0
1128	280	Võ Phß¶ng	11	4	0	3900 800 -5700	1 0 0 0	2	3	4	5	-1	6	7	8	9	10	9000	15300	26000	44200	75200
1129	280	Phòng Cø	4	5	0	5900 800 -5900	1 0 0 0	6	7	8	-1	-1	-1	-1	-1	-1	-1	0	0	15000	18000	21600
1130	280	Ti«n trang	3	6	0	5900 800 -4200	1 0 0 0	10	11	12	13	-1	92	20	38	56	74	10000	18000	32400	58300	105000
1131	280	Trß¶ng võ	15	7	0	5500 400 -200	1 0 0 0	14	15	16	17	-1	-1	-1	-1	-1	-1	9000	15300	26000	44200	75200
1132	280	M­ Thß½ng	7	8	0	3300 0 -1200	1 0 0 0	18	19	20	21	-1	-1	-1	-1	-1	-1	9000	11700	15200	19800	25700
1133	280	Thß vi®n	13	9	0	-2100 0 -1800	1 0 0 0	22	23	24	25	-1	-1	-1	-1	-1	-1	9000	11700	15200	19800	25700
1134	280	Y Xä	10	11	0	-4800 400 600	1 0 0 0	26	27	28	-1	-1	-1	11	12	13	-1	0	0	20000	26000	33800
1135	280	T§p Phß¶ng	9	12	0	-5700 400 -700	1 0 0 0	30	31	32	33	-1	-1	-1	-1	-1	-1	9000	11700	15200	19800	25700
1136	280	TØu quán	2	13	0	-5900 800 -2400	1 0 0 0	34	35	36	-1	-1	-1	14	15	16	-1	0	0	20000	26000	33800
1137	280	Sß½ng phòng	1	14	0	-5900 800 -3900	1 0 0 0	38	39	40	41	-1	-1	-1	-1	-1	-1	9000	9900	10900	12000	13200
1138	280	Võ Cø	6	15	0	-5300 800 -6000	1 0 0 0	42	43	44	-1	-1	-1	-1	-1	-1	-1	0	0	15000	18000	21600
1139	280	ÐoÕn Ðài	5	16	0	-3300 800 -5500	1 0 0 0	46	47	48	49	-1	1	2	3	4	5	9000	11700	15200	19800	25700
1140	280	Tß¶ng thành	8	17	0	400 0 1000	1 0 0 0	1	1	1	1	-1	-1	-1	-1	-1	-1	0	0	0	0	0
1141	281	Huy®n nha	0	1	0	400 1200 -5600	1 0 0 0	72	73	74	75	-1	-1	-1	-1	-1	-1	20000	40000	80000	160000	320000
1142	281	ÐÕi kÏ	17	2	0	400 1200 -3600	1 0 0 0	1	1	1	1	-1	-1	-1	-1	-1	-1	0	0	0	0	0
1143	281	Võ Phß¶ng	11	4	0	3900 800 -5700	1 0 0 0	2	3	4	5	-1	6	7	8	9	10	9000	15300	26000	44200	75200
1144	281	Phòng Cø	4	5	0	5900 800 -5900	1 0 0 0	6	7	8	-1	-1	-1	-1	-1	-1	-1	0	0	15000	18000	21600
1145	281	Ti«n trang	3	6	0	5900 800 -4200	1 0 0 0	10	11	12	13	-1	93	21	39	57	75	10000	18000	32400	58300	105000
1146	281	Trß¶ng võ	15	7	0	5500 400 -200	1 0 0 0	14	15	16	17	-1	-1	-1	-1	-1	-1	9000	15300	26000	44200	75200
1147	281	M­ Thß½ng	7	8	0	3300 0 -1200	1 0 0 0	18	19	20	21	-1	-1	-1	-1	-1	-1	9000	11700	15200	19800	25700
1148	281	Thß vi®n	13	9	0	-2100 0 -1800	1 0 0 0	22	23	24	25	-1	-1	-1	-1	-1	-1	9000	11700	15200	19800	25700
1149	281	Y Xä	10	11	0	-4800 400 600	1 0 0 0	26	27	28	-1	-1	-1	11	12	13	-1	0	0	20000	26000	33800
1150	281	T§p Phß¶ng	9	12	0	-5700 400 -700	1 0 0 0	30	31	32	33	-1	-1	-1	-1	-1	-1	9000	11700	15200	19800	25700
1151	281	TØu quán	2	13	0	-5900 800 -2400	1 0 0 0	34	35	36	-1	-1	-1	14	15	16	-1	0	0	20000	26000	33800
1152	281	Sß½ng phòng	1	14	0	-5900 800 -3900	1 0 0 0	38	39	40	41	-1	-1	-1	-1	-1	-1	9000	9900	10900	12000	13200
1153	281	Võ Cø	6	15	0	-5300 800 -6000	1 0 0 0	42	43	44	-1	-1	-1	-1	-1	-1	-1	0	0	15000	18000	21600
1154	281	ÐoÕn Ðài	5	16	0	-3300 800 -5500	1 0 0 0	46	47	48	49	-1	1	2	3	4	5	9000	11700	15200	19800	25700
1155	281	Tß¶ng thành	8	17	0	400 0 1000	1 0 0 0	1	1	1	1	-1	-1	-1	-1	-1	-1	0	0	0	0	0
1156	282	Huy®n nha	0	1	0	400 1200 -5600	1 0 0 0	72	73	74	75	-1	-1	-1	-1	-1	-1	20000	40000	80000	160000	320000
1157	282	ÐÕi kÏ	17	2	0	400 1200 -3600	1 0 0 0	1	1	1	1	-1	-1	-1	-1	-1	-1	0	0	0	0	0
1158	282	Võ Phß¶ng	11	4	0	3900 800 -5700	1 0 0 0	2	3	4	5	-1	6	7	8	9	10	9000	15300	26000	44200	75200
1159	282	Phòng Cø	4	5	0	5900 800 -5900	1 0 0 0	6	7	8	-1	-1	-1	-1	-1	-1	-1	0	0	15000	18000	21600
1160	282	Ti«n trang	3	6	0	5900 800 -4200	1 0 0 0	10	11	12	13	-1	94	22	40	58	76	10000	18000	32400	58300	105000
1161	282	Trß¶ng võ	15	7	0	5500 400 -200	1 0 0 0	14	15	16	17	-1	-1	-1	-1	-1	-1	9000	15300	26000	44200	75200
1162	282	M­ Thß½ng	7	8	0	3300 0 -1200	1 0 0 0	18	19	20	21	-1	-1	-1	-1	-1	-1	9000	11700	15200	19800	25700
1163	282	Thß vi®n	13	9	0	-2100 0 -1800	1 0 0 0	22	23	24	25	-1	-1	-1	-1	-1	-1	9000	11700	15200	19800	25700
1164	282	Y Xä	10	11	0	-4800 400 600	1 0 0 0	26	27	28	-1	-1	-1	11	12	13	-1	0	0	20000	26000	33800
1165	282	T§p Phß¶ng	9	12	0	-5700 400 -700	1 0 0 0	30	31	32	33	-1	-1	-1	-1	-1	-1	9000	11700	15200	19800	25700
1166	282	TØu quán	2	13	0	-5900 800 -2400	1 0 0 0	34	35	36	-1	-1	-1	14	15	16	-1	0	0	20000	26000	33800
1167	282	Sß½ng phòng	1	14	0	-5900 800 -3900	1 0 0 0	38	39	40	41	-1	-1	-1	-1	-1	-1	9000	9900	10900	12000	13200
1168	282	Võ Cø	6	15	0	-5300 800 -6000	1 0 0 0	42	43	44	-1	-1	-1	-1	-1	-1	-1	0	0	15000	18000	21600
1169	282	ÐoÕn Ðài	5	16	0	-3300 800 -5500	1 0 0 0	46	47	48	49	-1	1	2	3	4	5	9000	11700	15200	19800	25700
1170	282	Tß¶ng thành	8	17	0	400 0 1000	1 0 0 0	1	1	1	1	-1	-1	-1	-1	-1	-1	0	0	0	0	0
1171	283	Huy®n nha	0	1	0	400 1200 -5600	1 0 0 0	72	73	74	75	-1	-1	-1	-1	-1	-1	20000	40000	80000	160000	320000
1172	283	ÐÕi kÏ	17	2	0	400 1200 -3600	1 0 0 0	1	1	1	1	-1	-1	-1	-1	-1	-1	0	0	0	0	0
1173	283	Võ Phß¶ng	11	4	0	3900 800 -5700	1 0 0 0	2	3	4	5	-1	6	7	8	9	10	9000	15300	26000	44200	75200
1174	283	Phòng Cø	4	5	0	5900 800 -5900	1 0 0 0	6	7	8	-1	-1	-1	-1	-1	-1	-1	0	0	15000	18000	21600
1175	283	Ti«n trang	3	6	0	5900 800 -4200	1 0 0 0	10	11	12	13	-1	95	23	41	59	77	10000	18000	32400	58300	105000
1176	283	Trß¶ng võ	15	7	0	5500 400 -200	1 0 0 0	14	15	16	17	-1	-1	-1	-1	-1	-1	9000	15300	26000	44200	75200
1177	283	M­ Thß½ng	7	8	0	3300 0 -1200	1 0 0 0	18	19	20	21	-1	-1	-1	-1	-1	-1	9000	11700	15200	19800	25700
1178	283	Thß vi®n	13	9	0	-2100 0 -1800	1 0 0 0	22	23	24	25	-1	-1	-1	-1	-1	-1	9000	11700	15200	19800	25700
1179	283	Y Xä	10	11	0	-4800 400 600	1 0 0 0	26	27	28	-1	-1	-1	11	12	13	-1	0	0	20000	26000	33800
1180	283	T§p Phß¶ng	9	12	0	-5700 400 -700	1 0 0 0	30	31	32	33	-1	-1	-1	-1	-1	-1	9000	11700	15200	19800	25700
1181	283	TØu quán	2	13	0	-5900 800 -2400	1 0 0 0	34	35	36	-1	-1	-1	14	15	16	-1	0	0	20000	26000	33800
1182	283	Sß½ng phòng	1	14	0	-5900 800 -3900	1 0 0 0	38	39	40	41	-1	-1	-1	-1	-1	-1	9000	9900	10900	12000	13200
1183	283	Võ Cø	6	15	0	-5300 800 -6000	1 0 0 0	42	43	44	-1	-1	-1	-1	-1	-1	-1	0	0	15000	18000	21600
1184	283	ÐoÕn Ðài	5	16	0	-3300 800 -5500	1 0 0 0	46	47	48	49	-1	1	2	3	4	5	9000	11700	15200	19800	25700
1185	283	Tß¶ng thành	8	17	0	400 0 1000	1 0 0 0	1	1	1	1	-1	-1	-1	-1	-1	-1	0	0	0	0	0
1186	284	Huy®n nha	0	1	0	400 1200 -5600	1 0 0 0	72	73	74	75	-1	-1	-1	-1	-1	-1	20000	40000	80000	160000	320000
1187	284	ÐÕi kÏ	17	2	0	400 1200 -3600	1 0 0 0	1	1	1	1	-1	-1	-1	-1	-1	-1	0	0	0	0	0
1188	284	Võ Phß¶ng	11	4	0	3900 800 -5700	1 0 0 0	2	3	4	5	-1	6	7	8	9	10	9000	15300	26000	44200	75200
1189	284	Phòng Cø	4	5	0	5900 800 -5900	1 0 0 0	6	7	8	-1	-1	-1	-1	-1	-1	-1	0	0	15000	18000	21600
1190	284	Ti«n trang	3	6	0	5900 800 -4200	1 0 0 0	10	11	12	13	-1	96	24	42	60	78	10000	18000	32400	58300	105000
1191	284	Trß¶ng võ	15	7	0	5500 400 -200	1 0 0 0	14	15	16	17	-1	-1	-1	-1	-1	-1	9000	15300	26000	44200	75200
1192	284	M­ Thß½ng	7	8	0	3300 0 -1200	1 0 0 0	18	19	20	21	-1	-1	-1	-1	-1	-1	9000	11700	15200	19800	25700
1193	284	Thß vi®n	13	9	0	-2100 0 -1800	1 0 0 0	22	23	24	25	-1	-1	-1	-1	-1	-1	9000	11700	15200	19800	25700
1194	284	Y Xä	10	11	0	-4800 400 600	1 0 0 0	26	27	28	-1	-1	-1	11	12	13	-1	0	0	20000	26000	33800
1195	284	T§p Phß¶ng	9	12	0	-5700 400 -700	1 0 0 0	30	31	32	33	-1	-1	-1	-1	-1	-1	9000	11700	15200	19800	25700
1196	284	TØu quán	2	13	0	-5900 800 -2400	1 0 0 0	34	35	36	-1	-1	-1	14	15	16	-1	0	0	20000	26000	33800
1197	284	Sß½ng phòng	1	14	0	-5900 800 -3900	1 0 0 0	38	39	40	41	-1	-1	-1	-1	-1	-1	9000	9900	10900	12000	13200
1198	284	Võ Cø	6	15	0	-5300 800 -6000	1 0 0 0	42	43	44	-1	-1	-1	-1	-1	-1	-1	0	0	15000	18000	21600
1199	284	ÐoÕn Ðài	5	16	0	-3300 800 -5500	1 0 0 0	46	47	48	49	-1	1	2	3	4	5	9000	11700	15200	19800	25700
1200	284	Tß¶ng thành	8	17	0	400 0 1000	1 0 0 0	1	1	1	1	-1	-1	-1	-1	-1	-1	0	0	0	0	0
1201	285	Huy®n nha	0	1	0	400 1200 -5600	1 0 0 0	72	73	74	75	-1	-1	-1	-1	-1	-1	20000	40000	80000	160000	320000
1202	285	ÐÕi kÏ	17	2	0	400 1200 -3600	1 0 0 0	1	1	1	1	-1	-1	-1	-1	-1	-1	0	0	0	0	0
1203	285	Võ Phß¶ng	11	4	0	3900 800 -5700	1 0 0 0	2	3	4	5	-1	6	7	8	9	10	9000	15300	26000	44200	75200
1204	285	Phòng Cø	4	5	0	5900 800 -5900	1 0 0 0	6	7	8	-1	-1	-1	-1	-1	-1	-1	0	0	15000	18000	21600
1205	285	Ti«n trang	3	6	0	5900 800 -4200	1 0 0 0	10	11	12	13	-1	97	25	43	61	79	10000	18000	32400	58300	105000
1206	285	Trß¶ng võ	15	7	0	5500 400 -200	1 0 0 0	14	15	16	17	-1	-1	-1	-1	-1	-1	9000	15300	26000	44200	75200
1207	285	M­ Thß½ng	7	8	0	3300 0 -1200	1 0 0 0	18	19	20	21	-1	-1	-1	-1	-1	-1	9000	11700	15200	19800	25700
1208	285	Thß vi®n	13	9	0	-2100 0 -1800	1 0 0 0	22	23	24	25	-1	-1	-1	-1	-1	-1	9000	11700	15200	19800	25700
1209	285	Y Xä	10	11	0	-4800 400 600	1 0 0 0	26	27	28	-1	-1	-1	11	12	13	-1	0	0	20000	26000	33800
1210	285	T§p Phß¶ng	9	12	0	-5700 400 -700	1 0 0 0	30	31	32	33	-1	-1	-1	-1	-1	-1	9000	11700	15200	19800	25700
1211	285	TØu quán	2	13	0	-5900 800 -2400	1 0 0 0	34	35	36	-1	-1	-1	14	15	16	-1	0	0	20000	26000	33800
1212	285	Sß½ng phòng	1	14	0	-5900 800 -3900	1 0 0 0	38	39	40	41	-1	-1	-1	-1	-1	-1	9000	9900	10900	12000	13200
1213	285	Võ Cø	6	15	0	-5300 800 -6000	1 0 0 0	42	43	44	-1	-1	-1	-1	-1	-1	-1	0	0	15000	18000	21600
1214	285	ÐoÕn Ðài	5	16	0	-3300 800 -5500	1 0 0 0	46	47	48	49	-1	1	2	3	4	5	9000	11700	15200	19800	25700
1215	285	Tß¶ng thành	8	17	0	400 0 1000	1 0 0 0	1	1	1	1	-1	-1	-1	-1	-1	-1	0	0	0	0	0
1216	286	Huy®n nha	0	1	0	400 1200 -5600	1 0 0 0	72	73	74	75	-1	-1	-1	-1	-1	-1	20000	40000	80000	160000	320000
1217	286	ÐÕi kÏ	17	2	0	400 1200 -3600	1 0 0 0	1	1	1	1	-1	-1	-1	-1	-1	-1	0	0	0	0	0
1218	286	Võ Phß¶ng	11	4	0	3900 800 -5700	1 0 0 0	2	3	4	5	-1	6	7	8	9	10	9000	15300	26000	44200	75200
1219	286	Phòng Cø	4	5	0	5900 800 -5900	1 0 0 0	6	7	8	-1	-1	-1	-1	-1	-1	-1	0	0	15000	18000	21600
1220	286	Ti«n trang	3	6	0	5900 800 -4200	1 0 0 0	10	11	12	13	-1	98	26	44	62	80	10000	18000	32400	58300	105000
1221	286	Trß¶ng võ	15	7	0	5500 400 -200	1 0 0 0	14	15	16	17	-1	-1	-1	-1	-1	-1	9000	15300	26000	44200	75200
1222	286	M­ Thß½ng	7	8	0	3300 0 -1200	1 0 0 0	18	19	20	21	-1	-1	-1	-1	-1	-1	9000	11700	15200	19800	25700
1223	286	Thß vi®n	13	9	0	-2100 0 -1800	1 0 0 0	22	23	24	25	-1	-1	-1	-1	-1	-1	9000	11700	15200	19800	25700
1224	286	Y Xä	10	11	0	-4800 400 600	1 0 0 0	26	27	28	-1	-1	-1	11	12	13	-1	0	0	20000	26000	33800
1225	286	T§p Phß¶ng	9	12	0	-5700 400 -700	1 0 0 0	30	31	32	33	-1	-1	-1	-1	-1	-1	9000	11700	15200	19800	25700
1226	286	TØu quán	2	13	0	-5900 800 -2400	1 0 0 0	34	35	36	-1	-1	-1	14	15	16	-1	0	0	20000	26000	33800
1227	286	Sß½ng phòng	1	14	0	-5900 800 -3900	1 0 0 0	38	39	40	41	-1	-1	-1	-1	-1	-1	9000	9900	10900	12000	13200
1228	286	Võ Cø	6	15	0	-5300 800 -6000	1 0 0 0	42	43	44	-1	-1	-1	-1	-1	-1	-1	0	0	15000	18000	21600
1229	286	ÐoÕn Ðài	5	16	0	-3300 800 -5500	1 0 0 0	46	47	48	49	-1	1	2	3	4	5	9000	11700	15200	19800	25700
1230	286	Tß¶ng thành	8	17	0	400 0 1000	1 0 0 0	1	1	1	1	-1	-1	-1	-1	-1	-1	0	0	0	0	0
1231	287	Huy®n nha	0	1	0	400 1200 -5600	1 0 0 0	72	73	74	75	-1	-1	-1	-1	-1	-1	20000	40000	80000	160000	320000
1232	287	ÐÕi kÏ	17	2	0	400 1200 -3600	1 0 0 0	1	1	1	1	-1	-1	-1	-1	-1	-1	0	0	0	0	0
1233	287	Võ Phß¶ng	11	4	0	3900 800 -5700	1 0 0 0	2	3	4	5	-1	6	7	8	9	10	9000	15300	26000	44200	75200
1234	287	Phòng Cø	4	5	0	5900 800 -5900	1 0 0 0	6	7	8	-1	-1	-1	-1	-1	-1	-1	0	0	15000	18000	21600
1235	287	Ti«n trang	3	6	0	5900 800 -4200	1 0 0 0	10	11	12	13	-1	99	27	45	63	81	10000	18000	32400	58300	105000
1236	287	Trß¶ng võ	15	7	0	5500 400 -200	1 0 0 0	14	15	16	17	-1	-1	-1	-1	-1	-1	9000	15300	26000	44200	75200
1237	287	M­ Thß½ng	7	8	0	3300 0 -1200	1 0 0 0	18	19	20	21	-1	-1	-1	-1	-1	-1	9000	11700	15200	19800	25700
1238	287	Thß vi®n	13	9	0	-2100 0 -1800	1 0 0 0	22	23	24	25	-1	-1	-1	-1	-1	-1	9000	11700	15200	19800	25700
1239	287	Y Xä	10	11	0	-4800 400 600	1 0 0 0	26	27	28	-1	-1	-1	11	12	13	-1	0	0	20000	26000	33800
1240	287	T§p Phß¶ng	9	12	0	-5700 400 -700	1 0 0 0	30	31	32	33	-1	-1	-1	-1	-1	-1	9000	11700	15200	19800	25700
1241	287	TØu quán	2	13	0	-5900 800 -2400	1 0 0 0	34	35	36	-1	-1	-1	14	15	16	-1	0	0	20000	26000	33800
1242	287	Sß½ng phòng	1	14	0	-5900 800 -3900	1 0 0 0	38	39	40	41	-1	-1	-1	-1	-1	-1	9000	9900	10900	12000	13200
1243	287	Võ Cø	6	15	0	-5300 800 -6000	1 0 0 0	42	43	44	-1	-1	-1	-1	-1	-1	-1	0	0	15000	18000	21600
1244	287	ÐoÕn Ðài	5	16	0	-3300 800 -5500	1 0 0 0	46	47	48	49	-1	1	2	3	4	5	9000	11700	15200	19800	25700
1245	287	Tß¶ng thành	8	17	0	400 0 1000	1 0 0 0	1	1	1	1	-1	-1	-1	-1	-1	-1	0	0	0	0	0
1246	288	Huy®n nha	0	1	0	400 1200 -5600	1 0 0 0	72	73	74	75	-1	-1	-1	-1	-1	-1	20000	40000	80000	160000	320000
1247	288	ÐÕi kÏ	17	2	0	400 1200 -3600	1 0 0 0	1	1	1	1	-1	-1	-1	-1	-1	-1	0	0	0	0	0
1248	288	Võ Phß¶ng	11	4	0	3900 800 -5700	1 0 0 0	2	3	4	5	-1	6	7	8	9	10	9000	15300	26000	44200	75200
1249	288	Phòng Cø	4	5	0	5900 800 -5900	1 0 0 0	6	7	8	-1	-1	-1	-1	-1	-1	-1	0	0	15000	18000	21600
1250	288	Ti«n trang	3	6	0	5900 800 -4200	1 0 0 0	10	11	12	13	-1	100	28	46	64	82	10000	18000	32400	58300	105000
1251	288	Trß¶ng võ	15	7	0	5500 400 -200	1 0 0 0	14	15	16	17	-1	-1	-1	-1	-1	-1	9000	15300	26000	44200	75200
1252	288	M­ Thß½ng	7	8	0	3300 0 -1200	1 0 0 0	18	19	20	21	-1	-1	-1	-1	-1	-1	9000	11700	15200	19800	25700
1253	288	Thß vi®n	13	9	0	-2100 0 -1800	1 0 0 0	22	23	24	25	-1	-1	-1	-1	-1	-1	9000	11700	15200	19800	25700
1254	288	Y Xä	10	11	0	-4800 400 600	1 0 0 0	26	27	28	-1	-1	-1	11	12	13	-1	0	0	20000	26000	33800
1255	288	T§p Phß¶ng	9	12	0	-5700 400 -700	1 0 0 0	30	31	32	33	-1	-1	-1	-1	-1	-1	9000	11700	15200	19800	25700
1256	288	TØu quán	2	13	0	-5900 800 -2400	1 0 0 0	34	35	36	-1	-1	-1	14	15	16	-1	0	0	20000	26000	33800
1257	288	Sß½ng phòng	1	14	0	-5900 800 -3900	1 0 0 0	38	39	40	41	-1	-1	-1	-1	-1	-1	9000	9900	10900	12000	13200
1258	288	Võ Cø	6	15	0	-5300 800 -6000	1 0 0 0	42	43	44	-1	-1	-1	-1	-1	-1	-1	0	0	15000	18000	21600
1259	288	ÐoÕn Ðài	5	16	0	-3300 800 -5500	1 0 0 0	46	47	48	49	-1	1	2	3	4	5	9000	11700	15200	19800	25700
1260	288	Tß¶ng thành	8	17	0	400 0 1000	1 0 0 0	1	1	1	1	-1	-1	-1	-1	-1	-1	0	0	0	0	0
1261	289	Huy®n nha	0	1	0	400 1200 -5600	1 0 0 0	72	73	74	75	-1	-1	-1	-1	-1	-1	20000	40000	80000	160000	320000
1262	289	ÐÕi kÏ	17	2	0	400 1200 -3600	1 0 0 0	1	1	1	1	-1	-1	-1	-1	-1	-1	0	0	0	0	0
1263	289	Võ Phß¶ng	11	4	0	3900 800 -5700	1 0 0 0	2	3	4	5	-1	6	7	8	9	10	9000	15300	26000	44200	75200
1264	289	Phòng Cø	4	5	0	5900 800 -5900	1 0 0 0	6	7	8	-1	-1	-1	-1	-1	-1	-1	0	0	15000	18000	21600
1265	289	Ti«n trang	3	6	0	5900 800 -4200	1 0 0 0	10	11	12	13	-1	101	29	47	65	83	10000	18000	32400	58300	105000
1266	289	Trß¶ng võ	15	7	0	5500 400 -200	1 0 0 0	14	15	16	17	-1	-1	-1	-1	-1	-1	9000	15300	26000	44200	75200
1267	289	M­ Thß½ng	7	8	0	3300 0 -1200	1 0 0 0	18	19	20	21	-1	-1	-1	-1	-1	-1	9000	11700	15200	19800	25700
1268	289	Thß vi®n	13	9	0	-2100 0 -1800	1 0 0 0	22	23	24	25	-1	-1	-1	-1	-1	-1	9000	11700	15200	19800	25700
1269	289	Y Xä	10	11	0	-4800 400 600	1 0 0 0	26	27	28	-1	-1	-1	11	12	13	-1	0	0	20000	26000	33800
1270	289	T§p Phß¶ng	9	12	0	-5700 400 -700	1 0 0 0	30	31	32	33	-1	-1	-1	-1	-1	-1	9000	11700	15200	19800	25700
1271	289	TØu quán	2	13	0	-5900 800 -2400	1 0 0 0	34	35	36	-1	-1	-1	14	15	16	-1	0	0	20000	26000	33800
1272	289	Sß½ng phòng	1	14	0	-5900 800 -3900	1 0 0 0	38	39	40	41	-1	-1	-1	-1	-1	-1	9000	9900	10900	12000	13200
1273	289	Võ Cø	6	15	0	-5300 800 -6000	1 0 0 0	42	43	44	-1	-1	-1	-1	-1	-1	-1	0	0	15000	18000	21600
1274	289	ÐoÕn Ðài	5	16	0	-3300 800 -5500	1 0 0 0	46	47	48	49	-1	1	2	3	4	5	9000	11700	15200	19800	25700
1275	289	Tß¶ng thành	8	17	0	400 0 1000	1 0 0 0	1	1	1	1	-1	-1	-1	-1	-1	-1	0	0	0	0	0
1276	290	Huy®n nha	0	1	0	400 1200 -5600	1 0 0 0	72	73	74	75	-1	-1	-1	-1	-1	-1	20000	40000	80000	160000	320000
1277	290	ÐÕi kÏ	17	2	0	400 1200 -3600	1 0 0 0	1	1	1	1	-1	-1	-1	-1	-1	-1	0	0	0	0	0
1278	290	Võ Phß¶ng	11	4	0	3900 800 -5700	1 0 0 0	2	3	4	5	-1	6	7	8	9	10	9000	15300	26000	44200	75200
1279	290	Phòng Cø	4	5	0	5900 800 -5900	1 0 0 0	6	7	8	-1	-1	-1	-1	-1	-1	-1	0	0	15000	18000	21600
1280	290	Ti«n trang	3	6	0	5900 800 -4200	1 0 0 0	10	11	12	13	-1	102	30	48	66	84	10000	18000	32400	58300	105000
1281	290	Trß¶ng võ	15	7	0	5500 400 -200	1 0 0 0	14	15	16	17	-1	-1	-1	-1	-1	-1	9000	15300	26000	44200	75200
1282	290	M­ Thß½ng	7	8	0	3300 0 -1200	1 0 0 0	18	19	20	21	-1	-1	-1	-1	-1	-1	9000	11700	15200	19800	25700
1283	290	Thß vi®n	13	9	0	-2100 0 -1800	1 0 0 0	22	23	24	25	-1	-1	-1	-1	-1	-1	9000	11700	15200	19800	25700
1284	290	Y Xä	10	11	0	-4800 400 600	1 0 0 0	26	27	28	-1	-1	-1	11	12	13	-1	0	0	20000	26000	33800
1285	290	T§p Phß¶ng	9	12	0	-5700 400 -700	1 0 0 0	30	31	32	33	-1	-1	-1	-1	-1	-1	9000	11700	15200	19800	25700
1286	290	TØu quán	2	13	0	-5900 800 -2400	1 0 0 0	34	35	36	-1	-1	-1	14	15	16	-1	0	0	20000	26000	33800
1287	290	Sß½ng phòng	1	14	0	-5900 800 -3900	1 0 0 0	38	39	40	41	-1	-1	-1	-1	-1	-1	9000	9900	10900	12000	13200
1288	290	Võ Cø	6	15	0	-5300 800 -6000	1 0 0 0	42	43	44	-1	-1	-1	-1	-1	-1	-1	0	0	15000	18000	21600
1289	290	ÐoÕn Ðài	5	16	0	-3300 800 -5500	1 0 0 0	46	47	48	49	-1	1	2	3	4	5	9000	11700	15200	19800	25700
1290	290	Tß¶ng thành	8	17	0	400 0 1000	1 0 0 0	1	1	1	1	-1	-1	-1	-1	-1	-1	0	0	0	0	0
1291	291	Huy®n nha	0	1	0	400 1200 -5600	1 0 0 0	72	73	74	75	-1	-1	-1	-1	-1	-1	20000	40000	80000	160000	320000
1292	291	ÐÕi kÏ	17	2	0	400 1200 -3600	1 0 0 0	1	1	1	1	-1	-1	-1	-1	-1	-1	0	0	0	0	0
1293	291	Võ Phß¶ng	11	4	0	3900 800 -5700	1 0 0 0	2	3	4	5	-1	6	7	8	9	10	9000	15300	26000	44200	75200
1294	291	Phòng Cø	4	5	0	5900 800 -5900	1 0 0 0	6	7	8	-1	-1	-1	-1	-1	-1	-1	0	0	15000	18000	21600
1295	291	Ti«n trang	3	6	0	5900 800 -4200	1 0 0 0	10	11	12	13	-1	103	31	49	67	85	10000	18000	32400	58300	105000
1296	291	Trß¶ng võ	15	7	0	5500 400 -200	1 0 0 0	14	15	16	17	-1	-1	-1	-1	-1	-1	9000	15300	26000	44200	75200
1297	291	M­ Thß½ng	7	8	0	3300 0 -1200	1 0 0 0	18	19	20	21	-1	-1	-1	-1	-1	-1	9000	11700	15200	19800	25700
1298	291	Thß vi®n	13	9	0	-2100 0 -1800	1 0 0 0	22	23	24	25	-1	-1	-1	-1	-1	-1	9000	11700	15200	19800	25700
1299	291	Y Xä	10	11	0	-4800 400 600	1 0 0 0	26	27	28	-1	-1	-1	11	12	13	-1	0	0	20000	26000	33800
1300	291	T§p Phß¶ng	9	12	0	-5700 400 -700	1 0 0 0	30	31	32	33	-1	-1	-1	-1	-1	-1	9000	11700	15200	19800	25700
1301	291	TØu quán	2	13	0	-5900 800 -2400	1 0 0 0	34	35	36	-1	-1	-1	14	15	16	-1	0	0	20000	26000	33800
1302	291	Sß½ng phòng	1	14	0	-5900 800 -3900	1 0 0 0	38	39	40	41	-1	-1	-1	-1	-1	-1	9000	9900	10900	12000	13200
1303	291	Võ Cø	6	15	0	-5300 800 -6000	1 0 0 0	42	43	44	-1	-1	-1	-1	-1	-1	-1	0	0	15000	18000	21600
1304	291	ÐoÕn Ðài	5	16	0	-3300 800 -5500	1 0 0 0	46	47	48	49	-1	1	2	3	4	5	9000	11700	15200	19800	25700
1305	291	Tß¶ng thành	8	17	0	400 0 1000	1 0 0 0	1	1	1	1	-1	-1	-1	-1	-1	-1	0	0	0	0	0
1306	292	Huy®n nha	0	1	0	400 1200 -5600	1 0 0 0	72	73	74	75	-1	-1	-1	-1	-1	-1	20000	40000	80000	160000	320000
1307	292	ÐÕi kÏ	17	2	0	400 1200 -3600	1 0 0 0	1	1	1	1	-1	-1	-1	-1	-1	-1	0	0	0	0	0
1308	292	Võ Phß¶ng	11	4	0	3900 800 -5700	1 0 0 0	2	3	4	5	-1	6	7	8	9	10	9000	15300	26000	44200	75200
1309	292	Phòng Cø	4	5	0	5900 800 -5900	1 0 0 0	6	7	8	-1	-1	-1	-1	-1	-1	-1	0	0	15000	18000	21600
1310	292	Ti«n trang	3	6	0	5900 800 -4200	1 0 0 0	10	11	12	13	-1	104	32	50	68	86	10000	18000	32400	58300	105000
1311	292	Trß¶ng võ	15	7	0	5500 400 -200	1 0 0 0	14	15	16	17	-1	-1	-1	-1	-1	-1	9000	15300	26000	44200	75200
1312	292	M­ Thß½ng	7	8	0	3300 0 -1200	1 0 0 0	18	19	20	21	-1	-1	-1	-1	-1	-1	9000	11700	15200	19800	25700
1313	292	Thß vi®n	13	9	0	-2100 0 -1800	1 0 0 0	22	23	24	25	-1	-1	-1	-1	-1	-1	9000	11700	15200	19800	25700
1314	292	Y Xä	10	11	0	-4800 400 600	1 0 0 0	26	27	28	-1	-1	-1	11	12	13	-1	0	0	20000	26000	33800
1315	292	T§p Phß¶ng	9	12	0	-5700 400 -700	1 0 0 0	30	31	32	33	-1	-1	-1	-1	-1	-1	9000	11700	15200	19800	25700
1316	292	TØu quán	2	13	0	-5900 800 -2400	1 0 0 0	34	35	36	-1	-1	-1	14	15	16	-1	0	0	20000	26000	33800
1317	292	Sß½ng phòng	1	14	0	-5900 800 -3900	1 0 0 0	38	39	40	41	-1	-1	-1	-1	-1	-1	9000	9900	10900	12000	13200
1318	292	Võ Cø	6	15	0	-5300 800 -6000	1 0 0 0	42	43	44	-1	-1	-1	-1	-1	-1	-1	0	0	15000	18000	21600
1319	292	ÐoÕn Ðài	5	16	0	-3300 800 -5500	1 0 0 0	46	47	48	49	-1	1	2	3	4	5	9000	11700	15200	19800	25700
1320	292	Tß¶ng thành	8	17	0	400 0 1000	1 0 0 0	1	1	1	1	-1	-1	-1	-1	-1	-1	0	0	0	0	0
1321	293	Huy®n nha	0	1	0	400 1200 -5600	1 0 0 0	72	73	74	75	-1	-1	-1	-1	-1	-1	20000	40000	80000	160000	320000
1322	293	ÐÕi kÏ	17	2	0	400 1200 -3600	1 0 0 0	1	1	1	1	-1	-1	-1	-1	-1	-1	0	0	0	0	0
1323	293	Võ Phß¶ng	11	4	0	3900 800 -5700	1 0 0 0	2	3	4	5	-1	6	7	8	9	10	9000	15300	26000	44200	75200
1324	293	Phòng Cø	4	5	0	5900 800 -5900	1 0 0 0	6	7	8	-1	-1	-1	-1	-1	-1	-1	0	0	15000	18000	21600
1325	293	Ti«n trang	3	6	0	5900 800 -4200	1 0 0 0	10	11	12	13	-1	105	33	51	69	87	10000	18000	32400	58300	105000
1326	293	Trß¶ng võ	15	7	0	5500 400 -200	1 0 0 0	14	15	16	17	-1	-1	-1	-1	-1	-1	9000	15300	26000	44200	75200
1327	293	M­ Thß½ng	7	8	0	3300 0 -1200	1 0 0 0	18	19	20	21	-1	-1	-1	-1	-1	-1	9000	11700	15200	19800	25700
1328	293	Thß vi®n	13	9	0	-2100 0 -1800	1 0 0 0	22	23	24	25	-1	-1	-1	-1	-1	-1	9000	11700	15200	19800	25700
1329	293	Y Xä	10	11	0	-4800 400 600	1 0 0 0	26	27	28	-1	-1	-1	11	12	13	-1	0	0	20000	26000	33800
1330	293	T§p Phß¶ng	9	12	0	-5700 400 -700	1 0 0 0	30	31	32	33	-1	-1	-1	-1	-1	-1	9000	11700	15200	19800	25700
1331	293	TØu quán	2	13	0	-5900 800 -2400	1 0 0 0	34	35	36	-1	-1	-1	14	15	16	-1	0	0	20000	26000	33800
1332	293	Sß½ng phòng	1	14	0	-5900 800 -3900	1 0 0 0	38	39	40	41	-1	-1	-1	-1	-1	-1	9000	9900	10900	12000	13200
1333	293	Võ Cø	6	15	0	-5300 800 -6000	1 0 0 0	42	43	44	-1	-1	-1	-1	-1	-1	-1	0	0	15000	18000	21600
1334	293	ÐoÕn Ðài	5	16	0	-3300 800 -5500	1 0 0 0	46	47	48	49	-1	1	2	3	4	5	9000	11700	15200	19800	25700
1335	293	Tß¶ng thành	8	17	0	400 0 1000	1 0 0 0	1	1	1	1	-1	-1	-1	-1	-1	-1	0	0	0	0	0
1336	294	Huy®n nha	0	1	0	400 1200 -5600	1 0 0 0	72	73	74	75	-1	-1	-1	-1	-1	-1	20000	40000	80000	160000	320000
1337	294	ÐÕi kÏ	17	2	0	400 1200 -3600	1 0 0 0	1	1	1	1	-1	-1	-1	-1	-1	-1	0	0	0	0	0
1338	294	Võ Phß¶ng	11	4	0	3900 800 -5700	1 0 0 0	2	3	4	5	-1	6	7	8	9	10	9000	15300	26000	44200	75200
1339	294	Phòng Cø	4	5	0	5900 800 -5900	1 0 0 0	6	7	8	-1	-1	-1	-1	-1	-1	-1	0	0	15000	18000	21600
1340	294	Ti«n trang	3	6	0	5900 800 -4200	1 0 0 0	10	11	12	13	-1	106	34	52	70	88	10000	18000	32400	58300	105000
1341	294	Trß¶ng võ	15	7	0	5500 400 -200	1 0 0 0	14	15	16	17	-1	-1	-1	-1	-1	-1	9000	15300	26000	44200	75200
1342	294	M­ Thß½ng	7	8	0	3300 0 -1200	1 0 0 0	18	19	20	21	-1	-1	-1	-1	-1	-1	9000	11700	15200	19800	25700
1343	294	Thß vi®n	13	9	0	-2100 0 -1800	1 0 0 0	22	23	24	25	-1	-1	-1	-1	-1	-1	9000	11700	15200	19800	25700
1344	294	Y Xä	10	11	0	-4800 400 600	1 0 0 0	26	27	28	-1	-1	-1	11	12	13	-1	0	0	20000	26000	33800
1345	294	T§p Phß¶ng	9	12	0	-5700 400 -700	1 0 0 0	30	31	32	33	-1	-1	-1	-1	-1	-1	9000	11700	15200	19800	25700
1346	294	TØu quán	2	13	0	-5900 800 -2400	1 0 0 0	34	35	36	-1	-1	-1	14	15	16	-1	0	0	20000	26000	33800
1347	294	Sß½ng phòng	1	14	0	-5900 800 -3900	1 0 0 0	38	39	40	41	-1	-1	-1	-1	-1	-1	9000	9900	10900	12000	13200
1348	294	Võ Cø	6	15	0	-5300 800 -6000	1 0 0 0	42	43	44	-1	-1	-1	-1	-1	-1	-1	0	0	15000	18000	21600
1349	294	ÐoÕn Ðài	5	16	0	-3300 800 -5500	1 0 0 0	46	47	48	49	-1	1	2	3	4	5	9000	11700	15200	19800	25700
1350	294	Tß¶ng thành	8	17	0	400 0 1000	1 0 0 0	1	1	1	1	-1	-1	-1	-1	-1	-1	0	0	0	0	0
1351	295	Huy®n nha	0	1	0	400 1200 -5600	1 0 0 0	72	73	74	75	-1	-1	-1	-1	-1	-1	20000	40000	80000	160000	320000
1352	295	ÐÕi kÏ	17	2	0	400 1200 -3600	1 0 0 0	1	1	1	1	-1	-1	-1	-1	-1	-1	0	0	0	0	0
1353	295	Võ Phß¶ng	11	4	0	3900 800 -5700	1 0 0 0	2	3	4	5	-1	6	7	8	9	10	9000	15300	26000	44200	75200
1354	295	Phòng Cø	4	5	0	5900 800 -5900	1 0 0 0	6	7	8	-1	-1	-1	-1	-1	-1	-1	0	0	15000	18000	21600
1355	295	Ti«n trang	3	6	0	5900 800 -4200	1 0 0 0	10	11	12	13	-1	89	17	35	53	71	10000	18000	32400	58300	105000
1356	295	Trß¶ng võ	15	7	0	5500 400 -200	1 0 0 0	14	15	16	17	-1	-1	-1	-1	-1	-1	9000	15300	26000	44200	75200
1357	295	M­ Thß½ng	7	8	0	3300 0 -1200	1 0 0 0	18	19	20	21	-1	-1	-1	-1	-1	-1	9000	11700	15200	19800	25700
1358	295	Thß vi®n	13	9	0	-2100 0 -1800	1 0 0 0	22	23	24	25	-1	-1	-1	-1	-1	-1	9000	11700	15200	19800	25700
1359	295	Y Xä	10	11	0	-4800 400 600	1 0 0 0	26	27	28	-1	-1	-1	11	12	13	-1	0	0	20000	26000	33800
1360	295	T§p Phß¶ng	9	12	0	-5700 400 -700	1 0 0 0	30	31	32	33	-1	-1	-1	-1	-1	-1	9000	11700	15200	19800	25700
1361	295	TØu quán	2	13	0	-5900 800 -2400	1 0 0 0	34	35	36	-1	-1	-1	14	15	16	-1	0	0	20000	26000	33800
1362	295	Sß½ng phòng	1	14	0	-5900 800 -3900	1 0 0 0	38	39	40	41	-1	-1	-1	-1	-1	-1	9000	9900	10900	12000	13200
1363	295	Võ Cø	6	15	0	-5300 800 -6000	1 0 0 0	42	43	44	-1	-1	-1	-1	-1	-1	-1	0	0	15000	18000	21600
1364	295	ÐoÕn Ðài	5	16	0	-3300 800 -5500	1 0 0 0	46	47	48	49	-1	1	2	3	4	5	9000	11700	15200	19800	25700
1365	295	Tß¶ng thành	8	17	0	400 0 1000	1 0 0 0	1	1	1	1	-1	-1	-1	-1	-1	-1	0	0	0	0	0
1366	296	Huy®n nha	0	1	0	400 1200 -5600	1 0 0 0	72	73	74	75	-1	-1	-1	-1	-1	-1	20000	40000	80000	160000	320000
1367	296	ÐÕi kÏ	17	2	0	400 1200 -3600	1 0 0 0	1	1	1	1	-1	-1	-1	-1	-1	-1	0	0	0	0	0
1368	296	Võ Phß¶ng	11	4	0	3900 800 -5700	1 0 0 0	2	3	4	5	-1	6	7	8	9	10	9000	15300	26000	44200	75200
1369	296	Phòng Cø	4	5	0	5900 800 -5900	1 0 0 0	6	7	8	-1	-1	-1	-1	-1	-1	-1	0	0	15000	18000	21600
1370	296	Ti«n trang	3	6	0	5900 800 -4200	1 0 0 0	10	11	12	13	-1	90	18	36	54	72	10000	18000	32400	58300	105000
1371	296	Trß¶ng võ	15	7	0	5500 400 -200	1 0 0 0	14	15	16	17	-1	-1	-1	-1	-1	-1	9000	15300	26000	44200	75200
1372	296	M­ Thß½ng	7	8	0	3300 0 -1200	1 0 0 0	18	19	20	21	-1	-1	-1	-1	-1	-1	9000	11700	15200	19800	25700
1373	296	Thß vi®n	13	9	0	-2100 0 -1800	1 0 0 0	22	23	24	25	-1	-1	-1	-1	-1	-1	9000	11700	15200	19800	25700
1374	296	Y Xä	10	11	0	-4800 400 600	1 0 0 0	26	27	28	-1	-1	-1	11	12	13	-1	0	0	20000	26000	33800
1375	296	T§p Phß¶ng	9	12	0	-5700 400 -700	1 0 0 0	30	31	32	33	-1	-1	-1	-1	-1	-1	9000	11700	15200	19800	25700
1376	296	TØu quán	2	13	0	-5900 800 -2400	1 0 0 0	34	35	36	-1	-1	-1	14	15	16	-1	0	0	20000	26000	33800
1377	296	Sß½ng phòng	1	14	0	-5900 800 -3900	1 0 0 0	38	39	40	41	-1	-1	-1	-1	-1	-1	9000	9900	10900	12000	13200
1378	296	Võ Cø	6	15	0	-5300 800 -6000	1 0 0 0	42	43	44	-1	-1	-1	-1	-1	-1	-1	0	0	15000	18000	21600
1379	296	ÐoÕn Ðài	5	16	0	-3300 800 -5500	1 0 0 0	46	47	48	49	-1	1	2	3	4	5	9000	11700	15200	19800	25700
1380	296	Tß¶ng thành	8	17	0	400 0 1000	1 0 0 0	1	1	1	1	-1	-1	-1	-1	-1	-1	0	0	0	0	0
1381	297	Huy®n nha	0	1	0	400 1200 -5600	1 0 0 0	72	73	74	75	-1	-1	-1	-1	-1	-1	20000	40000	80000	160000	320000
1382	297	ÐÕi kÏ	17	2	0	400 1200 -3600	1 0 0 0	1	1	1	1	-1	-1	-1	-1	-1	-1	0	0	0	0	0
1383	297	Võ Phß¶ng	11	4	0	3900 800 -5700	1 0 0 0	2	3	4	5	-1	6	7	8	9	10	9000	15300	26000	44200	75200
1384	297	Phòng Cø	4	5	0	5900 800 -5900	1 0 0 0	6	7	8	-1	-1	-1	-1	-1	-1	-1	0	0	15000	18000	21600
1385	297	Ti«n trang	3	6	0	5900 800 -4200	1 0 0 0	10	11	12	13	-1	91	19	37	55	73	10000	18000	32400	58300	105000
1386	297	Trß¶ng võ	15	7	0	5500 400 -200	1 0 0 0	14	15	16	17	-1	-1	-1	-1	-1	-1	9000	15300	26000	44200	75200
1387	297	M­ Thß½ng	7	8	0	3300 0 -1200	1 0 0 0	18	19	20	21	-1	-1	-1	-1	-1	-1	9000	11700	15200	19800	25700
1388	297	Thß vi®n	13	9	0	-2100 0 -1800	1 0 0 0	22	23	24	25	-1	-1	-1	-1	-1	-1	9000	11700	15200	19800	25700
1389	297	Y Xä	10	11	0	-4800 400 600	1 0 0 0	26	27	28	-1	-1	-1	11	12	13	-1	0	0	20000	26000	33800
1390	297	T§p Phß¶ng	9	12	0	-5700 400 -700	1 0 0 0	30	31	32	33	-1	-1	-1	-1	-1	-1	9000	11700	15200	19800	25700
1391	297	TØu quán	2	13	0	-5900 800 -2400	1 0 0 0	34	35	36	-1	-1	-1	14	15	16	-1	0	0	20000	26000	33800
1392	297	Sß½ng phòng	1	14	0	-5900 800 -3900	1 0 0 0	38	39	40	41	-1	-1	-1	-1	-1	-1	9000	9900	10900	12000	13200
1393	297	Võ Cø	6	15	0	-5300 800 -6000	1 0 0 0	42	43	44	-1	-1	-1	-1	-1	-1	-1	0	0	15000	18000	21600
1394	297	ÐoÕn Ðài	5	16	0	-3300 800 -5500	1 0 0 0	46	47	48	49	-1	1	2	3	4	5	9000	11700	15200	19800	25700
1395	297	Tß¶ng thành	8	17	0	400 0 1000	1 0 0 0	1	1	1	1	-1	-1	-1	-1	-1	-1	0	0	0	0	0
1396	298	Huy®n nha	0	1	0	400 1200 -5600	1 0 0 0	72	73	74	75	-1	-1	-1	-1	-1	-1	20000	40000	80000	160000	320000
1397	298	ÐÕi kÏ	17	2	0	400 1200 -3600	1 0 0 0	1	1	1	1	-1	-1	-1	-1	-1	-1	0	0	0	0	0
1398	298	Võ Phß¶ng	11	4	0	3900 800 -5700	1 0 0 0	2	3	4	5	-1	6	7	8	9	10	9000	15300	26000	44200	75200
1399	298	Phòng Cø	4	5	0	5900 800 -5900	1 0 0 0	6	7	8	-1	-1	-1	-1	-1	-1	-1	0	0	15000	18000	21600
1400	298	Ti«n trang	3	6	0	5900 800 -4200	1 0 0 0	10	11	12	13	-1	92	20	38	56	74	10000	18000	32400	58300	105000
1401	298	Trß¶ng võ	15	7	0	5500 400 -200	1 0 0 0	14	15	16	17	-1	-1	-1	-1	-1	-1	9000	15300	26000	44200	75200
1402	298	M­ Thß½ng	7	8	0	3300 0 -1200	1 0 0 0	18	19	20	21	-1	-1	-1	-1	-1	-1	9000	11700	15200	19800	25700
1403	298	Thß vi®n	13	9	0	-2100 0 -1800	1 0 0 0	22	23	24	25	-1	-1	-1	-1	-1	-1	9000	11700	15200	19800	25700
1404	298	Y Xä	10	11	0	-4800 400 600	1 0 0 0	26	27	28	-1	-1	-1	11	12	13	-1	0	0	20000	26000	33800
1405	298	T§p Phß¶ng	9	12	0	-5700 400 -700	1 0 0 0	30	31	32	33	-1	-1	-1	-1	-1	-1	9000	11700	15200	19800	25700
1406	298	TØu quán	2	13	0	-5900 800 -2400	1 0 0 0	34	35	36	-1	-1	-1	14	15	16	-1	0	0	20000	26000	33800
1407	298	Sß½ng phòng	1	14	0	-5900 800 -3900	1 0 0 0	38	39	40	41	-1	-1	-1	-1	-1	-1	9000	9900	10900	12000	13200
1408	298	Võ Cø	6	15	0	-5300 800 -6000	1 0 0 0	42	43	44	-1	-1	-1	-1	-1	-1	-1	0	0	15000	18000	21600
1409	298	ÐoÕn Ðài	5	16	0	-3300 800 -5500	1 0 0 0	46	47	48	49	-1	1	2	3	4	5	9000	11700	15200	19800	25700
1410	298	Tß¶ng thành	8	17	0	400 0 1000	1 0 0 0	1	1	1	1	-1	-1	-1	-1	-1	-1	0	0	0	0	0
1411	299	Huy®n nha	0	1	0	400 1200 -5600	1 0 0 0	72	73	74	75	-1	-1	-1	-1	-1	-1	20000	40000	80000	160000	320000
1412	299	ÐÕi kÏ	17	2	0	400 1200 -3600	1 0 0 0	1	1	1	1	-1	-1	-1	-1	-1	-1	0	0	0	0	0
1413	299	Võ Phß¶ng	11	4	0	3900 800 -5700	1 0 0 0	2	3	4	5	-1	6	7	8	9	10	9000	15300	26000	44200	75200
1414	299	Phòng Cø	4	5	0	5900 800 -5900	1 0 0 0	6	7	8	-1	-1	-1	-1	-1	-1	-1	0	0	15000	18000	21600
1415	299	Ti«n trang	3	6	0	5900 800 -4200	1 0 0 0	10	11	12	13	-1	93	21	39	57	75	10000	18000	32400	58300	105000
1416	299	Trß¶ng võ	15	7	0	5500 400 -200	1 0 0 0	14	15	16	17	-1	-1	-1	-1	-1	-1	9000	15300	26000	44200	75200
1417	299	M­ Thß½ng	7	8	0	3300 0 -1200	1 0 0 0	18	19	20	21	-1	-1	-1	-1	-1	-1	9000	11700	15200	19800	25700
1418	299	Thß vi®n	13	9	0	-2100 0 -1800	1 0 0 0	22	23	24	25	-1	-1	-1	-1	-1	-1	9000	11700	15200	19800	25700
1419	299	Y Xä	10	11	0	-4800 400 600	1 0 0 0	26	27	28	-1	-1	-1	11	12	13	-1	0	0	20000	26000	33800
1420	299	T§p Phß¶ng	9	12	0	-5700 400 -700	1 0 0 0	30	31	32	33	-1	-1	-1	-1	-1	-1	9000	11700	15200	19800	25700
1421	299	TØu quán	2	13	0	-5900 800 -2400	1 0 0 0	34	35	36	-1	-1	-1	14	15	16	-1	0	0	20000	26000	33800
1422	299	Sß½ng phòng	1	14	0	-5900 800 -3900	1 0 0 0	38	39	40	41	-1	-1	-1	-1	-1	-1	9000	9900	10900	12000	13200
1423	299	Võ Cø	6	15	0	-5300 800 -6000	1 0 0 0	42	43	44	-1	-1	-1	-1	-1	-1	-1	0	0	15000	18000	21600
1424	299	ÐoÕn Ðài	5	16	0	-3300 800 -5500	1 0 0 0	46	47	48	49	-1	1	2	3	4	5	9000	11700	15200	19800	25700
1425	299	Tß¶ng thành	8	17	0	400 0 1000	1 0 0 0	1	1	1	1	-1	-1	-1	-1	-1	-1	0	0	0	0	0
1426	300	Huy®n nha	0	1	0	400 1200 -5600	1 0 0 0	72	73	74	75	-1	-1	-1	-1	-1	-1	20000	40000	80000	160000	320000
1427	300	ÐÕi kÏ	17	2	0	400 1200 -3600	1 0 0 0	1	1	1	1	-1	-1	-1	-1	-1	-1	0	0	0	0	0
1428	300	Võ Phß¶ng	11	4	0	3900 800 -5700	1 0 0 0	2	3	4	5	-1	6	7	8	9	10	9000	15300	26000	44200	75200
1429	300	Phòng Cø	4	5	0	5900 800 -5900	1 0 0 0	6	7	8	-1	-1	-1	-1	-1	-1	-1	0	0	15000	18000	21600
1430	300	Ti«n trang	3	6	0	5900 800 -4200	1 0 0 0	10	11	12	13	-1	94	22	40	58	76	10000	18000	32400	58300	105000
1431	300	Trß¶ng võ	15	7	0	5500 400 -200	1 0 0 0	14	15	16	17	-1	-1	-1	-1	-1	-1	9000	15300	26000	44200	75200
1432	300	M­ Thß½ng	7	8	0	3300 0 -1200	1 0 0 0	18	19	20	21	-1	-1	-1	-1	-1	-1	9000	11700	15200	19800	25700
1433	300	Thß vi®n	13	9	0	-2100 0 -1800	1 0 0 0	22	23	24	25	-1	-1	-1	-1	-1	-1	9000	11700	15200	19800	25700
1434	300	Y Xä	10	11	0	-4800 400 600	1 0 0 0	26	27	28	-1	-1	-1	11	12	13	-1	0	0	20000	26000	33800
1435	300	T§p Phß¶ng	9	12	0	-5700 400 -700	1 0 0 0	30	31	32	33	-1	-1	-1	-1	-1	-1	9000	11700	15200	19800	25700
1436	300	TØu quán	2	13	0	-5900 800 -2400	1 0 0 0	34	35	36	-1	-1	-1	14	15	16	-1	0	0	20000	26000	33800
1437	300	Sß½ng phòng	1	14	0	-5900 800 -3900	1 0 0 0	38	39	40	41	-1	-1	-1	-1	-1	-1	9000	9900	10900	12000	13200
1438	300	Võ Cø	6	15	0	-5300 800 -6000	1 0 0 0	42	43	44	-1	-1	-1	-1	-1	-1	-1	0	0	15000	18000	21600
1439	300	ÐoÕn Ðài	5	16	0	-3300 800 -5500	1 0 0 0	46	47	48	49	-1	1	2	3	4	5	9000	11700	15200	19800	25700
1440	300	Tß¶ng thành	8	17	0	400 0 1000	1 0 0 0	1	1	1	1	-1	-1	-1	-1	-1	-1	0	0	0	0	0
1441	301	Huy®n nha	0	1	0	400 1200 -5600	1 0 0 0	72	73	74	75	-1	-1	-1	-1	-1	-1	20000	40000	80000	160000	320000
1442	301	ÐÕi kÏ	17	2	0	400 1200 -3600	1 0 0 0	1	1	1	1	-1	-1	-1	-1	-1	-1	0	0	0	0	0
1443	301	Võ Phß¶ng	11	4	0	3900 800 -5700	1 0 0 0	2	3	4	5	-1	6	7	8	9	10	9000	15300	26000	44200	75200
1444	301	Phòng Cø	4	5	0	5900 800 -5900	1 0 0 0	6	7	8	-1	-1	-1	-1	-1	-1	-1	0	0	15000	18000	21600
1445	301	Ti«n trang	3	6	0	5900 800 -4200	1 0 0 0	10	11	12	13	-1	95	23	41	59	77	10000	18000	32400	58300	105000
1446	301	Trß¶ng võ	15	7	0	5500 400 -200	1 0 0 0	14	15	16	17	-1	-1	-1	-1	-1	-1	9000	15300	26000	44200	75200
1447	301	M­ Thß½ng	7	8	0	3300 0 -1200	1 0 0 0	18	19	20	21	-1	-1	-1	-1	-1	-1	9000	11700	15200	19800	25700
1448	301	Thß vi®n	13	9	0	-2100 0 -1800	1 0 0 0	22	23	24	25	-1	-1	-1	-1	-1	-1	9000	11700	15200	19800	25700
1449	301	Y Xä	10	11	0	-4800 400 600	1 0 0 0	26	27	28	-1	-1	-1	11	12	13	-1	0	0	20000	26000	33800
1450	301	T§p Phß¶ng	9	12	0	-5700 400 -700	1 0 0 0	30	31	32	33	-1	-1	-1	-1	-1	-1	9000	11700	15200	19800	25700
1451	301	TØu quán	2	13	0	-5900 800 -2400	1 0 0 0	34	35	36	-1	-1	-1	14	15	16	-1	0	0	20000	26000	33800
1452	301	Sß½ng phòng	1	14	0	-5900 800 -3900	1 0 0 0	38	39	40	41	-1	-1	-1	-1	-1	-1	9000	9900	10900	12000	13200
1453	301	Võ Cø	6	15	0	-5300 800 -6000	1 0 0 0	42	43	44	-1	-1	-1	-1	-1	-1	-1	0	0	15000	18000	21600
1454	301	ÐoÕn Ðài	5	16	0	-3300 800 -5500	1 0 0 0	46	47	48	49	-1	1	2	3	4	5	9000	11700	15200	19800	25700
1455	301	Tß¶ng thành	8	17	0	400 0 1000	1 0 0 0	1	1	1	1	-1	-1	-1	-1	-1	-1	0	0	0	0	0
1456	302	Huy®n nha	0	1	0	400 1200 -5600	1 0 0 0	72	73	74	75	-1	-1	-1	-1	-1	-1	20000	40000	80000	160000	320000
1457	302	ÐÕi kÏ	17	2	0	400 1200 -3600	1 0 0 0	1	1	1	1	-1	-1	-1	-1	-1	-1	0	0	0	0	0
1458	302	Võ Phß¶ng	11	4	0	3900 800 -5700	1 0 0 0	2	3	4	5	-1	6	7	8	9	10	9000	15300	26000	44200	75200
1459	302	Phòng Cø	4	5	0	5900 800 -5900	1 0 0 0	6	7	8	-1	-1	-1	-1	-1	-1	-1	0	0	15000	18000	21600
1460	302	Ti«n trang	3	6	0	5900 800 -4200	1 0 0 0	10	11	12	13	-1	96	24	42	60	78	10000	18000	32400	58300	105000
1461	302	Trß¶ng võ	15	7	0	5500 400 -200	1 0 0 0	14	15	16	17	-1	-1	-1	-1	-1	-1	9000	15300	26000	44200	75200
1462	302	M­ Thß½ng	7	8	0	3300 0 -1200	1 0 0 0	18	19	20	21	-1	-1	-1	-1	-1	-1	9000	11700	15200	19800	25700
1463	302	Thß vi®n	13	9	0	-2100 0 -1800	1 0 0 0	22	23	24	25	-1	-1	-1	-1	-1	-1	9000	11700	15200	19800	25700
1464	302	Y Xä	10	11	0	-4800 400 600	1 0 0 0	26	27	28	-1	-1	-1	11	12	13	-1	0	0	20000	26000	33800
1465	302	T§p Phß¶ng	9	12	0	-5700 400 -700	1 0 0 0	30	31	32	33	-1	-1	-1	-1	-1	-1	9000	11700	15200	19800	25700
1466	302	TØu quán	2	13	0	-5900 800 -2400	1 0 0 0	34	35	36	-1	-1	-1	14	15	16	-1	0	0	20000	26000	33800
1467	302	Sß½ng phòng	1	14	0	-5900 800 -3900	1 0 0 0	38	39	40	41	-1	-1	-1	-1	-1	-1	9000	9900	10900	12000	13200
1468	302	Võ Cø	6	15	0	-5300 800 -6000	1 0 0 0	42	43	44	-1	-1	-1	-1	-1	-1	-1	0	0	15000	18000	21600
1469	302	ÐoÕn Ðài	5	16	0	-3300 800 -5500	1 0 0 0	46	47	48	49	-1	1	2	3	4	5	9000	11700	15200	19800	25700
1470	302	Tß¶ng thành	8	17	0	400 0 1000	1 0 0 0	1	1	1	1	-1	-1	-1	-1	-1	-1	0	0	0	0	0
1471	303	Huy®n nha	0	1	0	400 1200 -5600	1 0 0 0	72	73	74	75	-1	-1	-1	-1	-1	-1	20000	40000	80000	160000	320000
1472	303	ÐÕi kÏ	17	2	0	400 1200 -3600	1 0 0 0	1	1	1	1	-1	-1	-1	-1	-1	-1	0	0	0	0	0
1473	303	Võ Phß¶ng	11	4	0	3900 800 -5700	1 0 0 0	2	3	4	5	-1	6	7	8	9	10	9000	15300	26000	44200	75200
1474	303	Phòng Cø	4	5	0	5900 800 -5900	1 0 0 0	6	7	8	-1	-1	-1	-1	-1	-1	-1	0	0	15000	18000	21600
1475	303	Ti«n trang	3	6	0	5900 800 -4200	1 0 0 0	10	11	12	13	-1	97	25	43	61	79	10000	18000	32400	58300	105000
1476	303	Trß¶ng võ	15	7	0	5500 400 -200	1 0 0 0	14	15	16	17	-1	-1	-1	-1	-1	-1	9000	15300	26000	44200	75200
1477	303	M­ Thß½ng	7	8	0	3300 0 -1200	1 0 0 0	18	19	20	21	-1	-1	-1	-1	-1	-1	9000	11700	15200	19800	25700
1478	303	Thß vi®n	13	9	0	-2100 0 -1800	1 0 0 0	22	23	24	25	-1	-1	-1	-1	-1	-1	9000	11700	15200	19800	25700
1479	303	Y Xä	10	11	0	-4800 400 600	1 0 0 0	26	27	28	-1	-1	-1	11	12	13	-1	0	0	20000	26000	33800
1480	303	T§p Phß¶ng	9	12	0	-5700 400 -700	1 0 0 0	30	31	32	33	-1	-1	-1	-1	-1	-1	9000	11700	15200	19800	25700
1481	303	TØu quán	2	13	0	-5900 800 -2400	1 0 0 0	34	35	36	-1	-1	-1	14	15	16	-1	0	0	20000	26000	33800
1482	303	Sß½ng phòng	1	14	0	-5900 800 -3900	1 0 0 0	38	39	40	41	-1	-1	-1	-1	-1	-1	9000	9900	10900	12000	13200
1483	303	Võ Cø	6	15	0	-5300 800 -6000	1 0 0 0	42	43	44	-1	-1	-1	-1	-1	-1	-1	0	0	15000	18000	21600
1484	303	ÐoÕn Ðài	5	16	0	-3300 800 -5500	1 0 0 0	46	47	48	49	-1	1	2	3	4	5	9000	11700	15200	19800	25700
1485	303	Tß¶ng thành	8	17	0	400 0 1000	1 0 0 0	1	1	1	1	-1	-1	-1	-1	-1	-1	0	0	0	0	0
1486	304	Huy®n nha	0	1	0	400 1200 -5600	1 0 0 0	72	73	74	75	-1	-1	-1	-1	-1	-1	20000	40000	80000	160000	320000
1487	304	ÐÕi kÏ	17	2	0	400 1200 -3600	1 0 0 0	1	1	1	1	-1	-1	-1	-1	-1	-1	0	0	0	0	0
1488	304	Võ Phß¶ng	11	4	0	3900 800 -5700	1 0 0 0	2	3	4	5	-1	6	7	8	9	10	9000	15300	26000	44200	75200
1489	304	Phòng Cø	4	5	0	5900 800 -5900	1 0 0 0	6	7	8	-1	-1	-1	-1	-1	-1	-1	0	0	15000	18000	21600
1490	304	Ti«n trang	3	6	0	5900 800 -4200	1 0 0 0	10	11	12	13	-1	98	26	44	62	80	10000	18000	32400	58300	105000
1491	304	Trß¶ng võ	15	7	0	5500 400 -200	1 0 0 0	14	15	16	17	-1	-1	-1	-1	-1	-1	9000	15300	26000	44200	75200
1492	304	M­ Thß½ng	7	8	0	3300 0 -1200	1 0 0 0	18	19	20	21	-1	-1	-1	-1	-1	-1	9000	11700	15200	19800	25700
1493	304	Thß vi®n	13	9	0	-2100 0 -1800	1 0 0 0	22	23	24	25	-1	-1	-1	-1	-1	-1	9000	11700	15200	19800	25700
1494	304	Y Xä	10	11	0	-4800 400 600	1 0 0 0	26	27	28	-1	-1	-1	11	12	13	-1	0	0	20000	26000	33800
1495	304	T§p Phß¶ng	9	12	0	-5700 400 -700	1 0 0 0	30	31	32	33	-1	-1	-1	-1	-1	-1	9000	11700	15200	19800	25700
1496	304	TØu quán	2	13	0	-5900 800 -2400	1 0 0 0	34	35	36	-1	-1	-1	14	15	16	-1	0	0	20000	26000	33800
1497	304	Sß½ng phòng	1	14	0	-5900 800 -3900	1 0 0 0	38	39	40	41	-1	-1	-1	-1	-1	-1	9000	9900	10900	12000	13200
1498	304	Võ Cø	6	15	0	-5300 800 -6000	1 0 0 0	42	43	44	-1	-1	-1	-1	-1	-1	-1	0	0	15000	18000	21600
1499	304	ÐoÕn Ðài	5	16	0	-3300 800 -5500	1 0 0 0	46	47	48	49	-1	1	2	3	4	5	9000	11700	15200	19800	25700
1500	304	Tß¶ng thành	8	17	0	400 0 1000	1 0 0 0	1	1	1	1	-1	-1	-1	-1	-1	-1	0	0	0	0	0
1501	305	Huy®n nha	0	1	0	400 1200 -5600	1 0 0 0	72	73	74	75	-1	-1	-1	-1	-1	-1	20000	40000	80000	160000	320000
1502	305	ÐÕi kÏ	17	2	0	400 1200 -3600	1 0 0 0	1	1	1	1	-1	-1	-1	-1	-1	-1	0	0	0	0	0
1503	305	Võ Phß¶ng	11	4	0	3900 800 -5700	1 0 0 0	2	3	4	5	-1	6	7	8	9	10	9000	15300	26000	44200	75200
1504	305	Phòng Cø	4	5	0	5900 800 -5900	1 0 0 0	6	7	8	-1	-1	-1	-1	-1	-1	-1	0	0	15000	18000	21600
1505	305	Ti«n trang	3	6	0	5900 800 -4200	1 0 0 0	10	11	12	13	-1	99	27	45	63	81	10000	18000	32400	58300	105000
1506	305	Trß¶ng võ	15	7	0	5500 400 -200	1 0 0 0	14	15	16	17	-1	-1	-1	-1	-1	-1	9000	15300	26000	44200	75200
1507	305	M­ Thß½ng	7	8	0	3300 0 -1200	1 0 0 0	18	19	20	21	-1	-1	-1	-1	-1	-1	9000	11700	15200	19800	25700
1508	305	Thß vi®n	13	9	0	-2100 0 -1800	1 0 0 0	22	23	24	25	-1	-1	-1	-1	-1	-1	9000	11700	15200	19800	25700
1509	305	Y Xä	10	11	0	-4800 400 600	1 0 0 0	26	27	28	-1	-1	-1	11	12	13	-1	0	0	20000	26000	33800
1510	305	T§p Phß¶ng	9	12	0	-5700 400 -700	1 0 0 0	30	31	32	33	-1	-1	-1	-1	-1	-1	9000	11700	15200	19800	25700
1511	305	TØu quán	2	13	0	-5900 800 -2400	1 0 0 0	34	35	36	-1	-1	-1	14	15	16	-1	0	0	20000	26000	33800
1512	305	Sß½ng phòng	1	14	0	-5900 800 -3900	1 0 0 0	38	39	40	41	-1	-1	-1	-1	-1	-1	9000	9900	10900	12000	13200
1513	305	Võ Cø	6	15	0	-5300 800 -6000	1 0 0 0	42	43	44	-1	-1	-1	-1	-1	-1	-1	0	0	15000	18000	21600
1514	305	ÐoÕn Ðài	5	16	0	-3300 800 -5500	1 0 0 0	46	47	48	49	-1	1	2	3	4	5	9000	11700	15200	19800	25700
1515	305	Tß¶ng thành	8	17	0	400 0 1000	1 0 0 0	1	1	1	1	-1	-1	-1	-1	-1	-1	0	0	0	0	0
1516	306	Huy®n nha	0	1	0	400 1200 -5600	1 0 0 0	72	73	74	75	-1	-1	-1	-1	-1	-1	20000	40000	80000	160000	320000
1517	306	ÐÕi kÏ	17	2	0	400 1200 -3600	1 0 0 0	1	1	1	1	-1	-1	-1	-1	-1	-1	0	0	0	0	0
1518	306	Võ Phß¶ng	11	4	0	3900 800 -5700	1 0 0 0	2	3	4	5	-1	6	7	8	9	10	9000	15300	26000	44200	75200
1519	306	Phòng Cø	4	5	0	5900 800 -5900	1 0 0 0	6	7	8	-1	-1	-1	-1	-1	-1	-1	0	0	15000	18000	21600
1520	306	Ti«n trang	3	6	0	5900 800 -4200	1 0 0 0	10	11	12	13	-1	100	28	46	64	82	10000	18000	32400	58300	105000
1521	306	Trß¶ng võ	15	7	0	5500 400 -200	1 0 0 0	14	15	16	17	-1	-1	-1	-1	-1	-1	9000	15300	26000	44200	75200
1522	306	M­ Thß½ng	7	8	0	3300 0 -1200	1 0 0 0	18	19	20	21	-1	-1	-1	-1	-1	-1	9000	11700	15200	19800	25700
1523	306	Thß vi®n	13	9	0	-2100 0 -1800	1 0 0 0	22	23	24	25	-1	-1	-1	-1	-1	-1	9000	11700	15200	19800	25700
1524	306	Y Xä	10	11	0	-4800 400 600	1 0 0 0	26	27	28	-1	-1	-1	11	12	13	-1	0	0	20000	26000	33800
1525	306	T§p Phß¶ng	9	12	0	-5700 400 -700	1 0 0 0	30	31	32	33	-1	-1	-1	-1	-1	-1	9000	11700	15200	19800	25700
1526	306	TØu quán	2	13	0	-5900 800 -2400	1 0 0 0	34	35	36	-1	-1	-1	14	15	16	-1	0	0	20000	26000	33800
1527	306	Sß½ng phòng	1	14	0	-5900 800 -3900	1 0 0 0	38	39	40	41	-1	-1	-1	-1	-1	-1	9000	9900	10900	12000	13200
1528	306	Võ Cø	6	15	0	-5300 800 -6000	1 0 0 0	42	43	44	-1	-1	-1	-1	-1	-1	-1	0	0	15000	18000	21600
1529	306	ÐoÕn Ðài	5	16	0	-3300 800 -5500	1 0 0 0	46	47	48	49	-1	1	2	3	4	5	9000	11700	15200	19800	25700
1530	306	Tß¶ng thành	8	17	0	400 0 1000	1 0 0 0	1	1	1	1	-1	-1	-1	-1	-1	-1	0	0	0	0	0
1531	307	Huy®n nha	0	1	0	400 1200 -5600	1 0 0 0	72	73	74	75	-1	-1	-1	-1	-1	-1	20000	40000	80000	160000	320000
1532	307	ÐÕi kÏ	17	2	0	400 1200 -3600	1 0 0 0	1	1	1	1	-1	-1	-1	-1	-1	-1	0	0	0	0	0
1533	307	Võ Phß¶ng	11	4	0	3900 800 -5700	1 0 0 0	2	3	4	5	-1	6	7	8	9	10	9000	15300	26000	44200	75200
1534	307	Phòng Cø	4	5	0	5900 800 -5900	1 0 0 0	6	7	8	-1	-1	-1	-1	-1	-1	-1	0	0	15000	18000	21600
1535	307	Ti«n trang	3	6	0	5900 800 -4200	1 0 0 0	10	11	12	13	-1	101	29	47	65	83	10000	18000	32400	58300	105000
1536	307	Trß¶ng võ	15	7	0	5500 400 -200	1 0 0 0	14	15	16	17	-1	-1	-1	-1	-1	-1	9000	15300	26000	44200	75200
1537	307	M­ Thß½ng	7	8	0	3300 0 -1200	1 0 0 0	18	19	20	21	-1	-1	-1	-1	-1	-1	9000	11700	15200	19800	25700
1538	307	Thß vi®n	13	9	0	-2100 0 -1800	1 0 0 0	22	23	24	25	-1	-1	-1	-1	-1	-1	9000	11700	15200	19800	25700
1539	307	Y Xä	10	11	0	-4800 400 600	1 0 0 0	26	27	28	-1	-1	-1	11	12	13	-1	0	0	20000	26000	33800
1540	307	T§p Phß¶ng	9	12	0	-5700 400 -700	1 0 0 0	30	31	32	33	-1	-1	-1	-1	-1	-1	9000	11700	15200	19800	25700
1541	307	TØu quán	2	13	0	-5900 800 -2400	1 0 0 0	34	35	36	-1	-1	-1	14	15	16	-1	0	0	20000	26000	33800
1542	307	Sß½ng phòng	1	14	0	-5900 800 -3900	1 0 0 0	38	39	40	41	-1	-1	-1	-1	-1	-1	9000	9900	10900	12000	13200
1543	307	Võ Cø	6	15	0	-5300 800 -6000	1 0 0 0	42	43	44	-1	-1	-1	-1	-1	-1	-1	0	0	15000	18000	21600
1544	307	ÐoÕn Ðài	5	16	0	-3300 800 -5500	1 0 0 0	46	47	48	49	-1	1	2	3	4	5	9000	11700	15200	19800	25700
1545	307	Tß¶ng thành	8	17	0	400 0 1000	1 0 0 0	1	1	1	1	-1	-1	-1	-1	-1	-1	0	0	0	0	0
1546	308	Huy®n nha	0	1	0	400 1200 -5600	1 0 0 0	72	73	74	75	-1	-1	-1	-1	-1	-1	20000	40000	80000	160000	320000
1547	308	ÐÕi kÏ	17	2	0	400 1200 -3600	1 0 0 0	1	1	1	1	-1	-1	-1	-1	-1	-1	0	0	0	0	0
1548	308	Võ Phß¶ng	11	4	0	3900 800 -5700	1 0 0 0	2	3	4	5	-1	6	7	8	9	10	9000	15300	26000	44200	75200
1549	308	Phòng Cø	4	5	0	5900 800 -5900	1 0 0 0	6	7	8	-1	-1	-1	-1	-1	-1	-1	0	0	15000	18000	21600
1550	308	Ti«n trang	3	6	0	5900 800 -4200	1 0 0 0	10	11	12	13	-1	102	30	48	66	84	10000	18000	32400	58300	105000
1551	308	Trß¶ng võ	15	7	0	5500 400 -200	1 0 0 0	14	15	16	17	-1	-1	-1	-1	-1	-1	9000	15300	26000	44200	75200
1552	308	M­ Thß½ng	7	8	0	3300 0 -1200	1 0 0 0	18	19	20	21	-1	-1	-1	-1	-1	-1	9000	11700	15200	19800	25700
1553	308	Thß vi®n	13	9	0	-2100 0 -1800	1 0 0 0	22	23	24	25	-1	-1	-1	-1	-1	-1	9000	11700	15200	19800	25700
1554	308	Y Xä	10	11	0	-4800 400 600	1 0 0 0	26	27	28	-1	-1	-1	11	12	13	-1	0	0	20000	26000	33800
1555	308	T§p Phß¶ng	9	12	0	-5700 400 -700	1 0 0 0	30	31	32	33	-1	-1	-1	-1	-1	-1	9000	11700	15200	19800	25700
1556	308	TØu quán	2	13	0	-5900 800 -2400	1 0 0 0	34	35	36	-1	-1	-1	14	15	16	-1	0	0	20000	26000	33800
1557	308	Sß½ng phòng	1	14	0	-5900 800 -3900	1 0 0 0	38	39	40	41	-1	-1	-1	-1	-1	-1	9000	9900	10900	12000	13200
1558	308	Võ Cø	6	15	0	-5300 800 -6000	1 0 0 0	42	43	44	-1	-1	-1	-1	-1	-1	-1	0	0	15000	18000	21600
1559	308	ÐoÕn Ðài	5	16	0	-3300 800 -5500	1 0 0 0	46	47	48	49	-1	1	2	3	4	5	9000	11700	15200	19800	25700
1560	308	Tß¶ng thành	8	17	0	400 0 1000	1 0 0 0	1	1	1	1	-1	-1	-1	-1	-1	-1	0	0	0	0	0
1561	309	Huy®n nha	0	1	0	400 1200 -5600	1 0 0 0	72	73	74	75	-1	-1	-1	-1	-1	-1	20000	40000	80000	160000	320000
1562	309	ÐÕi kÏ	17	2	0	400 1200 -3600	1 0 0 0	1	1	1	1	-1	-1	-1	-1	-1	-1	0	0	0	0	0
1563	309	Võ Phß¶ng	11	4	0	3900 800 -5700	1 0 0 0	2	3	4	5	-1	6	7	8	9	10	9000	15300	26000	44200	75200
1564	309	Phòng Cø	4	5	0	5900 800 -5900	1 0 0 0	6	7	8	-1	-1	-1	-1	-1	-1	-1	0	0	15000	18000	21600
1565	309	Ti«n trang	3	6	0	5900 800 -4200	1 0 0 0	10	11	12	13	-1	103	31	49	67	85	10000	18000	32400	58300	105000
1566	309	Trß¶ng võ	15	7	0	5500 400 -200	1 0 0 0	14	15	16	17	-1	-1	-1	-1	-1	-1	9000	15300	26000	44200	75200
1567	309	M­ Thß½ng	7	8	0	3300 0 -1200	1 0 0 0	18	19	20	21	-1	-1	-1	-1	-1	-1	9000	11700	15200	19800	25700
1568	309	Thß vi®n	13	9	0	-2100 0 -1800	1 0 0 0	22	23	24	25	-1	-1	-1	-1	-1	-1	9000	11700	15200	19800	25700
1569	309	Y Xä	10	11	0	-4800 400 600	1 0 0 0	26	27	28	-1	-1	-1	11	12	13	-1	0	0	20000	26000	33800
1570	309	T§p Phß¶ng	9	12	0	-5700 400 -700	1 0 0 0	30	31	32	33	-1	-1	-1	-1	-1	-1	9000	11700	15200	19800	25700
1571	309	TØu quán	2	13	0	-5900 800 -2400	1 0 0 0	34	35	36	-1	-1	-1	14	15	16	-1	0	0	20000	26000	33800
1572	309	Sß½ng phòng	1	14	0	-5900 800 -3900	1 0 0 0	38	39	40	41	-1	-1	-1	-1	-1	-1	9000	9900	10900	12000	13200
1573	309	Võ Cø	6	15	0	-5300 800 -6000	1 0 0 0	42	43	44	-1	-1	-1	-1	-1	-1	-1	0	0	15000	18000	21600
1574	309	ÐoÕn Ðài	5	16	0	-3300 800 -5500	1 0 0 0	46	47	48	49	-1	1	2	3	4	5	9000	11700	15200	19800	25700
1575	309	Tß¶ng thành	8	17	0	400 0 1000	1 0 0 0	1	1	1	1	-1	-1	-1	-1	-1	-1	0	0	0	0	0
1576	310	Huy®n nha	0	1	0	400 1200 -5600	1 0 0 0	72	73	74	75	-1	-1	-1	-1	-1	-1	20000	40000	80000	160000	320000
1577	310	ÐÕi kÏ	17	2	0	400 1200 -3600	1 0 0 0	1	1	1	1	-1	-1	-1	-1	-1	-1	0	0	0	0	0
1578	310	Võ Phß¶ng	11	4	0	3900 800 -5700	1 0 0 0	2	3	4	5	-1	6	7	8	9	10	9000	15300	26000	44200	75200
1579	310	Phòng Cø	4	5	0	5900 800 -5900	1 0 0 0	6	7	8	-1	-1	-1	-1	-1	-1	-1	0	0	15000	18000	21600
1580	310	Ti«n trang	3	6	0	5900 800 -4200	1 0 0 0	10	11	12	13	-1	104	32	50	68	86	10000	18000	32400	58300	105000
1581	310	Trß¶ng võ	15	7	0	5500 400 -200	1 0 0 0	14	15	16	17	-1	-1	-1	-1	-1	-1	9000	15300	26000	44200	75200
1582	310	M­ Thß½ng	7	8	0	3300 0 -1200	1 0 0 0	18	19	20	21	-1	-1	-1	-1	-1	-1	9000	11700	15200	19800	25700
1583	310	Thß vi®n	13	9	0	-2100 0 -1800	1 0 0 0	22	23	24	25	-1	-1	-1	-1	-1	-1	9000	11700	15200	19800	25700
1584	310	Y Xä	10	11	0	-4800 400 600	1 0 0 0	26	27	28	-1	-1	-1	11	12	13	-1	0	0	20000	26000	33800
1585	310	T§p Phß¶ng	9	12	0	-5700 400 -700	1 0 0 0	30	31	32	33	-1	-1	-1	-1	-1	-1	9000	11700	15200	19800	25700
1586	310	TØu quán	2	13	0	-5900 800 -2400	1 0 0 0	34	35	36	-1	-1	-1	14	15	16	-1	0	0	20000	26000	33800
1587	310	Sß½ng phòng	1	14	0	-5900 800 -3900	1 0 0 0	38	39	40	41	-1	-1	-1	-1	-1	-1	9000	9900	10900	12000	13200
1588	310	Võ Cø	6	15	0	-5300 800 -6000	1 0 0 0	42	43	44	-1	-1	-1	-1	-1	-1	-1	0	0	15000	18000	21600
1589	310	ÐoÕn Ðài	5	16	0	-3300 800 -5500	1 0 0 0	46	47	48	49	-1	1	2	3	4	5	9000	11700	15200	19800	25700
1590	310	Tß¶ng thành	8	17	0	400 0 1000	1 0 0 0	1	1	1	1	-1	-1	-1	-1	-1	-1	0	0	0	0	0
1591	311	Huy®n nha	0	1	0	400 1200 -5600	1 0 0 0	72	73	74	75	-1	-1	-1	-1	-1	-1	20000	40000	80000	160000	320000
1592	311	ÐÕi kÏ	17	2	0	400 1200 -3600	1 0 0 0	1	1	1	1	-1	-1	-1	-1	-1	-1	0	0	0	0	0
1593	311	Võ Phß¶ng	11	4	0	3900 800 -5700	1 0 0 0	2	3	4	5	-1	6	7	8	9	10	9000	15300	26000	44200	75200
1594	311	Phòng Cø	4	5	0	5900 800 -5900	1 0 0 0	6	7	8	-1	-1	-1	-1	-1	-1	-1	0	0	15000	18000	21600
1595	311	Ti«n trang	3	6	0	5900 800 -4200	1 0 0 0	10	11	12	13	-1	105	33	51	69	87	10000	18000	32400	58300	105000
1596	311	Trß¶ng võ	15	7	0	5500 400 -200	1 0 0 0	14	15	16	17	-1	-1	-1	-1	-1	-1	9000	15300	26000	44200	75200
1597	311	M­ Thß½ng	7	8	0	3300 0 -1200	1 0 0 0	18	19	20	21	-1	-1	-1	-1	-1	-1	9000	11700	15200	19800	25700
1598	311	Thß vi®n	13	9	0	-2100 0 -1800	1 0 0 0	22	23	24	25	-1	-1	-1	-1	-1	-1	9000	11700	15200	19800	25700
1599	311	Y Xä	10	11	0	-4800 400 600	1 0 0 0	26	27	28	-1	-1	-1	11	12	13	-1	0	0	20000	26000	33800
1600	311	T§p Phß¶ng	9	12	0	-5700 400 -700	1 0 0 0	30	31	32	33	-1	-1	-1	-1	-1	-1	9000	11700	15200	19800	25700
1601	311	TØu quán	2	13	0	-5900 800 -2400	1 0 0 0	34	35	36	-1	-1	-1	14	15	16	-1	0	0	20000	26000	33800
1602	311	Sß½ng phòng	1	14	0	-5900 800 -3900	1 0 0 0	38	39	40	41	-1	-1	-1	-1	-1	-1	9000	9900	10900	12000	13200
1603	311	Võ Cø	6	15	0	-5300 800 -6000	1 0 0 0	42	43	44	-1	-1	-1	-1	-1	-1	-1	0	0	15000	18000	21600
1604	311	ÐoÕn Ðài	5	16	0	-3300 800 -5500	1 0 0 0	46	47	48	49	-1	1	2	3	4	5	9000	11700	15200	19800	25700
1605	311	Tß¶ng thành	8	17	0	400 0 1000	1 0 0 0	1	1	1	1	-1	-1	-1	-1	-1	-1	0	0	0	0	0
1606	312	Huy®n nha	0	1	0	400 1200 -5600	1 0 0 0	72	73	74	75	-1	-1	-1	-1	-1	-1	20000	40000	80000	160000	320000
1607	312	ÐÕi kÏ	17	2	0	400 1200 -3600	1 0 0 0	1	1	1	1	-1	-1	-1	-1	-1	-1	0	0	0	0	0
1608	312	Võ Phß¶ng	11	4	0	3900 800 -5700	1 0 0 0	2	3	4	5	-1	6	7	8	9	10	9000	15300	26000	44200	75200
1609	312	Phòng Cø	4	5	0	5900 800 -5900	1 0 0 0	6	7	8	-1	-1	-1	-1	-1	-1	-1	0	0	15000	18000	21600
1610	312	Ti«n trang	3	6	0	5900 800 -4200	1 0 0 0	10	11	12	13	-1	106	34	52	70	88	10000	18000	32400	58300	105000
1611	312	Trß¶ng võ	15	7	0	5500 400 -200	1 0 0 0	14	15	16	17	-1	-1	-1	-1	-1	-1	9000	15300	26000	44200	75200
1612	312	M­ Thß½ng	7	8	0	3300 0 -1200	1 0 0 0	18	19	20	21	-1	-1	-1	-1	-1	-1	9000	11700	15200	19800	25700
1613	312	Thß vi®n	13	9	0	-2100 0 -1800	1 0 0 0	22	23	24	25	-1	-1	-1	-1	-1	-1	9000	11700	15200	19800	25700
1614	312	Y Xä	10	11	0	-4800 400 600	1 0 0 0	26	27	28	-1	-1	-1	11	12	13	-1	0	0	20000	26000	33800
1615	312	T§p Phß¶ng	9	12	0	-5700 400 -700	1 0 0 0	30	31	32	33	-1	-1	-1	-1	-1	-1	9000	11700	15200	19800	25700
1616	312	TØu quán	2	13	0	-5900 800 -2400	1 0 0 0	34	35	36	-1	-1	-1	14	15	16	-1	0	0	20000	26000	33800
1617	312	Sß½ng phòng	1	14	0	-5900 800 -3900	1 0 0 0	38	39	40	41	-1	-1	-1	-1	-1	-1	9000	9900	10900	12000	13200
1618	312	Võ Cø	6	15	0	-5300 800 -6000	1 0 0 0	42	43	44	-1	-1	-1	-1	-1	-1	-1	0	0	15000	18000	21600
1619	312	ÐoÕn Ðài	5	16	0	-3300 800 -5500	1 0 0 0	46	47	48	49	-1	1	2	3	4	5	9000	11700	15200	19800	25700
1620	312	Tß¶ng thành	8	17	0	400 0 1000	1 0 0 0	1	1	1	1	-1	-1	-1	-1	-1	-1	0	0	0	0	0
1621	597	Huy®n nha	0	1	0	400 1200 -5600	1 0 0 0	72	73	74	75	-1	-1	-1	-1	-1	-1	20000	40000	80000	160000	320000
1622	597	ÐÕi kÏ	17	2	0	400 1200 -3600	1 0 0 0	1	1	1	1	-1	-1	-1	-1	-1	-1	0	0	0	0	0
1623	597	Võ Phß¶ng	11	4	0	3900 800 -5700	1 0 0 0	2	3	4	5	-1	6	7	8	9	10	9000	15300	26000	44200	75200
1624	597	Phòng Cø	4	5	0	5900 800 -5900	1 0 0 0	6	7	8	-1	-1	-1	-1	-1	-1	-1	0	0	15000	18000	21600
1625	597	Ti«n trang	3	6	0	5900 800 -4200	1 0 0 0	10	11	12	13	-1	89	17	35	53	71	10000	18000	32400	58300	105000
1626	597	Trß¶ng võ	15	7	0	5500 400 -200	1 0 0 0	14	15	16	17	-1	-1	-1	-1	-1	-1	9000	15300	26000	44200	75200
1627	597	M­ Thß½ng	7	8	0	3300 0 -1200	1 0 0 0	18	19	20	21	-1	-1	-1	-1	-1	-1	9000	11700	15200	19800	25700
1628	597	Thß vi®n	13	9	0	-2100 0 -1800	1 0 0 0	22	23	24	25	-1	-1	-1	-1	-1	-1	9000	11700	15200	19800	25700
1629	597	Y Xä	10	11	0	-4800 400 600	1 0 0 0	26	27	28	-1	-1	-1	11	12	13	-1	0	0	20000	26000	33800
1630	597	T§p Phß¶ng	9	12	0	-5700 400 -700	1 0 0 0	30	31	32	33	-1	-1	-1	-1	-1	-1	9000	11700	15200	19800	25700
1631	597	TØu quán	2	13	0	-5900 800 -2400	1 0 0 0	34	35	36	-1	-1	-1	14	15	16	-1	0	0	20000	26000	33800
1632	597	Sß½ng phòng	1	14	0	-5900 800 -3900	1 0 0 0	38	39	40	41	-1	-1	-1	-1	-1	-1	9000	9900	10900	12000	13200
1633	597	Võ Cø	6	15	0	-5300 800 -6000	1 0 0 0	42	43	44	-1	-1	-1	-1	-1	-1	-1	0	0	15000	18000	21600
1634	597	ÐoÕn Ðài	5	16	0	-3300 800 -5500	1 0 0 0	46	47	48	49	-1	1	2	3	4	5	9000	11700	15200	19800	25700
1635	597	Tß¶ng thành	8	17	0	400 0 1000	1 0 0 0	1	1	1	1	-1	-1	-1	-1	-1	-1	0	0	0	0	0
1636	598	Huy®n nha	0	1	0	400 1200 -5600	1 0 0 0	72	73	74	75	-1	-1	-1	-1	-1	-1	20000	40000	80000	160000	320000
1637	598	ÐÕi kÏ	17	2	0	400 1200 -3600	1 0 0 0	1	1	1	1	-1	-1	-1	-1	-1	-1	0	0	0	0	0
1638	598	Võ Phß¶ng	11	4	0	3900 800 -5700	1 0 0 0	2	3	4	5	-1	6	7	8	9	10	9000	15300	26000	44200	75200
1639	598	Phòng Cø	4	5	0	5900 800 -5900	1 0 0 0	6	7	8	-1	-1	-1	-1	-1	-1	-1	0	0	15000	18000	21600
1640	598	Ti«n trang	3	6	0	5900 800 -4200	1 0 0 0	10	11	12	13	-1	90	18	36	54	72	10000	18000	32400	58300	105000
1641	598	Trß¶ng võ	15	7	0	5500 400 -200	1 0 0 0	14	15	16	17	-1	-1	-1	-1	-1	-1	9000	15300	26000	44200	75200
1642	598	M­ Thß½ng	7	8	0	3300 0 -1200	1 0 0 0	18	19	20	21	-1	-1	-1	-1	-1	-1	9000	11700	15200	19800	25700
1643	598	Thß vi®n	13	9	0	-2100 0 -1800	1 0 0 0	22	23	24	25	-1	-1	-1	-1	-1	-1	9000	11700	15200	19800	25700
1644	598	Y Xä	10	11	0	-4800 400 600	1 0 0 0	26	27	28	-1	-1	-1	11	12	13	-1	0	0	20000	26000	33800
1645	598	T§p Phß¶ng	9	12	0	-5700 400 -700	1 0 0 0	30	31	32	33	-1	-1	-1	-1	-1	-1	9000	11700	15200	19800	25700
1646	598	TØu quán	2	13	0	-5900 800 -2400	1 0 0 0	34	35	36	-1	-1	-1	14	15	16	-1	0	0	20000	26000	33800
1647	598	Sß½ng phòng	1	14	0	-5900 800 -3900	1 0 0 0	38	39	40	41	-1	-1	-1	-1	-1	-1	9000	9900	10900	12000	13200
1648	598	Võ Cø	6	15	0	-5300 800 -6000	1 0 0 0	42	43	44	-1	-1	-1	-1	-1	-1	-1	0	0	15000	18000	21600
1649	598	ÐoÕn Ðài	5	16	0	-3300 800 -5500	1 0 0 0	46	47	48	49	-1	1	2	3	4	5	9000	11700	15200	19800	25700
1650	598	Tß¶ng thành	8	17	0	400 0 1000	1 0 0 0	1	1	1	1	-1	-1	-1	-1	-1	-1	0	0	0	0	0
1651	599	Huy®n nha	0	1	0	400 1200 -5600	1 0 0 0	72	73	74	75	-1	-1	-1	-1	-1	-1	20000	40000	80000	160000	320000
1652	599	ÐÕi kÏ	17	2	0	400 1200 -3600	1 0 0 0	1	1	1	1	-1	-1	-1	-1	-1	-1	0	0	0	0	0
1653	599	Võ Phß¶ng	11	4	0	3900 800 -5700	1 0 0 0	2	3	4	5	-1	6	7	8	9	10	9000	15300	26000	44200	75200
1654	599	Phòng Cø	4	5	0	5900 800 -5900	1 0 0 0	6	7	8	-1	-1	-1	-1	-1	-1	-1	0	0	15000	18000	21600
1655	599	Ti«n trang	3	6	0	5900 800 -4200	1 0 0 0	10	11	12	13	-1	91	19	37	55	73	10000	18000	32400	58300	105000
1656	599	Trß¶ng võ	15	7	0	5500 400 -200	1 0 0 0	14	15	16	17	-1	-1	-1	-1	-1	-1	9000	15300	26000	44200	75200
1657	599	M­ Thß½ng	7	8	0	3300 0 -1200	1 0 0 0	18	19	20	21	-1	-1	-1	-1	-1	-1	9000	11700	15200	19800	25700
1658	599	Thß vi®n	13	9	0	-2100 0 -1800	1 0 0 0	22	23	24	25	-1	-1	-1	-1	-1	-1	9000	11700	15200	19800	25700
1659	599	Y Xä	10	11	0	-4800 400 600	1 0 0 0	26	27	28	-1	-1	-1	11	12	13	-1	0	0	20000	26000	33800
1660	599	T§p Phß¶ng	9	12	0	-5700 400 -700	1 0 0 0	30	31	32	33	-1	-1	-1	-1	-1	-1	9000	11700	15200	19800	25700
1661	599	TØu quán	2	13	0	-5900 800 -2400	1 0 0 0	34	35	36	-1	-1	-1	14	15	16	-1	0	0	20000	26000	33800
1662	599	Sß½ng phòng	1	14	0	-5900 800 -3900	1 0 0 0	38	39	40	41	-1	-1	-1	-1	-1	-1	9000	9900	10900	12000	13200
1663	599	Võ Cø	6	15	0	-5300 800 -6000	1 0 0 0	42	43	44	-1	-1	-1	-1	-1	-1	-1	0	0	15000	18000	21600
1664	599	ÐoÕn Ðài	5	16	0	-3300 800 -5500	1 0 0 0	46	47	48	49	-1	1	2	3	4	5	9000	11700	15200	19800	25700
1665	599	Tß¶ng thành	8	17	0	400 0 1000	1 0 0 0	1	1	1	1	-1	-1	-1	-1	-1	-1	0	0	0	0	0
1666	600	Huy®n nha	0	1	0	400 1200 -5600	1 0 0 0	72	73	74	75	-1	-1	-1	-1	-1	-1	20000	40000	80000	160000	320000
1667	600	ÐÕi kÏ	17	2	0	400 1200 -3600	1 0 0 0	1	1	1	1	-1	-1	-1	-1	-1	-1	0	0	0	0	0
1668	600	Võ Phß¶ng	11	4	0	3900 800 -5700	1 0 0 0	2	3	4	5	-1	6	7	8	9	10	9000	15300	26000	44200	75200
1669	600	Phòng Cø	4	5	0	5900 800 -5900	1 0 0 0	6	7	8	-1	-1	-1	-1	-1	-1	-1	0	0	15000	18000	21600
1670	600	Ti«n trang	3	6	0	5900 800 -4200	1 0 0 0	10	11	12	13	-1	92	20	38	56	74	10000	18000	32400	58300	105000
1671	600	Trß¶ng võ	15	7	0	5500 400 -200	1 0 0 0	14	15	16	17	-1	-1	-1	-1	-1	-1	9000	15300	26000	44200	75200
1672	600	M­ Thß½ng	7	8	0	3300 0 -1200	1 0 0 0	18	19	20	21	-1	-1	-1	-1	-1	-1	9000	11700	15200	19800	25700
1673	600	Thß vi®n	13	9	0	-2100 0 -1800	1 0 0 0	22	23	24	25	-1	-1	-1	-1	-1	-1	9000	11700	15200	19800	25700
1674	600	Y Xä	10	11	0	-4800 400 600	1 0 0 0	26	27	28	-1	-1	-1	11	12	13	-1	0	0	20000	26000	33800
1675	600	T§p Phß¶ng	9	12	0	-5700 400 -700	1 0 0 0	30	31	32	33	-1	-1	-1	-1	-1	-1	9000	11700	15200	19800	25700
1676	600	TØu quán	2	13	0	-5900 800 -2400	1 0 0 0	34	35	36	-1	-1	-1	14	15	16	-1	0	0	20000	26000	33800
1677	600	Sß½ng phòng	1	14	0	-5900 800 -3900	1 0 0 0	38	39	40	41	-1	-1	-1	-1	-1	-1	9000	9900	10900	12000	13200
1678	600	Võ Cø	6	15	0	-5300 800 -6000	1 0 0 0	42	43	44	-1	-1	-1	-1	-1	-1	-1	0	0	15000	18000	21600
1679	600	ÐoÕn Ðài	5	16	0	-3300 800 -5500	1 0 0 0	46	47	48	49	-1	1	2	3	4	5	9000	11700	15200	19800	25700
1680	600	Tß¶ng thành	8	17	0	400 0 1000	1 0 0 0	1	1	1	1	-1	-1	-1	-1	-1	-1	0	0	0	0	0
1681	601	Huy®n nha	0	1	0	400 1200 -5600	1 0 0 0	72	73	74	75	-1	-1	-1	-1	-1	-1	20000	40000	80000	160000	320000
1682	601	ÐÕi kÏ	17	2	0	400 1200 -3600	1 0 0 0	1	1	1	1	-1	-1	-1	-1	-1	-1	0	0	0	0	0
1683	601	Võ Phß¶ng	11	4	0	3900 800 -5700	1 0 0 0	2	3	4	5	-1	6	7	8	9	10	9000	15300	26000	44200	75200
1684	601	Phòng Cø	4	5	0	5900 800 -5900	1 0 0 0	6	7	8	-1	-1	-1	-1	-1	-1	-1	0	0	15000	18000	21600
1685	601	Ti«n trang	3	6	0	5900 800 -4200	1 0 0 0	10	11	12	13	-1	93	21	39	57	75	10000	18000	32400	58300	105000
1686	601	Trß¶ng võ	15	7	0	5500 400 -200	1 0 0 0	14	15	16	17	-1	-1	-1	-1	-1	-1	9000	15300	26000	44200	75200
1687	601	M­ Thß½ng	7	8	0	3300 0 -1200	1 0 0 0	18	19	20	21	-1	-1	-1	-1	-1	-1	9000	11700	15200	19800	25700
1688	601	Thß vi®n	13	9	0	-2100 0 -1800	1 0 0 0	22	23	24	25	-1	-1	-1	-1	-1	-1	9000	11700	15200	19800	25700
1689	601	Y Xä	10	11	0	-4800 400 600	1 0 0 0	26	27	28	-1	-1	-1	11	12	13	-1	0	0	20000	26000	33800
1690	601	T§p Phß¶ng	9	12	0	-5700 400 -700	1 0 0 0	30	31	32	33	-1	-1	-1	-1	-1	-1	9000	11700	15200	19800	25700
1691	601	TØu quán	2	13	0	-5900 800 -2400	1 0 0 0	34	35	36	-1	-1	-1	14	15	16	-1	0	0	20000	26000	33800
1692	601	Sß½ng phòng	1	14	0	-5900 800 -3900	1 0 0 0	38	39	40	41	-1	-1	-1	-1	-1	-1	9000	9900	10900	12000	13200
1693	601	Võ Cø	6	15	0	-5300 800 -6000	1 0 0 0	42	43	44	-1	-1	-1	-1	-1	-1	-1	0	0	15000	18000	21600
1694	601	ÐoÕn Ðài	5	16	0	-3300 800 -5500	1 0 0 0	46	47	48	49	-1	1	2	3	4	5	9000	11700	15200	19800	25700
1695	601	Tß¶ng thành	8	17	0	400 0 1000	1 0 0 0	1	1	1	1	-1	-1	-1	-1	-1	-1	0	0	0	0	0
1696	602	Huy®n nha	0	1	0	400 1200 -5600	1 0 0 0	72	73	74	75	-1	-1	-1	-1	-1	-1	20000	40000	80000	160000	320000
1697	602	ÐÕi kÏ	17	2	0	400 1200 -3600	1 0 0 0	1	1	1	1	-1	-1	-1	-1	-1	-1	0	0	0	0	0
1698	602	Võ Phß¶ng	11	4	0	3900 800 -5700	1 0 0 0	2	3	4	5	-1	6	7	8	9	10	9000	15300	26000	44200	75200
1699	602	Phòng Cø	4	5	0	5900 800 -5900	1 0 0 0	6	7	8	-1	-1	-1	-1	-1	-1	-1	0	0	15000	18000	21600
1700	602	Ti«n trang	3	6	0	5900 800 -4200	1 0 0 0	10	11	12	13	-1	94	22	40	58	76	10000	18000	32400	58300	105000
1701	602	Trß¶ng võ	15	7	0	5500 400 -200	1 0 0 0	14	15	16	17	-1	-1	-1	-1	-1	-1	9000	15300	26000	44200	75200
1702	602	M­ Thß½ng	7	8	0	3300 0 -1200	1 0 0 0	18	19	20	21	-1	-1	-1	-1	-1	-1	9000	11700	15200	19800	25700
1703	602	Thß vi®n	13	9	0	-2100 0 -1800	1 0 0 0	22	23	24	25	-1	-1	-1	-1	-1	-1	9000	11700	15200	19800	25700
1704	602	Y Xä	10	11	0	-4800 400 600	1 0 0 0	26	27	28	-1	-1	-1	11	12	13	-1	0	0	20000	26000	33800
1705	602	T§p Phß¶ng	9	12	0	-5700 400 -700	1 0 0 0	30	31	32	33	-1	-1	-1	-1	-1	-1	9000	11700	15200	19800	25700
1706	602	TØu quán	2	13	0	-5900 800 -2400	1 0 0 0	34	35	36	-1	-1	-1	14	15	16	-1	0	0	20000	26000	33800
1707	602	Sß½ng phòng	1	14	0	-5900 800 -3900	1 0 0 0	38	39	40	41	-1	-1	-1	-1	-1	-1	9000	9900	10900	12000	13200
1708	602	Võ Cø	6	15	0	-5300 800 -6000	1 0 0 0	42	43	44	-1	-1	-1	-1	-1	-1	-1	0	0	15000	18000	21600
1709	602	ÐoÕn Ðài	5	16	0	-3300 800 -5500	1 0 0 0	46	47	48	49	-1	1	2	3	4	5	9000	11700	15200	19800	25700
1710	602	Tß¶ng thành	8	17	0	400 0 1000	1 0 0 0	1	1	1	1	-1	-1	-1	-1	-1	-1	0	0	0	0	0
1711	603	Huy®n nha	0	1	0	400 1200 -5600	1 0 0 0	72	73	74	75	-1	-1	-1	-1	-1	-1	20000	40000	80000	160000	320000
1712	603	ÐÕi kÏ	17	2	0	400 1200 -3600	1 0 0 0	1	1	1	1	-1	-1	-1	-1	-1	-1	0	0	0	0	0
1713	603	Võ Phß¶ng	11	4	0	3900 800 -5700	1 0 0 0	2	3	4	5	-1	6	7	8	9	10	9000	15300	26000	44200	75200
1714	603	Phòng Cø	4	5	0	5900 800 -5900	1 0 0 0	6	7	8	-1	-1	-1	-1	-1	-1	-1	0	0	15000	18000	21600
1715	603	Ti«n trang	3	6	0	5900 800 -4200	1 0 0 0	10	11	12	13	-1	95	23	41	59	77	10000	18000	32400	58300	105000
1716	603	Trß¶ng võ	15	7	0	5500 400 -200	1 0 0 0	14	15	16	17	-1	-1	-1	-1	-1	-1	9000	15300	26000	44200	75200
1717	603	M­ Thß½ng	7	8	0	3300 0 -1200	1 0 0 0	18	19	20	21	-1	-1	-1	-1	-1	-1	9000	11700	15200	19800	25700
1718	603	Thß vi®n	13	9	0	-2100 0 -1800	1 0 0 0	22	23	24	25	-1	-1	-1	-1	-1	-1	9000	11700	15200	19800	25700
1719	603	Y Xä	10	11	0	-4800 400 600	1 0 0 0	26	27	28	-1	-1	-1	11	12	13	-1	0	0	20000	26000	33800
1720	603	T§p Phß¶ng	9	12	0	-5700 400 -700	1 0 0 0	30	31	32	33	-1	-1	-1	-1	-1	-1	9000	11700	15200	19800	25700
1721	603	TØu quán	2	13	0	-5900 800 -2400	1 0 0 0	34	35	36	-1	-1	-1	14	15	16	-1	0	0	20000	26000	33800
1722	603	Sß½ng phòng	1	14	0	-5900 800 -3900	1 0 0 0	38	39	40	41	-1	-1	-1	-1	-1	-1	9000	9900	10900	12000	13200
1723	603	Võ Cø	6	15	0	-5300 800 -6000	1 0 0 0	42	43	44	-1	-1	-1	-1	-1	-1	-1	0	0	15000	18000	21600
1724	603	ÐoÕn Ðài	5	16	0	-3300 800 -5500	1 0 0 0	46	47	48	49	-1	1	2	3	4	5	9000	11700	15200	19800	25700
1725	603	Tß¶ng thành	8	17	0	400 0 1000	1 0 0 0	1	1	1	1	-1	-1	-1	-1	-1	-1	0	0	0	0	0
1726	604	Huy®n nha	0	1	0	400 1200 -5600	1 0 0 0	72	73	74	75	-1	-1	-1	-1	-1	-1	20000	40000	80000	160000	320000
1727	604	ÐÕi kÏ	17	2	0	400 1200 -3600	1 0 0 0	1	1	1	1	-1	-1	-1	-1	-1	-1	0	0	0	0	0
1728	604	Võ Phß¶ng	11	4	0	3900 800 -5700	1 0 0 0	2	3	4	5	-1	6	7	8	9	10	9000	15300	26000	44200	75200
1729	604	Phòng Cø	4	5	0	5900 800 -5900	1 0 0 0	6	7	8	-1	-1	-1	-1	-1	-1	-1	0	0	15000	18000	21600
1730	604	Ti«n trang	3	6	0	5900 800 -4200	1 0 0 0	10	11	12	13	-1	96	24	42	60	78	10000	18000	32400	58300	105000
1731	604	Trß¶ng võ	15	7	0	5500 400 -200	1 0 0 0	14	15	16	17	-1	-1	-1	-1	-1	-1	9000	15300	26000	44200	75200
1732	604	M­ Thß½ng	7	8	0	3300 0 -1200	1 0 0 0	18	19	20	21	-1	-1	-1	-1	-1	-1	9000	11700	15200	19800	25700
1733	604	Thß vi®n	13	9	0	-2100 0 -1800	1 0 0 0	22	23	24	25	-1	-1	-1	-1	-1	-1	9000	11700	15200	19800	25700
1734	604	Y Xä	10	11	0	-4800 400 600	1 0 0 0	26	27	28	-1	-1	-1	11	12	13	-1	0	0	20000	26000	33800
1735	604	T§p Phß¶ng	9	12	0	-5700 400 -700	1 0 0 0	30	31	32	33	-1	-1	-1	-1	-1	-1	9000	11700	15200	19800	25700
1736	604	TØu quán	2	13	0	-5900 800 -2400	1 0 0 0	34	35	36	-1	-1	-1	14	15	16	-1	0	0	20000	26000	33800
1737	604	Sß½ng phòng	1	14	0	-5900 800 -3900	1 0 0 0	38	39	40	41	-1	-1	-1	-1	-1	-1	9000	9900	10900	12000	13200
1738	604	Võ Cø	6	15	0	-5300 800 -6000	1 0 0 0	42	43	44	-1	-1	-1	-1	-1	-1	-1	0	0	15000	18000	21600
1739	604	ÐoÕn Ðài	5	16	0	-3300 800 -5500	1 0 0 0	46	47	48	49	-1	1	2	3	4	5	9000	11700	15200	19800	25700
1740	604	Tß¶ng thành	8	17	0	400 0 1000	1 0 0 0	1	1	1	1	-1	-1	-1	-1	-1	-1	0	0	0	0	0
1741	605	Huy®n nha	0	1	0	400 1200 -5600	1 0 0 0	72	73	74	75	-1	-1	-1	-1	-1	-1	20000	40000	80000	160000	320000
1742	605	ÐÕi kÏ	17	2	0	400 1200 -3600	1 0 0 0	1	1	1	1	-1	-1	-1	-1	-1	-1	0	0	0	0	0
1743	605	Võ Phß¶ng	11	4	0	3900 800 -5700	1 0 0 0	2	3	4	5	-1	6	7	8	9	10	9000	15300	26000	44200	75200
1744	605	Phòng Cø	4	5	0	5900 800 -5900	1 0 0 0	6	7	8	-1	-1	-1	-1	-1	-1	-1	0	0	15000	18000	21600
1745	605	Ti«n trang	3	6	0	5900 800 -4200	1 0 0 0	10	11	12	13	-1	97	25	43	61	79	10000	18000	32400	58300	105000
1746	605	Trß¶ng võ	15	7	0	5500 400 -200	1 0 0 0	14	15	16	17	-1	-1	-1	-1	-1	-1	9000	15300	26000	44200	75200
1747	605	M­ Thß½ng	7	8	0	3300 0 -1200	1 0 0 0	18	19	20	21	-1	-1	-1	-1	-1	-1	9000	11700	15200	19800	25700
1748	605	Thß vi®n	13	9	0	-2100 0 -1800	1 0 0 0	22	23	24	25	-1	-1	-1	-1	-1	-1	9000	11700	15200	19800	25700
1749	605	Y Xä	10	11	0	-4800 400 600	1 0 0 0	26	27	28	-1	-1	-1	11	12	13	-1	0	0	20000	26000	33800
1750	605	T§p Phß¶ng	9	12	0	-5700 400 -700	1 0 0 0	30	31	32	33	-1	-1	-1	-1	-1	-1	9000	11700	15200	19800	25700
1751	605	TØu quán	2	13	0	-5900 800 -2400	1 0 0 0	34	35	36	-1	-1	-1	14	15	16	-1	0	0	20000	26000	33800
1752	605	Sß½ng phòng	1	14	0	-5900 800 -3900	1 0 0 0	38	39	40	41	-1	-1	-1	-1	-1	-1	9000	9900	10900	12000	13200
1753	605	Võ Cø	6	15	0	-5300 800 -6000	1 0 0 0	42	43	44	-1	-1	-1	-1	-1	-1	-1	0	0	15000	18000	21600
1754	605	ÐoÕn Ðài	5	16	0	-3300 800 -5500	1 0 0 0	46	47	48	49	-1	1	2	3	4	5	9000	11700	15200	19800	25700
1755	605	Tß¶ng thành	8	17	0	400 0 1000	1 0 0 0	1	1	1	1	-1	-1	-1	-1	-1	-1	0	0	0	0	0
1756	606	Huy®n nha	0	1	0	400 1200 -5600	1 0 0 0	72	73	74	75	-1	-1	-1	-1	-1	-1	20000	40000	80000	160000	320000
1757	606	ÐÕi kÏ	17	2	0	400 1200 -3600	1 0 0 0	1	1	1	1	-1	-1	-1	-1	-1	-1	0	0	0	0	0
1758	606	Võ Phß¶ng	11	4	0	3900 800 -5700	1 0 0 0	2	3	4	5	-1	6	7	8	9	10	9000	15300	26000	44200	75200
1759	606	Phòng Cø	4	5	0	5900 800 -5900	1 0 0 0	6	7	8	-1	-1	-1	-1	-1	-1	-1	0	0	15000	18000	21600
1760	606	Ti«n trang	3	6	0	5900 800 -4200	1 0 0 0	10	11	12	13	-1	98	26	44	62	80	10000	18000	32400	58300	105000
1761	606	Trß¶ng võ	15	7	0	5500 400 -200	1 0 0 0	14	15	16	17	-1	-1	-1	-1	-1	-1	9000	15300	26000	44200	75200
1762	606	M­ Thß½ng	7	8	0	3300 0 -1200	1 0 0 0	18	19	20	21	-1	-1	-1	-1	-1	-1	9000	11700	15200	19800	25700
1763	606	Thß vi®n	13	9	0	-2100 0 -1800	1 0 0 0	22	23	24	25	-1	-1	-1	-1	-1	-1	9000	11700	15200	19800	25700
1764	606	Y Xä	10	11	0	-4800 400 600	1 0 0 0	26	27	28	-1	-1	-1	11	12	13	-1	0	0	20000	26000	33800
1765	606	T§p Phß¶ng	9	12	0	-5700 400 -700	1 0 0 0	30	31	32	33	-1	-1	-1	-1	-1	-1	9000	11700	15200	19800	25700
1766	606	TØu quán	2	13	0	-5900 800 -2400	1 0 0 0	34	35	36	-1	-1	-1	14	15	16	-1	0	0	20000	26000	33800
1767	606	Sß½ng phòng	1	14	0	-5900 800 -3900	1 0 0 0	38	39	40	41	-1	-1	-1	-1	-1	-1	9000	9900	10900	12000	13200
1768	606	Võ Cø	6	15	0	-5300 800 -6000	1 0 0 0	42	43	44	-1	-1	-1	-1	-1	-1	-1	0	0	15000	18000	21600
1769	606	ÐoÕn Ðài	5	16	0	-3300 800 -5500	1 0 0 0	46	47	48	49	-1	1	2	3	4	5	9000	11700	15200	19800	25700
1770	606	Tß¶ng thành	8	17	0	400 0 1000	1 0 0 0	1	1	1	1	-1	-1	-1	-1	-1	-1	0	0	0	0	0
1771	607	Huy®n nha	0	1	0	400 1200 -5600	1 0 0 0	72	73	74	75	-1	-1	-1	-1	-1	-1	20000	40000	80000	160000	320000
1772	607	ÐÕi kÏ	17	2	0	400 1200 -3600	1 0 0 0	1	1	1	1	-1	-1	-1	-1	-1	-1	0	0	0	0	0
1773	607	Võ Phß¶ng	11	4	0	3900 800 -5700	1 0 0 0	2	3	4	5	-1	6	7	8	9	10	9000	15300	26000	44200	75200
1774	607	Phòng Cø	4	5	0	5900 800 -5900	1 0 0 0	6	7	8	-1	-1	-1	-1	-1	-1	-1	0	0	15000	18000	21600
1775	607	Ti«n trang	3	6	0	5900 800 -4200	1 0 0 0	10	11	12	13	-1	99	27	45	63	81	10000	18000	32400	58300	105000
1776	607	Trß¶ng võ	15	7	0	5500 400 -200	1 0 0 0	14	15	16	17	-1	-1	-1	-1	-1	-1	9000	15300	26000	44200	75200
1777	607	M­ Thß½ng	7	8	0	3300 0 -1200	1 0 0 0	18	19	20	21	-1	-1	-1	-1	-1	-1	9000	11700	15200	19800	25700
1778	607	Thß vi®n	13	9	0	-2100 0 -1800	1 0 0 0	22	23	24	25	-1	-1	-1	-1	-1	-1	9000	11700	15200	19800	25700
1779	607	Y Xä	10	11	0	-4800 400 600	1 0 0 0	26	27	28	-1	-1	-1	11	12	13	-1	0	0	20000	26000	33800
1780	607	T§p Phß¶ng	9	12	0	-5700 400 -700	1 0 0 0	30	31	32	33	-1	-1	-1	-1	-1	-1	9000	11700	15200	19800	25700
1781	607	TØu quán	2	13	0	-5900 800 -2400	1 0 0 0	34	35	36	-1	-1	-1	14	15	16	-1	0	0	20000	26000	33800
1782	607	Sß½ng phòng	1	14	0	-5900 800 -3900	1 0 0 0	38	39	40	41	-1	-1	-1	-1	-1	-1	9000	9900	10900	12000	13200
1783	607	Võ Cø	6	15	0	-5300 800 -6000	1 0 0 0	42	43	44	-1	-1	-1	-1	-1	-1	-1	0	0	15000	18000	21600
1784	607	ÐoÕn Ðài	5	16	0	-3300 800 -5500	1 0 0 0	46	47	48	49	-1	1	2	3	4	5	9000	11700	15200	19800	25700
1785	607	Tß¶ng thành	8	17	0	400 0 1000	1 0 0 0	1	1	1	1	-1	-1	-1	-1	-1	-1	0	0	0	0	0
1786	608	Huy®n nha	0	1	0	400 1200 -5600	1 0 0 0	72	73	74	75	-1	-1	-1	-1	-1	-1	20000	40000	80000	160000	320000
1787	608	ÐÕi kÏ	17	2	0	400 1200 -3600	1 0 0 0	1	1	1	1	-1	-1	-1	-1	-1	-1	0	0	0	0	0
1788	608	Võ Phß¶ng	11	4	0	3900 800 -5700	1 0 0 0	2	3	4	5	-1	6	7	8	9	10	9000	15300	26000	44200	75200
1789	608	Phòng Cø	4	5	0	5900 800 -5900	1 0 0 0	6	7	8	-1	-1	-1	-1	-1	-1	-1	0	0	15000	18000	21600
1790	608	Ti«n trang	3	6	0	5900 800 -4200	1 0 0 0	10	11	12	13	-1	100	28	46	64	82	10000	18000	32400	58300	105000
1791	608	Trß¶ng võ	15	7	0	5500 400 -200	1 0 0 0	14	15	16	17	-1	-1	-1	-1	-1	-1	9000	15300	26000	44200	75200
1792	608	M­ Thß½ng	7	8	0	3300 0 -1200	1 0 0 0	18	19	20	21	-1	-1	-1	-1	-1	-1	9000	11700	15200	19800	25700
1793	608	Thß vi®n	13	9	0	-2100 0 -1800	1 0 0 0	22	23	24	25	-1	-1	-1	-1	-1	-1	9000	11700	15200	19800	25700
1794	608	Y Xä	10	11	0	-4800 400 600	1 0 0 0	26	27	28	-1	-1	-1	11	12	13	-1	0	0	20000	26000	33800
1795	608	T§p Phß¶ng	9	12	0	-5700 400 -700	1 0 0 0	30	31	32	33	-1	-1	-1	-1	-1	-1	9000	11700	15200	19800	25700
1796	608	TØu quán	2	13	0	-5900 800 -2400	1 0 0 0	34	35	36	-1	-1	-1	14	15	16	-1	0	0	20000	26000	33800
1797	608	Sß½ng phòng	1	14	0	-5900 800 -3900	1 0 0 0	38	39	40	41	-1	-1	-1	-1	-1	-1	9000	9900	10900	12000	13200
1798	608	Võ Cø	6	15	0	-5300 800 -6000	1 0 0 0	42	43	44	-1	-1	-1	-1	-1	-1	-1	0	0	15000	18000	21600
1799	608	ÐoÕn Ðài	5	16	0	-3300 800 -5500	1 0 0 0	46	47	48	49	-1	1	2	3	4	5	9000	11700	15200	19800	25700
1800	608	Tß¶ng thành	8	17	0	400 0 1000	1 0 0 0	1	1	1	1	-1	-1	-1	-1	-1	-1	0	0	0	0	0
1801	609	Huy®n nha	0	1	0	400 1200 -5600	1 0 0 0	72	73	74	75	-1	-1	-1	-1	-1	-1	20000	40000	80000	160000	320000
1802	609	ÐÕi kÏ	17	2	0	400 1200 -3600	1 0 0 0	1	1	1	1	-1	-1	-1	-1	-1	-1	0	0	0	0	0
1803	609	Võ Phß¶ng	11	4	0	3900 800 -5700	1 0 0 0	2	3	4	5	-1	6	7	8	9	10	9000	15300	26000	44200	75200
1804	609	Phòng Cø	4	5	0	5900 800 -5900	1 0 0 0	6	7	8	-1	-1	-1	-1	-1	-1	-1	0	0	15000	18000	21600
1805	609	Ti«n trang	3	6	0	5900 800 -4200	1 0 0 0	10	11	12	13	-1	101	29	47	65	83	10000	18000	32400	58300	105000
1806	609	Trß¶ng võ	15	7	0	5500 400 -200	1 0 0 0	14	15	16	17	-1	-1	-1	-1	-1	-1	9000	15300	26000	44200	75200
1807	609	M­ Thß½ng	7	8	0	3300 0 -1200	1 0 0 0	18	19	20	21	-1	-1	-1	-1	-1	-1	9000	11700	15200	19800	25700
1808	609	Thß vi®n	13	9	0	-2100 0 -1800	1 0 0 0	22	23	24	25	-1	-1	-1	-1	-1	-1	9000	11700	15200	19800	25700
1809	609	Y Xä	10	11	0	-4800 400 600	1 0 0 0	26	27	28	-1	-1	-1	11	12	13	-1	0	0	20000	26000	33800
1810	609	T§p Phß¶ng	9	12	0	-5700 400 -700	1 0 0 0	30	31	32	33	-1	-1	-1	-1	-1	-1	9000	11700	15200	19800	25700
1811	609	TØu quán	2	13	0	-5900 800 -2400	1 0 0 0	34	35	36	-1	-1	-1	14	15	16	-1	0	0	20000	26000	33800
1812	609	Sß½ng phòng	1	14	0	-5900 800 -3900	1 0 0 0	38	39	40	41	-1	-1	-1	-1	-1	-1	9000	9900	10900	12000	13200
1813	609	Võ Cø	6	15	0	-5300 800 -6000	1 0 0 0	42	43	44	-1	-1	-1	-1	-1	-1	-1	0	0	15000	18000	21600
1814	609	ÐoÕn Ðài	5	16	0	-3300 800 -5500	1 0 0 0	46	47	48	49	-1	1	2	3	4	5	9000	11700	15200	19800	25700
1815	609	Tß¶ng thành	8	17	0	400 0 1000	1 0 0 0	1	1	1	1	-1	-1	-1	-1	-1	-1	0	0	0	0	0
1816	610	Huy®n nha	0	1	0	400 1200 -5600	1 0 0 0	72	73	74	75	-1	-1	-1	-1	-1	-1	20000	40000	80000	160000	320000
1817	610	ÐÕi kÏ	17	2	0	400 1200 -3600	1 0 0 0	1	1	1	1	-1	-1	-1	-1	-1	-1	0	0	0	0	0
1818	610	Võ Phß¶ng	11	4	0	3900 800 -5700	1 0 0 0	2	3	4	5	-1	6	7	8	9	10	9000	15300	26000	44200	75200
1819	610	Phòng Cø	4	5	0	5900 800 -5900	1 0 0 0	6	7	8	-1	-1	-1	-1	-1	-1	-1	0	0	15000	18000	21600
1820	610	Ti«n trang	3	6	0	5900 800 -4200	1 0 0 0	10	11	12	13	-1	102	30	48	66	84	10000	18000	32400	58300	105000
1821	610	Trß¶ng võ	15	7	0	5500 400 -200	1 0 0 0	14	15	16	17	-1	-1	-1	-1	-1	-1	9000	15300	26000	44200	75200
1822	610	M­ Thß½ng	7	8	0	3300 0 -1200	1 0 0 0	18	19	20	21	-1	-1	-1	-1	-1	-1	9000	11700	15200	19800	25700
1823	610	Thß vi®n	13	9	0	-2100 0 -1800	1 0 0 0	22	23	24	25	-1	-1	-1	-1	-1	-1	9000	11700	15200	19800	25700
1824	610	Y Xä	10	11	0	-4800 400 600	1 0 0 0	26	27	28	-1	-1	-1	11	12	13	-1	0	0	20000	26000	33800
1825	610	T§p Phß¶ng	9	12	0	-5700 400 -700	1 0 0 0	30	31	32	33	-1	-1	-1	-1	-1	-1	9000	11700	15200	19800	25700
1826	610	TØu quán	2	13	0	-5900 800 -2400	1 0 0 0	34	35	36	-1	-1	-1	14	15	16	-1	0	0	20000	26000	33800
1827	610	Sß½ng phòng	1	14	0	-5900 800 -3900	1 0 0 0	38	39	40	41	-1	-1	-1	-1	-1	-1	9000	9900	10900	12000	13200
1828	610	Võ Cø	6	15	0	-5300 800 -6000	1 0 0 0	42	43	44	-1	-1	-1	-1	-1	-1	-1	0	0	15000	18000	21600
1829	610	ÐoÕn Ðài	5	16	0	-3300 800 -5500	1 0 0 0	46	47	48	49	-1	1	2	3	4	5	9000	11700	15200	19800	25700
1830	610	Tß¶ng thành	8	17	0	400 0 1000	1 0 0 0	1	1	1	1	-1	-1	-1	-1	-1	-1	0	0	0	0	0
1831	611	Huy®n nha	0	1	0	400 1200 -5600	1 0 0 0	72	73	74	75	-1	-1	-1	-1	-1	-1	20000	40000	80000	160000	320000
1832	611	ÐÕi kÏ	17	2	0	400 1200 -3600	1 0 0 0	1	1	1	1	-1	-1	-1	-1	-1	-1	0	0	0	0	0
1833	611	Võ Phß¶ng	11	4	0	3900 800 -5700	1 0 0 0	2	3	4	5	-1	6	7	8	9	10	9000	15300	26000	44200	75200
1834	611	Phòng Cø	4	5	0	5900 800 -5900	1 0 0 0	6	7	8	-1	-1	-1	-1	-1	-1	-1	0	0	15000	18000	21600
1835	611	Ti«n trang	3	6	0	5900 800 -4200	1 0 0 0	10	11	12	13	-1	103	31	49	67	85	10000	18000	32400	58300	105000
1836	611	Trß¶ng võ	15	7	0	5500 400 -200	1 0 0 0	14	15	16	17	-1	-1	-1	-1	-1	-1	9000	15300	26000	44200	75200
1837	611	M­ Thß½ng	7	8	0	3300 0 -1200	1 0 0 0	18	19	20	21	-1	-1	-1	-1	-1	-1	9000	11700	15200	19800	25700
1838	611	Thß vi®n	13	9	0	-2100 0 -1800	1 0 0 0	22	23	24	25	-1	-1	-1	-1	-1	-1	9000	11700	15200	19800	25700
1839	611	Y Xä	10	11	0	-4800 400 600	1 0 0 0	26	27	28	-1	-1	-1	11	12	13	-1	0	0	20000	26000	33800
1840	611	T§p Phß¶ng	9	12	0	-5700 400 -700	1 0 0 0	30	31	32	33	-1	-1	-1	-1	-1	-1	9000	11700	15200	19800	25700
1841	611	TØu quán	2	13	0	-5900 800 -2400	1 0 0 0	34	35	36	-1	-1	-1	14	15	16	-1	0	0	20000	26000	33800
1842	611	Sß½ng phòng	1	14	0	-5900 800 -3900	1 0 0 0	38	39	40	41	-1	-1	-1	-1	-1	-1	9000	9900	10900	12000	13200
1843	611	Võ Cø	6	15	0	-5300 800 -6000	1 0 0 0	42	43	44	-1	-1	-1	-1	-1	-1	-1	0	0	15000	18000	21600
1844	611	ÐoÕn Ðài	5	16	0	-3300 800 -5500	1 0 0 0	46	47	48	49	-1	1	2	3	4	5	9000	11700	15200	19800	25700
1845	611	Tß¶ng thành	8	17	0	400 0 1000	1 0 0 0	1	1	1	1	-1	-1	-1	-1	-1	-1	0	0	0	0	0
1846	612	Huy®n nha	0	1	0	400 1200 -5600	1 0 0 0	72	73	74	75	-1	-1	-1	-1	-1	-1	20000	40000	80000	160000	320000
1847	612	ÐÕi kÏ	17	2	0	400 1200 -3600	1 0 0 0	1	1	1	1	-1	-1	-1	-1	-1	-1	0	0	0	0	0
1848	612	Võ Phß¶ng	11	4	0	3900 800 -5700	1 0 0 0	2	3	4	5	-1	6	7	8	9	10	9000	15300	26000	44200	75200
1849	612	Phòng Cø	4	5	0	5900 800 -5900	1 0 0 0	6	7	8	-1	-1	-1	-1	-1	-1	-1	0	0	15000	18000	21600
1850	612	Ti«n trang	3	6	0	5900 800 -4200	1 0 0 0	10	11	12	13	-1	104	32	50	68	86	10000	18000	32400	58300	105000
1851	612	Trß¶ng võ	15	7	0	5500 400 -200	1 0 0 0	14	15	16	17	-1	-1	-1	-1	-1	-1	9000	15300	26000	44200	75200
1852	612	M­ Thß½ng	7	8	0	3300 0 -1200	1 0 0 0	18	19	20	21	-1	-1	-1	-1	-1	-1	9000	11700	15200	19800	25700
1853	612	Thß vi®n	13	9	0	-2100 0 -1800	1 0 0 0	22	23	24	25	-1	-1	-1	-1	-1	-1	9000	11700	15200	19800	25700
1854	612	Y Xä	10	11	0	-4800 400 600	1 0 0 0	26	27	28	-1	-1	-1	11	12	13	-1	0	0	20000	26000	33800
1855	612	T§p Phß¶ng	9	12	0	-5700 400 -700	1 0 0 0	30	31	32	33	-1	-1	-1	-1	-1	-1	9000	11700	15200	19800	25700
1856	612	TØu quán	2	13	0	-5900 800 -2400	1 0 0 0	34	35	36	-1	-1	-1	14	15	16	-1	0	0	20000	26000	33800
1857	612	Sß½ng phòng	1	14	0	-5900 800 -3900	1 0 0 0	38	39	40	41	-1	-1	-1	-1	-1	-1	9000	9900	10900	12000	13200
1858	612	Võ Cø	6	15	0	-5300 800 -6000	1 0 0 0	42	43	44	-1	-1	-1	-1	-1	-1	-1	0	0	15000	18000	21600
1859	612	ÐoÕn Ðài	5	16	0	-3300 800 -5500	1 0 0 0	46	47	48	49	-1	1	2	3	4	5	9000	11700	15200	19800	25700
1860	612	Tß¶ng thành	8	17	0	400 0 1000	1 0 0 0	1	1	1	1	-1	-1	-1	-1	-1	-1	0	0	0	0	0
1861	613	Huy®n nha	0	1	0	400 1200 -5600	1 0 0 0	72	73	74	75	-1	-1	-1	-1	-1	-1	20000	40000	80000	160000	320000
1862	613	ÐÕi kÏ	17	2	0	400 1200 -3600	1 0 0 0	1	1	1	1	-1	-1	-1	-1	-1	-1	0	0	0	0	0
1863	613	Võ Phß¶ng	11	4	0	3900 800 -5700	1 0 0 0	2	3	4	5	-1	6	7	8	9	10	9000	15300	26000	44200	75200
1864	613	Phòng Cø	4	5	0	5900 800 -5900	1 0 0 0	6	7	8	-1	-1	-1	-1	-1	-1	-1	0	0	15000	18000	21600
1865	613	Ti«n trang	3	6	0	5900 800 -4200	1 0 0 0	10	11	12	13	-1	105	33	51	69	87	10000	18000	32400	58300	105000
1866	613	Trß¶ng võ	15	7	0	5500 400 -200	1 0 0 0	14	15	16	17	-1	-1	-1	-1	-1	-1	9000	15300	26000	44200	75200
1867	613	M­ Thß½ng	7	8	0	3300 0 -1200	1 0 0 0	18	19	20	21	-1	-1	-1	-1	-1	-1	9000	11700	15200	19800	25700
1868	613	Thß vi®n	13	9	0	-2100 0 -1800	1 0 0 0	22	23	24	25	-1	-1	-1	-1	-1	-1	9000	11700	15200	19800	25700
1869	613	Y Xä	10	11	0	-4800 400 600	1 0 0 0	26	27	28	-1	-1	-1	11	12	13	-1	0	0	20000	26000	33800
1870	613	T§p Phß¶ng	9	12	0	-5700 400 -700	1 0 0 0	30	31	32	33	-1	-1	-1	-1	-1	-1	9000	11700	15200	19800	25700
1871	613	TØu quán	2	13	0	-5900 800 -2400	1 0 0 0	34	35	36	-1	-1	-1	14	15	16	-1	0	0	20000	26000	33800
1872	613	Sß½ng phòng	1	14	0	-5900 800 -3900	1 0 0 0	38	39	40	41	-1	-1	-1	-1	-1	-1	9000	9900	10900	12000	13200
1873	613	Võ Cø	6	15	0	-5300 800 -6000	1 0 0 0	42	43	44	-1	-1	-1	-1	-1	-1	-1	0	0	15000	18000	21600
1874	613	ÐoÕn Ðài	5	16	0	-3300 800 -5500	1 0 0 0	46	47	48	49	-1	1	2	3	4	5	9000	11700	15200	19800	25700
1875	613	Tß¶ng thành	8	17	0	400 0 1000	1 0 0 0	1	1	1	1	-1	-1	-1	-1	-1	-1	0	0	0	0	0
1876	614	Huy®n nha	0	1	0	400 1200 -5600	1 0 0 0	72	73	74	75	-1	-1	-1	-1	-1	-1	20000	40000	80000	160000	320000
1877	614	ÐÕi kÏ	17	2	0	400 1200 -3600	1 0 0 0	1	1	1	1	-1	-1	-1	-1	-1	-1	0	0	0	0	0
1878	614	Võ Phß¶ng	11	4	0	3900 800 -5700	1 0 0 0	2	3	4	5	-1	6	7	8	9	10	9000	15300	26000	44200	75200
1879	614	Phòng Cø	4	5	0	5900 800 -5900	1 0 0 0	6	7	8	-1	-1	-1	-1	-1	-1	-1	0	0	15000	18000	21600
1880	614	Ti«n trang	3	6	0	5900 800 -4200	1 0 0 0	10	11	12	13	-1	106	34	52	70	88	10000	18000	32400	58300	105000
1881	614	Trß¶ng võ	15	7	0	5500 400 -200	1 0 0 0	14	15	16	17	-1	-1	-1	-1	-1	-1	9000	15300	26000	44200	75200
1882	614	M­ Thß½ng	7	8	0	3300 0 -1200	1 0 0 0	18	19	20	21	-1	-1	-1	-1	-1	-1	9000	11700	15200	19800	25700
1883	614	Thß vi®n	13	9	0	-2100 0 -1800	1 0 0 0	22	23	24	25	-1	-1	-1	-1	-1	-1	9000	11700	15200	19800	25700
1884	614	Y Xä	10	11	0	-4800 400 600	1 0 0 0	26	27	28	-1	-1	-1	11	12	13	-1	0	0	20000	26000	33800
1885	614	T§p Phß¶ng	9	12	0	-5700 400 -700	1 0 0 0	30	31	32	33	-1	-1	-1	-1	-1	-1	9000	11700	15200	19800	25700
1886	614	TØu quán	2	13	0	-5900 800 -2400	1 0 0 0	34	35	36	-1	-1	-1	14	15	16	-1	0	0	20000	26000	33800
1887	614	Sß½ng phòng	1	14	0	-5900 800 -3900	1 0 0 0	38	39	40	41	-1	-1	-1	-1	-1	-1	9000	9900	10900	12000	13200
1888	614	Võ Cø	6	15	0	-5300 800 -6000	1 0 0 0	42	43	44	-1	-1	-1	-1	-1	-1	-1	0	0	15000	18000	21600
1889	614	ÐoÕn Ðài	5	16	0	-3300 800 -5500	1 0 0 0	46	47	48	49	-1	1	2	3	4	5	9000	11700	15200	19800	25700
1890	614	Tß¶ng thành	8	17	0	400 0 1000	1 0 0 0	1	1	1	1	-1	-1	-1	-1	-1	-1	0	0	0	0	0
1891	615	Huy®n nha	0	1	0	400 1200 -5600	1 0 0 0	72	73	74	75	-1	-1	-1	-1	-1	-1	20000	40000	80000	160000	320000
1892	615	ÐÕi kÏ	17	2	0	400 1200 -3600	1 0 0 0	1	1	1	1	-1	-1	-1	-1	-1	-1	0	0	0	0	0
1893	615	Võ Phß¶ng	11	4	0	3900 800 -5700	1 0 0 0	2	3	4	5	-1	6	7	8	9	10	9000	15300	26000	44200	75200
1894	615	Phòng Cø	4	5	0	5900 800 -5900	1 0 0 0	6	7	8	-1	-1	-1	-1	-1	-1	-1	0	0	15000	18000	21600
1895	615	Ti«n trang	3	6	0	5900 800 -4200	1 0 0 0	10	11	12	13	-1	89	17	35	53	71	10000	18000	32400	58300	105000
1896	615	Trß¶ng võ	15	7	0	5500 400 -200	1 0 0 0	14	15	16	17	-1	-1	-1	-1	-1	-1	9000	15300	26000	44200	75200
1897	615	M­ Thß½ng	7	8	0	3300 0 -1200	1 0 0 0	18	19	20	21	-1	-1	-1	-1	-1	-1	9000	11700	15200	19800	25700
1898	615	Thß vi®n	13	9	0	-2100 0 -1800	1 0 0 0	22	23	24	25	-1	-1	-1	-1	-1	-1	9000	11700	15200	19800	25700
1899	615	Y Xä	10	11	0	-4800 400 600	1 0 0 0	26	27	28	-1	-1	-1	11	12	13	-1	0	0	20000	26000	33800
1900	615	T§p Phß¶ng	9	12	0	-5700 400 -700	1 0 0 0	30	31	32	33	-1	-1	-1	-1	-1	-1	9000	11700	15200	19800	25700
1901	615	TØu quán	2	13	0	-5900 800 -2400	1 0 0 0	34	35	36	-1	-1	-1	14	15	16	-1	0	0	20000	26000	33800
1902	615	Sß½ng phòng	1	14	0	-5900 800 -3900	1 0 0 0	38	39	40	41	-1	-1	-1	-1	-1	-1	9000	9900	10900	12000	13200
1903	615	Võ Cø	6	15	0	-5300 800 -6000	1 0 0 0	42	43	44	-1	-1	-1	-1	-1	-1	-1	0	0	15000	18000	21600
1904	615	ÐoÕn Ðài	5	16	0	-3300 800 -5500	1 0 0 0	46	47	48	49	-1	1	2	3	4	5	9000	11700	15200	19800	25700
1905	615	Tß¶ng thành	8	17	0	400 0 1000	1 0 0 0	1	1	1	1	-1	-1	-1	-1	-1	-1	0	0	0	0	0
1906	616	Huy®n nha	0	1	0	400 1200 -5600	1 0 0 0	72	73	74	75	-1	-1	-1	-1	-1	-1	20000	40000	80000	160000	320000
1907	616	ÐÕi kÏ	17	2	0	400 1200 -3600	1 0 0 0	1	1	1	1	-1	-1	-1	-1	-1	-1	0	0	0	0	0
1908	616	Võ Phß¶ng	11	4	0	3900 800 -5700	1 0 0 0	2	3	4	5	-1	6	7	8	9	10	9000	15300	26000	44200	75200
1909	616	Phòng Cø	4	5	0	5900 800 -5900	1 0 0 0	6	7	8	-1	-1	-1	-1	-1	-1	-1	0	0	15000	18000	21600
1910	616	Ti«n trang	3	6	0	5900 800 -4200	1 0 0 0	10	11	12	13	-1	90	18	36	54	72	10000	18000	32400	58300	105000
1911	616	Trß¶ng võ	15	7	0	5500 400 -200	1 0 0 0	14	15	16	17	-1	-1	-1	-1	-1	-1	9000	15300	26000	44200	75200
1912	616	M­ Thß½ng	7	8	0	3300 0 -1200	1 0 0 0	18	19	20	21	-1	-1	-1	-1	-1	-1	9000	11700	15200	19800	25700
1913	616	Thß vi®n	13	9	0	-2100 0 -1800	1 0 0 0	22	23	24	25	-1	-1	-1	-1	-1	-1	9000	11700	15200	19800	25700
1914	616	Y Xä	10	11	0	-4800 400 600	1 0 0 0	26	27	28	-1	-1	-1	11	12	13	-1	0	0	20000	26000	33800
1915	616	T§p Phß¶ng	9	12	0	-5700 400 -700	1 0 0 0	30	31	32	33	-1	-1	-1	-1	-1	-1	9000	11700	15200	19800	25700
1916	616	TØu quán	2	13	0	-5900 800 -2400	1 0 0 0	34	35	36	-1	-1	-1	14	15	16	-1	0	0	20000	26000	33800
1917	616	Sß½ng phòng	1	14	0	-5900 800 -3900	1 0 0 0	38	39	40	41	-1	-1	-1	-1	-1	-1	9000	9900	10900	12000	13200
1918	616	Võ Cø	6	15	0	-5300 800 -6000	1 0 0 0	42	43	44	-1	-1	-1	-1	-1	-1	-1	0	0	15000	18000	21600
1919	616	ÐoÕn Ðài	5	16	0	-3300 800 -5500	1 0 0 0	46	47	48	49	-1	1	2	3	4	5	9000	11700	15200	19800	25700
1920	616	Tß¶ng thành	8	17	0	400 0 1000	1 0 0 0	1	1	1	1	-1	-1	-1	-1	-1	-1	0	0	0	0	0
1921	617	Huy®n nha	0	1	0	400 1200 -5600	1 0 0 0	72	73	74	75	-1	-1	-1	-1	-1	-1	20000	40000	80000	160000	320000
1922	617	ÐÕi kÏ	17	2	0	400 1200 -3600	1 0 0 0	1	1	1	1	-1	-1	-1	-1	-1	-1	0	0	0	0	0
1923	617	Võ Phß¶ng	11	4	0	3900 800 -5700	1 0 0 0	2	3	4	5	-1	6	7	8	9	10	9000	15300	26000	44200	75200
1924	617	Phòng Cø	4	5	0	5900 800 -5900	1 0 0 0	6	7	8	-1	-1	-1	-1	-1	-1	-1	0	0	15000	18000	21600
1925	617	Ti«n trang	3	6	0	5900 800 -4200	1 0 0 0	10	11	12	13	-1	91	19	37	55	73	10000	18000	32400	58300	105000
1926	617	Trß¶ng võ	15	7	0	5500 400 -200	1 0 0 0	14	15	16	17	-1	-1	-1	-1	-1	-1	9000	15300	26000	44200	75200
1927	617	M­ Thß½ng	7	8	0	3300 0 -1200	1 0 0 0	18	19	20	21	-1	-1	-1	-1	-1	-1	9000	11700	15200	19800	25700
1928	617	Thß vi®n	13	9	0	-2100 0 -1800	1 0 0 0	22	23	24	25	-1	-1	-1	-1	-1	-1	9000	11700	15200	19800	25700
1929	617	Y Xä	10	11	0	-4800 400 600	1 0 0 0	26	27	28	-1	-1	-1	11	12	13	-1	0	0	20000	26000	33800
1930	617	T§p Phß¶ng	9	12	0	-5700 400 -700	1 0 0 0	30	31	32	33	-1	-1	-1	-1	-1	-1	9000	11700	15200	19800	25700
1931	617	TØu quán	2	13	0	-5900 800 -2400	1 0 0 0	34	35	36	-1	-1	-1	14	15	16	-1	0	0	20000	26000	33800
1932	617	Sß½ng phòng	1	14	0	-5900 800 -3900	1 0 0 0	38	39	40	41	-1	-1	-1	-1	-1	-1	9000	9900	10900	12000	13200
1933	617	Võ Cø	6	15	0	-5300 800 -6000	1 0 0 0	42	43	44	-1	-1	-1	-1	-1	-1	-1	0	0	15000	18000	21600
1934	617	ÐoÕn Ðài	5	16	0	-3300 800 -5500	1 0 0 0	46	47	48	49	-1	1	2	3	4	5	9000	11700	15200	19800	25700
1935	617	Tß¶ng thành	8	17	0	400 0 1000	1 0 0 0	1	1	1	1	-1	-1	-1	-1	-1	-1	0	0	0	0	0
1936	618	Huy®n nha	0	1	0	400 1200 -5600	1 0 0 0	72	73	74	75	-1	-1	-1	-1	-1	-1	20000	40000	80000	160000	320000
1937	618	ÐÕi kÏ	17	2	0	400 1200 -3600	1 0 0 0	1	1	1	1	-1	-1	-1	-1	-1	-1	0	0	0	0	0
1938	618	Võ Phß¶ng	11	4	0	3900 800 -5700	1 0 0 0	2	3	4	5	-1	6	7	8	9	10	9000	15300	26000	44200	75200
1939	618	Phòng Cø	4	5	0	5900 800 -5900	1 0 0 0	6	7	8	-1	-1	-1	-1	-1	-1	-1	0	0	15000	18000	21600
1940	618	Ti«n trang	3	6	0	5900 800 -4200	1 0 0 0	10	11	12	13	-1	92	20	38	56	74	10000	18000	32400	58300	105000
1941	618	Trß¶ng võ	15	7	0	5500 400 -200	1 0 0 0	14	15	16	17	-1	-1	-1	-1	-1	-1	9000	15300	26000	44200	75200
1942	618	M­ Thß½ng	7	8	0	3300 0 -1200	1 0 0 0	18	19	20	21	-1	-1	-1	-1	-1	-1	9000	11700	15200	19800	25700
1943	618	Thß vi®n	13	9	0	-2100 0 -1800	1 0 0 0	22	23	24	25	-1	-1	-1	-1	-1	-1	9000	11700	15200	19800	25700
1944	618	Y Xä	10	11	0	-4800 400 600	1 0 0 0	26	27	28	-1	-1	-1	11	12	13	-1	0	0	20000	26000	33800
1945	618	T§p Phß¶ng	9	12	0	-5700 400 -700	1 0 0 0	30	31	32	33	-1	-1	-1	-1	-1	-1	9000	11700	15200	19800	25700
1946	618	TØu quán	2	13	0	-5900 800 -2400	1 0 0 0	34	35	36	-1	-1	-1	14	15	16	-1	0	0	20000	26000	33800
1947	618	Sß½ng phòng	1	14	0	-5900 800 -3900	1 0 0 0	38	39	40	41	-1	-1	-1	-1	-1	-1	9000	9900	10900	12000	13200
1948	618	Võ Cø	6	15	0	-5300 800 -6000	1 0 0 0	42	43	44	-1	-1	-1	-1	-1	-1	-1	0	0	15000	18000	21600
1949	618	ÐoÕn Ðài	5	16	0	-3300 800 -5500	1 0 0 0	46	47	48	49	-1	1	2	3	4	5	9000	11700	15200	19800	25700
1950	618	Tß¶ng thành	8	17	0	400 0 1000	1 0 0 0	1	1	1	1	-1	-1	-1	-1	-1	-1	0	0	0	0	0
1951	619	Huy®n nha	0	1	0	400 1200 -5600	1 0 0 0	72	73	74	75	-1	-1	-1	-1	-1	-1	20000	40000	80000	160000	320000
1952	619	ÐÕi kÏ	17	2	0	400 1200 -3600	1 0 0 0	1	1	1	1	-1	-1	-1	-1	-1	-1	0	0	0	0	0
1953	619	Võ Phß¶ng	11	4	0	3900 800 -5700	1 0 0 0	2	3	4	5	-1	6	7	8	9	10	9000	15300	26000	44200	75200
1954	619	Phòng Cø	4	5	0	5900 800 -5900	1 0 0 0	6	7	8	-1	-1	-1	-1	-1	-1	-1	0	0	15000	18000	21600
1955	619	Ti«n trang	3	6	0	5900 800 -4200	1 0 0 0	10	11	12	13	-1	93	21	39	57	75	10000	18000	32400	58300	105000
1956	619	Trß¶ng võ	15	7	0	5500 400 -200	1 0 0 0	14	15	16	17	-1	-1	-1	-1	-1	-1	9000	15300	26000	44200	75200
1957	619	M­ Thß½ng	7	8	0	3300 0 -1200	1 0 0 0	18	19	20	21	-1	-1	-1	-1	-1	-1	9000	11700	15200	19800	25700
1958	619	Thß vi®n	13	9	0	-2100 0 -1800	1 0 0 0	22	23	24	25	-1	-1	-1	-1	-1	-1	9000	11700	15200	19800	25700
1959	619	Y Xä	10	11	0	-4800 400 600	1 0 0 0	26	27	28	-1	-1	-1	11	12	13	-1	0	0	20000	26000	33800
1960	619	T§p Phß¶ng	9	12	0	-5700 400 -700	1 0 0 0	30	31	32	33	-1	-1	-1	-1	-1	-1	9000	11700	15200	19800	25700
1961	619	TØu quán	2	13	0	-5900 800 -2400	1 0 0 0	34	35	36	-1	-1	-1	14	15	16	-1	0	0	20000	26000	33800
1962	619	Sß½ng phòng	1	14	0	-5900 800 -3900	1 0 0 0	38	39	40	41	-1	-1	-1	-1	-1	-1	9000	9900	10900	12000	13200
1963	619	Võ Cø	6	15	0	-5300 800 -6000	1 0 0 0	42	43	44	-1	-1	-1	-1	-1	-1	-1	0	0	15000	18000	21600
1964	619	ÐoÕn Ðài	5	16	0	-3300 800 -5500	1 0 0 0	46	47	48	49	-1	1	2	3	4	5	9000	11700	15200	19800	25700
1965	619	Tß¶ng thành	8	17	0	400 0 1000	1 0 0 0	1	1	1	1	-1	-1	-1	-1	-1	-1	0	0	0	0	0
1966	620	Huy®n nha	0	1	0	400 1200 -5600	1 0 0 0	72	73	74	75	-1	-1	-1	-1	-1	-1	20000	40000	80000	160000	320000
1967	620	ÐÕi kÏ	17	2	0	400 1200 -3600	1 0 0 0	1	1	1	1	-1	-1	-1	-1	-1	-1	0	0	0	0	0
1968	620	Võ Phß¶ng	11	4	0	3900 800 -5700	1 0 0 0	2	3	4	5	-1	6	7	8	9	10	9000	15300	26000	44200	75200
1969	620	Phòng Cø	4	5	0	5900 800 -5900	1 0 0 0	6	7	8	-1	-1	-1	-1	-1	-1	-1	0	0	15000	18000	21600
1970	620	Ti«n trang	3	6	0	5900 800 -4200	1 0 0 0	10	11	12	13	-1	94	22	40	58	76	10000	18000	32400	58300	105000
1971	620	Trß¶ng võ	15	7	0	5500 400 -200	1 0 0 0	14	15	16	17	-1	-1	-1	-1	-1	-1	9000	15300	26000	44200	75200
1972	620	M­ Thß½ng	7	8	0	3300 0 -1200	1 0 0 0	18	19	20	21	-1	-1	-1	-1	-1	-1	9000	11700	15200	19800	25700
1973	620	Thß vi®n	13	9	0	-2100 0 -1800	1 0 0 0	22	23	24	25	-1	-1	-1	-1	-1	-1	9000	11700	15200	19800	25700
1974	620	Y Xä	10	11	0	-4800 400 600	1 0 0 0	26	27	28	-1	-1	-1	11	12	13	-1	0	0	20000	26000	33800
1975	620	T§p Phß¶ng	9	12	0	-5700 400 -700	1 0 0 0	30	31	32	33	-1	-1	-1	-1	-1	-1	9000	11700	15200	19800	25700
1976	620	TØu quán	2	13	0	-5900 800 -2400	1 0 0 0	34	35	36	-1	-1	-1	14	15	16	-1	0	0	20000	26000	33800
1977	620	Sß½ng phòng	1	14	0	-5900 800 -3900	1 0 0 0	38	39	40	41	-1	-1	-1	-1	-1	-1	9000	9900	10900	12000	13200
1978	620	Võ Cø	6	15	0	-5300 800 -6000	1 0 0 0	42	43	44	-1	-1	-1	-1	-1	-1	-1	0	0	15000	18000	21600
1979	620	ÐoÕn Ðài	5	16	0	-3300 800 -5500	1 0 0 0	46	47	48	49	-1	1	2	3	4	5	9000	11700	15200	19800	25700
1980	620	Tß¶ng thành	8	17	0	400 0 1000	1 0 0 0	1	1	1	1	-1	-1	-1	-1	-1	-1	0	0	0	0	0
1981	621	Huy®n nha	0	1	0	400 1200 -5600	1 0 0 0	72	73	74	75	-1	-1	-1	-1	-1	-1	20000	40000	80000	160000	320000
1982	621	ÐÕi kÏ	17	2	0	400 1200 -3600	1 0 0 0	1	1	1	1	-1	-1	-1	-1	-1	-1	0	0	0	0	0
1983	621	Võ Phß¶ng	11	4	0	3900 800 -5700	1 0 0 0	2	3	4	5	-1	6	7	8	9	10	9000	15300	26000	44200	75200
1984	621	Phòng Cø	4	5	0	5900 800 -5900	1 0 0 0	6	7	8	-1	-1	-1	-1	-1	-1	-1	0	0	15000	18000	21600
1985	621	Ti«n trang	3	6	0	5900 800 -4200	1 0 0 0	10	11	12	13	-1	95	23	41	59	77	10000	18000	32400	58300	105000
1986	621	Trß¶ng võ	15	7	0	5500 400 -200	1 0 0 0	14	15	16	17	-1	-1	-1	-1	-1	-1	9000	15300	26000	44200	75200
1987	621	M­ Thß½ng	7	8	0	3300 0 -1200	1 0 0 0	18	19	20	21	-1	-1	-1	-1	-1	-1	9000	11700	15200	19800	25700
1988	621	Thß vi®n	13	9	0	-2100 0 -1800	1 0 0 0	22	23	24	25	-1	-1	-1	-1	-1	-1	9000	11700	15200	19800	25700
1989	621	Y Xä	10	11	0	-4800 400 600	1 0 0 0	26	27	28	-1	-1	-1	11	12	13	-1	0	0	20000	26000	33800
1990	621	T§p Phß¶ng	9	12	0	-5700 400 -700	1 0 0 0	30	31	32	33	-1	-1	-1	-1	-1	-1	9000	11700	15200	19800	25700
1991	621	TØu quán	2	13	0	-5900 800 -2400	1 0 0 0	34	35	36	-1	-1	-1	14	15	16	-1	0	0	20000	26000	33800
1992	621	Sß½ng phòng	1	14	0	-5900 800 -3900	1 0 0 0	38	39	40	41	-1	-1	-1	-1	-1	-1	9000	9900	10900	12000	13200
1993	621	Võ Cø	6	15	0	-5300 800 -6000	1 0 0 0	42	43	44	-1	-1	-1	-1	-1	-1	-1	0	0	15000	18000	21600
1994	621	ÐoÕn Ðài	5	16	0	-3300 800 -5500	1 0 0 0	46	47	48	49	-1	1	2	3	4	5	9000	11700	15200	19800	25700
1995	621	Tß¶ng thành	8	17	0	400 0 1000	1 0 0 0	1	1	1	1	-1	-1	-1	-1	-1	-1	0	0	0	0	0
1996	622	Huy®n nha	0	1	0	400 1200 -5600	1 0 0 0	72	73	74	75	-1	-1	-1	-1	-1	-1	20000	40000	80000	160000	320000
1997	622	ÐÕi kÏ	17	2	0	400 1200 -3600	1 0 0 0	1	1	1	1	-1	-1	-1	-1	-1	-1	0	0	0	0	0
1998	622	Võ Phß¶ng	11	4	0	3900 800 -5700	1 0 0 0	2	3	4	5	-1	6	7	8	9	10	9000	15300	26000	44200	75200
1999	622	Phòng Cø	4	5	0	5900 800 -5900	1 0 0 0	6	7	8	-1	-1	-1	-1	-1	-1	-1	0	0	15000	18000	21600
2000	622	Ti«n trang	3	6	0	5900 800 -4200	1 0 0 0	10	11	12	13	-1	96	24	42	60	78	10000	18000	32400	58300	105000
2001	622	Trß¶ng võ	15	7	0	5500 400 -200	1 0 0 0	14	15	16	17	-1	-1	-1	-1	-1	-1	9000	15300	26000	44200	75200
2002	622	M­ Thß½ng	7	8	0	3300 0 -1200	1 0 0 0	18	19	20	21	-1	-1	-1	-1	-1	-1	9000	11700	15200	19800	25700
2003	622	Thß vi®n	13	9	0	-2100 0 -1800	1 0 0 0	22	23	24	25	-1	-1	-1	-1	-1	-1	9000	11700	15200	19800	25700
2004	622	Y Xä	10	11	0	-4800 400 600	1 0 0 0	26	27	28	-1	-1	-1	11	12	13	-1	0	0	20000	26000	33800
2005	622	T§p Phß¶ng	9	12	0	-5700 400 -700	1 0 0 0	30	31	32	33	-1	-1	-1	-1	-1	-1	9000	11700	15200	19800	25700
2006	622	TØu quán	2	13	0	-5900 800 -2400	1 0 0 0	34	35	36	-1	-1	-1	14	15	16	-1	0	0	20000	26000	33800
2007	622	Sß½ng phòng	1	14	0	-5900 800 -3900	1 0 0 0	38	39	40	41	-1	-1	-1	-1	-1	-1	9000	9900	10900	12000	13200
2008	622	Võ Cø	6	15	0	-5300 800 -6000	1 0 0 0	42	43	44	-1	-1	-1	-1	-1	-1	-1	0	0	15000	18000	21600
2009	622	ÐoÕn Ðài	5	16	0	-3300 800 -5500	1 0 0 0	46	47	48	49	-1	1	2	3	4	5	9000	11700	15200	19800	25700
2010	622	Tß¶ng thành	8	17	0	400 0 1000	1 0 0 0	1	1	1	1	-1	-1	-1	-1	-1	-1	0	0	0	0	0
2011	623	Huy®n nha	0	1	0	400 1200 -5600	1 0 0 0	72	73	74	75	-1	-1	-1	-1	-1	-1	20000	40000	80000	160000	320000
2012	623	ÐÕi kÏ	17	2	0	400 1200 -3600	1 0 0 0	1	1	1	1	-1	-1	-1	-1	-1	-1	0	0	0	0	0
2013	623	Võ Phß¶ng	11	4	0	3900 800 -5700	1 0 0 0	2	3	4	5	-1	6	7	8	9	10	9000	15300	26000	44200	75200
2014	623	Phòng Cø	4	5	0	5900 800 -5900	1 0 0 0	6	7	8	-1	-1	-1	-1	-1	-1	-1	0	0	15000	18000	21600
2015	623	Ti«n trang	3	6	0	5900 800 -4200	1 0 0 0	10	11	12	13	-1	97	25	43	61	79	10000	18000	32400	58300	105000
2016	623	Trß¶ng võ	15	7	0	5500 400 -200	1 0 0 0	14	15	16	17	-1	-1	-1	-1	-1	-1	9000	15300	26000	44200	75200
2017	623	M­ Thß½ng	7	8	0	3300 0 -1200	1 0 0 0	18	19	20	21	-1	-1	-1	-1	-1	-1	9000	11700	15200	19800	25700
2018	623	Thß vi®n	13	9	0	-2100 0 -1800	1 0 0 0	22	23	24	25	-1	-1	-1	-1	-1	-1	9000	11700	15200	19800	25700
2019	623	Y Xä	10	11	0	-4800 400 600	1 0 0 0	26	27	28	-1	-1	-1	11	12	13	-1	0	0	20000	26000	33800
2020	623	T§p Phß¶ng	9	12	0	-5700 400 -700	1 0 0 0	30	31	32	33	-1	-1	-1	-1	-1	-1	9000	11700	15200	19800	25700
2021	623	TØu quán	2	13	0	-5900 800 -2400	1 0 0 0	34	35	36	-1	-1	-1	14	15	16	-1	0	0	20000	26000	33800
2022	623	Sß½ng phòng	1	14	0	-5900 800 -3900	1 0 0 0	38	39	40	41	-1	-1	-1	-1	-1	-1	9000	9900	10900	12000	13200
2023	623	Võ Cø	6	15	0	-5300 800 -6000	1 0 0 0	42	43	44	-1	-1	-1	-1	-1	-1	-1	0	0	15000	18000	21600
2024	623	ÐoÕn Ðài	5	16	0	-3300 800 -5500	1 0 0 0	46	47	48	49	-1	1	2	3	4	5	9000	11700	15200	19800	25700
2025	623	Tß¶ng thành	8	17	0	400 0 1000	1 0 0 0	1	1	1	1	-1	-1	-1	-1	-1	-1	0	0	0	0	0
2026	624	Huy®n nha	0	1	0	400 1200 -5600	1 0 0 0	72	73	74	75	-1	-1	-1	-1	-1	-1	20000	40000	80000	160000	320000
2027	624	ÐÕi kÏ	17	2	0	400 1200 -3600	1 0 0 0	1	1	1	1	-1	-1	-1	-1	-1	-1	0	0	0	0	0
2028	624	Võ Phß¶ng	11	4	0	3900 800 -5700	1 0 0 0	2	3	4	5	-1	6	7	8	9	10	9000	15300	26000	44200	75200
2029	624	Phòng Cø	4	5	0	5900 800 -5900	1 0 0 0	6	7	8	-1	-1	-1	-1	-1	-1	-1	0	0	15000	18000	21600
2030	624	Ti«n trang	3	6	0	5900 800 -4200	1 0 0 0	10	11	12	13	-1	98	26	44	62	80	10000	18000	32400	58300	105000
2031	624	Trß¶ng võ	15	7	0	5500 400 -200	1 0 0 0	14	15	16	17	-1	-1	-1	-1	-1	-1	9000	15300	26000	44200	75200
2032	624	M­ Thß½ng	7	8	0	3300 0 -1200	1 0 0 0	18	19	20	21	-1	-1	-1	-1	-1	-1	9000	11700	15200	19800	25700
2033	624	Thß vi®n	13	9	0	-2100 0 -1800	1 0 0 0	22	23	24	25	-1	-1	-1	-1	-1	-1	9000	11700	15200	19800	25700
2034	624	Y Xä	10	11	0	-4800 400 600	1 0 0 0	26	27	28	-1	-1	-1	11	12	13	-1	0	0	20000	26000	33800
2035	624	T§p Phß¶ng	9	12	0	-5700 400 -700	1 0 0 0	30	31	32	33	-1	-1	-1	-1	-1	-1	9000	11700	15200	19800	25700
2036	624	TØu quán	2	13	0	-5900 800 -2400	1 0 0 0	34	35	36	-1	-1	-1	14	15	16	-1	0	0	20000	26000	33800
2037	624	Sß½ng phòng	1	14	0	-5900 800 -3900	1 0 0 0	38	39	40	41	-1	-1	-1	-1	-1	-1	9000	9900	10900	12000	13200
2038	624	Võ Cø	6	15	0	-5300 800 -6000	1 0 0 0	42	43	44	-1	-1	-1	-1	-1	-1	-1	0	0	15000	18000	21600
2039	624	ÐoÕn Ðài	5	16	0	-3300 800 -5500	1 0 0 0	46	47	48	49	-1	1	2	3	4	5	9000	11700	15200	19800	25700
2040	624	Tß¶ng thành	8	17	0	400 0 1000	1 0 0 0	1	1	1	1	-1	-1	-1	-1	-1	-1	0	0	0	0	0
2041	625	Huy®n nha	0	1	0	400 1200 -5600	1 0 0 0	72	73	74	75	-1	-1	-1	-1	-1	-1	20000	40000	80000	160000	320000
2042	625	ÐÕi kÏ	17	2	0	400 1200 -3600	1 0 0 0	1	1	1	1	-1	-1	-1	-1	-1	-1	0	0	0	0	0
2043	625	Võ Phß¶ng	11	4	0	3900 800 -5700	1 0 0 0	2	3	4	5	-1	6	7	8	9	10	9000	15300	26000	44200	75200
2044	625	Phòng Cø	4	5	0	5900 800 -5900	1 0 0 0	6	7	8	-1	-1	-1	-1	-1	-1	-1	0	0	15000	18000	21600
2045	625	Ti«n trang	3	6	0	5900 800 -4200	1 0 0 0	10	11	12	13	-1	99	27	45	63	81	10000	18000	32400	58300	105000
2046	625	Trß¶ng võ	15	7	0	5500 400 -200	1 0 0 0	14	15	16	17	-1	-1	-1	-1	-1	-1	9000	15300	26000	44200	75200
2047	625	M­ Thß½ng	7	8	0	3300 0 -1200	1 0 0 0	18	19	20	21	-1	-1	-1	-1	-1	-1	9000	11700	15200	19800	25700
2048	625	Thß vi®n	13	9	0	-2100 0 -1800	1 0 0 0	22	23	24	25	-1	-1	-1	-1	-1	-1	9000	11700	15200	19800	25700
2049	625	Y Xä	10	11	0	-4800 400 600	1 0 0 0	26	27	28	-1	-1	-1	11	12	13	-1	0	0	20000	26000	33800
2050	625	T§p Phß¶ng	9	12	0	-5700 400 -700	1 0 0 0	30	31	32	33	-1	-1	-1	-1	-1	-1	9000	11700	15200	19800	25700
2051	625	TØu quán	2	13	0	-5900 800 -2400	1 0 0 0	34	35	36	-1	-1	-1	14	15	16	-1	0	0	20000	26000	33800
2052	625	Sß½ng phòng	1	14	0	-5900 800 -3900	1 0 0 0	38	39	40	41	-1	-1	-1	-1	-1	-1	9000	9900	10900	12000	13200
2053	625	Võ Cø	6	15	0	-5300 800 -6000	1 0 0 0	42	43	44	-1	-1	-1	-1	-1	-1	-1	0	0	15000	18000	21600
2054	625	ÐoÕn Ðài	5	16	0	-3300 800 -5500	1 0 0 0	46	47	48	49	-1	1	2	3	4	5	9000	11700	15200	19800	25700
2055	625	Tß¶ng thành	8	17	0	400 0 1000	1 0 0 0	1	1	1	1	-1	-1	-1	-1	-1	-1	0	0	0	0	0
2056	626	Huy®n nha	0	1	0	400 1200 -5600	1 0 0 0	72	73	74	75	-1	-1	-1	-1	-1	-1	20000	40000	80000	160000	320000
2057	626	ÐÕi kÏ	17	2	0	400 1200 -3600	1 0 0 0	1	1	1	1	-1	-1	-1	-1	-1	-1	0	0	0	0	0
2058	626	Võ Phß¶ng	11	4	0	3900 800 -5700	1 0 0 0	2	3	4	5	-1	6	7	8	9	10	9000	15300	26000	44200	75200
2059	626	Phòng Cø	4	5	0	5900 800 -5900	1 0 0 0	6	7	8	-1	-1	-1	-1	-1	-1	-1	0	0	15000	18000	21600
2060	626	Ti«n trang	3	6	0	5900 800 -4200	1 0 0 0	10	11	12	13	-1	100	28	46	64	82	10000	18000	32400	58300	105000
2061	626	Trß¶ng võ	15	7	0	5500 400 -200	1 0 0 0	14	15	16	17	-1	-1	-1	-1	-1	-1	9000	15300	26000	44200	75200
2062	626	M­ Thß½ng	7	8	0	3300 0 -1200	1 0 0 0	18	19	20	21	-1	-1	-1	-1	-1	-1	9000	11700	15200	19800	25700
2063	626	Thß vi®n	13	9	0	-2100 0 -1800	1 0 0 0	22	23	24	25	-1	-1	-1	-1	-1	-1	9000	11700	15200	19800	25700
2064	626	Y Xä	10	11	0	-4800 400 600	1 0 0 0	26	27	28	-1	-1	-1	11	12	13	-1	0	0	20000	26000	33800
2065	626	T§p Phß¶ng	9	12	0	-5700 400 -700	1 0 0 0	30	31	32	33	-1	-1	-1	-1	-1	-1	9000	11700	15200	19800	25700
2066	626	TØu quán	2	13	0	-5900 800 -2400	1 0 0 0	34	35	36	-1	-1	-1	14	15	16	-1	0	0	20000	26000	33800
2067	626	Sß½ng phòng	1	14	0	-5900 800 -3900	1 0 0 0	38	39	40	41	-1	-1	-1	-1	-1	-1	9000	9900	10900	12000	13200
2068	626	Võ Cø	6	15	0	-5300 800 -6000	1 0 0 0	42	43	44	-1	-1	-1	-1	-1	-1	-1	0	0	15000	18000	21600
2069	626	ÐoÕn Ðài	5	16	0	-3300 800 -5500	1 0 0 0	46	47	48	49	-1	1	2	3	4	5	9000	11700	15200	19800	25700
2070	626	Tß¶ng thành	8	17	0	400 0 1000	1 0 0 0	1	1	1	1	-1	-1	-1	-1	-1	-1	0	0	0	0	0
2071	627	Huy®n nha	0	1	0	400 1200 -5600	1 0 0 0	72	73	74	75	-1	-1	-1	-1	-1	-1	20000	40000	80000	160000	320000
2072	627	ÐÕi kÏ	17	2	0	400 1200 -3600	1 0 0 0	1	1	1	1	-1	-1	-1	-1	-1	-1	0	0	0	0	0
2073	627	Võ Phß¶ng	11	4	0	3900 800 -5700	1 0 0 0	2	3	4	5	-1	6	7	8	9	10	9000	15300	26000	44200	75200
2074	627	Phòng Cø	4	5	0	5900 800 -5900	1 0 0 0	6	7	8	-1	-1	-1	-1	-1	-1	-1	0	0	15000	18000	21600
2075	627	Ti«n trang	3	6	0	5900 800 -4200	1 0 0 0	10	11	12	13	-1	101	29	47	65	83	10000	18000	32400	58300	105000
2076	627	Trß¶ng võ	15	7	0	5500 400 -200	1 0 0 0	14	15	16	17	-1	-1	-1	-1	-1	-1	9000	15300	26000	44200	75200
2077	627	M­ Thß½ng	7	8	0	3300 0 -1200	1 0 0 0	18	19	20	21	-1	-1	-1	-1	-1	-1	9000	11700	15200	19800	25700
2078	627	Thß vi®n	13	9	0	-2100 0 -1800	1 0 0 0	22	23	24	25	-1	-1	-1	-1	-1	-1	9000	11700	15200	19800	25700
2079	627	Y Xä	10	11	0	-4800 400 600	1 0 0 0	26	27	28	-1	-1	-1	11	12	13	-1	0	0	20000	26000	33800
2080	627	T§p Phß¶ng	9	12	0	-5700 400 -700	1 0 0 0	30	31	32	33	-1	-1	-1	-1	-1	-1	9000	11700	15200	19800	25700
2081	627	TØu quán	2	13	0	-5900 800 -2400	1 0 0 0	34	35	36	-1	-1	-1	14	15	16	-1	0	0	20000	26000	33800
2082	627	Sß½ng phòng	1	14	0	-5900 800 -3900	1 0 0 0	38	39	40	41	-1	-1	-1	-1	-1	-1	9000	9900	10900	12000	13200
2083	627	Võ Cø	6	15	0	-5300 800 -6000	1 0 0 0	42	43	44	-1	-1	-1	-1	-1	-1	-1	0	0	15000	18000	21600
2084	627	ÐoÕn Ðài	5	16	0	-3300 800 -5500	1 0 0 0	46	47	48	49	-1	1	2	3	4	5	9000	11700	15200	19800	25700
2085	627	Tß¶ng thành	8	17	0	400 0 1000	1 0 0 0	1	1	1	1	-1	-1	-1	-1	-1	-1	0	0	0	0	0
2086	628	Huy®n nha	0	1	0	400 1200 -5600	1 0 0 0	72	73	74	75	-1	-1	-1	-1	-1	-1	20000	40000	80000	160000	320000
2087	628	ÐÕi kÏ	17	2	0	400 1200 -3600	1 0 0 0	1	1	1	1	-1	-1	-1	-1	-1	-1	0	0	0	0	0
2088	628	Võ Phß¶ng	11	4	0	3900 800 -5700	1 0 0 0	2	3	4	5	-1	6	7	8	9	10	9000	15300	26000	44200	75200
2089	628	Phòng Cø	4	5	0	5900 800 -5900	1 0 0 0	6	7	8	-1	-1	-1	-1	-1	-1	-1	0	0	15000	18000	21600
2090	628	Ti«n trang	3	6	0	5900 800 -4200	1 0 0 0	10	11	12	13	-1	102	30	48	66	84	10000	18000	32400	58300	105000
2091	628	Trß¶ng võ	15	7	0	5500 400 -200	1 0 0 0	14	15	16	17	-1	-1	-1	-1	-1	-1	9000	15300	26000	44200	75200
2092	628	M­ Thß½ng	7	8	0	3300 0 -1200	1 0 0 0	18	19	20	21	-1	-1	-1	-1	-1	-1	9000	11700	15200	19800	25700
2093	628	Thß vi®n	13	9	0	-2100 0 -1800	1 0 0 0	22	23	24	25	-1	-1	-1	-1	-1	-1	9000	11700	15200	19800	25700
2094	628	Y Xä	10	11	0	-4800 400 600	1 0 0 0	26	27	28	-1	-1	-1	11	12	13	-1	0	0	20000	26000	33800
2095	628	T§p Phß¶ng	9	12	0	-5700 400 -700	1 0 0 0	30	31	32	33	-1	-1	-1	-1	-1	-1	9000	11700	15200	19800	25700
2096	628	TØu quán	2	13	0	-5900 800 -2400	1 0 0 0	34	35	36	-1	-1	-1	14	15	16	-1	0	0	20000	26000	33800
2097	628	Sß½ng phòng	1	14	0	-5900 800 -3900	1 0 0 0	38	39	40	41	-1	-1	-1	-1	-1	-1	9000	9900	10900	12000	13200
2098	628	Võ Cø	6	15	0	-5300 800 -6000	1 0 0 0	42	43	44	-1	-1	-1	-1	-1	-1	-1	0	0	15000	18000	21600
2099	628	ÐoÕn Ðài	5	16	0	-3300 800 -5500	1 0 0 0	46	47	48	49	-1	1	2	3	4	5	9000	11700	15200	19800	25700
2100	628	Tß¶ng thành	8	17	0	400 0 1000	1 0 0 0	1	1	1	1	-1	-1	-1	-1	-1	-1	0	0	0	0	0
2101	629	Huy®n nha	0	1	0	400 1200 -5600	1 0 0 0	72	73	74	75	-1	-1	-1	-1	-1	-1	20000	40000	80000	160000	320000
2102	629	ÐÕi kÏ	17	2	0	400 1200 -3600	1 0 0 0	1	1	1	1	-1	-1	-1	-1	-1	-1	0	0	0	0	0
2103	629	Võ Phß¶ng	11	4	0	3900 800 -5700	1 0 0 0	2	3	4	5	-1	6	7	8	9	10	9000	15300	26000	44200	75200
2104	629	Phòng Cø	4	5	0	5900 800 -5900	1 0 0 0	6	7	8	-1	-1	-1	-1	-1	-1	-1	0	0	15000	18000	21600
2105	629	Ti«n trang	3	6	0	5900 800 -4200	1 0 0 0	10	11	12	13	-1	103	31	49	67	85	10000	18000	32400	58300	105000
2106	629	Trß¶ng võ	15	7	0	5500 400 -200	1 0 0 0	14	15	16	17	-1	-1	-1	-1	-1	-1	9000	15300	26000	44200	75200
2107	629	M­ Thß½ng	7	8	0	3300 0 -1200	1 0 0 0	18	19	20	21	-1	-1	-1	-1	-1	-1	9000	11700	15200	19800	25700
2108	629	Thß vi®n	13	9	0	-2100 0 -1800	1 0 0 0	22	23	24	25	-1	-1	-1	-1	-1	-1	9000	11700	15200	19800	25700
2109	629	Y Xä	10	11	0	-4800 400 600	1 0 0 0	26	27	28	-1	-1	-1	11	12	13	-1	0	0	20000	26000	33800
2110	629	T§p Phß¶ng	9	12	0	-5700 400 -700	1 0 0 0	30	31	32	33	-1	-1	-1	-1	-1	-1	9000	11700	15200	19800	25700
2111	629	TØu quán	2	13	0	-5900 800 -2400	1 0 0 0	34	35	36	-1	-1	-1	14	15	16	-1	0	0	20000	26000	33800
2112	629	Sß½ng phòng	1	14	0	-5900 800 -3900	1 0 0 0	38	39	40	41	-1	-1	-1	-1	-1	-1	9000	9900	10900	12000	13200
2113	629	Võ Cø	6	15	0	-5300 800 -6000	1 0 0 0	42	43	44	-1	-1	-1	-1	-1	-1	-1	0	0	15000	18000	21600
2114	629	ÐoÕn Ðài	5	16	0	-3300 800 -5500	1 0 0 0	46	47	48	49	-1	1	2	3	4	5	9000	11700	15200	19800	25700
2115	629	Tß¶ng thành	8	17	0	400 0 1000	1 0 0 0	1	1	1	1	-1	-1	-1	-1	-1	-1	0	0	0	0	0
2116	630	Huy®n nha	0	1	0	400 1200 -5600	1 0 0 0	72	73	74	75	-1	-1	-1	-1	-1	-1	20000	40000	80000	160000	320000
2117	630	ÐÕi kÏ	17	2	0	400 1200 -3600	1 0 0 0	1	1	1	1	-1	-1	-1	-1	-1	-1	0	0	0	0	0
2118	630	Võ Phß¶ng	11	4	0	3900 800 -5700	1 0 0 0	2	3	4	5	-1	6	7	8	9	10	9000	15300	26000	44200	75200
2119	630	Phòng Cø	4	5	0	5900 800 -5900	1 0 0 0	6	7	8	-1	-1	-1	-1	-1	-1	-1	0	0	15000	18000	21600
2120	630	Ti«n trang	3	6	0	5900 800 -4200	1 0 0 0	10	11	12	13	-1	104	32	50	68	86	10000	18000	32400	58300	105000
2121	630	Trß¶ng võ	15	7	0	5500 400 -200	1 0 0 0	14	15	16	17	-1	-1	-1	-1	-1	-1	9000	15300	26000	44200	75200
2122	630	M­ Thß½ng	7	8	0	3300 0 -1200	1 0 0 0	18	19	20	21	-1	-1	-1	-1	-1	-1	9000	11700	15200	19800	25700
2123	630	Thß vi®n	13	9	0	-2100 0 -1800	1 0 0 0	22	23	24	25	-1	-1	-1	-1	-1	-1	9000	11700	15200	19800	25700
2124	630	Y Xä	10	11	0	-4800 400 600	1 0 0 0	26	27	28	-1	-1	-1	11	12	13	-1	0	0	20000	26000	33800
2125	630	T§p Phß¶ng	9	12	0	-5700 400 -700	1 0 0 0	30	31	32	33	-1	-1	-1	-1	-1	-1	9000	11700	15200	19800	25700
2126	630	TØu quán	2	13	0	-5900 800 -2400	1 0 0 0	34	35	36	-1	-1	-1	14	15	16	-1	0	0	20000	26000	33800
2127	630	Sß½ng phòng	1	14	0	-5900 800 -3900	1 0 0 0	38	39	40	41	-1	-1	-1	-1	-1	-1	9000	9900	10900	12000	13200
2128	630	Võ Cø	6	15	0	-5300 800 -6000	1 0 0 0	42	43	44	-1	-1	-1	-1	-1	-1	-1	0	0	15000	18000	21600
2129	630	ÐoÕn Ðài	5	16	0	-3300 800 -5500	1 0 0 0	46	47	48	49	-1	1	2	3	4	5	9000	11700	15200	19800	25700
2130	630	Tß¶ng thành	8	17	0	400 0 1000	1 0 0 0	1	1	1	1	-1	-1	-1	-1	-1	-1	0	0	0	0	0
2131	631	Huy®n nha	0	1	0	400 1200 -5600	1 0 0 0	72	73	74	75	-1	-1	-1	-1	-1	-1	20000	40000	80000	160000	320000
2132	631	ÐÕi kÏ	17	2	0	400 1200 -3600	1 0 0 0	1	1	1	1	-1	-1	-1	-1	-1	-1	0	0	0	0	0
2133	631	Võ Phß¶ng	11	4	0	3900 800 -5700	1 0 0 0	2	3	4	5	-1	6	7	8	9	10	9000	15300	26000	44200	75200
2134	631	Phòng Cø	4	5	0	5900 800 -5900	1 0 0 0	6	7	8	-1	-1	-1	-1	-1	-1	-1	0	0	15000	18000	21600
2135	631	Ti«n trang	3	6	0	5900 800 -4200	1 0 0 0	10	11	12	13	-1	105	33	51	69	87	10000	18000	32400	58300	105000
2136	631	Trß¶ng võ	15	7	0	5500 400 -200	1 0 0 0	14	15	16	17	-1	-1	-1	-1	-1	-1	9000	15300	26000	44200	75200
2137	631	M­ Thß½ng	7	8	0	3300 0 -1200	1 0 0 0	18	19	20	21	-1	-1	-1	-1	-1	-1	9000	11700	15200	19800	25700
2138	631	Thß vi®n	13	9	0	-2100 0 -1800	1 0 0 0	22	23	24	25	-1	-1	-1	-1	-1	-1	9000	11700	15200	19800	25700
2139	631	Y Xä	10	11	0	-4800 400 600	1 0 0 0	26	27	28	-1	-1	-1	11	12	13	-1	0	0	20000	26000	33800
2140	631	T§p Phß¶ng	9	12	0	-5700 400 -700	1 0 0 0	30	31	32	33	-1	-1	-1	-1	-1	-1	9000	11700	15200	19800	25700
2141	631	TØu quán	2	13	0	-5900 800 -2400	1 0 0 0	34	35	36	-1	-1	-1	14	15	16	-1	0	0	20000	26000	33800
2142	631	Sß½ng phòng	1	14	0	-5900 800 -3900	1 0 0 0	38	39	40	41	-1	-1	-1	-1	-1	-1	9000	9900	10900	12000	13200
2143	631	Võ Cø	6	15	0	-5300 800 -6000	1 0 0 0	42	43	44	-1	-1	-1	-1	-1	-1	-1	0	0	15000	18000	21600
2144	631	ÐoÕn Ðài	5	16	0	-3300 800 -5500	1 0 0 0	46	47	48	49	-1	1	2	3	4	5	9000	11700	15200	19800	25700
2145	631	Tß¶ng thành	8	17	0	400 0 1000	1 0 0 0	1	1	1	1	-1	-1	-1	-1	-1	-1	0	0	0	0	0
2146	632	Huy®n nha	0	1	0	400 1200 -5600	1 0 0 0	72	73	74	75	-1	-1	-1	-1	-1	-1	20000	40000	80000	160000	320000
2147	632	ÐÕi kÏ	17	2	0	400 1200 -3600	1 0 0 0	1	1	1	1	-1	-1	-1	-1	-1	-1	0	0	0	0	0
2148	632	Võ Phß¶ng	11	4	0	3900 800 -5700	1 0 0 0	2	3	4	5	-1	6	7	8	9	10	9000	15300	26000	44200	75200
2149	632	Phòng Cø	4	5	0	5900 800 -5900	1 0 0 0	6	7	8	-1	-1	-1	-1	-1	-1	-1	0	0	15000	18000	21600
2150	632	Ti«n trang	3	6	0	5900 800 -4200	1 0 0 0	10	11	12	13	-1	106	34	52	70	88	10000	18000	32400	58300	105000
2151	632	Trß¶ng võ	15	7	0	5500 400 -200	1 0 0 0	14	15	16	17	-1	-1	-1	-1	-1	-1	9000	15300	26000	44200	75200
2152	632	M­ Thß½ng	7	8	0	3300 0 -1200	1 0 0 0	18	19	20	21	-1	-1	-1	-1	-1	-1	9000	11700	15200	19800	25700
2153	632	Thß vi®n	13	9	0	-2100 0 -1800	1 0 0 0	22	23	24	25	-1	-1	-1	-1	-1	-1	9000	11700	15200	19800	25700
2154	632	Y Xä	10	11	0	-4800 400 600	1 0 0 0	26	27	28	-1	-1	-1	11	12	13	-1	0	0	20000	26000	33800
2155	632	T§p Phß¶ng	9	12	0	-5700 400 -700	1 0 0 0	30	31	32	33	-1	-1	-1	-1	-1	-1	9000	11700	15200	19800	25700
2156	632	TØu quán	2	13	0	-5900 800 -2400	1 0 0 0	34	35	36	-1	-1	-1	14	15	16	-1	0	0	20000	26000	33800
2157	632	Sß½ng phòng	1	14	0	-5900 800 -3900	1 0 0 0	38	39	40	41	-1	-1	-1	-1	-1	-1	9000	9900	10900	12000	13200
2158	632	Võ Cø	6	15	0	-5300 800 -6000	1 0 0 0	42	43	44	-1	-1	-1	-1	-1	-1	-1	0	0	15000	18000	21600
2159	632	ÐoÕn Ðài	5	16	0	-3300 800 -5500	1 0 0 0	46	47	48	49	-1	1	2	3	4	5	9000	11700	15200	19800	25700
2160	632	Tß¶ng thành	8	17	0	400 0 1000	1 0 0 0	1	1	1	1	-1	-1	-1	-1	-1	-1	0	0	0	0	0
2161	633	Huy®n nha	0	1	0	400 1200 -5600	1 0 0 0	72	73	74	75	-1	-1	-1	-1	-1	-1	20000	40000	80000	160000	320000
2162	633	ÐÕi kÏ	17	2	0	400 1200 -3600	1 0 0 0	1	1	1	1	-1	-1	-1	-1	-1	-1	0	0	0	0	0
2163	633	Võ Phß¶ng	11	4	0	3900 800 -5700	1 0 0 0	2	3	4	5	-1	6	7	8	9	10	9000	15300	26000	44200	75200
2164	633	Phòng Cø	4	5	0	5900 800 -5900	1 0 0 0	6	7	8	-1	-1	-1	-1	-1	-1	-1	0	0	15000	18000	21600
2165	633	Ti«n trang	3	6	0	5900 800 -4200	1 0 0 0	10	11	12	13	-1	89	17	35	53	71	10000	18000	32400	58300	105000
2166	633	Trß¶ng võ	15	7	0	5500 400 -200	1 0 0 0	14	15	16	17	-1	-1	-1	-1	-1	-1	9000	15300	26000	44200	75200
2167	633	M­ Thß½ng	7	8	0	3300 0 -1200	1 0 0 0	18	19	20	21	-1	-1	-1	-1	-1	-1	9000	11700	15200	19800	25700
2168	633	Thß vi®n	13	9	0	-2100 0 -1800	1 0 0 0	22	23	24	25	-1	-1	-1	-1	-1	-1	9000	11700	15200	19800	25700
2169	633	Y Xä	10	11	0	-4800 400 600	1 0 0 0	26	27	28	-1	-1	-1	11	12	13	-1	0	0	20000	26000	33800
2170	633	T§p Phß¶ng	9	12	0	-5700 400 -700	1 0 0 0	30	31	32	33	-1	-1	-1	-1	-1	-1	9000	11700	15200	19800	25700
2171	633	TØu quán	2	13	0	-5900 800 -2400	1 0 0 0	34	35	36	-1	-1	-1	14	15	16	-1	0	0	20000	26000	33800
2172	633	Sß½ng phòng	1	14	0	-5900 800 -3900	1 0 0 0	38	39	40	41	-1	-1	-1	-1	-1	-1	9000	9900	10900	12000	13200
2173	633	Võ Cø	6	15	0	-5300 800 -6000	1 0 0 0	42	43	44	-1	-1	-1	-1	-1	-1	-1	0	0	15000	18000	21600
2174	633	ÐoÕn Ðài	5	16	0	-3300 800 -5500	1 0 0 0	46	47	48	49	-1	1	2	3	4	5	9000	11700	15200	19800	25700
2175	633	Tß¶ng thành	8	17	0	400 0 1000	1 0 0 0	1	1	1	1	-1	-1	-1	-1	-1	-1	0	0	0	0	0
2176	634	Huy®n nha	0	1	0	400 1200 -5600	1 0 0 0	72	73	74	75	-1	-1	-1	-1	-1	-1	20000	40000	80000	160000	320000
2177	634	ÐÕi kÏ	17	2	0	400 1200 -3600	1 0 0 0	1	1	1	1	-1	-1	-1	-1	-1	-1	0	0	0	0	0
2178	634	Võ Phß¶ng	11	4	0	3900 800 -5700	1 0 0 0	2	3	4	5	-1	6	7	8	9	10	9000	15300	26000	44200	75200
2179	634	Phòng Cø	4	5	0	5900 800 -5900	1 0 0 0	6	7	8	-1	-1	-1	-1	-1	-1	-1	0	0	15000	18000	21600
2180	634	Ti«n trang	3	6	0	5900 800 -4200	1 0 0 0	10	11	12	13	-1	90	18	36	54	72	10000	18000	32400	58300	105000
2181	634	Trß¶ng võ	15	7	0	5500 400 -200	1 0 0 0	14	15	16	17	-1	-1	-1	-1	-1	-1	9000	15300	26000	44200	75200
2182	634	M­ Thß½ng	7	8	0	3300 0 -1200	1 0 0 0	18	19	20	21	-1	-1	-1	-1	-1	-1	9000	11700	15200	19800	25700
2183	634	Thß vi®n	13	9	0	-2100 0 -1800	1 0 0 0	22	23	24	25	-1	-1	-1	-1	-1	-1	9000	11700	15200	19800	25700
2184	634	Y Xä	10	11	0	-4800 400 600	1 0 0 0	26	27	28	-1	-1	-1	11	12	13	-1	0	0	20000	26000	33800
2185	634	T§p Phß¶ng	9	12	0	-5700 400 -700	1 0 0 0	30	31	32	33	-1	-1	-1	-1	-1	-1	9000	11700	15200	19800	25700
2186	634	TØu quán	2	13	0	-5900 800 -2400	1 0 0 0	34	35	36	-1	-1	-1	14	15	16	-1	0	0	20000	26000	33800
2187	634	Sß½ng phòng	1	14	0	-5900 800 -3900	1 0 0 0	38	39	40	41	-1	-1	-1	-1	-1	-1	9000	9900	10900	12000	13200
2188	634	Võ Cø	6	15	0	-5300 800 -6000	1 0 0 0	42	43	44	-1	-1	-1	-1	-1	-1	-1	0	0	15000	18000	21600
2189	634	ÐoÕn Ðài	5	16	0	-3300 800 -5500	1 0 0 0	46	47	48	49	-1	1	2	3	4	5	9000	11700	15200	19800	25700
2190	634	Tß¶ng thành	8	17	0	400 0 1000	1 0 0 0	1	1	1	1	-1	-1	-1	-1	-1	-1	0	0	0	0	0
2191	635	Huy®n nha	0	1	0	400 1200 -5600	1 0 0 0	72	73	74	75	-1	-1	-1	-1	-1	-1	20000	40000	80000	160000	320000
2192	635	ÐÕi kÏ	17	2	0	400 1200 -3600	1 0 0 0	1	1	1	1	-1	-1	-1	-1	-1	-1	0	0	0	0	0
2193	635	Võ Phß¶ng	11	4	0	3900 800 -5700	1 0 0 0	2	3	4	5	-1	6	7	8	9	10	9000	15300	26000	44200	75200
2194	635	Phòng Cø	4	5	0	5900 800 -5900	1 0 0 0	6	7	8	-1	-1	-1	-1	-1	-1	-1	0	0	15000	18000	21600
2195	635	Ti«n trang	3	6	0	5900 800 -4200	1 0 0 0	10	11	12	13	-1	91	19	37	55	73	10000	18000	32400	58300	105000
2196	635	Trß¶ng võ	15	7	0	5500 400 -200	1 0 0 0	14	15	16	17	-1	-1	-1	-1	-1	-1	9000	15300	26000	44200	75200
2197	635	M­ Thß½ng	7	8	0	3300 0 -1200	1 0 0 0	18	19	20	21	-1	-1	-1	-1	-1	-1	9000	11700	15200	19800	25700
2198	635	Thß vi®n	13	9	0	-2100 0 -1800	1 0 0 0	22	23	24	25	-1	-1	-1	-1	-1	-1	9000	11700	15200	19800	25700
2199	635	Y Xä	10	11	0	-4800 400 600	1 0 0 0	26	27	28	-1	-1	-1	11	12	13	-1	0	0	20000	26000	33800
2200	635	T§p Phß¶ng	9	12	0	-5700 400 -700	1 0 0 0	30	31	32	33	-1	-1	-1	-1	-1	-1	9000	11700	15200	19800	25700
2201	635	TØu quán	2	13	0	-5900 800 -2400	1 0 0 0	34	35	36	-1	-1	-1	14	15	16	-1	0	0	20000	26000	33800
2202	635	Sß½ng phòng	1	14	0	-5900 800 -3900	1 0 0 0	38	39	40	41	-1	-1	-1	-1	-1	-1	9000	9900	10900	12000	13200
2203	635	Võ Cø	6	15	0	-5300 800 -6000	1 0 0 0	42	43	44	-1	-1	-1	-1	-1	-1	-1	0	0	15000	18000	21600
2204	635	ÐoÕn Ðài	5	16	0	-3300 800 -5500	1 0 0 0	46	47	48	49	-1	1	2	3	4	5	9000	11700	15200	19800	25700
2205	635	Tß¶ng thành	8	17	0	400 0 1000	1 0 0 0	1	1	1	1	-1	-1	-1	-1	-1	-1	0	0	0	0	0
2206	636	Huy®n nha	0	1	0	400 1200 -5600	1 0 0 0	72	73	74	75	-1	-1	-1	-1	-1	-1	20000	40000	80000	160000	320000
2207	636	ÐÕi kÏ	17	2	0	400 1200 -3600	1 0 0 0	1	1	1	1	-1	-1	-1	-1	-1	-1	0	0	0	0	0
2208	636	Võ Phß¶ng	11	4	0	3900 800 -5700	1 0 0 0	2	3	4	5	-1	6	7	8	9	10	9000	15300	26000	44200	75200
2209	636	Phòng Cø	4	5	0	5900 800 -5900	1 0 0 0	6	7	8	-1	-1	-1	-1	-1	-1	-1	0	0	15000	18000	21600
2210	636	Ti«n trang	3	6	0	5900 800 -4200	1 0 0 0	10	11	12	13	-1	92	20	38	56	74	10000	18000	32400	58300	105000
2211	636	Trß¶ng võ	15	7	0	5500 400 -200	1 0 0 0	14	15	16	17	-1	-1	-1	-1	-1	-1	9000	15300	26000	44200	75200
2212	636	M­ Thß½ng	7	8	0	3300 0 -1200	1 0 0 0	18	19	20	21	-1	-1	-1	-1	-1	-1	9000	11700	15200	19800	25700
2213	636	Thß vi®n	13	9	0	-2100 0 -1800	1 0 0 0	22	23	24	25	-1	-1	-1	-1	-1	-1	9000	11700	15200	19800	25700
2214	636	Y Xä	10	11	0	-4800 400 600	1 0 0 0	26	27	28	-1	-1	-1	11	12	13	-1	0	0	20000	26000	33800
2215	636	T§p Phß¶ng	9	12	0	-5700 400 -700	1 0 0 0	30	31	32	33	-1	-1	-1	-1	-1	-1	9000	11700	15200	19800	25700
2216	636	TØu quán	2	13	0	-5900 800 -2400	1 0 0 0	34	35	36	-1	-1	-1	14	15	16	-1	0	0	20000	26000	33800
2217	636	Sß½ng phòng	1	14	0	-5900 800 -3900	1 0 0 0	38	39	40	41	-1	-1	-1	-1	-1	-1	9000	9900	10900	12000	13200
2218	636	Võ Cø	6	15	0	-5300 800 -6000	1 0 0 0	42	43	44	-1	-1	-1	-1	-1	-1	-1	0	0	15000	18000	21600
2219	636	ÐoÕn Ðài	5	16	0	-3300 800 -5500	1 0 0 0	46	47	48	49	-1	1	2	3	4	5	9000	11700	15200	19800	25700
2220	636	Tß¶ng thành	8	17	0	400 0 1000	1 0 0 0	1	1	1	1	-1	-1	-1	-1	-1	-1	0	0	0	0	0
2221	637	Huy®n nha	0	1	0	400 1200 -5600	1 0 0 0	72	73	74	75	-1	-1	-1	-1	-1	-1	20000	40000	80000	160000	320000
2222	637	ÐÕi kÏ	17	2	0	400 1200 -3600	1 0 0 0	1	1	1	1	-1	-1	-1	-1	-1	-1	0	0	0	0	0
2223	637	Võ Phß¶ng	11	4	0	3900 800 -5700	1 0 0 0	2	3	4	5	-1	6	7	8	9	10	9000	15300	26000	44200	75200
2224	637	Phòng Cø	4	5	0	5900 800 -5900	1 0 0 0	6	7	8	-1	-1	-1	-1	-1	-1	-1	0	0	15000	18000	21600
2225	637	Ti«n trang	3	6	0	5900 800 -4200	1 0 0 0	10	11	12	13	-1	93	21	39	57	75	10000	18000	32400	58300	105000
2226	637	Trß¶ng võ	15	7	0	5500 400 -200	1 0 0 0	14	15	16	17	-1	-1	-1	-1	-1	-1	9000	15300	26000	44200	75200
2227	637	M­ Thß½ng	7	8	0	3300 0 -1200	1 0 0 0	18	19	20	21	-1	-1	-1	-1	-1	-1	9000	11700	15200	19800	25700
2228	637	Thß vi®n	13	9	0	-2100 0 -1800	1 0 0 0	22	23	24	25	-1	-1	-1	-1	-1	-1	9000	11700	15200	19800	25700
2229	637	Y Xä	10	11	0	-4800 400 600	1 0 0 0	26	27	28	-1	-1	-1	11	12	13	-1	0	0	20000	26000	33800
2230	637	T§p Phß¶ng	9	12	0	-5700 400 -700	1 0 0 0	30	31	32	33	-1	-1	-1	-1	-1	-1	9000	11700	15200	19800	25700
2231	637	TØu quán	2	13	0	-5900 800 -2400	1 0 0 0	34	35	36	-1	-1	-1	14	15	16	-1	0	0	20000	26000	33800
2232	637	Sß½ng phòng	1	14	0	-5900 800 -3900	1 0 0 0	38	39	40	41	-1	-1	-1	-1	-1	-1	9000	9900	10900	12000	13200
2233	637	Võ Cø	6	15	0	-5300 800 -6000	1 0 0 0	42	43	44	-1	-1	-1	-1	-1	-1	-1	0	0	15000	18000	21600
2234	637	ÐoÕn Ðài	5	16	0	-3300 800 -5500	1 0 0 0	46	47	48	49	-1	1	2	3	4	5	9000	11700	15200	19800	25700
2235	637	Tß¶ng thành	8	17	0	400 0 1000	1 0 0 0	1	1	1	1	-1	-1	-1	-1	-1	-1	0	0	0	0	0
2236	638	Huy®n nha	0	1	0	400 1200 -5600	1 0 0 0	72	73	74	75	-1	-1	-1	-1	-1	-1	20000	40000	80000	160000	320000
2237	638	ÐÕi kÏ	17	2	0	400 1200 -3600	1 0 0 0	1	1	1	1	-1	-1	-1	-1	-1	-1	0	0	0	0	0
2238	638	Võ Phß¶ng	11	4	0	3900 800 -5700	1 0 0 0	2	3	4	5	-1	6	7	8	9	10	9000	15300	26000	44200	75200
2239	638	Phòng Cø	4	5	0	5900 800 -5900	1 0 0 0	6	7	8	-1	-1	-1	-1	-1	-1	-1	0	0	15000	18000	21600
2240	638	Ti«n trang	3	6	0	5900 800 -4200	1 0 0 0	10	11	12	13	-1	94	22	40	58	76	10000	18000	32400	58300	105000
2241	638	Trß¶ng võ	15	7	0	5500 400 -200	1 0 0 0	14	15	16	17	-1	-1	-1	-1	-1	-1	9000	15300	26000	44200	75200
2242	638	M­ Thß½ng	7	8	0	3300 0 -1200	1 0 0 0	18	19	20	21	-1	-1	-1	-1	-1	-1	9000	11700	15200	19800	25700
2243	638	Thß vi®n	13	9	0	-2100 0 -1800	1 0 0 0	22	23	24	25	-1	-1	-1	-1	-1	-1	9000	11700	15200	19800	25700
2244	638	Y Xä	10	11	0	-4800 400 600	1 0 0 0	26	27	28	-1	-1	-1	11	12	13	-1	0	0	20000	26000	33800
2245	638	T§p Phß¶ng	9	12	0	-5700 400 -700	1 0 0 0	30	31	32	33	-1	-1	-1	-1	-1	-1	9000	11700	15200	19800	25700
2246	638	TØu quán	2	13	0	-5900 800 -2400	1 0 0 0	34	35	36	-1	-1	-1	14	15	16	-1	0	0	20000	26000	33800
2247	638	Sß½ng phòng	1	14	0	-5900 800 -3900	1 0 0 0	38	39	40	41	-1	-1	-1	-1	-1	-1	9000	9900	10900	12000	13200
2248	638	Võ Cø	6	15	0	-5300 800 -6000	1 0 0 0	42	43	44	-1	-1	-1	-1	-1	-1	-1	0	0	15000	18000	21600
2249	638	ÐoÕn Ðài	5	16	0	-3300 800 -5500	1 0 0 0	46	47	48	49	-1	1	2	3	4	5	9000	11700	15200	19800	25700
2250	638	Tß¶ng thành	8	17	0	400 0 1000	1 0 0 0	1	1	1	1	-1	-1	-1	-1	-1	-1	0	0	0	0	0
2251	639	Huy®n nha	0	1	0	400 1200 -5600	1 0 0 0	72	73	74	75	-1	-1	-1	-1	-1	-1	20000	40000	80000	160000	320000
2252	639	ÐÕi kÏ	17	2	0	400 1200 -3600	1 0 0 0	1	1	1	1	-1	-1	-1	-1	-1	-1	0	0	0	0	0
2253	639	Võ Phß¶ng	11	4	0	3900 800 -5700	1 0 0 0	2	3	4	5	-1	6	7	8	9	10	9000	15300	26000	44200	75200
2254	639	Phòng Cø	4	5	0	5900 800 -5900	1 0 0 0	6	7	8	-1	-1	-1	-1	-1	-1	-1	0	0	15000	18000	21600
2255	639	Ti«n trang	3	6	0	5900 800 -4200	1 0 0 0	10	11	12	13	-1	95	23	41	59	77	10000	18000	32400	58300	105000
2256	639	Trß¶ng võ	15	7	0	5500 400 -200	1 0 0 0	14	15	16	17	-1	-1	-1	-1	-1	-1	9000	15300	26000	44200	75200
2257	639	M­ Thß½ng	7	8	0	3300 0 -1200	1 0 0 0	18	19	20	21	-1	-1	-1	-1	-1	-1	9000	11700	15200	19800	25700
2258	639	Thß vi®n	13	9	0	-2100 0 -1800	1 0 0 0	22	23	24	25	-1	-1	-1	-1	-1	-1	9000	11700	15200	19800	25700
2259	639	Y Xä	10	11	0	-4800 400 600	1 0 0 0	26	27	28	-1	-1	-1	11	12	13	-1	0	0	20000	26000	33800
2260	639	T§p Phß¶ng	9	12	0	-5700 400 -700	1 0 0 0	30	31	32	33	-1	-1	-1	-1	-1	-1	9000	11700	15200	19800	25700
2261	639	TØu quán	2	13	0	-5900 800 -2400	1 0 0 0	34	35	36	-1	-1	-1	14	15	16	-1	0	0	20000	26000	33800
2262	639	Sß½ng phòng	1	14	0	-5900 800 -3900	1 0 0 0	38	39	40	41	-1	-1	-1	-1	-1	-1	9000	9900	10900	12000	13200
2263	639	Võ Cø	6	15	0	-5300 800 -6000	1 0 0 0	42	43	44	-1	-1	-1	-1	-1	-1	-1	0	0	15000	18000	21600
2264	639	ÐoÕn Ðài	5	16	0	-3300 800 -5500	1 0 0 0	46	47	48	49	-1	1	2	3	4	5	9000	11700	15200	19800	25700
2265	639	Tß¶ng thành	8	17	0	400 0 1000	1 0 0 0	1	1	1	1	-1	-1	-1	-1	-1	-1	0	0	0	0	0
2266	640	Huy®n nha	0	1	0	400 1200 -5600	1 0 0 0	72	73	74	75	-1	-1	-1	-1	-1	-1	20000	40000	80000	160000	320000
2267	640	ÐÕi kÏ	17	2	0	400 1200 -3600	1 0 0 0	1	1	1	1	-1	-1	-1	-1	-1	-1	0	0	0	0	0
2268	640	Võ Phß¶ng	11	4	0	3900 800 -5700	1 0 0 0	2	3	4	5	-1	6	7	8	9	10	9000	15300	26000	44200	75200
2269	640	Phòng Cø	4	5	0	5900 800 -5900	1 0 0 0	6	7	8	-1	-1	-1	-1	-1	-1	-1	0	0	15000	18000	21600
2270	640	Ti«n trang	3	6	0	5900 800 -4200	1 0 0 0	10	11	12	13	-1	96	24	42	60	78	10000	18000	32400	58300	105000
2271	640	Trß¶ng võ	15	7	0	5500 400 -200	1 0 0 0	14	15	16	17	-1	-1	-1	-1	-1	-1	9000	15300	26000	44200	75200
2272	640	M­ Thß½ng	7	8	0	3300 0 -1200	1 0 0 0	18	19	20	21	-1	-1	-1	-1	-1	-1	9000	11700	15200	19800	25700
2273	640	Thß vi®n	13	9	0	-2100 0 -1800	1 0 0 0	22	23	24	25	-1	-1	-1	-1	-1	-1	9000	11700	15200	19800	25700
2274	640	Y Xä	10	11	0	-4800 400 600	1 0 0 0	26	27	28	-1	-1	-1	11	12	13	-1	0	0	20000	26000	33800
2275	640	T§p Phß¶ng	9	12	0	-5700 400 -700	1 0 0 0	30	31	32	33	-1	-1	-1	-1	-1	-1	9000	11700	15200	19800	25700
2276	640	TØu quán	2	13	0	-5900 800 -2400	1 0 0 0	34	35	36	-1	-1	-1	14	15	16	-1	0	0	20000	26000	33800
2277	640	Sß½ng phòng	1	14	0	-5900 800 -3900	1 0 0 0	38	39	40	41	-1	-1	-1	-1	-1	-1	9000	9900	10900	12000	13200
2278	640	Võ Cø	6	15	0	-5300 800 -6000	1 0 0 0	42	43	44	-1	-1	-1	-1	-1	-1	-1	0	0	15000	18000	21600
2279	640	ÐoÕn Ðài	5	16	0	-3300 800 -5500	1 0 0 0	46	47	48	49	-1	1	2	3	4	5	9000	11700	15200	19800	25700
2280	640	Tß¶ng thành	8	17	0	400 0 1000	1 0 0 0	1	1	1	1	-1	-1	-1	-1	-1	-1	0	0	0	0	0
2281	641	Huy®n nha	0	1	0	400 1200 -5600	1 0 0 0	72	73	74	75	-1	-1	-1	-1	-1	-1	20000	40000	80000	160000	320000
2282	641	ÐÕi kÏ	17	2	0	400 1200 -3600	1 0 0 0	1	1	1	1	-1	-1	-1	-1	-1	-1	0	0	0	0	0
2283	641	Võ Phß¶ng	11	4	0	3900 800 -5700	1 0 0 0	2	3	4	5	-1	6	7	8	9	10	9000	15300	26000	44200	75200
2284	641	Phòng Cø	4	5	0	5900 800 -5900	1 0 0 0	6	7	8	-1	-1	-1	-1	-1	-1	-1	0	0	15000	18000	21600
2285	641	Ti«n trang	3	6	0	5900 800 -4200	1 0 0 0	10	11	12	13	-1	97	25	43	61	79	10000	18000	32400	58300	105000
2286	641	Trß¶ng võ	15	7	0	5500 400 -200	1 0 0 0	14	15	16	17	-1	-1	-1	-1	-1	-1	9000	15300	26000	44200	75200
2287	641	M­ Thß½ng	7	8	0	3300 0 -1200	1 0 0 0	18	19	20	21	-1	-1	-1	-1	-1	-1	9000	11700	15200	19800	25700
2288	641	Thß vi®n	13	9	0	-2100 0 -1800	1 0 0 0	22	23	24	25	-1	-1	-1	-1	-1	-1	9000	11700	15200	19800	25700
2289	641	Y Xä	10	11	0	-4800 400 600	1 0 0 0	26	27	28	-1	-1	-1	11	12	13	-1	0	0	20000	26000	33800
2290	641	T§p Phß¶ng	9	12	0	-5700 400 -700	1 0 0 0	30	31	32	33	-1	-1	-1	-1	-1	-1	9000	11700	15200	19800	25700
2291	641	TØu quán	2	13	0	-5900 800 -2400	1 0 0 0	34	35	36	-1	-1	-1	14	15	16	-1	0	0	20000	26000	33800
2292	641	Sß½ng phòng	1	14	0	-5900 800 -3900	1 0 0 0	38	39	40	41	-1	-1	-1	-1	-1	-1	9000	9900	10900	12000	13200
2293	641	Võ Cø	6	15	0	-5300 800 -6000	1 0 0 0	42	43	44	-1	-1	-1	-1	-1	-1	-1	0	0	15000	18000	21600
2294	641	ÐoÕn Ðài	5	16	0	-3300 800 -5500	1 0 0 0	46	47	48	49	-1	1	2	3	4	5	9000	11700	15200	19800	25700
2295	641	Tß¶ng thành	8	17	0	400 0 1000	1 0 0 0	1	1	1	1	-1	-1	-1	-1	-1	-1	0	0	0	0	0
2296	642	Huy®n nha	0	1	0	400 1200 -5600	1 0 0 0	72	73	74	75	-1	-1	-1	-1	-1	-1	20000	40000	80000	160000	320000
2297	642	ÐÕi kÏ	17	2	0	400 1200 -3600	1 0 0 0	1	1	1	1	-1	-1	-1	-1	-1	-1	0	0	0	0	0
2298	642	Võ Phß¶ng	11	4	0	3900 800 -5700	1 0 0 0	2	3	4	5	-1	6	7	8	9	10	9000	15300	26000	44200	75200
2299	642	Phòng Cø	4	5	0	5900 800 -5900	1 0 0 0	6	7	8	-1	-1	-1	-1	-1	-1	-1	0	0	15000	18000	21600
2300	642	Ti«n trang	3	6	0	5900 800 -4200	1 0 0 0	10	11	12	13	-1	98	26	44	62	80	10000	18000	32400	58300	105000
2301	642	Trß¶ng võ	15	7	0	5500 400 -200	1 0 0 0	14	15	16	17	-1	-1	-1	-1	-1	-1	9000	15300	26000	44200	75200
2302	642	M­ Thß½ng	7	8	0	3300 0 -1200	1 0 0 0	18	19	20	21	-1	-1	-1	-1	-1	-1	9000	11700	15200	19800	25700
2303	642	Thß vi®n	13	9	0	-2100 0 -1800	1 0 0 0	22	23	24	25	-1	-1	-1	-1	-1	-1	9000	11700	15200	19800	25700
2304	642	Y Xä	10	11	0	-4800 400 600	1 0 0 0	26	27	28	-1	-1	-1	11	12	13	-1	0	0	20000	26000	33800
2305	642	T§p Phß¶ng	9	12	0	-5700 400 -700	1 0 0 0	30	31	32	33	-1	-1	-1	-1	-1	-1	9000	11700	15200	19800	25700
2306	642	TØu quán	2	13	0	-5900 800 -2400	1 0 0 0	34	35	36	-1	-1	-1	14	15	16	-1	0	0	20000	26000	33800
2307	642	Sß½ng phòng	1	14	0	-5900 800 -3900	1 0 0 0	38	39	40	41	-1	-1	-1	-1	-1	-1	9000	9900	10900	12000	13200
2308	642	Võ Cø	6	15	0	-5300 800 -6000	1 0 0 0	42	43	44	-1	-1	-1	-1	-1	-1	-1	0	0	15000	18000	21600
2309	642	ÐoÕn Ðài	5	16	0	-3300 800 -5500	1 0 0 0	46	47	48	49	-1	1	2	3	4	5	9000	11700	15200	19800	25700
2310	642	Tß¶ng thành	8	17	0	400 0 1000	1 0 0 0	1	1	1	1	-1	-1	-1	-1	-1	-1	0	0	0	0	0
2311	643	Huy®n nha	0	1	0	400 1200 -5600	1 0 0 0	72	73	74	75	-1	-1	-1	-1	-1	-1	20000	40000	80000	160000	320000
2312	643	ÐÕi kÏ	17	2	0	400 1200 -3600	1 0 0 0	1	1	1	1	-1	-1	-1	-1	-1	-1	0	0	0	0	0
2313	643	Võ Phß¶ng	11	4	0	3900 800 -5700	1 0 0 0	2	3	4	5	-1	6	7	8	9	10	9000	15300	26000	44200	75200
2314	643	Phòng Cø	4	5	0	5900 800 -5900	1 0 0 0	6	7	8	-1	-1	-1	-1	-1	-1	-1	0	0	15000	18000	21600
2315	643	Ti«n trang	3	6	0	5900 800 -4200	1 0 0 0	10	11	12	13	-1	99	27	45	63	81	10000	18000	32400	58300	105000
2316	643	Trß¶ng võ	15	7	0	5500 400 -200	1 0 0 0	14	15	16	17	-1	-1	-1	-1	-1	-1	9000	15300	26000	44200	75200
2317	643	M­ Thß½ng	7	8	0	3300 0 -1200	1 0 0 0	18	19	20	21	-1	-1	-1	-1	-1	-1	9000	11700	15200	19800	25700
2318	643	Thß vi®n	13	9	0	-2100 0 -1800	1 0 0 0	22	23	24	25	-1	-1	-1	-1	-1	-1	9000	11700	15200	19800	25700
2319	643	Y Xä	10	11	0	-4800 400 600	1 0 0 0	26	27	28	-1	-1	-1	11	12	13	-1	0	0	20000	26000	33800
2320	643	T§p Phß¶ng	9	12	0	-5700 400 -700	1 0 0 0	30	31	32	33	-1	-1	-1	-1	-1	-1	9000	11700	15200	19800	25700
2321	643	TØu quán	2	13	0	-5900 800 -2400	1 0 0 0	34	35	36	-1	-1	-1	14	15	16	-1	0	0	20000	26000	33800
2322	643	Sß½ng phòng	1	14	0	-5900 800 -3900	1 0 0 0	38	39	40	41	-1	-1	-1	-1	-1	-1	9000	9900	10900	12000	13200
2323	643	Võ Cø	6	15	0	-5300 800 -6000	1 0 0 0	42	43	44	-1	-1	-1	-1	-1	-1	-1	0	0	15000	18000	21600
2324	643	ÐoÕn Ðài	5	16	0	-3300 800 -5500	1 0 0 0	46	47	48	49	-1	1	2	3	4	5	9000	11700	15200	19800	25700
2325	643	Tß¶ng thành	8	17	0	400 0 1000	1 0 0 0	1	1	1	1	-1	-1	-1	-1	-1	-1	0	0	0	0	0
2326	644	Huy®n nha	0	1	0	400 1200 -5600	1 0 0 0	72	73	74	75	-1	-1	-1	-1	-1	-1	20000	40000	80000	160000	320000
2327	644	ÐÕi kÏ	17	2	0	400 1200 -3600	1 0 0 0	1	1	1	1	-1	-1	-1	-1	-1	-1	0	0	0	0	0
2328	644	Võ Phß¶ng	11	4	0	3900 800 -5700	1 0 0 0	2	3	4	5	-1	6	7	8	9	10	9000	15300	26000	44200	75200
2329	644	Phòng Cø	4	5	0	5900 800 -5900	1 0 0 0	6	7	8	-1	-1	-1	-1	-1	-1	-1	0	0	15000	18000	21600
2330	644	Ti«n trang	3	6	0	5900 800 -4200	1 0 0 0	10	11	12	13	-1	100	28	46	64	82	10000	18000	32400	58300	105000
2331	644	Trß¶ng võ	15	7	0	5500 400 -200	1 0 0 0	14	15	16	17	-1	-1	-1	-1	-1	-1	9000	15300	26000	44200	75200
2332	644	M­ Thß½ng	7	8	0	3300 0 -1200	1 0 0 0	18	19	20	21	-1	-1	-1	-1	-1	-1	9000	11700	15200	19800	25700
2333	644	Thß vi®n	13	9	0	-2100 0 -1800	1 0 0 0	22	23	24	25	-1	-1	-1	-1	-1	-1	9000	11700	15200	19800	25700
2334	644	Y Xä	10	11	0	-4800 400 600	1 0 0 0	26	27	28	-1	-1	-1	11	12	13	-1	0	0	20000	26000	33800
2335	644	T§p Phß¶ng	9	12	0	-5700 400 -700	1 0 0 0	30	31	32	33	-1	-1	-1	-1	-1	-1	9000	11700	15200	19800	25700
2336	644	TØu quán	2	13	0	-5900 800 -2400	1 0 0 0	34	35	36	-1	-1	-1	14	15	16	-1	0	0	20000	26000	33800
2337	644	Sß½ng phòng	1	14	0	-5900 800 -3900	1 0 0 0	38	39	40	41	-1	-1	-1	-1	-1	-1	9000	9900	10900	12000	13200
2338	644	Võ Cø	6	15	0	-5300 800 -6000	1 0 0 0	42	43	44	-1	-1	-1	-1	-1	-1	-1	0	0	15000	18000	21600
2339	644	ÐoÕn Ðài	5	16	0	-3300 800 -5500	1 0 0 0	46	47	48	49	-1	1	2	3	4	5	9000	11700	15200	19800	25700
2340	644	Tß¶ng thành	8	17	0	400 0 1000	1 0 0 0	1	1	1	1	-1	-1	-1	-1	-1	-1	0	0	0	0	0
2341	645	Huy®n nha	0	1	0	400 1200 -5600	1 0 0 0	72	73	74	75	-1	-1	-1	-1	-1	-1	20000	40000	80000	160000	320000
2342	645	ÐÕi kÏ	17	2	0	400 1200 -3600	1 0 0 0	1	1	1	1	-1	-1	-1	-1	-1	-1	0	0	0	0	0
2343	645	Võ Phß¶ng	11	4	0	3900 800 -5700	1 0 0 0	2	3	4	5	-1	6	7	8	9	10	9000	15300	26000	44200	75200
2344	645	Phòng Cø	4	5	0	5900 800 -5900	1 0 0 0	6	7	8	-1	-1	-1	-1	-1	-1	-1	0	0	15000	18000	21600
2345	645	Ti«n trang	3	6	0	5900 800 -4200	1 0 0 0	10	11	12	13	-1	101	29	47	65	83	10000	18000	32400	58300	105000
2346	645	Trß¶ng võ	15	7	0	5500 400 -200	1 0 0 0	14	15	16	17	-1	-1	-1	-1	-1	-1	9000	15300	26000	44200	75200
2347	645	M­ Thß½ng	7	8	0	3300 0 -1200	1 0 0 0	18	19	20	21	-1	-1	-1	-1	-1	-1	9000	11700	15200	19800	25700
2348	645	Thß vi®n	13	9	0	-2100 0 -1800	1 0 0 0	22	23	24	25	-1	-1	-1	-1	-1	-1	9000	11700	15200	19800	25700
2349	645	Y Xä	10	11	0	-4800 400 600	1 0 0 0	26	27	28	-1	-1	-1	11	12	13	-1	0	0	20000	26000	33800
2350	645	T§p Phß¶ng	9	12	0	-5700 400 -700	1 0 0 0	30	31	32	33	-1	-1	-1	-1	-1	-1	9000	11700	15200	19800	25700
2351	645	TØu quán	2	13	0	-5900 800 -2400	1 0 0 0	34	35	36	-1	-1	-1	14	15	16	-1	0	0	20000	26000	33800
2352	645	Sß½ng phòng	1	14	0	-5900 800 -3900	1 0 0 0	38	39	40	41	-1	-1	-1	-1	-1	-1	9000	9900	10900	12000	13200
2353	645	Võ Cø	6	15	0	-5300 800 -6000	1 0 0 0	42	43	44	-1	-1	-1	-1	-1	-1	-1	0	0	15000	18000	21600
2354	645	ÐoÕn Ðài	5	16	0	-3300 800 -5500	1 0 0 0	46	47	48	49	-1	1	2	3	4	5	9000	11700	15200	19800	25700
2355	645	Tß¶ng thành	8	17	0	400 0 1000	1 0 0 0	1	1	1	1	-1	-1	-1	-1	-1	-1	0	0	0	0	0
2356	646	Huy®n nha	0	1	0	400 1200 -5600	1 0 0 0	72	73	74	75	-1	-1	-1	-1	-1	-1	20000	40000	80000	160000	320000
2357	646	ÐÕi kÏ	17	2	0	400 1200 -3600	1 0 0 0	1	1	1	1	-1	-1	-1	-1	-1	-1	0	0	0	0	0
2358	646	Võ Phß¶ng	11	4	0	3900 800 -5700	1 0 0 0	2	3	4	5	-1	6	7	8	9	10	9000	15300	26000	44200	75200
2359	646	Phòng Cø	4	5	0	5900 800 -5900	1 0 0 0	6	7	8	-1	-1	-1	-1	-1	-1	-1	0	0	15000	18000	21600
2360	646	Ti«n trang	3	6	0	5900 800 -4200	1 0 0 0	10	11	12	13	-1	102	30	48	66	84	10000	18000	32400	58300	105000
2361	646	Trß¶ng võ	15	7	0	5500 400 -200	1 0 0 0	14	15	16	17	-1	-1	-1	-1	-1	-1	9000	15300	26000	44200	75200
2362	646	M­ Thß½ng	7	8	0	3300 0 -1200	1 0 0 0	18	19	20	21	-1	-1	-1	-1	-1	-1	9000	11700	15200	19800	25700
2363	646	Thß vi®n	13	9	0	-2100 0 -1800	1 0 0 0	22	23	24	25	-1	-1	-1	-1	-1	-1	9000	11700	15200	19800	25700
2364	646	Y Xä	10	11	0	-4800 400 600	1 0 0 0	26	27	28	-1	-1	-1	11	12	13	-1	0	0	20000	26000	33800
2365	646	T§p Phß¶ng	9	12	0	-5700 400 -700	1 0 0 0	30	31	32	33	-1	-1	-1	-1	-1	-1	9000	11700	15200	19800	25700
2366	646	TØu quán	2	13	0	-5900 800 -2400	1 0 0 0	34	35	36	-1	-1	-1	14	15	16	-1	0	0	20000	26000	33800
2367	646	Sß½ng phòng	1	14	0	-5900 800 -3900	1 0 0 0	38	39	40	41	-1	-1	-1	-1	-1	-1	9000	9900	10900	12000	13200
2368	646	Võ Cø	6	15	0	-5300 800 -6000	1 0 0 0	42	43	44	-1	-1	-1	-1	-1	-1	-1	0	0	15000	18000	21600
2369	646	ÐoÕn Ðài	5	16	0	-3300 800 -5500	1 0 0 0	46	47	48	49	-1	1	2	3	4	5	9000	11700	15200	19800	25700
2370	646	Tß¶ng thành	8	17	0	400 0 1000	1 0 0 0	1	1	1	1	-1	-1	-1	-1	-1	-1	0	0	0	0	0
2371	647	Huy®n nha	0	1	0	400 1200 -5600	1 0 0 0	72	73	74	75	-1	-1	-1	-1	-1	-1	20000	40000	80000	160000	320000
2372	647	ÐÕi kÏ	17	2	0	400 1200 -3600	1 0 0 0	1	1	1	1	-1	-1	-1	-1	-1	-1	0	0	0	0	0
2373	647	Võ Phß¶ng	11	4	0	3900 800 -5700	1 0 0 0	2	3	4	5	-1	6	7	8	9	10	9000	15300	26000	44200	75200
2374	647	Phòng Cø	4	5	0	5900 800 -5900	1 0 0 0	6	7	8	-1	-1	-1	-1	-1	-1	-1	0	0	15000	18000	21600
2375	647	Ti«n trang	3	6	0	5900 800 -4200	1 0 0 0	10	11	12	13	-1	103	31	49	67	85	10000	18000	32400	58300	105000
2376	647	Trß¶ng võ	15	7	0	5500 400 -200	1 0 0 0	14	15	16	17	-1	-1	-1	-1	-1	-1	9000	15300	26000	44200	75200
2377	647	M­ Thß½ng	7	8	0	3300 0 -1200	1 0 0 0	18	19	20	21	-1	-1	-1	-1	-1	-1	9000	11700	15200	19800	25700
2378	647	Thß vi®n	13	9	0	-2100 0 -1800	1 0 0 0	22	23	24	25	-1	-1	-1	-1	-1	-1	9000	11700	15200	19800	25700
2379	647	Y Xä	10	11	0	-4800 400 600	1 0 0 0	26	27	28	-1	-1	-1	11	12	13	-1	0	0	20000	26000	33800
2380	647	T§p Phß¶ng	9	12	0	-5700 400 -700	1 0 0 0	30	31	32	33	-1	-1	-1	-1	-1	-1	9000	11700	15200	19800	25700
2381	647	TØu quán	2	13	0	-5900 800 -2400	1 0 0 0	34	35	36	-1	-1	-1	14	15	16	-1	0	0	20000	26000	33800
2382	647	Sß½ng phòng	1	14	0	-5900 800 -3900	1 0 0 0	38	39	40	41	-1	-1	-1	-1	-1	-1	9000	9900	10900	12000	13200
2383	647	Võ Cø	6	15	0	-5300 800 -6000	1 0 0 0	42	43	44	-1	-1	-1	-1	-1	-1	-1	0	0	15000	18000	21600
2384	647	ÐoÕn Ðài	5	16	0	-3300 800 -5500	1 0 0 0	46	47	48	49	-1	1	2	3	4	5	9000	11700	15200	19800	25700
2385	647	Tß¶ng thành	8	17	0	400 0 1000	1 0 0 0	1	1	1	1	-1	-1	-1	-1	-1	-1	0	0	0	0	0
2386	648	Huy®n nha	0	1	0	400 1200 -5600	1 0 0 0	72	73	74	75	-1	-1	-1	-1	-1	-1	20000	40000	80000	160000	320000
2387	648	ÐÕi kÏ	17	2	0	400 1200 -3600	1 0 0 0	1	1	1	1	-1	-1	-1	-1	-1	-1	0	0	0	0	0
2388	648	Võ Phß¶ng	11	4	0	3900 800 -5700	1 0 0 0	2	3	4	5	-1	6	7	8	9	10	9000	15300	26000	44200	75200
2389	648	Phòng Cø	4	5	0	5900 800 -5900	1 0 0 0	6	7	8	-1	-1	-1	-1	-1	-1	-1	0	0	15000	18000	21600
2390	648	Ti«n trang	3	6	0	5900 800 -4200	1 0 0 0	10	11	12	13	-1	104	32	50	68	86	10000	18000	32400	58300	105000
2391	648	Trß¶ng võ	15	7	0	5500 400 -200	1 0 0 0	14	15	16	17	-1	-1	-1	-1	-1	-1	9000	15300	26000	44200	75200
2392	648	M­ Thß½ng	7	8	0	3300 0 -1200	1 0 0 0	18	19	20	21	-1	-1	-1	-1	-1	-1	9000	11700	15200	19800	25700
2393	648	Thß vi®n	13	9	0	-2100 0 -1800	1 0 0 0	22	23	24	25	-1	-1	-1	-1	-1	-1	9000	11700	15200	19800	25700
2394	648	Y Xä	10	11	0	-4800 400 600	1 0 0 0	26	27	28	-1	-1	-1	11	12	13	-1	0	0	20000	26000	33800
2395	648	T§p Phß¶ng	9	12	0	-5700 400 -700	1 0 0 0	30	31	32	33	-1	-1	-1	-1	-1	-1	9000	11700	15200	19800	25700
2396	648	TØu quán	2	13	0	-5900 800 -2400	1 0 0 0	34	35	36	-1	-1	-1	14	15	16	-1	0	0	20000	26000	33800
2397	648	Sß½ng phòng	1	14	0	-5900 800 -3900	1 0 0 0	38	39	40	41	-1	-1	-1	-1	-1	-1	9000	9900	10900	12000	13200
2398	648	Võ Cø	6	15	0	-5300 800 -6000	1 0 0 0	42	43	44	-1	-1	-1	-1	-1	-1	-1	0	0	15000	18000	21600
2399	648	ÐoÕn Ðài	5	16	0	-3300 800 -5500	1 0 0 0	46	47	48	49	-1	1	2	3	4	5	9000	11700	15200	19800	25700
2400	648	Tß¶ng thành	8	17	0	400 0 1000	1 0 0 0	1	1	1	1	-1	-1	-1	-1	-1	-1	0	0	0	0	0
2401	649	Huy®n nha	0	1	0	400 1200 -5600	1 0 0 0	72	73	74	75	-1	-1	-1	-1	-1	-1	20000	40000	80000	160000	320000
2402	649	ÐÕi kÏ	17	2	0	400 1200 -3600	1 0 0 0	1	1	1	1	-1	-1	-1	-1	-1	-1	0	0	0	0	0
2403	649	Võ Phß¶ng	11	4	0	3900 800 -5700	1 0 0 0	2	3	4	5	-1	6	7	8	9	10	9000	15300	26000	44200	75200
2404	649	Phòng Cø	4	5	0	5900 800 -5900	1 0 0 0	6	7	8	-1	-1	-1	-1	-1	-1	-1	0	0	15000	18000	21600
2405	649	Ti«n trang	3	6	0	5900 800 -4200	1 0 0 0	10	11	12	13	-1	105	33	51	69	87	10000	18000	32400	58300	105000
2406	649	Trß¶ng võ	15	7	0	5500 400 -200	1 0 0 0	14	15	16	17	-1	-1	-1	-1	-1	-1	9000	15300	26000	44200	75200
2407	649	M­ Thß½ng	7	8	0	3300 0 -1200	1 0 0 0	18	19	20	21	-1	-1	-1	-1	-1	-1	9000	11700	15200	19800	25700
2408	649	Thß vi®n	13	9	0	-2100 0 -1800	1 0 0 0	22	23	24	25	-1	-1	-1	-1	-1	-1	9000	11700	15200	19800	25700
2409	649	Y Xä	10	11	0	-4800 400 600	1 0 0 0	26	27	28	-1	-1	-1	11	12	13	-1	0	0	20000	26000	33800
2410	649	T§p Phß¶ng	9	12	0	-5700 400 -700	1 0 0 0	30	31	32	33	-1	-1	-1	-1	-1	-1	9000	11700	15200	19800	25700
2411	649	TØu quán	2	13	0	-5900 800 -2400	1 0 0 0	34	35	36	-1	-1	-1	14	15	16	-1	0	0	20000	26000	33800
2412	649	Sß½ng phòng	1	14	0	-5900 800 -3900	1 0 0 0	38	39	40	41	-1	-1	-1	-1	-1	-1	9000	9900	10900	12000	13200
2413	649	Võ Cø	6	15	0	-5300 800 -6000	1 0 0 0	42	43	44	-1	-1	-1	-1	-1	-1	-1	0	0	15000	18000	21600
2414	649	ÐoÕn Ðài	5	16	0	-3300 800 -5500	1 0 0 0	46	47	48	49	-1	1	2	3	4	5	9000	11700	15200	19800	25700
2415	649	Tß¶ng thành	8	17	0	400 0 1000	1 0 0 0	1	1	1	1	-1	-1	-1	-1	-1	-1	0	0	0	0	0
2416	650	Huy®n nha	0	1	0	400 1200 -5600	1 0 0 0	72	73	74	75	-1	-1	-1	-1	-1	-1	20000	40000	80000	160000	320000
2417	650	ÐÕi kÏ	17	2	0	400 1200 -3600	1 0 0 0	1	1	1	1	-1	-1	-1	-1	-1	-1	0	0	0	0	0
2418	650	Võ Phß¶ng	11	4	0	3900 800 -5700	1 0 0 0	2	3	4	5	-1	6	7	8	9	10	9000	15300	26000	44200	75200
2419	650	Phòng Cø	4	5	0	5900 800 -5900	1 0 0 0	6	7	8	-1	-1	-1	-1	-1	-1	-1	0	0	15000	18000	21600
2420	650	Ti«n trang	3	6	0	5900 800 -4200	1 0 0 0	10	11	12	13	-1	106	34	52	70	88	10000	18000	32400	58300	105000
2421	650	Trß¶ng võ	15	7	0	5500 400 -200	1 0 0 0	14	15	16	17	-1	-1	-1	-1	-1	-1	9000	15300	26000	44200	75200
2422	650	M­ Thß½ng	7	8	0	3300 0 -1200	1 0 0 0	18	19	20	21	-1	-1	-1	-1	-1	-1	9000	11700	15200	19800	25700
2423	650	Thß vi®n	13	9	0	-2100 0 -1800	1 0 0 0	22	23	24	25	-1	-1	-1	-1	-1	-1	9000	11700	15200	19800	25700
2424	650	Y Xä	10	11	0	-4800 400 600	1 0 0 0	26	27	28	-1	-1	-1	11	12	13	-1	0	0	20000	26000	33800
2425	650	T§p Phß¶ng	9	12	0	-5700 400 -700	1 0 0 0	30	31	32	33	-1	-1	-1	-1	-1	-1	9000	11700	15200	19800	25700
2426	650	TØu quán	2	13	0	-5900 800 -2400	1 0 0 0	34	35	36	-1	-1	-1	14	15	16	-1	0	0	20000	26000	33800
2427	650	Sß½ng phòng	1	14	0	-5900 800 -3900	1 0 0 0	38	39	40	41	-1	-1	-1	-1	-1	-1	9000	9900	10900	12000	13200
2428	650	Võ Cø	6	15	0	-5300 800 -6000	1 0 0 0	42	43	44	-1	-1	-1	-1	-1	-1	-1	0	0	15000	18000	21600
2429	650	ÐoÕn Ðài	5	16	0	-3300 800 -5500	1 0 0 0	46	47	48	49	-1	1	2	3	4	5	9000	11700	15200	19800	25700
2430	650	Tß¶ng thành	8	17	0	400 0 1000	1 0 0 0	1	1	1	1	-1	-1	-1	-1	-1	-1	0	0	0	0	0
2431	651	Huy®n nha	0	1	0	400 1200 -5600	1 0 0 0	72	73	74	75	-1	-1	-1	-1	-1	-1	20000	40000	80000	160000	320000
2432	651	ÐÕi kÏ	17	2	0	400 1200 -3600	1 0 0 0	1	1	1	1	-1	-1	-1	-1	-1	-1	0	0	0	0	0
2433	651	Võ Phß¶ng	11	4	0	3900 800 -5700	1 0 0 0	2	3	4	5	-1	6	7	8	9	10	9000	15300	26000	44200	75200
2434	651	Phòng Cø	4	5	0	5900 800 -5900	1 0 0 0	6	7	8	-1	-1	-1	-1	-1	-1	-1	0	0	15000	18000	21600
2435	651	Ti«n trang	3	6	0	5900 800 -4200	1 0 0 0	10	11	12	13	-1	89	17	35	53	71	10000	18000	32400	58300	105000
2436	651	Trß¶ng võ	15	7	0	5500 400 -200	1 0 0 0	14	15	16	17	-1	-1	-1	-1	-1	-1	9000	15300	26000	44200	75200
2437	651	M­ Thß½ng	7	8	0	3300 0 -1200	1 0 0 0	18	19	20	21	-1	-1	-1	-1	-1	-1	9000	11700	15200	19800	25700
2438	651	Thß vi®n	13	9	0	-2100 0 -1800	1 0 0 0	22	23	24	25	-1	-1	-1	-1	-1	-1	9000	11700	15200	19800	25700
2439	651	Y Xä	10	11	0	-4800 400 600	1 0 0 0	26	27	28	-1	-1	-1	11	12	13	-1	0	0	20000	26000	33800
2440	651	T§p Phß¶ng	9	12	0	-5700 400 -700	1 0 0 0	30	31	32	33	-1	-1	-1	-1	-1	-1	9000	11700	15200	19800	25700
2441	651	TØu quán	2	13	0	-5900 800 -2400	1 0 0 0	34	35	36	-1	-1	-1	14	15	16	-1	0	0	20000	26000	33800
2442	651	Sß½ng phòng	1	14	0	-5900 800 -3900	1 0 0 0	38	39	40	41	-1	-1	-1	-1	-1	-1	9000	9900	10900	12000	13200
2443	651	Võ Cø	6	15	0	-5300 800 -6000	1 0 0 0	42	43	44	-1	-1	-1	-1	-1	-1	-1	0	0	15000	18000	21600
2444	651	ÐoÕn Ðài	5	16	0	-3300 800 -5500	1 0 0 0	46	47	48	49	-1	1	2	3	4	5	9000	11700	15200	19800	25700
2445	651	Tß¶ng thành	8	17	0	400 0 1000	1 0 0 0	1	1	1	1	-1	-1	-1	-1	-1	-1	0	0	0	0	0
2446	652	Huy®n nha	0	1	0	400 1200 -5600	1 0 0 0	72	73	74	75	-1	-1	-1	-1	-1	-1	20000	40000	80000	160000	320000
2447	652	ÐÕi kÏ	17	2	0	400 1200 -3600	1 0 0 0	1	1	1	1	-1	-1	-1	-1	-1	-1	0	0	0	0	0
2448	652	Võ Phß¶ng	11	4	0	3900 800 -5700	1 0 0 0	2	3	4	5	-1	6	7	8	9	10	9000	15300	26000	44200	75200
2449	652	Phòng Cø	4	5	0	5900 800 -5900	1 0 0 0	6	7	8	-1	-1	-1	-1	-1	-1	-1	0	0	15000	18000	21600
2450	652	Ti«n trang	3	6	0	5900 800 -4200	1 0 0 0	10	11	12	13	-1	90	18	36	54	72	10000	18000	32400	58300	105000
2451	652	Trß¶ng võ	15	7	0	5500 400 -200	1 0 0 0	14	15	16	17	-1	-1	-1	-1	-1	-1	9000	15300	26000	44200	75200
2452	652	M­ Thß½ng	7	8	0	3300 0 -1200	1 0 0 0	18	19	20	21	-1	-1	-1	-1	-1	-1	9000	11700	15200	19800	25700
2453	652	Thß vi®n	13	9	0	-2100 0 -1800	1 0 0 0	22	23	24	25	-1	-1	-1	-1	-1	-1	9000	11700	15200	19800	25700
2454	652	Y Xä	10	11	0	-4800 400 600	1 0 0 0	26	27	28	-1	-1	-1	11	12	13	-1	0	0	20000	26000	33800
2455	652	T§p Phß¶ng	9	12	0	-5700 400 -700	1 0 0 0	30	31	32	33	-1	-1	-1	-1	-1	-1	9000	11700	15200	19800	25700
2456	652	TØu quán	2	13	0	-5900 800 -2400	1 0 0 0	34	35	36	-1	-1	-1	14	15	16	-1	0	0	20000	26000	33800
2457	652	Sß½ng phòng	1	14	0	-5900 800 -3900	1 0 0 0	38	39	40	41	-1	-1	-1	-1	-1	-1	9000	9900	10900	12000	13200
2458	652	Võ Cø	6	15	0	-5300 800 -6000	1 0 0 0	42	43	44	-1	-1	-1	-1	-1	-1	-1	0	0	15000	18000	21600
2459	652	ÐoÕn Ðài	5	16	0	-3300 800 -5500	1 0 0 0	46	47	48	49	-1	1	2	3	4	5	9000	11700	15200	19800	25700
2460	652	Tß¶ng thành	8	17	0	400 0 1000	1 0 0 0	1	1	1	1	-1	-1	-1	-1	-1	-1	0	0	0	0	0
2461	653	Huy®n nha	0	1	0	400 1200 -5600	1 0 0 0	72	73	74	75	-1	-1	-1	-1	-1	-1	20000	40000	80000	160000	320000
2462	653	ÐÕi kÏ	17	2	0	400 1200 -3600	1 0 0 0	1	1	1	1	-1	-1	-1	-1	-1	-1	0	0	0	0	0
2463	653	Võ Phß¶ng	11	4	0	3900 800 -5700	1 0 0 0	2	3	4	5	-1	6	7	8	9	10	9000	15300	26000	44200	75200
2464	653	Phòng Cø	4	5	0	5900 800 -5900	1 0 0 0	6	7	8	-1	-1	-1	-1	-1	-1	-1	0	0	15000	18000	21600
2465	653	Ti«n trang	3	6	0	5900 800 -4200	1 0 0 0	10	11	12	13	-1	91	19	37	55	73	10000	18000	32400	58300	105000
2466	653	Trß¶ng võ	15	7	0	5500 400 -200	1 0 0 0	14	15	16	17	-1	-1	-1	-1	-1	-1	9000	15300	26000	44200	75200
2467	653	M­ Thß½ng	7	8	0	3300 0 -1200	1 0 0 0	18	19	20	21	-1	-1	-1	-1	-1	-1	9000	11700	15200	19800	25700
2468	653	Thß vi®n	13	9	0	-2100 0 -1800	1 0 0 0	22	23	24	25	-1	-1	-1	-1	-1	-1	9000	11700	15200	19800	25700
2469	653	Y Xä	10	11	0	-4800 400 600	1 0 0 0	26	27	28	-1	-1	-1	11	12	13	-1	0	0	20000	26000	33800
2470	653	T§p Phß¶ng	9	12	0	-5700 400 -700	1 0 0 0	30	31	32	33	-1	-1	-1	-1	-1	-1	9000	11700	15200	19800	25700
2471	653	TØu quán	2	13	0	-5900 800 -2400	1 0 0 0	34	35	36	-1	-1	-1	14	15	16	-1	0	0	20000	26000	33800
2472	653	Sß½ng phòng	1	14	0	-5900 800 -3900	1 0 0 0	38	39	40	41	-1	-1	-1	-1	-1	-1	9000	9900	10900	12000	13200
2473	653	Võ Cø	6	15	0	-5300 800 -6000	1 0 0 0	42	43	44	-1	-1	-1	-1	-1	-1	-1	0	0	15000	18000	21600
2474	653	ÐoÕn Ðài	5	16	0	-3300 800 -5500	1 0 0 0	46	47	48	49	-1	1	2	3	4	5	9000	11700	15200	19800	25700
2475	653	Tß¶ng thành	8	17	0	400 0 1000	1 0 0 0	1	1	1	1	-1	-1	-1	-1	-1	-1	0	0	0	0	0
2476	654	Huy®n nha	0	1	0	400 1200 -5600	1 0 0 0	72	73	74	75	-1	-1	-1	-1	-1	-1	20000	40000	80000	160000	320000
2477	654	ÐÕi kÏ	17	2	0	400 1200 -3600	1 0 0 0	1	1	1	1	-1	-1	-1	-1	-1	-1	0	0	0	0	0
2478	654	Võ Phß¶ng	11	4	0	3900 800 -5700	1 0 0 0	2	3	4	5	-1	6	7	8	9	10	9000	15300	26000	44200	75200
2479	654	Phòng Cø	4	5	0	5900 800 -5900	1 0 0 0	6	7	8	-1	-1	-1	-1	-1	-1	-1	0	0	15000	18000	21600
2480	654	Ti«n trang	3	6	0	5900 800 -4200	1 0 0 0	10	11	12	13	-1	92	20	38	56	74	10000	18000	32400	58300	105000
2481	654	Trß¶ng võ	15	7	0	5500 400 -200	1 0 0 0	14	15	16	17	-1	-1	-1	-1	-1	-1	9000	15300	26000	44200	75200
2482	654	M­ Thß½ng	7	8	0	3300 0 -1200	1 0 0 0	18	19	20	21	-1	-1	-1	-1	-1	-1	9000	11700	15200	19800	25700
2483	654	Thß vi®n	13	9	0	-2100 0 -1800	1 0 0 0	22	23	24	25	-1	-1	-1	-1	-1	-1	9000	11700	15200	19800	25700
2484	654	Y Xä	10	11	0	-4800 400 600	1 0 0 0	26	27	28	-1	-1	-1	11	12	13	-1	0	0	20000	26000	33800
2485	654	T§p Phß¶ng	9	12	0	-5700 400 -700	1 0 0 0	30	31	32	33	-1	-1	-1	-1	-1	-1	9000	11700	15200	19800	25700
2486	654	TØu quán	2	13	0	-5900 800 -2400	1 0 0 0	34	35	36	-1	-1	-1	14	15	16	-1	0	0	20000	26000	33800
2487	654	Sß½ng phòng	1	14	0	-5900 800 -3900	1 0 0 0	38	39	40	41	-1	-1	-1	-1	-1	-1	9000	9900	10900	12000	13200
2488	654	Võ Cø	6	15	0	-5300 800 -6000	1 0 0 0	42	43	44	-1	-1	-1	-1	-1	-1	-1	0	0	15000	18000	21600
2489	654	ÐoÕn Ðài	5	16	0	-3300 800 -5500	1 0 0 0	46	47	48	49	-1	1	2	3	4	5	9000	11700	15200	19800	25700
2490	654	Tß¶ng thành	8	17	0	400 0 1000	1 0 0 0	1	1	1	1	-1	-1	-1	-1	-1	-1	0	0	0	0	0
2491	655	Huy®n nha	0	1	0	400 1200 -5600	1 0 0 0	72	73	74	75	-1	-1	-1	-1	-1	-1	20000	40000	80000	160000	320000
2492	655	ÐÕi kÏ	17	2	0	400 1200 -3600	1 0 0 0	1	1	1	1	-1	-1	-1	-1	-1	-1	0	0	0	0	0
2493	655	Võ Phß¶ng	11	4	0	3900 800 -5700	1 0 0 0	2	3	4	5	-1	6	7	8	9	10	9000	15300	26000	44200	75200
2494	655	Phòng Cø	4	5	0	5900 800 -5900	1 0 0 0	6	7	8	-1	-1	-1	-1	-1	-1	-1	0	0	15000	18000	21600
2495	655	Ti«n trang	3	6	0	5900 800 -4200	1 0 0 0	10	11	12	13	-1	93	21	39	57	75	10000	18000	32400	58300	105000
2496	655	Trß¶ng võ	15	7	0	5500 400 -200	1 0 0 0	14	15	16	17	-1	-1	-1	-1	-1	-1	9000	15300	26000	44200	75200
2497	655	M­ Thß½ng	7	8	0	3300 0 -1200	1 0 0 0	18	19	20	21	-1	-1	-1	-1	-1	-1	9000	11700	15200	19800	25700
2498	655	Thß vi®n	13	9	0	-2100 0 -1800	1 0 0 0	22	23	24	25	-1	-1	-1	-1	-1	-1	9000	11700	15200	19800	25700
2499	655	Y Xä	10	11	0	-4800 400 600	1 0 0 0	26	27	28	-1	-1	-1	11	12	13	-1	0	0	20000	26000	33800
2500	655	T§p Phß¶ng	9	12	0	-5700 400 -700	1 0 0 0	30	31	32	33	-1	-1	-1	-1	-1	-1	9000	11700	15200	19800	25700
2501	655	TØu quán	2	13	0	-5900 800 -2400	1 0 0 0	34	35	36	-1	-1	-1	14	15	16	-1	0	0	20000	26000	33800
2502	655	Sß½ng phòng	1	14	0	-5900 800 -3900	1 0 0 0	38	39	40	41	-1	-1	-1	-1	-1	-1	9000	9900	10900	12000	13200
2503	655	Võ Cø	6	15	0	-5300 800 -6000	1 0 0 0	42	43	44	-1	-1	-1	-1	-1	-1	-1	0	0	15000	18000	21600
2504	655	ÐoÕn Ðài	5	16	0	-3300 800 -5500	1 0 0 0	46	47	48	49	-1	1	2	3	4	5	9000	11700	15200	19800	25700
2505	655	Tß¶ng thành	8	17	0	400 0 1000	1 0 0 0	1	1	1	1	-1	-1	-1	-1	-1	-1	0	0	0	0	0
2506	656	Huy®n nha	0	1	0	400 1200 -5600	1 0 0 0	72	73	74	75	-1	-1	-1	-1	-1	-1	20000	40000	80000	160000	320000
2507	656	ÐÕi kÏ	17	2	0	400 1200 -3600	1 0 0 0	1	1	1	1	-1	-1	-1	-1	-1	-1	0	0	0	0	0
2508	656	Võ Phß¶ng	11	4	0	3900 800 -5700	1 0 0 0	2	3	4	5	-1	6	7	8	9	10	9000	15300	26000	44200	75200
2509	656	Phòng Cø	4	5	0	5900 800 -5900	1 0 0 0	6	7	8	-1	-1	-1	-1	-1	-1	-1	0	0	15000	18000	21600
2510	656	Ti«n trang	3	6	0	5900 800 -4200	1 0 0 0	10	11	12	13	-1	94	22	40	58	76	10000	18000	32400	58300	105000
2511	656	Trß¶ng võ	15	7	0	5500 400 -200	1 0 0 0	14	15	16	17	-1	-1	-1	-1	-1	-1	9000	15300	26000	44200	75200
2512	656	M­ Thß½ng	7	8	0	3300 0 -1200	1 0 0 0	18	19	20	21	-1	-1	-1	-1	-1	-1	9000	11700	15200	19800	25700
2513	656	Thß vi®n	13	9	0	-2100 0 -1800	1 0 0 0	22	23	24	25	-1	-1	-1	-1	-1	-1	9000	11700	15200	19800	25700
2514	656	Y Xä	10	11	0	-4800 400 600	1 0 0 0	26	27	28	-1	-1	-1	11	12	13	-1	0	0	20000	26000	33800
2515	656	T§p Phß¶ng	9	12	0	-5700 400 -700	1 0 0 0	30	31	32	33	-1	-1	-1	-1	-1	-1	9000	11700	15200	19800	25700
2516	656	TØu quán	2	13	0	-5900 800 -2400	1 0 0 0	34	35	36	-1	-1	-1	14	15	16	-1	0	0	20000	26000	33800
2517	656	Sß½ng phòng	1	14	0	-5900 800 -3900	1 0 0 0	38	39	40	41	-1	-1	-1	-1	-1	-1	9000	9900	10900	12000	13200
2518	656	Võ Cø	6	15	0	-5300 800 -6000	1 0 0 0	42	43	44	-1	-1	-1	-1	-1	-1	-1	0	0	15000	18000	21600
2519	656	ÐoÕn Ðài	5	16	0	-3300 800 -5500	1 0 0 0	46	47	48	49	-1	1	2	3	4	5	9000	11700	15200	19800	25700
2520	656	Tß¶ng thành	8	17	0	400 0 1000	1 0 0 0	1	1	1	1	-1	-1	-1	-1	-1	-1	0	0	0	0	0
2521	657	Huy®n nha	0	1	0	400 1200 -5600	1 0 0 0	72	73	74	75	-1	-1	-1	-1	-1	-1	20000	40000	80000	160000	320000
2522	657	ÐÕi kÏ	17	2	0	400 1200 -3600	1 0 0 0	1	1	1	1	-1	-1	-1	-1	-1	-1	0	0	0	0	0
2523	657	Võ Phß¶ng	11	4	0	3900 800 -5700	1 0 0 0	2	3	4	5	-1	6	7	8	9	10	9000	15300	26000	44200	75200
2524	657	Phòng Cø	4	5	0	5900 800 -5900	1 0 0 0	6	7	8	-1	-1	-1	-1	-1	-1	-1	0	0	15000	18000	21600
2525	657	Ti«n trang	3	6	0	5900 800 -4200	1 0 0 0	10	11	12	13	-1	95	23	41	59	77	10000	18000	32400	58300	105000
2526	657	Trß¶ng võ	15	7	0	5500 400 -200	1 0 0 0	14	15	16	17	-1	-1	-1	-1	-1	-1	9000	15300	26000	44200	75200
2527	657	M­ Thß½ng	7	8	0	3300 0 -1200	1 0 0 0	18	19	20	21	-1	-1	-1	-1	-1	-1	9000	11700	15200	19800	25700
2528	657	Thß vi®n	13	9	0	-2100 0 -1800	1 0 0 0	22	23	24	25	-1	-1	-1	-1	-1	-1	9000	11700	15200	19800	25700
2529	657	Y Xä	10	11	0	-4800 400 600	1 0 0 0	26	27	28	-1	-1	-1	11	12	13	-1	0	0	20000	26000	33800
2530	657	T§p Phß¶ng	9	12	0	-5700 400 -700	1 0 0 0	30	31	32	33	-1	-1	-1	-1	-1	-1	9000	11700	15200	19800	25700
2531	657	TØu quán	2	13	0	-5900 800 -2400	1 0 0 0	34	35	36	-1	-1	-1	14	15	16	-1	0	0	20000	26000	33800
2532	657	Sß½ng phòng	1	14	0	-5900 800 -3900	1 0 0 0	38	39	40	41	-1	-1	-1	-1	-1	-1	9000	9900	10900	12000	13200
2533	657	Võ Cø	6	15	0	-5300 800 -6000	1 0 0 0	42	43	44	-1	-1	-1	-1	-1	-1	-1	0	0	15000	18000	21600
2534	657	ÐoÕn Ðài	5	16	0	-3300 800 -5500	1 0 0 0	46	47	48	49	-1	1	2	3	4	5	9000	11700	15200	19800	25700
2535	657	Tß¶ng thành	8	17	0	400 0 1000	1 0 0 0	1	1	1	1	-1	-1	-1	-1	-1	-1	0	0	0	0	0
2536	658	Huy®n nha	0	1	0	400 1200 -5600	1 0 0 0	72	73	74	75	-1	-1	-1	-1	-1	-1	20000	40000	80000	160000	320000
2537	658	ÐÕi kÏ	17	2	0	400 1200 -3600	1 0 0 0	1	1	1	1	-1	-1	-1	-1	-1	-1	0	0	0	0	0
2538	658	Võ Phß¶ng	11	4	0	3900 800 -5700	1 0 0 0	2	3	4	5	-1	6	7	8	9	10	9000	15300	26000	44200	75200
2539	658	Phòng Cø	4	5	0	5900 800 -5900	1 0 0 0	6	7	8	-1	-1	-1	-1	-1	-1	-1	0	0	15000	18000	21600
2540	658	Ti«n trang	3	6	0	5900 800 -4200	1 0 0 0	10	11	12	13	-1	96	24	42	60	78	10000	18000	32400	58300	105000
2541	658	Trß¶ng võ	15	7	0	5500 400 -200	1 0 0 0	14	15	16	17	-1	-1	-1	-1	-1	-1	9000	15300	26000	44200	75200
2542	658	M­ Thß½ng	7	8	0	3300 0 -1200	1 0 0 0	18	19	20	21	-1	-1	-1	-1	-1	-1	9000	11700	15200	19800	25700
2543	658	Thß vi®n	13	9	0	-2100 0 -1800	1 0 0 0	22	23	24	25	-1	-1	-1	-1	-1	-1	9000	11700	15200	19800	25700
2544	658	Y Xä	10	11	0	-4800 400 600	1 0 0 0	26	27	28	-1	-1	-1	11	12	13	-1	0	0	20000	26000	33800
2545	658	T§p Phß¶ng	9	12	0	-5700 400 -700	1 0 0 0	30	31	32	33	-1	-1	-1	-1	-1	-1	9000	11700	15200	19800	25700
2546	658	TØu quán	2	13	0	-5900 800 -2400	1 0 0 0	34	35	36	-1	-1	-1	14	15	16	-1	0	0	20000	26000	33800
2547	658	Sß½ng phòng	1	14	0	-5900 800 -3900	1 0 0 0	38	39	40	41	-1	-1	-1	-1	-1	-1	9000	9900	10900	12000	13200
2548	658	Võ Cø	6	15	0	-5300 800 -6000	1 0 0 0	42	43	44	-1	-1	-1	-1	-1	-1	-1	0	0	15000	18000	21600
2549	658	ÐoÕn Ðài	5	16	0	-3300 800 -5500	1 0 0 0	46	47	48	49	-1	1	2	3	4	5	9000	11700	15200	19800	25700
2550	658	Tß¶ng thành	8	17	0	400 0 1000	1 0 0 0	1	1	1	1	-1	-1	-1	-1	-1	-1	0	0	0	0	0
2551	659	Huy®n nha	0	1	0	400 1200 -5600	1 0 0 0	72	73	74	75	-1	-1	-1	-1	-1	-1	20000	40000	80000	160000	320000
2552	659	ÐÕi kÏ	17	2	0	400 1200 -3600	1 0 0 0	1	1	1	1	-1	-1	-1	-1	-1	-1	0	0	0	0	0
2553	659	Võ Phß¶ng	11	4	0	3900 800 -5700	1 0 0 0	2	3	4	5	-1	6	7	8	9	10	9000	15300	26000	44200	75200
2554	659	Phòng Cø	4	5	0	5900 800 -5900	1 0 0 0	6	7	8	-1	-1	-1	-1	-1	-1	-1	0	0	15000	18000	21600
2555	659	Ti«n trang	3	6	0	5900 800 -4200	1 0 0 0	10	11	12	13	-1	97	25	43	61	79	10000	18000	32400	58300	105000
2556	659	Trß¶ng võ	15	7	0	5500 400 -200	1 0 0 0	14	15	16	17	-1	-1	-1	-1	-1	-1	9000	15300	26000	44200	75200
2557	659	M­ Thß½ng	7	8	0	3300 0 -1200	1 0 0 0	18	19	20	21	-1	-1	-1	-1	-1	-1	9000	11700	15200	19800	25700
2558	659	Thß vi®n	13	9	0	-2100 0 -1800	1 0 0 0	22	23	24	25	-1	-1	-1	-1	-1	-1	9000	11700	15200	19800	25700
2559	659	Y Xä	10	11	0	-4800 400 600	1 0 0 0	26	27	28	-1	-1	-1	11	12	13	-1	0	0	20000	26000	33800
2560	659	T§p Phß¶ng	9	12	0	-5700 400 -700	1 0 0 0	30	31	32	33	-1	-1	-1	-1	-1	-1	9000	11700	15200	19800	25700
2561	659	TØu quán	2	13	0	-5900 800 -2400	1 0 0 0	34	35	36	-1	-1	-1	14	15	16	-1	0	0	20000	26000	33800
2562	659	Sß½ng phòng	1	14	0	-5900 800 -3900	1 0 0 0	38	39	40	41	-1	-1	-1	-1	-1	-1	9000	9900	10900	12000	13200
2563	659	Võ Cø	6	15	0	-5300 800 -6000	1 0 0 0	42	43	44	-1	-1	-1	-1	-1	-1	-1	0	0	15000	18000	21600
2564	659	ÐoÕn Ðài	5	16	0	-3300 800 -5500	1 0 0 0	46	47	48	49	-1	1	2	3	4	5	9000	11700	15200	19800	25700
2565	659	Tß¶ng thành	8	17	0	400 0 1000	1 0 0 0	1	1	1	1	-1	-1	-1	-1	-1	-1	0	0	0	0	0
2566	660	Huy®n nha	0	1	0	400 1200 -5600	1 0 0 0	72	73	74	75	-1	-1	-1	-1	-1	-1	20000	40000	80000	160000	320000
2567	660	ÐÕi kÏ	17	2	0	400 1200 -3600	1 0 0 0	1	1	1	1	-1	-1	-1	-1	-1	-1	0	0	0	0	0
2568	660	Võ Phß¶ng	11	4	0	3900 800 -5700	1 0 0 0	2	3	4	5	-1	6	7	8	9	10	9000	15300	26000	44200	75200
2569	660	Phòng Cø	4	5	0	5900 800 -5900	1 0 0 0	6	7	8	-1	-1	-1	-1	-1	-1	-1	0	0	15000	18000	21600
2570	660	Ti«n trang	3	6	0	5900 800 -4200	1 0 0 0	10	11	12	13	-1	98	26	44	62	80	10000	18000	32400	58300	105000
2571	660	Trß¶ng võ	15	7	0	5500 400 -200	1 0 0 0	14	15	16	17	-1	-1	-1	-1	-1	-1	9000	15300	26000	44200	75200
2572	660	M­ Thß½ng	7	8	0	3300 0 -1200	1 0 0 0	18	19	20	21	-1	-1	-1	-1	-1	-1	9000	11700	15200	19800	25700
2573	660	Thß vi®n	13	9	0	-2100 0 -1800	1 0 0 0	22	23	24	25	-1	-1	-1	-1	-1	-1	9000	11700	15200	19800	25700
2574	660	Y Xä	10	11	0	-4800 400 600	1 0 0 0	26	27	28	-1	-1	-1	11	12	13	-1	0	0	20000	26000	33800
2575	660	T§p Phß¶ng	9	12	0	-5700 400 -700	1 0 0 0	30	31	32	33	-1	-1	-1	-1	-1	-1	9000	11700	15200	19800	25700
2576	660	TØu quán	2	13	0	-5900 800 -2400	1 0 0 0	34	35	36	-1	-1	-1	14	15	16	-1	0	0	20000	26000	33800
2577	660	Sß½ng phòng	1	14	0	-5900 800 -3900	1 0 0 0	38	39	40	41	-1	-1	-1	-1	-1	-1	9000	9900	10900	12000	13200
2578	660	Võ Cø	6	15	0	-5300 800 -6000	1 0 0 0	42	43	44	-1	-1	-1	-1	-1	-1	-1	0	0	15000	18000	21600
2579	660	ÐoÕn Ðài	5	16	0	-3300 800 -5500	1 0 0 0	46	47	48	49	-1	1	2	3	4	5	9000	11700	15200	19800	25700
2580	660	Tß¶ng thành	8	17	0	400 0 1000	1 0 0 0	1	1	1	1	-1	-1	-1	-1	-1	-1	0	0	0	0	0
2581	661	Huy®n nha	0	1	0	400 1200 -5600	1 0 0 0	72	73	74	75	-1	-1	-1	-1	-1	-1	20000	40000	80000	160000	320000
2582	661	ÐÕi kÏ	17	2	0	400 1200 -3600	1 0 0 0	1	1	1	1	-1	-1	-1	-1	-1	-1	0	0	0	0	0
2583	661	Võ Phß¶ng	11	4	0	3900 800 -5700	1 0 0 0	2	3	4	5	-1	6	7	8	9	10	9000	15300	26000	44200	75200
2584	661	Phòng Cø	4	5	0	5900 800 -5900	1 0 0 0	6	7	8	-1	-1	-1	-1	-1	-1	-1	0	0	15000	18000	21600
2585	661	Ti«n trang	3	6	0	5900 800 -4200	1 0 0 0	10	11	12	13	-1	99	27	45	63	81	10000	18000	32400	58300	105000
2586	661	Trß¶ng võ	15	7	0	5500 400 -200	1 0 0 0	14	15	16	17	-1	-1	-1	-1	-1	-1	9000	15300	26000	44200	75200
2587	661	M­ Thß½ng	7	8	0	3300 0 -1200	1 0 0 0	18	19	20	21	-1	-1	-1	-1	-1	-1	9000	11700	15200	19800	25700
2588	661	Thß vi®n	13	9	0	-2100 0 -1800	1 0 0 0	22	23	24	25	-1	-1	-1	-1	-1	-1	9000	11700	15200	19800	25700
2589	661	Y Xä	10	11	0	-4800 400 600	1 0 0 0	26	27	28	-1	-1	-1	11	12	13	-1	0	0	20000	26000	33800
2590	661	T§p Phß¶ng	9	12	0	-5700 400 -700	1 0 0 0	30	31	32	33	-1	-1	-1	-1	-1	-1	9000	11700	15200	19800	25700
2591	661	TØu quán	2	13	0	-5900 800 -2400	1 0 0 0	34	35	36	-1	-1	-1	14	15	16	-1	0	0	20000	26000	33800
2592	661	Sß½ng phòng	1	14	0	-5900 800 -3900	1 0 0 0	38	39	40	41	-1	-1	-1	-1	-1	-1	9000	9900	10900	12000	13200
2593	661	Võ Cø	6	15	0	-5300 800 -6000	1 0 0 0	42	43	44	-1	-1	-1	-1	-1	-1	-1	0	0	15000	18000	21600
2594	661	ÐoÕn Ðài	5	16	0	-3300 800 -5500	1 0 0 0	46	47	48	49	-1	1	2	3	4	5	9000	11700	15200	19800	25700
2595	661	Tß¶ng thành	8	17	0	400 0 1000	1 0 0 0	1	1	1	1	-1	-1	-1	-1	-1	-1	0	0	0	0	0
2596	662	Huy®n nha	0	1	0	400 1200 -5600	1 0 0 0	72	73	74	75	-1	-1	-1	-1	-1	-1	20000	40000	80000	160000	320000
2597	662	ÐÕi kÏ	17	2	0	400 1200 -3600	1 0 0 0	1	1	1	1	-1	-1	-1	-1	-1	-1	0	0	0	0	0
2598	662	Võ Phß¶ng	11	4	0	3900 800 -5700	1 0 0 0	2	3	4	5	-1	6	7	8	9	10	9000	15300	26000	44200	75200
2599	662	Phòng Cø	4	5	0	5900 800 -5900	1 0 0 0	6	7	8	-1	-1	-1	-1	-1	-1	-1	0	0	15000	18000	21600
2600	662	Ti«n trang	3	6	0	5900 800 -4200	1 0 0 0	10	11	12	13	-1	100	28	46	64	82	10000	18000	32400	58300	105000
2601	662	Trß¶ng võ	15	7	0	5500 400 -200	1 0 0 0	14	15	16	17	-1	-1	-1	-1	-1	-1	9000	15300	26000	44200	75200
2602	662	M­ Thß½ng	7	8	0	3300 0 -1200	1 0 0 0	18	19	20	21	-1	-1	-1	-1	-1	-1	9000	11700	15200	19800	25700
2603	662	Thß vi®n	13	9	0	-2100 0 -1800	1 0 0 0	22	23	24	25	-1	-1	-1	-1	-1	-1	9000	11700	15200	19800	25700
2604	662	Y Xä	10	11	0	-4800 400 600	1 0 0 0	26	27	28	-1	-1	-1	11	12	13	-1	0	0	20000	26000	33800
2605	662	T§p Phß¶ng	9	12	0	-5700 400 -700	1 0 0 0	30	31	32	33	-1	-1	-1	-1	-1	-1	9000	11700	15200	19800	25700
2606	662	TØu quán	2	13	0	-5900 800 -2400	1 0 0 0	34	35	36	-1	-1	-1	14	15	16	-1	0	0	20000	26000	33800
2607	662	Sß½ng phòng	1	14	0	-5900 800 -3900	1 0 0 0	38	39	40	41	-1	-1	-1	-1	-1	-1	9000	9900	10900	12000	13200
2608	662	Võ Cø	6	15	0	-5300 800 -6000	1 0 0 0	42	43	44	-1	-1	-1	-1	-1	-1	-1	0	0	15000	18000	21600
2609	662	ÐoÕn Ðài	5	16	0	-3300 800 -5500	1 0 0 0	46	47	48	49	-1	1	2	3	4	5	9000	11700	15200	19800	25700
2610	662	Tß¶ng thành	8	17	0	400 0 1000	1 0 0 0	1	1	1	1	-1	-1	-1	-1	-1	-1	0	0	0	0	0
2611	663	Huy®n nha	0	1	0	400 1200 -5600	1 0 0 0	72	73	74	75	-1	-1	-1	-1	-1	-1	20000	40000	80000	160000	320000
2612	663	ÐÕi kÏ	17	2	0	400 1200 -3600	1 0 0 0	1	1	1	1	-1	-1	-1	-1	-1	-1	0	0	0	0	0
2613	663	Võ Phß¶ng	11	4	0	3900 800 -5700	1 0 0 0	2	3	4	5	-1	6	7	8	9	10	9000	15300	26000	44200	75200
2614	663	Phòng Cø	4	5	0	5900 800 -5900	1 0 0 0	6	7	8	-1	-1	-1	-1	-1	-1	-1	0	0	15000	18000	21600
2615	663	Ti«n trang	3	6	0	5900 800 -4200	1 0 0 0	10	11	12	13	-1	101	29	47	65	83	10000	18000	32400	58300	105000
2616	663	Trß¶ng võ	15	7	0	5500 400 -200	1 0 0 0	14	15	16	17	-1	-1	-1	-1	-1	-1	9000	15300	26000	44200	75200
2617	663	M­ Thß½ng	7	8	0	3300 0 -1200	1 0 0 0	18	19	20	21	-1	-1	-1	-1	-1	-1	9000	11700	15200	19800	25700
2618	663	Thß vi®n	13	9	0	-2100 0 -1800	1 0 0 0	22	23	24	25	-1	-1	-1	-1	-1	-1	9000	11700	15200	19800	25700
2619	663	Y Xä	10	11	0	-4800 400 600	1 0 0 0	26	27	28	-1	-1	-1	11	12	13	-1	0	0	20000	26000	33800
2620	663	T§p Phß¶ng	9	12	0	-5700 400 -700	1 0 0 0	30	31	32	33	-1	-1	-1	-1	-1	-1	9000	11700	15200	19800	25700
2621	663	TØu quán	2	13	0	-5900 800 -2400	1 0 0 0	34	35	36	-1	-1	-1	14	15	16	-1	0	0	20000	26000	33800
2622	663	Sß½ng phòng	1	14	0	-5900 800 -3900	1 0 0 0	38	39	40	41	-1	-1	-1	-1	-1	-1	9000	9900	10900	12000	13200
2623	663	Võ Cø	6	15	0	-5300 800 -6000	1 0 0 0	42	43	44	-1	-1	-1	-1	-1	-1	-1	0	0	15000	18000	21600
2624	663	ÐoÕn Ðài	5	16	0	-3300 800 -5500	1 0 0 0	46	47	48	49	-1	1	2	3	4	5	9000	11700	15200	19800	25700
2625	663	Tß¶ng thành	8	17	0	400 0 1000	1 0 0 0	1	1	1	1	-1	-1	-1	-1	-1	-1	0	0	0	0	0
2626	664	Huy®n nha	0	1	0	400 1200 -5600	1 0 0 0	72	73	74	75	-1	-1	-1	-1	-1	-1	20000	40000	80000	160000	320000
2627	664	ÐÕi kÏ	17	2	0	400 1200 -3600	1 0 0 0	1	1	1	1	-1	-1	-1	-1	-1	-1	0	0	0	0	0
2628	664	Võ Phß¶ng	11	4	0	3900 800 -5700	1 0 0 0	2	3	4	5	-1	6	7	8	9	10	9000	15300	26000	44200	75200
2629	664	Phòng Cø	4	5	0	5900 800 -5900	1 0 0 0	6	7	8	-1	-1	-1	-1	-1	-1	-1	0	0	15000	18000	21600
2630	664	Ti«n trang	3	6	0	5900 800 -4200	1 0 0 0	10	11	12	13	-1	102	30	48	66	84	10000	18000	32400	58300	105000
2631	664	Trß¶ng võ	15	7	0	5500 400 -200	1 0 0 0	14	15	16	17	-1	-1	-1	-1	-1	-1	9000	15300	26000	44200	75200
2632	664	M­ Thß½ng	7	8	0	3300 0 -1200	1 0 0 0	18	19	20	21	-1	-1	-1	-1	-1	-1	9000	11700	15200	19800	25700
2633	664	Thß vi®n	13	9	0	-2100 0 -1800	1 0 0 0	22	23	24	25	-1	-1	-1	-1	-1	-1	9000	11700	15200	19800	25700
2634	664	Y Xä	10	11	0	-4800 400 600	1 0 0 0	26	27	28	-1	-1	-1	11	12	13	-1	0	0	20000	26000	33800
2635	664	T§p Phß¶ng	9	12	0	-5700 400 -700	1 0 0 0	30	31	32	33	-1	-1	-1	-1	-1	-1	9000	11700	15200	19800	25700
2636	664	TØu quán	2	13	0	-5900 800 -2400	1 0 0 0	34	35	36	-1	-1	-1	14	15	16	-1	0	0	20000	26000	33800
2637	664	Sß½ng phòng	1	14	0	-5900 800 -3900	1 0 0 0	38	39	40	41	-1	-1	-1	-1	-1	-1	9000	9900	10900	12000	13200
2638	664	Võ Cø	6	15	0	-5300 800 -6000	1 0 0 0	42	43	44	-1	-1	-1	-1	-1	-1	-1	0	0	15000	18000	21600
2639	664	ÐoÕn Ðài	5	16	0	-3300 800 -5500	1 0 0 0	46	47	48	49	-1	1	2	3	4	5	9000	11700	15200	19800	25700
2640	664	Tß¶ng thành	8	17	0	400 0 1000	1 0 0 0	1	1	1	1	-1	-1	-1	-1	-1	-1	0	0	0	0	0
2641	665	Huy®n nha	0	1	0	400 1200 -5600	1 0 0 0	72	73	74	75	-1	-1	-1	-1	-1	-1	20000	40000	80000	160000	320000
2642	665	ÐÕi kÏ	17	2	0	400 1200 -3600	1 0 0 0	1	1	1	1	-1	-1	-1	-1	-1	-1	0	0	0	0	0
2643	665	Võ Phß¶ng	11	4	0	3900 800 -5700	1 0 0 0	2	3	4	5	-1	6	7	8	9	10	9000	15300	26000	44200	75200
2644	665	Phòng Cø	4	5	0	5900 800 -5900	1 0 0 0	6	7	8	-1	-1	-1	-1	-1	-1	-1	0	0	15000	18000	21600
2645	665	Ti«n trang	3	6	0	5900 800 -4200	1 0 0 0	10	11	12	13	-1	103	31	49	67	85	10000	18000	32400	58300	105000
2646	665	Trß¶ng võ	15	7	0	5500 400 -200	1 0 0 0	14	15	16	17	-1	-1	-1	-1	-1	-1	9000	15300	26000	44200	75200
2647	665	M­ Thß½ng	7	8	0	3300 0 -1200	1 0 0 0	18	19	20	21	-1	-1	-1	-1	-1	-1	9000	11700	15200	19800	25700
2648	665	Thß vi®n	13	9	0	-2100 0 -1800	1 0 0 0	22	23	24	25	-1	-1	-1	-1	-1	-1	9000	11700	15200	19800	25700
2649	665	Y Xä	10	11	0	-4800 400 600	1 0 0 0	26	27	28	-1	-1	-1	11	12	13	-1	0	0	20000	26000	33800
2650	665	T§p Phß¶ng	9	12	0	-5700 400 -700	1 0 0 0	30	31	32	33	-1	-1	-1	-1	-1	-1	9000	11700	15200	19800	25700
2651	665	TØu quán	2	13	0	-5900 800 -2400	1 0 0 0	34	35	36	-1	-1	-1	14	15	16	-1	0	0	20000	26000	33800
2652	665	Sß½ng phòng	1	14	0	-5900 800 -3900	1 0 0 0	38	39	40	41	-1	-1	-1	-1	-1	-1	9000	9900	10900	12000	13200
2653	665	Võ Cø	6	15	0	-5300 800 -6000	1 0 0 0	42	43	44	-1	-1	-1	-1	-1	-1	-1	0	0	15000	18000	21600
2654	665	ÐoÕn Ðài	5	16	0	-3300 800 -5500	1 0 0 0	46	47	48	49	-1	1	2	3	4	5	9000	11700	15200	19800	25700
2655	665	Tß¶ng thành	8	17	0	400 0 1000	1 0 0 0	1	1	1	1	-1	-1	-1	-1	-1	-1	0	0	0	0	0
2656	666	Huy®n nha	0	1	0	400 1200 -5600	1 0 0 0	72	73	74	75	-1	-1	-1	-1	-1	-1	20000	40000	80000	160000	320000
2657	666	ÐÕi kÏ	17	2	0	400 1200 -3600	1 0 0 0	1	1	1	1	-1	-1	-1	-1	-1	-1	0	0	0	0	0
2658	666	Võ Phß¶ng	11	4	0	3900 800 -5700	1 0 0 0	2	3	4	5	-1	6	7	8	9	10	9000	15300	26000	44200	75200
2659	666	Phòng Cø	4	5	0	5900 800 -5900	1 0 0 0	6	7	8	-1	-1	-1	-1	-1	-1	-1	0	0	15000	18000	21600
2660	666	Ti«n trang	3	6	0	5900 800 -4200	1 0 0 0	10	11	12	13	-1	104	32	50	68	86	10000	18000	32400	58300	105000
2661	666	Trß¶ng võ	15	7	0	5500 400 -200	1 0 0 0	14	15	16	17	-1	-1	-1	-1	-1	-1	9000	15300	26000	44200	75200
2662	666	M­ Thß½ng	7	8	0	3300 0 -1200	1 0 0 0	18	19	20	21	-1	-1	-1	-1	-1	-1	9000	11700	15200	19800	25700
2663	666	Thß vi®n	13	9	0	-2100 0 -1800	1 0 0 0	22	23	24	25	-1	-1	-1	-1	-1	-1	9000	11700	15200	19800	25700
2664	666	Y Xä	10	11	0	-4800 400 600	1 0 0 0	26	27	28	-1	-1	-1	11	12	13	-1	0	0	20000	26000	33800
2665	666	T§p Phß¶ng	9	12	0	-5700 400 -700	1 0 0 0	30	31	32	33	-1	-1	-1	-1	-1	-1	9000	11700	15200	19800	25700
2666	666	TØu quán	2	13	0	-5900 800 -2400	1 0 0 0	34	35	36	-1	-1	-1	14	15	16	-1	0	0	20000	26000	33800
2667	666	Sß½ng phòng	1	14	0	-5900 800 -3900	1 0 0 0	38	39	40	41	-1	-1	-1	-1	-1	-1	9000	9900	10900	12000	13200
2668	666	Võ Cø	6	15	0	-5300 800 -6000	1 0 0 0	42	43	44	-1	-1	-1	-1	-1	-1	-1	0	0	15000	18000	21600
2669	666	ÐoÕn Ðài	5	16	0	-3300 800 -5500	1 0 0 0	46	47	48	49	-1	1	2	3	4	5	9000	11700	15200	19800	25700
2670	666	Tß¶ng thành	8	17	0	400 0 1000	1 0 0 0	1	1	1	1	-1	-1	-1	-1	-1	-1	0	0	0	0	0
2671	667	Huy®n nha	0	1	0	400 1200 -5600	1 0 0 0	72	73	74	75	-1	-1	-1	-1	-1	-1	20000	40000	80000	160000	320000
2672	667	ÐÕi kÏ	17	2	0	400 1200 -3600	1 0 0 0	1	1	1	1	-1	-1	-1	-1	-1	-1	0	0	0	0	0
2673	667	Võ Phß¶ng	11	4	0	3900 800 -5700	1 0 0 0	2	3	4	5	-1	6	7	8	9	10	9000	15300	26000	44200	75200
2674	667	Phòng Cø	4	5	0	5900 800 -5900	1 0 0 0	6	7	8	-1	-1	-1	-1	-1	-1	-1	0	0	15000	18000	21600
2675	667	Ti«n trang	3	6	0	5900 800 -4200	1 0 0 0	10	11	12	13	-1	105	33	51	69	87	10000	18000	32400	58300	105000
2676	667	Trß¶ng võ	15	7	0	5500 400 -200	1 0 0 0	14	15	16	17	-1	-1	-1	-1	-1	-1	9000	15300	26000	44200	75200
2677	667	M­ Thß½ng	7	8	0	3300 0 -1200	1 0 0 0	18	19	20	21	-1	-1	-1	-1	-1	-1	9000	11700	15200	19800	25700
2678	667	Thß vi®n	13	9	0	-2100 0 -1800	1 0 0 0	22	23	24	25	-1	-1	-1	-1	-1	-1	9000	11700	15200	19800	25700
2679	667	Y Xä	10	11	0	-4800 400 600	1 0 0 0	26	27	28	-1	-1	-1	11	12	13	-1	0	0	20000	26000	33800
2680	667	T§p Phß¶ng	9	12	0	-5700 400 -700	1 0 0 0	30	31	32	33	-1	-1	-1	-1	-1	-1	9000	11700	15200	19800	25700
2681	667	TØu quán	2	13	0	-5900 800 -2400	1 0 0 0	34	35	36	-1	-1	-1	14	15	16	-1	0	0	20000	26000	33800
2682	667	Sß½ng phòng	1	14	0	-5900 800 -3900	1 0 0 0	38	39	40	41	-1	-1	-1	-1	-1	-1	9000	9900	10900	12000	13200
2683	667	Võ Cø	6	15	0	-5300 800 -6000	1 0 0 0	42	43	44	-1	-1	-1	-1	-1	-1	-1	0	0	15000	18000	21600
2684	667	ÐoÕn Ðài	5	16	0	-3300 800 -5500	1 0 0 0	46	47	48	49	-1	1	2	3	4	5	9000	11700	15200	19800	25700
2685	667	Tß¶ng thành	8	17	0	400 0 1000	1 0 0 0	1	1	1	1	-1	-1	-1	-1	-1	-1	0	0	0	0	0
2686	668	Huy®n nha	0	1	0	400 1200 -5600	1 0 0 0	72	73	74	75	-1	-1	-1	-1	-1	-1	20000	40000	80000	160000	320000
2687	668	ÐÕi kÏ	17	2	0	400 1200 -3600	1 0 0 0	1	1	1	1	-1	-1	-1	-1	-1	-1	0	0	0	0	0
2688	668	Võ Phß¶ng	11	4	0	3900 800 -5700	1 0 0 0	2	3	4	5	-1	6	7	8	9	10	9000	15300	26000	44200	75200
2689	668	Phòng Cø	4	5	0	5900 800 -5900	1 0 0 0	6	7	8	-1	-1	-1	-1	-1	-1	-1	0	0	15000	18000	21600
2690	668	Ti«n trang	3	6	0	5900 800 -4200	1 0 0 0	10	11	12	13	-1	106	34	52	70	88	10000	18000	32400	58300	105000
2691	668	Trß¶ng võ	15	7	0	5500 400 -200	1 0 0 0	14	15	16	17	-1	-1	-1	-1	-1	-1	9000	15300	26000	44200	75200
2692	668	M­ Thß½ng	7	8	0	3300 0 -1200	1 0 0 0	18	19	20	21	-1	-1	-1	-1	-1	-1	9000	11700	15200	19800	25700
2693	668	Thß vi®n	13	9	0	-2100 0 -1800	1 0 0 0	22	23	24	25	-1	-1	-1	-1	-1	-1	9000	11700	15200	19800	25700
2694	668	Y Xä	10	11	0	-4800 400 600	1 0 0 0	26	27	28	-1	-1	-1	11	12	13	-1	0	0	20000	26000	33800
2695	668	T§p Phß¶ng	9	12	0	-5700 400 -700	1 0 0 0	30	31	32	33	-1	-1	-1	-1	-1	-1	9000	11700	15200	19800	25700
2696	668	TØu quán	2	13	0	-5900 800 -2400	1 0 0 0	34	35	36	-1	-1	-1	14	15	16	-1	0	0	20000	26000	33800
2697	668	Sß½ng phòng	1	14	0	-5900 800 -3900	1 0 0 0	38	39	40	41	-1	-1	-1	-1	-1	-1	9000	9900	10900	12000	13200
2698	668	Võ Cø	6	15	0	-5300 800 -6000	1 0 0 0	42	43	44	-1	-1	-1	-1	-1	-1	-1	0	0	15000	18000	21600
2699	668	ÐoÕn Ðài	5	16	0	-3300 800 -5500	1 0 0 0	46	47	48	49	-1	1	2	3	4	5	9000	11700	15200	19800	25700
2700	668	Tß¶ng thành	8	17	0	400 0 1000	1 0 0 0	1	1	1	1	-1	-1	-1	-1	-1	-1	0	0	0	0	0
2701	669	Huy®n nha	0	1	0	400 1200 -5600	1 0 0 0	72	73	74	75	-1	-1	-1	-1	-1	-1	20000	40000	80000	160000	320000
2702	669	ÐÕi kÏ	17	2	0	400 1200 -3600	1 0 0 0	1	1	1	1	-1	-1	-1	-1	-1	-1	0	0	0	0	0
2703	669	Võ Phß¶ng	11	4	0	3900 800 -5700	1 0 0 0	2	3	4	5	-1	6	7	8	9	10	9000	15300	26000	44200	75200
2704	669	Phòng Cø	4	5	0	5900 800 -5900	1 0 0 0	6	7	8	-1	-1	-1	-1	-1	-1	-1	0	0	15000	18000	21600
2705	669	Ti«n trang	3	6	0	5900 800 -4200	1 0 0 0	10	11	12	13	-1	89	17	35	53	71	10000	18000	32400	58300	105000
2706	669	Trß¶ng võ	15	7	0	5500 400 -200	1 0 0 0	14	15	16	17	-1	-1	-1	-1	-1	-1	9000	15300	26000	44200	75200
2707	669	M­ Thß½ng	7	8	0	3300 0 -1200	1 0 0 0	18	19	20	21	-1	-1	-1	-1	-1	-1	9000	11700	15200	19800	25700
2708	669	Thß vi®n	13	9	0	-2100 0 -1800	1 0 0 0	22	23	24	25	-1	-1	-1	-1	-1	-1	9000	11700	15200	19800	25700
2709	669	Y Xä	10	11	0	-4800 400 600	1 0 0 0	26	27	28	-1	-1	-1	11	12	13	-1	0	0	20000	26000	33800
2710	669	T§p Phß¶ng	9	12	0	-5700 400 -700	1 0 0 0	30	31	32	33	-1	-1	-1	-1	-1	-1	9000	11700	15200	19800	25700
2711	669	TØu quán	2	13	0	-5900 800 -2400	1 0 0 0	34	35	36	-1	-1	-1	14	15	16	-1	0	0	20000	26000	33800
2712	669	Sß½ng phòng	1	14	0	-5900 800 -3900	1 0 0 0	38	39	40	41	-1	-1	-1	-1	-1	-1	9000	9900	10900	12000	13200
2713	669	Võ Cø	6	15	0	-5300 800 -6000	1 0 0 0	42	43	44	-1	-1	-1	-1	-1	-1	-1	0	0	15000	18000	21600
2714	669	ÐoÕn Ðài	5	16	0	-3300 800 -5500	1 0 0 0	46	47	48	49	-1	1	2	3	4	5	9000	11700	15200	19800	25700
2715	669	Tß¶ng thành	8	17	0	400 0 1000	1 0 0 0	1	1	1	1	-1	-1	-1	-1	-1	-1	0	0	0	0	0
2716	670	Huy®n nha	0	1	0	400 1200 -5600	1 0 0 0	72	73	74	75	-1	-1	-1	-1	-1	-1	20000	40000	80000	160000	320000
2717	670	ÐÕi kÏ	17	2	0	400 1200 -3600	1 0 0 0	1	1	1	1	-1	-1	-1	-1	-1	-1	0	0	0	0	0
2718	670	Võ Phß¶ng	11	4	0	3900 800 -5700	1 0 0 0	2	3	4	5	-1	6	7	8	9	10	9000	15300	26000	44200	75200
2719	670	Phòng Cø	4	5	0	5900 800 -5900	1 0 0 0	6	7	8	-1	-1	-1	-1	-1	-1	-1	0	0	15000	18000	21600
2720	670	Ti«n trang	3	6	0	5900 800 -4200	1 0 0 0	10	11	12	13	-1	90	18	36	54	72	10000	18000	32400	58300	105000
2721	670	Trß¶ng võ	15	7	0	5500 400 -200	1 0 0 0	14	15	16	17	-1	-1	-1	-1	-1	-1	9000	15300	26000	44200	75200
2722	670	M­ Thß½ng	7	8	0	3300 0 -1200	1 0 0 0	18	19	20	21	-1	-1	-1	-1	-1	-1	9000	11700	15200	19800	25700
2723	670	Thß vi®n	13	9	0	-2100 0 -1800	1 0 0 0	22	23	24	25	-1	-1	-1	-1	-1	-1	9000	11700	15200	19800	25700
2724	670	Y Xä	10	11	0	-4800 400 600	1 0 0 0	26	27	28	-1	-1	-1	11	12	13	-1	0	0	20000	26000	33800
2725	670	T§p Phß¶ng	9	12	0	-5700 400 -700	1 0 0 0	30	31	32	33	-1	-1	-1	-1	-1	-1	9000	11700	15200	19800	25700
2726	670	TØu quán	2	13	0	-5900 800 -2400	1 0 0 0	34	35	36	-1	-1	-1	14	15	16	-1	0	0	20000	26000	33800
2727	670	Sß½ng phòng	1	14	0	-5900 800 -3900	1 0 0 0	38	39	40	41	-1	-1	-1	-1	-1	-1	9000	9900	10900	12000	13200
2728	670	Võ Cø	6	15	0	-5300 800 -6000	1 0 0 0	42	43	44	-1	-1	-1	-1	-1	-1	-1	0	0	15000	18000	21600
2729	670	ÐoÕn Ðài	5	16	0	-3300 800 -5500	1 0 0 0	46	47	48	49	-1	1	2	3	4	5	9000	11700	15200	19800	25700
2730	670	Tß¶ng thành	8	17	0	400 0 1000	1 0 0 0	1	1	1	1	-1	-1	-1	-1	-1	-1	0	0	0	0	0
2731	671	Huy®n nha	0	1	0	400 1200 -5600	1 0 0 0	72	73	74	75	-1	-1	-1	-1	-1	-1	20000	40000	80000	160000	320000
2732	671	ÐÕi kÏ	17	2	0	400 1200 -3600	1 0 0 0	1	1	1	1	-1	-1	-1	-1	-1	-1	0	0	0	0	0
2733	671	Võ Phß¶ng	11	4	0	3900 800 -5700	1 0 0 0	2	3	4	5	-1	6	7	8	9	10	9000	15300	26000	44200	75200
2734	671	Phòng Cø	4	5	0	5900 800 -5900	1 0 0 0	6	7	8	-1	-1	-1	-1	-1	-1	-1	0	0	15000	18000	21600
2735	671	Ti«n trang	3	6	0	5900 800 -4200	1 0 0 0	10	11	12	13	-1	91	19	37	55	73	10000	18000	32400	58300	105000
2736	671	Trß¶ng võ	15	7	0	5500 400 -200	1 0 0 0	14	15	16	17	-1	-1	-1	-1	-1	-1	9000	15300	26000	44200	75200
2737	671	M­ Thß½ng	7	8	0	3300 0 -1200	1 0 0 0	18	19	20	21	-1	-1	-1	-1	-1	-1	9000	11700	15200	19800	25700
2738	671	Thß vi®n	13	9	0	-2100 0 -1800	1 0 0 0	22	23	24	25	-1	-1	-1	-1	-1	-1	9000	11700	15200	19800	25700
2739	671	Y Xä	10	11	0	-4800 400 600	1 0 0 0	26	27	28	-1	-1	-1	11	12	13	-1	0	0	20000	26000	33800
2740	671	T§p Phß¶ng	9	12	0	-5700 400 -700	1 0 0 0	30	31	32	33	-1	-1	-1	-1	-1	-1	9000	11700	15200	19800	25700
2741	671	TØu quán	2	13	0	-5900 800 -2400	1 0 0 0	34	35	36	-1	-1	-1	14	15	16	-1	0	0	20000	26000	33800
2742	671	Sß½ng phòng	1	14	0	-5900 800 -3900	1 0 0 0	38	39	40	41	-1	-1	-1	-1	-1	-1	9000	9900	10900	12000	13200
2743	671	Võ Cø	6	15	0	-5300 800 -6000	1 0 0 0	42	43	44	-1	-1	-1	-1	-1	-1	-1	0	0	15000	18000	21600
2744	671	ÐoÕn Ðài	5	16	0	-3300 800 -5500	1 0 0 0	46	47	48	49	-1	1	2	3	4	5	9000	11700	15200	19800	25700
2745	671	Tß¶ng thành	8	17	0	400 0 1000	1 0 0 0	1	1	1	1	-1	-1	-1	-1	-1	-1	0	0	0	0	0
2746	672	Huy®n nha	0	1	0	400 1200 -5600	1 0 0 0	72	73	74	75	-1	-1	-1	-1	-1	-1	20000	40000	80000	160000	320000
2747	672	ÐÕi kÏ	17	2	0	400 1200 -3600	1 0 0 0	1	1	1	1	-1	-1	-1	-1	-1	-1	0	0	0	0	0
2748	672	Võ Phß¶ng	11	4	0	3900 800 -5700	1 0 0 0	2	3	4	5	-1	6	7	8	9	10	9000	15300	26000	44200	75200
2749	672	Phòng Cø	4	5	0	5900 800 -5900	1 0 0 0	6	7	8	-1	-1	-1	-1	-1	-1	-1	0	0	15000	18000	21600
2750	672	Ti«n trang	3	6	0	5900 800 -4200	1 0 0 0	10	11	12	13	-1	92	20	38	56	74	10000	18000	32400	58300	105000
2751	672	Trß¶ng võ	15	7	0	5500 400 -200	1 0 0 0	14	15	16	17	-1	-1	-1	-1	-1	-1	9000	15300	26000	44200	75200
2752	672	M­ Thß½ng	7	8	0	3300 0 -1200	1 0 0 0	18	19	20	21	-1	-1	-1	-1	-1	-1	9000	11700	15200	19800	25700
2753	672	Thß vi®n	13	9	0	-2100 0 -1800	1 0 0 0	22	23	24	25	-1	-1	-1	-1	-1	-1	9000	11700	15200	19800	25700
2754	672	Y Xä	10	11	0	-4800 400 600	1 0 0 0	26	27	28	-1	-1	-1	11	12	13	-1	0	0	20000	26000	33800
2755	672	T§p Phß¶ng	9	12	0	-5700 400 -700	1 0 0 0	30	31	32	33	-1	-1	-1	-1	-1	-1	9000	11700	15200	19800	25700
2756	672	TØu quán	2	13	0	-5900 800 -2400	1 0 0 0	34	35	36	-1	-1	-1	14	15	16	-1	0	0	20000	26000	33800
2757	672	Sß½ng phòng	1	14	0	-5900 800 -3900	1 0 0 0	38	39	40	41	-1	-1	-1	-1	-1	-1	9000	9900	10900	12000	13200
2758	672	Võ Cø	6	15	0	-5300 800 -6000	1 0 0 0	42	43	44	-1	-1	-1	-1	-1	-1	-1	0	0	15000	18000	21600
2759	672	ÐoÕn Ðài	5	16	0	-3300 800 -5500	1 0 0 0	46	47	48	49	-1	1	2	3	4	5	9000	11700	15200	19800	25700
2760	672	Tß¶ng thành	8	17	0	400 0 1000	1 0 0 0	1	1	1	1	-1	-1	-1	-1	-1	-1	0	0	0	0	0
2761	673	Huy®n nha	0	1	0	400 1200 -5600	1 0 0 0	72	73	74	75	-1	-1	-1	-1	-1	-1	20000	40000	80000	160000	320000
2762	673	ÐÕi kÏ	17	2	0	400 1200 -3600	1 0 0 0	1	1	1	1	-1	-1	-1	-1	-1	-1	0	0	0	0	0
2763	673	Võ Phß¶ng	11	4	0	3900 800 -5700	1 0 0 0	2	3	4	5	-1	6	7	8	9	10	9000	15300	26000	44200	75200
2764	673	Phòng Cø	4	5	0	5900 800 -5900	1 0 0 0	6	7	8	-1	-1	-1	-1	-1	-1	-1	0	0	15000	18000	21600
2765	673	Ti«n trang	3	6	0	5900 800 -4200	1 0 0 0	10	11	12	13	-1	93	21	39	57	75	10000	18000	32400	58300	105000
2766	673	Trß¶ng võ	15	7	0	5500 400 -200	1 0 0 0	14	15	16	17	-1	-1	-1	-1	-1	-1	9000	15300	26000	44200	75200
2767	673	M­ Thß½ng	7	8	0	3300 0 -1200	1 0 0 0	18	19	20	21	-1	-1	-1	-1	-1	-1	9000	11700	15200	19800	25700
2768	673	Thß vi®n	13	9	0	-2100 0 -1800	1 0 0 0	22	23	24	25	-1	-1	-1	-1	-1	-1	9000	11700	15200	19800	25700
2769	673	Y Xä	10	11	0	-4800 400 600	1 0 0 0	26	27	28	-1	-1	-1	11	12	13	-1	0	0	20000	26000	33800
2770	673	T§p Phß¶ng	9	12	0	-5700 400 -700	1 0 0 0	30	31	32	33	-1	-1	-1	-1	-1	-1	9000	11700	15200	19800	25700
2771	673	TØu quán	2	13	0	-5900 800 -2400	1 0 0 0	34	35	36	-1	-1	-1	14	15	16	-1	0	0	20000	26000	33800
2772	673	Sß½ng phòng	1	14	0	-5900 800 -3900	1 0 0 0	38	39	40	41	-1	-1	-1	-1	-1	-1	9000	9900	10900	12000	13200
2773	673	Võ Cø	6	15	0	-5300 800 -6000	1 0 0 0	42	43	44	-1	-1	-1	-1	-1	-1	-1	0	0	15000	18000	21600
2774	673	ÐoÕn Ðài	5	16	0	-3300 800 -5500	1 0 0 0	46	47	48	49	-1	1	2	3	4	5	9000	11700	15200	19800	25700
2775	673	Tß¶ng thành	8	17	0	400 0 1000	1 0 0 0	1	1	1	1	-1	-1	-1	-1	-1	-1	0	0	0	0	0
2776	674	Huy®n nha	0	1	0	400 1200 -5600	1 0 0 0	72	73	74	75	-1	-1	-1	-1	-1	-1	20000	40000	80000	160000	320000
2777	674	ÐÕi kÏ	17	2	0	400 1200 -3600	1 0 0 0	1	1	1	1	-1	-1	-1	-1	-1	-1	0	0	0	0	0
2778	674	Võ Phß¶ng	11	4	0	3900 800 -5700	1 0 0 0	2	3	4	5	-1	6	7	8	9	10	9000	15300	26000	44200	75200
2779	674	Phòng Cø	4	5	0	5900 800 -5900	1 0 0 0	6	7	8	-1	-1	-1	-1	-1	-1	-1	0	0	15000	18000	21600
2780	674	Ti«n trang	3	6	0	5900 800 -4200	1 0 0 0	10	11	12	13	-1	94	22	40	58	76	10000	18000	32400	58300	105000
2781	674	Trß¶ng võ	15	7	0	5500 400 -200	1 0 0 0	14	15	16	17	-1	-1	-1	-1	-1	-1	9000	15300	26000	44200	75200
2782	674	M­ Thß½ng	7	8	0	3300 0 -1200	1 0 0 0	18	19	20	21	-1	-1	-1	-1	-1	-1	9000	11700	15200	19800	25700
2783	674	Thß vi®n	13	9	0	-2100 0 -1800	1 0 0 0	22	23	24	25	-1	-1	-1	-1	-1	-1	9000	11700	15200	19800	25700
2784	674	Y Xä	10	11	0	-4800 400 600	1 0 0 0	26	27	28	-1	-1	-1	11	12	13	-1	0	0	20000	26000	33800
2785	674	T§p Phß¶ng	9	12	0	-5700 400 -700	1 0 0 0	30	31	32	33	-1	-1	-1	-1	-1	-1	9000	11700	15200	19800	25700
2786	674	TØu quán	2	13	0	-5900 800 -2400	1 0 0 0	34	35	36	-1	-1	-1	14	15	16	-1	0	0	20000	26000	33800
2787	674	Sß½ng phòng	1	14	0	-5900 800 -3900	1 0 0 0	38	39	40	41	-1	-1	-1	-1	-1	-1	9000	9900	10900	12000	13200
2788	674	Võ Cø	6	15	0	-5300 800 -6000	1 0 0 0	42	43	44	-1	-1	-1	-1	-1	-1	-1	0	0	15000	18000	21600
2789	674	ÐoÕn Ðài	5	16	0	-3300 800 -5500	1 0 0 0	46	47	48	49	-1	1	2	3	4	5	9000	11700	15200	19800	25700
2790	674	Tß¶ng thành	8	17	0	400 0 1000	1 0 0 0	1	1	1	1	-1	-1	-1	-1	-1	-1	0	0	0	0	0
2791	675	Huy®n nha	0	1	0	400 1200 -5600	1 0 0 0	72	73	74	75	-1	-1	-1	-1	-1	-1	20000	40000	80000	160000	320000
2792	675	ÐÕi kÏ	17	2	0	400 1200 -3600	1 0 0 0	1	1	1	1	-1	-1	-1	-1	-1	-1	0	0	0	0	0
2793	675	Võ Phß¶ng	11	4	0	3900 800 -5700	1 0 0 0	2	3	4	5	-1	6	7	8	9	10	9000	15300	26000	44200	75200
2794	675	Phòng Cø	4	5	0	5900 800 -5900	1 0 0 0	6	7	8	-1	-1	-1	-1	-1	-1	-1	0	0	15000	18000	21600
2795	675	Ti«n trang	3	6	0	5900 800 -4200	1 0 0 0	10	11	12	13	-1	95	23	41	59	77	10000	18000	32400	58300	105000
2796	675	Trß¶ng võ	15	7	0	5500 400 -200	1 0 0 0	14	15	16	17	-1	-1	-1	-1	-1	-1	9000	15300	26000	44200	75200
2797	675	M­ Thß½ng	7	8	0	3300 0 -1200	1 0 0 0	18	19	20	21	-1	-1	-1	-1	-1	-1	9000	11700	15200	19800	25700
2798	675	Thß vi®n	13	9	0	-2100 0 -1800	1 0 0 0	22	23	24	25	-1	-1	-1	-1	-1	-1	9000	11700	15200	19800	25700
2799	675	Y Xä	10	11	0	-4800 400 600	1 0 0 0	26	27	28	-1	-1	-1	11	12	13	-1	0	0	20000	26000	33800
2800	675	T§p Phß¶ng	9	12	0	-5700 400 -700	1 0 0 0	30	31	32	33	-1	-1	-1	-1	-1	-1	9000	11700	15200	19800	25700
2801	675	TØu quán	2	13	0	-5900 800 -2400	1 0 0 0	34	35	36	-1	-1	-1	14	15	16	-1	0	0	20000	26000	33800
2802	675	Sß½ng phòng	1	14	0	-5900 800 -3900	1 0 0 0	38	39	40	41	-1	-1	-1	-1	-1	-1	9000	9900	10900	12000	13200
2803	675	Võ Cø	6	15	0	-5300 800 -6000	1 0 0 0	42	43	44	-1	-1	-1	-1	-1	-1	-1	0	0	15000	18000	21600
2804	675	ÐoÕn Ðài	5	16	0	-3300 800 -5500	1 0 0 0	46	47	48	49	-1	1	2	3	4	5	9000	11700	15200	19800	25700
2805	675	Tß¶ng thành	8	17	0	400 0 1000	1 0 0 0	1	1	1	1	-1	-1	-1	-1	-1	-1	0	0	0	0	0
2806	676	Huy®n nha	0	1	0	400 1200 -5600	1 0 0 0	72	73	74	75	-1	-1	-1	-1	-1	-1	20000	40000	80000	160000	320000
2807	676	ÐÕi kÏ	17	2	0	400 1200 -3600	1 0 0 0	1	1	1	1	-1	-1	-1	-1	-1	-1	0	0	0	0	0
2808	676	Võ Phß¶ng	11	4	0	3900 800 -5700	1 0 0 0	2	3	4	5	-1	6	7	8	9	10	9000	15300	26000	44200	75200
2809	676	Phòng Cø	4	5	0	5900 800 -5900	1 0 0 0	6	7	8	-1	-1	-1	-1	-1	-1	-1	0	0	15000	18000	21600
2810	676	Ti«n trang	3	6	0	5900 800 -4200	1 0 0 0	10	11	12	13	-1	96	24	42	60	78	10000	18000	32400	58300	105000
2811	676	Trß¶ng võ	15	7	0	5500 400 -200	1 0 0 0	14	15	16	17	-1	-1	-1	-1	-1	-1	9000	15300	26000	44200	75200
2812	676	M­ Thß½ng	7	8	0	3300 0 -1200	1 0 0 0	18	19	20	21	-1	-1	-1	-1	-1	-1	9000	11700	15200	19800	25700
2813	676	Thß vi®n	13	9	0	-2100 0 -1800	1 0 0 0	22	23	24	25	-1	-1	-1	-1	-1	-1	9000	11700	15200	19800	25700
2814	676	Y Xä	10	11	0	-4800 400 600	1 0 0 0	26	27	28	-1	-1	-1	11	12	13	-1	0	0	20000	26000	33800
2815	676	T§p Phß¶ng	9	12	0	-5700 400 -700	1 0 0 0	30	31	32	33	-1	-1	-1	-1	-1	-1	9000	11700	15200	19800	25700
2816	676	TØu quán	2	13	0	-5900 800 -2400	1 0 0 0	34	35	36	-1	-1	-1	14	15	16	-1	0	0	20000	26000	33800
2817	676	Sß½ng phòng	1	14	0	-5900 800 -3900	1 0 0 0	38	39	40	41	-1	-1	-1	-1	-1	-1	9000	9900	10900	12000	13200
2818	676	Võ Cø	6	15	0	-5300 800 -6000	1 0 0 0	42	43	44	-1	-1	-1	-1	-1	-1	-1	0	0	15000	18000	21600
2819	676	ÐoÕn Ðài	5	16	0	-3300 800 -5500	1 0 0 0	46	47	48	49	-1	1	2	3	4	5	9000	11700	15200	19800	25700
2820	676	Tß¶ng thành	8	17	0	400 0 1000	1 0 0 0	1	1	1	1	-1	-1	-1	-1	-1	-1	0	0	0	0	0
2821	677	Huy®n nha	0	1	0	400 1200 -5600	1 0 0 0	72	73	74	75	-1	-1	-1	-1	-1	-1	20000	40000	80000	160000	320000
2822	677	ÐÕi kÏ	17	2	0	400 1200 -3600	1 0 0 0	1	1	1	1	-1	-1	-1	-1	-1	-1	0	0	0	0	0
2823	677	Võ Phß¶ng	11	4	0	3900 800 -5700	1 0 0 0	2	3	4	5	-1	6	7	8	9	10	9000	15300	26000	44200	75200
2824	677	Phòng Cø	4	5	0	5900 800 -5900	1 0 0 0	6	7	8	-1	-1	-1	-1	-1	-1	-1	0	0	15000	18000	21600
2825	677	Ti«n trang	3	6	0	5900 800 -4200	1 0 0 0	10	11	12	13	-1	97	25	43	61	79	10000	18000	32400	58300	105000
2826	677	Trß¶ng võ	15	7	0	5500 400 -200	1 0 0 0	14	15	16	17	-1	-1	-1	-1	-1	-1	9000	15300	26000	44200	75200
2827	677	M­ Thß½ng	7	8	0	3300 0 -1200	1 0 0 0	18	19	20	21	-1	-1	-1	-1	-1	-1	9000	11700	15200	19800	25700
2828	677	Thß vi®n	13	9	0	-2100 0 -1800	1 0 0 0	22	23	24	25	-1	-1	-1	-1	-1	-1	9000	11700	15200	19800	25700
2829	677	Y Xä	10	11	0	-4800 400 600	1 0 0 0	26	27	28	-1	-1	-1	11	12	13	-1	0	0	20000	26000	33800
2830	677	T§p Phß¶ng	9	12	0	-5700 400 -700	1 0 0 0	30	31	32	33	-1	-1	-1	-1	-1	-1	9000	11700	15200	19800	25700
2831	677	TØu quán	2	13	0	-5900 800 -2400	1 0 0 0	34	35	36	-1	-1	-1	14	15	16	-1	0	0	20000	26000	33800
2832	677	Sß½ng phòng	1	14	0	-5900 800 -3900	1 0 0 0	38	39	40	41	-1	-1	-1	-1	-1	-1	9000	9900	10900	12000	13200
2833	677	Võ Cø	6	15	0	-5300 800 -6000	1 0 0 0	42	43	44	-1	-1	-1	-1	-1	-1	-1	0	0	15000	18000	21600
2834	677	ÐoÕn Ðài	5	16	0	-3300 800 -5500	1 0 0 0	46	47	48	49	-1	1	2	3	4	5	9000	11700	15200	19800	25700
2835	677	Tß¶ng thành	8	17	0	400 0 1000	1 0 0 0	1	1	1	1	-1	-1	-1	-1	-1	-1	0	0	0	0	0
2836	678	Huy®n nha	0	1	0	400 1200 -5600	1 0 0 0	72	73	74	75	-1	-1	-1	-1	-1	-1	20000	40000	80000	160000	320000
2837	678	ÐÕi kÏ	17	2	0	400 1200 -3600	1 0 0 0	1	1	1	1	-1	-1	-1	-1	-1	-1	0	0	0	0	0
2838	678	Võ Phß¶ng	11	4	0	3900 800 -5700	1 0 0 0	2	3	4	5	-1	6	7	8	9	10	9000	15300	26000	44200	75200
2839	678	Phòng Cø	4	5	0	5900 800 -5900	1 0 0 0	6	7	8	-1	-1	-1	-1	-1	-1	-1	0	0	15000	18000	21600
2840	678	Ti«n trang	3	6	0	5900 800 -4200	1 0 0 0	10	11	12	13	-1	98	26	44	62	80	10000	18000	32400	58300	105000
2841	678	Trß¶ng võ	15	7	0	5500 400 -200	1 0 0 0	14	15	16	17	-1	-1	-1	-1	-1	-1	9000	15300	26000	44200	75200
2842	678	M­ Thß½ng	7	8	0	3300 0 -1200	1 0 0 0	18	19	20	21	-1	-1	-1	-1	-1	-1	9000	11700	15200	19800	25700
2843	678	Thß vi®n	13	9	0	-2100 0 -1800	1 0 0 0	22	23	24	25	-1	-1	-1	-1	-1	-1	9000	11700	15200	19800	25700
2844	678	Y Xä	10	11	0	-4800 400 600	1 0 0 0	26	27	28	-1	-1	-1	11	12	13	-1	0	0	20000	26000	33800
2845	678	T§p Phß¶ng	9	12	0	-5700 400 -700	1 0 0 0	30	31	32	33	-1	-1	-1	-1	-1	-1	9000	11700	15200	19800	25700
2846	678	TØu quán	2	13	0	-5900 800 -2400	1 0 0 0	34	35	36	-1	-1	-1	14	15	16	-1	0	0	20000	26000	33800
2847	678	Sß½ng phòng	1	14	0	-5900 800 -3900	1 0 0 0	38	39	40	41	-1	-1	-1	-1	-1	-1	9000	9900	10900	12000	13200
2848	678	Võ Cø	6	15	0	-5300 800 -6000	1 0 0 0	42	43	44	-1	-1	-1	-1	-1	-1	-1	0	0	15000	18000	21600
2849	678	ÐoÕn Ðài	5	16	0	-3300 800 -5500	1 0 0 0	46	47	48	49	-1	1	2	3	4	5	9000	11700	15200	19800	25700
2850	678	Tß¶ng thành	8	17	0	400 0 1000	1 0 0 0	1	1	1	1	-1	-1	-1	-1	-1	-1	0	0	0	0	0
2851	679	Huy®n nha	0	1	0	400 1200 -5600	1 0 0 0	72	73	74	75	-1	-1	-1	-1	-1	-1	20000	40000	80000	160000	320000
2852	679	ÐÕi kÏ	17	2	0	400 1200 -3600	1 0 0 0	1	1	1	1	-1	-1	-1	-1	-1	-1	0	0	0	0	0
2853	679	Võ Phß¶ng	11	4	0	3900 800 -5700	1 0 0 0	2	3	4	5	-1	6	7	8	9	10	9000	15300	26000	44200	75200
2854	679	Phòng Cø	4	5	0	5900 800 -5900	1 0 0 0	6	7	8	-1	-1	-1	-1	-1	-1	-1	0	0	15000	18000	21600
2855	679	Ti«n trang	3	6	0	5900 800 -4200	1 0 0 0	10	11	12	13	-1	99	27	45	63	81	10000	18000	32400	58300	105000
2856	679	Trß¶ng võ	15	7	0	5500 400 -200	1 0 0 0	14	15	16	17	-1	-1	-1	-1	-1	-1	9000	15300	26000	44200	75200
2857	679	M­ Thß½ng	7	8	0	3300 0 -1200	1 0 0 0	18	19	20	21	-1	-1	-1	-1	-1	-1	9000	11700	15200	19800	25700
2858	679	Thß vi®n	13	9	0	-2100 0 -1800	1 0 0 0	22	23	24	25	-1	-1	-1	-1	-1	-1	9000	11700	15200	19800	25700
2859	679	Y Xä	10	11	0	-4800 400 600	1 0 0 0	26	27	28	-1	-1	-1	11	12	13	-1	0	0	20000	26000	33800
2860	679	T§p Phß¶ng	9	12	0	-5700 400 -700	1 0 0 0	30	31	32	33	-1	-1	-1	-1	-1	-1	9000	11700	15200	19800	25700
2861	679	TØu quán	2	13	0	-5900 800 -2400	1 0 0 0	34	35	36	-1	-1	-1	14	15	16	-1	0	0	20000	26000	33800
2862	679	Sß½ng phòng	1	14	0	-5900 800 -3900	1 0 0 0	38	39	40	41	-1	-1	-1	-1	-1	-1	9000	9900	10900	12000	13200
2863	679	Võ Cø	6	15	0	-5300 800 -6000	1 0 0 0	42	43	44	-1	-1	-1	-1	-1	-1	-1	0	0	15000	18000	21600
2864	679	ÐoÕn Ðài	5	16	0	-3300 800 -5500	1 0 0 0	46	47	48	49	-1	1	2	3	4	5	9000	11700	15200	19800	25700
2865	679	Tß¶ng thành	8	17	0	400 0 1000	1 0 0 0	1	1	1	1	-1	-1	-1	-1	-1	-1	0	0	0	0	0
2866	680	Huy®n nha	0	1	0	400 1200 -5600	1 0 0 0	72	73	74	75	-1	-1	-1	-1	-1	-1	20000	40000	80000	160000	320000
2867	680	ÐÕi kÏ	17	2	0	400 1200 -3600	1 0 0 0	1	1	1	1	-1	-1	-1	-1	-1	-1	0	0	0	0	0
2868	680	Võ Phß¶ng	11	4	0	3900 800 -5700	1 0 0 0	2	3	4	5	-1	6	7	8	9	10	9000	15300	26000	44200	75200
2869	680	Phòng Cø	4	5	0	5900 800 -5900	1 0 0 0	6	7	8	-1	-1	-1	-1	-1	-1	-1	0	0	15000	18000	21600
2870	680	Ti«n trang	3	6	0	5900 800 -4200	1 0 0 0	10	11	12	13	-1	100	28	46	64	82	10000	18000	32400	58300	105000
2871	680	Trß¶ng võ	15	7	0	5500 400 -200	1 0 0 0	14	15	16	17	-1	-1	-1	-1	-1	-1	9000	15300	26000	44200	75200
2872	680	M­ Thß½ng	7	8	0	3300 0 -1200	1 0 0 0	18	19	20	21	-1	-1	-1	-1	-1	-1	9000	11700	15200	19800	25700
2873	680	Thß vi®n	13	9	0	-2100 0 -1800	1 0 0 0	22	23	24	25	-1	-1	-1	-1	-1	-1	9000	11700	15200	19800	25700
2874	680	Y Xä	10	11	0	-4800 400 600	1 0 0 0	26	27	28	-1	-1	-1	11	12	13	-1	0	0	20000	26000	33800
2875	680	T§p Phß¶ng	9	12	0	-5700 400 -700	1 0 0 0	30	31	32	33	-1	-1	-1	-1	-1	-1	9000	11700	15200	19800	25700
2876	680	TØu quán	2	13	0	-5900 800 -2400	1 0 0 0	34	35	36	-1	-1	-1	14	15	16	-1	0	0	20000	26000	33800
2877	680	Sß½ng phòng	1	14	0	-5900 800 -3900	1 0 0 0	38	39	40	41	-1	-1	-1	-1	-1	-1	9000	9900	10900	12000	13200
2878	680	Võ Cø	6	15	0	-5300 800 -6000	1 0 0 0	42	43	44	-1	-1	-1	-1	-1	-1	-1	0	0	15000	18000	21600
2879	680	ÐoÕn Ðài	5	16	0	-3300 800 -5500	1 0 0 0	46	47	48	49	-1	1	2	3	4	5	9000	11700	15200	19800	25700
2880	680	Tß¶ng thành	8	17	0	400 0 1000	1 0 0 0	1	1	1	1	-1	-1	-1	-1	-1	-1	0	0	0	0	0
2881	681	Huy®n nha	0	1	0	400 1200 -5600	1 0 0 0	72	73	74	75	-1	-1	-1	-1	-1	-1	20000	40000	80000	160000	320000
2882	681	ÐÕi kÏ	17	2	0	400 1200 -3600	1 0 0 0	1	1	1	1	-1	-1	-1	-1	-1	-1	0	0	0	0	0
2883	681	Võ Phß¶ng	11	4	0	3900 800 -5700	1 0 0 0	2	3	4	5	-1	6	7	8	9	10	9000	15300	26000	44200	75200
2884	681	Phòng Cø	4	5	0	5900 800 -5900	1 0 0 0	6	7	8	-1	-1	-1	-1	-1	-1	-1	0	0	15000	18000	21600
2885	681	Ti«n trang	3	6	0	5900 800 -4200	1 0 0 0	10	11	12	13	-1	101	29	47	65	83	10000	18000	32400	58300	105000
2886	681	Trß¶ng võ	15	7	0	5500 400 -200	1 0 0 0	14	15	16	17	-1	-1	-1	-1	-1	-1	9000	15300	26000	44200	75200
2887	681	M­ Thß½ng	7	8	0	3300 0 -1200	1 0 0 0	18	19	20	21	-1	-1	-1	-1	-1	-1	9000	11700	15200	19800	25700
2888	681	Thß vi®n	13	9	0	-2100 0 -1800	1 0 0 0	22	23	24	25	-1	-1	-1	-1	-1	-1	9000	11700	15200	19800	25700
2889	681	Y Xä	10	11	0	-4800 400 600	1 0 0 0	26	27	28	-1	-1	-1	11	12	13	-1	0	0	20000	26000	33800
2890	681	T§p Phß¶ng	9	12	0	-5700 400 -700	1 0 0 0	30	31	32	33	-1	-1	-1	-1	-1	-1	9000	11700	15200	19800	25700
2891	681	TØu quán	2	13	0	-5900 800 -2400	1 0 0 0	34	35	36	-1	-1	-1	14	15	16	-1	0	0	20000	26000	33800
2892	681	Sß½ng phòng	1	14	0	-5900 800 -3900	1 0 0 0	38	39	40	41	-1	-1	-1	-1	-1	-1	9000	9900	10900	12000	13200
2893	681	Võ Cø	6	15	0	-5300 800 -6000	1 0 0 0	42	43	44	-1	-1	-1	-1	-1	-1	-1	0	0	15000	18000	21600
2894	681	ÐoÕn Ðài	5	16	0	-3300 800 -5500	1 0 0 0	46	47	48	49	-1	1	2	3	4	5	9000	11700	15200	19800	25700
2895	681	Tß¶ng thành	8	17	0	400 0 1000	1 0 0 0	1	1	1	1	-1	-1	-1	-1	-1	-1	0	0	0	0	0
2896	682	Huy®n nha	0	1	0	400 1200 -5600	1 0 0 0	72	73	74	75	-1	-1	-1	-1	-1	-1	20000	40000	80000	160000	320000
2897	682	ÐÕi kÏ	17	2	0	400 1200 -3600	1 0 0 0	1	1	1	1	-1	-1	-1	-1	-1	-1	0	0	0	0	0
2898	682	Võ Phß¶ng	11	4	0	3900 800 -5700	1 0 0 0	2	3	4	5	-1	6	7	8	9	10	9000	15300	26000	44200	75200
2899	682	Phòng Cø	4	5	0	5900 800 -5900	1 0 0 0	6	7	8	-1	-1	-1	-1	-1	-1	-1	0	0	15000	18000	21600
2900	682	Ti«n trang	3	6	0	5900 800 -4200	1 0 0 0	10	11	12	13	-1	102	30	48	66	84	10000	18000	32400	58300	105000
2901	682	Trß¶ng võ	15	7	0	5500 400 -200	1 0 0 0	14	15	16	17	-1	-1	-1	-1	-1	-1	9000	15300	26000	44200	75200
2902	682	M­ Thß½ng	7	8	0	3300 0 -1200	1 0 0 0	18	19	20	21	-1	-1	-1	-1	-1	-1	9000	11700	15200	19800	25700
2903	682	Thß vi®n	13	9	0	-2100 0 -1800	1 0 0 0	22	23	24	25	-1	-1	-1	-1	-1	-1	9000	11700	15200	19800	25700
2904	682	Y Xä	10	11	0	-4800 400 600	1 0 0 0	26	27	28	-1	-1	-1	11	12	13	-1	0	0	20000	26000	33800
2905	682	T§p Phß¶ng	9	12	0	-5700 400 -700	1 0 0 0	30	31	32	33	-1	-1	-1	-1	-1	-1	9000	11700	15200	19800	25700
2906	682	TØu quán	2	13	0	-5900 800 -2400	1 0 0 0	34	35	36	-1	-1	-1	14	15	16	-1	0	0	20000	26000	33800
2907	682	Sß½ng phòng	1	14	0	-5900 800 -3900	1 0 0 0	38	39	40	41	-1	-1	-1	-1	-1	-1	9000	9900	10900	12000	13200
2908	682	Võ Cø	6	15	0	-5300 800 -6000	1 0 0 0	42	43	44	-1	-1	-1	-1	-1	-1	-1	0	0	15000	18000	21600
2909	682	ÐoÕn Ðài	5	16	0	-3300 800 -5500	1 0 0 0	46	47	48	49	-1	1	2	3	4	5	9000	11700	15200	19800	25700
2910	682	Tß¶ng thành	8	17	0	400 0 1000	1 0 0 0	1	1	1	1	-1	-1	-1	-1	-1	-1	0	0	0	0	0
2911	683	Huy®n nha	0	1	0	400 1200 -5600	1 0 0 0	72	73	74	75	-1	-1	-1	-1	-1	-1	20000	40000	80000	160000	320000
2912	683	ÐÕi kÏ	17	2	0	400 1200 -3600	1 0 0 0	1	1	1	1	-1	-1	-1	-1	-1	-1	0	0	0	0	0
2913	683	Võ Phß¶ng	11	4	0	3900 800 -5700	1 0 0 0	2	3	4	5	-1	6	7	8	9	10	9000	15300	26000	44200	75200
2914	683	Phòng Cø	4	5	0	5900 800 -5900	1 0 0 0	6	7	8	-1	-1	-1	-1	-1	-1	-1	0	0	15000	18000	21600
2915	683	Ti«n trang	3	6	0	5900 800 -4200	1 0 0 0	10	11	12	13	-1	103	31	49	67	85	10000	18000	32400	58300	105000
2916	683	Trß¶ng võ	15	7	0	5500 400 -200	1 0 0 0	14	15	16	17	-1	-1	-1	-1	-1	-1	9000	15300	26000	44200	75200
2917	683	M­ Thß½ng	7	8	0	3300 0 -1200	1 0 0 0	18	19	20	21	-1	-1	-1	-1	-1	-1	9000	11700	15200	19800	25700
2918	683	Thß vi®n	13	9	0	-2100 0 -1800	1 0 0 0	22	23	24	25	-1	-1	-1	-1	-1	-1	9000	11700	15200	19800	25700
2919	683	Y Xä	10	11	0	-4800 400 600	1 0 0 0	26	27	28	-1	-1	-1	11	12	13	-1	0	0	20000	26000	33800
2920	683	T§p Phß¶ng	9	12	0	-5700 400 -700	1 0 0 0	30	31	32	33	-1	-1	-1	-1	-1	-1	9000	11700	15200	19800	25700
2921	683	TØu quán	2	13	0	-5900 800 -2400	1 0 0 0	34	35	36	-1	-1	-1	14	15	16	-1	0	0	20000	26000	33800
2922	683	Sß½ng phòng	1	14	0	-5900 800 -3900	1 0 0 0	38	39	40	41	-1	-1	-1	-1	-1	-1	9000	9900	10900	12000	13200
2923	683	Võ Cø	6	15	0	-5300 800 -6000	1 0 0 0	42	43	44	-1	-1	-1	-1	-1	-1	-1	0	0	15000	18000	21600
2924	683	ÐoÕn Ðài	5	16	0	-3300 800 -5500	1 0 0 0	46	47	48	49	-1	1	2	3	4	5	9000	11700	15200	19800	25700
2925	683	Tß¶ng thành	8	17	0	400 0 1000	1 0 0 0	1	1	1	1	-1	-1	-1	-1	-1	-1	0	0	0	0	0
2926	684	Huy®n nha	0	1	0	400 1200 -5600	1 0 0 0	72	73	74	75	-1	-1	-1	-1	-1	-1	20000	40000	80000	160000	320000
2927	684	ÐÕi kÏ	17	2	0	400 1200 -3600	1 0 0 0	1	1	1	1	-1	-1	-1	-1	-1	-1	0	0	0	0	0
2928	684	Võ Phß¶ng	11	4	0	3900 800 -5700	1 0 0 0	2	3	4	5	-1	6	7	8	9	10	9000	15300	26000	44200	75200
2929	684	Phòng Cø	4	5	0	5900 800 -5900	1 0 0 0	6	7	8	-1	-1	-1	-1	-1	-1	-1	0	0	15000	18000	21600
2930	684	Ti«n trang	3	6	0	5900 800 -4200	1 0 0 0	10	11	12	13	-1	104	32	50	68	86	10000	18000	32400	58300	105000
2931	684	Trß¶ng võ	15	7	0	5500 400 -200	1 0 0 0	14	15	16	17	-1	-1	-1	-1	-1	-1	9000	15300	26000	44200	75200
2932	684	M­ Thß½ng	7	8	0	3300 0 -1200	1 0 0 0	18	19	20	21	-1	-1	-1	-1	-1	-1	9000	11700	15200	19800	25700
2933	684	Thß vi®n	13	9	0	-2100 0 -1800	1 0 0 0	22	23	24	25	-1	-1	-1	-1	-1	-1	9000	11700	15200	19800	25700
2934	684	Y Xä	10	11	0	-4800 400 600	1 0 0 0	26	27	28	-1	-1	-1	11	12	13	-1	0	0	20000	26000	33800
2935	684	T§p Phß¶ng	9	12	0	-5700 400 -700	1 0 0 0	30	31	32	33	-1	-1	-1	-1	-1	-1	9000	11700	15200	19800	25700
2936	684	TØu quán	2	13	0	-5900 800 -2400	1 0 0 0	34	35	36	-1	-1	-1	14	15	16	-1	0	0	20000	26000	33800
2937	684	Sß½ng phòng	1	14	0	-5900 800 -3900	1 0 0 0	38	39	40	41	-1	-1	-1	-1	-1	-1	9000	9900	10900	12000	13200
2938	684	Võ Cø	6	15	0	-5300 800 -6000	1 0 0 0	42	43	44	-1	-1	-1	-1	-1	-1	-1	0	0	15000	18000	21600
2939	684	ÐoÕn Ðài	5	16	0	-3300 800 -5500	1 0 0 0	46	47	48	49	-1	1	2	3	4	5	9000	11700	15200	19800	25700
2940	684	Tß¶ng thành	8	17	0	400 0 1000	1 0 0 0	1	1	1	1	-1	-1	-1	-1	-1	-1	0	0	0	0	0
2941	685	Huy®n nha	0	1	0	400 1200 -5600	1 0 0 0	72	73	74	75	-1	-1	-1	-1	-1	-1	20000	40000	80000	160000	320000
2942	685	ÐÕi kÏ	17	2	0	400 1200 -3600	1 0 0 0	1	1	1	1	-1	-1	-1	-1	-1	-1	0	0	0	0	0
2943	685	Võ Phß¶ng	11	4	0	3900 800 -5700	1 0 0 0	2	3	4	5	-1	6	7	8	9	10	9000	15300	26000	44200	75200
2944	685	Phòng Cø	4	5	0	5900 800 -5900	1 0 0 0	6	7	8	-1	-1	-1	-1	-1	-1	-1	0	0	15000	18000	21600
2945	685	Ti«n trang	3	6	0	5900 800 -4200	1 0 0 0	10	11	12	13	-1	105	33	51	69	87	10000	18000	32400	58300	105000
2946	685	Trß¶ng võ	15	7	0	5500 400 -200	1 0 0 0	14	15	16	17	-1	-1	-1	-1	-1	-1	9000	15300	26000	44200	75200
2947	685	M­ Thß½ng	7	8	0	3300 0 -1200	1 0 0 0	18	19	20	21	-1	-1	-1	-1	-1	-1	9000	11700	15200	19800	25700
2948	685	Thß vi®n	13	9	0	-2100 0 -1800	1 0 0 0	22	23	24	25	-1	-1	-1	-1	-1	-1	9000	11700	15200	19800	25700
2949	685	Y Xä	10	11	0	-4800 400 600	1 0 0 0	26	27	28	-1	-1	-1	11	12	13	-1	0	0	20000	26000	33800
2950	685	T§p Phß¶ng	9	12	0	-5700 400 -700	1 0 0 0	30	31	32	33	-1	-1	-1	-1	-1	-1	9000	11700	15200	19800	25700
2951	685	TØu quán	2	13	0	-5900 800 -2400	1 0 0 0	34	35	36	-1	-1	-1	14	15	16	-1	0	0	20000	26000	33800
2952	685	Sß½ng phòng	1	14	0	-5900 800 -3900	1 0 0 0	38	39	40	41	-1	-1	-1	-1	-1	-1	9000	9900	10900	12000	13200
2953	685	Võ Cø	6	15	0	-5300 800 -6000	1 0 0 0	42	43	44	-1	-1	-1	-1	-1	-1	-1	0	0	15000	18000	21600
2954	685	ÐoÕn Ðài	5	16	0	-3300 800 -5500	1 0 0 0	46	47	48	49	-1	1	2	3	4	5	9000	11700	15200	19800	25700
2955	685	Tß¶ng thành	8	17	0	400 0 1000	1 0 0 0	1	1	1	1	-1	-1	-1	-1	-1	-1	0	0	0	0	0
2956	686	Huy®n nha	0	1	0	400 1200 -5600	1 0 0 0	72	73	74	75	-1	-1	-1	-1	-1	-1	20000	40000	80000	160000	320000
2957	686	ÐÕi kÏ	17	2	0	400 1200 -3600	1 0 0 0	1	1	1	1	-1	-1	-1	-1	-1	-1	0	0	0	0	0
2958	686	Võ Phß¶ng	11	4	0	3900 800 -5700	1 0 0 0	2	3	4	5	-1	6	7	8	9	10	9000	15300	26000	44200	75200
2959	686	Phòng Cø	4	5	0	5900 800 -5900	1 0 0 0	6	7	8	-1	-1	-1	-1	-1	-1	-1	0	0	15000	18000	21600
2960	686	Ti«n trang	3	6	0	5900 800 -4200	1 0 0 0	10	11	12	13	-1	106	34	52	70	88	10000	18000	32400	58300	105000
2961	686	Trß¶ng võ	15	7	0	5500 400 -200	1 0 0 0	14	15	16	17	-1	-1	-1	-1	-1	-1	9000	15300	26000	44200	75200
2962	686	M­ Thß½ng	7	8	0	3300 0 -1200	1 0 0 0	18	19	20	21	-1	-1	-1	-1	-1	-1	9000	11700	15200	19800	25700
2963	686	Thß vi®n	13	9	0	-2100 0 -1800	1 0 0 0	22	23	24	25	-1	-1	-1	-1	-1	-1	9000	11700	15200	19800	25700
2964	686	Y Xä	10	11	0	-4800 400 600	1 0 0 0	26	27	28	-1	-1	-1	11	12	13	-1	0	0	20000	26000	33800
2965	686	T§p Phß¶ng	9	12	0	-5700 400 -700	1 0 0 0	30	31	32	33	-1	-1	-1	-1	-1	-1	9000	11700	15200	19800	25700
2966	686	TØu quán	2	13	0	-5900 800 -2400	1 0 0 0	34	35	36	-1	-1	-1	14	15	16	-1	0	0	20000	26000	33800
2967	686	Sß½ng phòng	1	14	0	-5900 800 -3900	1 0 0 0	38	39	40	41	-1	-1	-1	-1	-1	-1	9000	9900	10900	12000	13200
2968	686	Võ Cø	6	15	0	-5300 800 -6000	1 0 0 0	42	43	44	-1	-1	-1	-1	-1	-1	-1	0	0	15000	18000	21600
2969	686	ÐoÕn Ðài	5	16	0	-3300 800 -5500	1 0 0 0	46	47	48	49	-1	1	2	3	4	5	9000	11700	15200	19800	25700
2970	686	Tß¶ng thành	8	17	0	400 0 1000	1 0 0 0	1	1	1	1	-1	-1	-1	-1	-1	-1	0	0	0	0	0
2971	687	Huy®n nha	0	1	0	400 1200 -5600	1 0 0 0	72	73	74	75	-1	-1	-1	-1	-1	-1	20000	40000	80000	160000	320000
2972	687	ÐÕi kÏ	17	2	0	400 1200 -3600	1 0 0 0	1	1	1	1	-1	-1	-1	-1	-1	-1	0	0	0	0	0
2973	687	Võ Phß¶ng	11	4	0	3900 800 -5700	1 0 0 0	2	3	4	5	-1	6	7	8	9	10	9000	15300	26000	44200	75200
2974	687	Phòng Cø	4	5	0	5900 800 -5900	1 0 0 0	6	7	8	-1	-1	-1	-1	-1	-1	-1	0	0	15000	18000	21600
2975	687	Ti«n trang	3	6	0	5900 800 -4200	1 0 0 0	10	11	12	13	-1	89	17	35	53	71	10000	18000	32400	58300	105000
2976	687	Trß¶ng võ	15	7	0	5500 400 -200	1 0 0 0	14	15	16	17	-1	-1	-1	-1	-1	-1	9000	15300	26000	44200	75200
2977	687	M­ Thß½ng	7	8	0	3300 0 -1200	1 0 0 0	18	19	20	21	-1	-1	-1	-1	-1	-1	9000	11700	15200	19800	25700
2978	687	Thß vi®n	13	9	0	-2100 0 -1800	1 0 0 0	22	23	24	25	-1	-1	-1	-1	-1	-1	9000	11700	15200	19800	25700
2979	687	Y Xä	10	11	0	-4800 400 600	1 0 0 0	26	27	28	-1	-1	-1	11	12	13	-1	0	0	20000	26000	33800
2980	687	T§p Phß¶ng	9	12	0	-5700 400 -700	1 0 0 0	30	31	32	33	-1	-1	-1	-1	-1	-1	9000	11700	15200	19800	25700
2981	687	TØu quán	2	13	0	-5900 800 -2400	1 0 0 0	34	35	36	-1	-1	-1	14	15	16	-1	0	0	20000	26000	33800
2982	687	Sß½ng phòng	1	14	0	-5900 800 -3900	1 0 0 0	38	39	40	41	-1	-1	-1	-1	-1	-1	9000	9900	10900	12000	13200
2983	687	Võ Cø	6	15	0	-5300 800 -6000	1 0 0 0	42	43	44	-1	-1	-1	-1	-1	-1	-1	0	0	15000	18000	21600
2984	687	ÐoÕn Ðài	5	16	0	-3300 800 -5500	1 0 0 0	46	47	48	49	-1	1	2	3	4	5	9000	11700	15200	19800	25700
2985	688	Tß¶ng thành	8	17	0	400 0 1000	1 0 0 0	1	1	1	1	-1	-1	-1	-1	-1	-1	0	0	0	0	0
2986	688	Huy®n nha	0	1	0	400 1200 -5600	1 0 0 0	72	73	74	75	-1	-1	-1	-1	-1	-1	20000	40000	80000	160000	320000
2987	688	ÐÕi kÏ	17	2	0	400 1200 -3600	1 0 0 0	1	1	1	1	-1	-1	-1	-1	-1	-1	0	0	0	0	0
2988	688	Võ Phß¶ng	11	4	0	3900 800 -5700	1 0 0 0	2	3	4	5	-1	6	7	8	9	10	9000	15300	26000	44200	75200
2989	688	Phòng Cø	4	5	0	5900 800 -5900	1 0 0 0	6	7	8	-1	-1	-1	-1	-1	-1	-1	0	0	15000	18000	21600
2990	688	Ti«n trang	3	6	0	5900 800 -4200	1 0 0 0	10	11	12	13	-1	90	18	36	54	72	10000	18000	32400	58300	105000
2991	688	Trß¶ng võ	15	7	0	5500 400 -200	1 0 0 0	14	15	16	17	-1	-1	-1	-1	-1	-1	9000	15300	26000	44200	75200
2992	688	M­ Thß½ng	7	8	0	3300 0 -1200	1 0 0 0	18	19	20	21	-1	-1	-1	-1	-1	-1	9000	11700	15200	19800	25700
2993	688	Thß vi®n	13	9	0	-2100 0 -1800	1 0 0 0	22	23	24	25	-1	-1	-1	-1	-1	-1	9000	11700	15200	19800	25700
2994	688	Y Xä	10	11	0	-4800 400 600	1 0 0 0	26	27	28	-1	-1	-1	11	12	13	-1	0	0	20000	26000	33800
2995	688	T§p Phß¶ng	9	12	0	-5700 400 -700	1 0 0 0	30	31	32	33	-1	-1	-1	-1	-1	-1	9000	11700	15200	19800	25700
2996	688	TØu quán	2	13	0	-5900 800 -2400	1 0 0 0	34	35	36	-1	-1	-1	14	15	16	-1	0	0	20000	26000	33800
2997	688	Sß½ng phòng	1	14	0	-5900 800 -3900	1 0 0 0	38	39	40	41	-1	-1	-1	-1	-1	-1	9000	9900	10900	12000	13200
2998	688	Võ Cø	6	15	0	-5300 800 -6000	1 0 0 0	42	43	44	-1	-1	-1	-1	-1	-1	-1	0	0	15000	18000	21600
2999	688	ÐoÕn Ðài	5	16	0	-3300 800 -5500	1 0 0 0	46	47	48	49	-1	1	2	3	4	5	9000	11700	15200	19800	25700
3000	688	Tß¶ng thành	8	17	0	400 0 1000	1 0 0 0	1	1	1	1	-1	-1	-1	-1	-1	-1	0	0	0	0	0
3001	689	Huy®n nha	0	1	0	400 1200 -5600	1 0 0 0	72	73	74	75	-1	-1	-1	-1	-1	-1	20000	40000	80000	160000	320000
3002	689	ÐÕi kÏ	17	2	0	400 1200 -3600	1 0 0 0	1	1	1	1	-1	-1	-1	-1	-1	-1	0	0	0	0	0
3003	689	Võ Phß¶ng	11	4	0	3900 800 -5700	1 0 0 0	2	3	4	5	-1	6	7	8	9	10	9000	15300	26000	44200	75200
3004	689	Phòng Cø	4	5	0	5900 800 -5900	1 0 0 0	6	7	8	-1	-1	-1	-1	-1	-1	-1	0	0	15000	18000	21600
3005	689	Ti«n trang	3	6	0	5900 800 -4200	1 0 0 0	10	11	12	13	-1	91	19	37	55	73	10000	18000	32400	58300	105000
3006	689	Trß¶ng võ	15	7	0	5500 400 -200	1 0 0 0	14	15	16	17	-1	-1	-1	-1	-1	-1	9000	15300	26000	44200	75200
3007	689	M­ Thß½ng	7	8	0	3300 0 -1200	1 0 0 0	18	19	20	21	-1	-1	-1	-1	-1	-1	9000	11700	15200	19800	25700
3008	689	Thß vi®n	13	9	0	-2100 0 -1800	1 0 0 0	22	23	24	25	-1	-1	-1	-1	-1	-1	9000	11700	15200	19800	25700
3009	689	Y Xä	10	11	0	-4800 400 600	1 0 0 0	26	27	28	-1	-1	-1	11	12	13	-1	0	0	20000	26000	33800
3010	689	T§p Phß¶ng	9	12	0	-5700 400 -700	1 0 0 0	30	31	32	33	-1	-1	-1	-1	-1	-1	9000	11700	15200	19800	25700
3011	689	TØu quán	2	13	0	-5900 800 -2400	1 0 0 0	34	35	36	-1	-1	-1	14	15	16	-1	0	0	20000	26000	33800
3012	689	Sß½ng phòng	1	14	0	-5900 800 -3900	1 0 0 0	38	39	40	41	-1	-1	-1	-1	-1	-1	9000	9900	10900	12000	13200
3013	689	Võ Cø	6	15	0	-5300 800 -6000	1 0 0 0	42	43	44	-1	-1	-1	-1	-1	-1	-1	0	0	15000	18000	21600
3014	689	ÐoÕn Ðài	5	16	0	-3300 800 -5500	1 0 0 0	46	47	48	49	-1	1	2	3	4	5	9000	11700	15200	19800	25700
3015	689	Tß¶ng thành	8	17	0	400 0 1000	1 0 0 0	1	1	1	1	-1	-1	-1	-1	-1	-1	0	0	0	0	0
3016	690	Huy®n nha	0	1	0	400 1200 -5600	1 0 0 0	72	73	74	75	-1	-1	-1	-1	-1	-1	20000	40000	80000	160000	320000
3017	690	ÐÕi kÏ	17	2	0	400 1200 -3600	1 0 0 0	1	1	1	1	-1	-1	-1	-1	-1	-1	0	0	0	0	0
3018	690	Võ Phß¶ng	11	4	0	3900 800 -5700	1 0 0 0	2	3	4	5	-1	6	7	8	9	10	9000	15300	26000	44200	75200
3019	690	Phòng Cø	4	5	0	5900 800 -5900	1 0 0 0	6	7	8	-1	-1	-1	-1	-1	-1	-1	0	0	15000	18000	21600
3020	690	Ti«n trang	3	6	0	5900 800 -4200	1 0 0 0	10	11	12	13	-1	92	20	38	56	74	10000	18000	32400	58300	105000
3021	690	Trß¶ng võ	15	7	0	5500 400 -200	1 0 0 0	14	15	16	17	-1	-1	-1	-1	-1	-1	9000	15300	26000	44200	75200
3022	690	M­ Thß½ng	7	8	0	3300 0 -1200	1 0 0 0	18	19	20	21	-1	-1	-1	-1	-1	-1	9000	11700	15200	19800	25700
3023	690	Thß vi®n	13	9	0	-2100 0 -1800	1 0 0 0	22	23	24	25	-1	-1	-1	-1	-1	-1	9000	11700	15200	19800	25700
3024	690	Y Xä	10	11	0	-4800 400 600	1 0 0 0	26	27	28	-1	-1	-1	11	12	13	-1	0	0	20000	26000	33800
3025	690	T§p Phß¶ng	9	12	0	-5700 400 -700	1 0 0 0	30	31	32	33	-1	-1	-1	-1	-1	-1	9000	11700	15200	19800	25700
3026	690	TØu quán	2	13	0	-5900 800 -2400	1 0 0 0	34	35	36	-1	-1	-1	14	15	16	-1	0	0	20000	26000	33800
3027	690	Sß½ng phòng	1	14	0	-5900 800 -3900	1 0 0 0	38	39	40	41	-1	-1	-1	-1	-1	-1	9000	9900	10900	12000	13200
3028	690	Võ Cø	6	15	0	-5300 800 -6000	1 0 0 0	42	43	44	-1	-1	-1	-1	-1	-1	-1	0	0	15000	18000	21600
3029	690	ÐoÕn Ðài	5	16	0	-3300 800 -5500	1 0 0 0	46	47	48	49	-1	1	2	3	4	5	9000	11700	15200	19800	25700
3030	690	Tß¶ng thành	8	17	0	400 0 1000	1 0 0 0	1	1	1	1	-1	-1	-1	-1	-1	-1	0	0	0	0	0
3031	691	Huy®n nha	0	1	0	400 1200 -5600	1 0 0 0	72	73	74	75	-1	-1	-1	-1	-1	-1	20000	40000	80000	160000	320000
3032	691	ÐÕi kÏ	17	2	0	400 1200 -3600	1 0 0 0	1	1	1	1	-1	-1	-1	-1	-1	-1	0	0	0	0	0
3033	691	Võ Phß¶ng	11	4	0	3900 800 -5700	1 0 0 0	2	3	4	5	-1	6	7	8	9	10	9000	15300	26000	44200	75200
3034	691	Phòng Cø	4	5	0	5900 800 -5900	1 0 0 0	6	7	8	-1	-1	-1	-1	-1	-1	-1	0	0	15000	18000	21600
3035	691	Ti«n trang	3	6	0	5900 800 -4200	1 0 0 0	10	11	12	13	-1	93	21	39	57	75	10000	18000	32400	58300	105000
3036	691	Trß¶ng võ	15	7	0	5500 400 -200	1 0 0 0	14	15	16	17	-1	-1	-1	-1	-1	-1	9000	15300	26000	44200	75200
3037	691	M­ Thß½ng	7	8	0	3300 0 -1200	1 0 0 0	18	19	20	21	-1	-1	-1	-1	-1	-1	9000	11700	15200	19800	25700
3038	691	Thß vi®n	13	9	0	-2100 0 -1800	1 0 0 0	22	23	24	25	-1	-1	-1	-1	-1	-1	9000	11700	15200	19800	25700
3039	691	Y Xä	10	11	0	-4800 400 600	1 0 0 0	26	27	28	-1	-1	-1	11	12	13	-1	0	0	20000	26000	33800
3040	691	T§p Phß¶ng	9	12	0	-5700 400 -700	1 0 0 0	30	31	32	33	-1	-1	-1	-1	-1	-1	9000	11700	15200	19800	25700
3041	691	TØu quán	2	13	0	-5900 800 -2400	1 0 0 0	34	35	36	-1	-1	-1	14	15	16	-1	0	0	20000	26000	33800
3042	691	Sß½ng phòng	1	14	0	-5900 800 -3900	1 0 0 0	38	39	40	41	-1	-1	-1	-1	-1	-1	9000	9900	10900	12000	13200
3043	691	Võ Cø	6	15	0	-5300 800 -6000	1 0 0 0	42	43	44	-1	-1	-1	-1	-1	-1	-1	0	0	15000	18000	21600
3044	691	ÐoÕn Ðài	5	16	0	-3300 800 -5500	1 0 0 0	46	47	48	49	-1	1	2	3	4	5	9000	11700	15200	19800	25700
3045	691	Tß¶ng thành	8	17	0	400 0 1000	1 0 0 0	1	1	1	1	-1	-1	-1	-1	-1	-1	0	0	0	0	0
3046	692	Huy®n nha	0	1	0	400 1200 -5600	1 0 0 0	72	73	74	75	-1	-1	-1	-1	-1	-1	20000	40000	80000	160000	320000
3047	692	ÐÕi kÏ	17	2	0	400 1200 -3600	1 0 0 0	1	1	1	1	-1	-1	-1	-1	-1	-1	0	0	0	0	0
3048	692	Võ Phß¶ng	11	4	0	3900 800 -5700	1 0 0 0	2	3	4	5	-1	6	7	8	9	10	9000	15300	26000	44200	75200
3049	692	Phòng Cø	4	5	0	5900 800 -5900	1 0 0 0	6	7	8	-1	-1	-1	-1	-1	-1	-1	0	0	15000	18000	21600
3050	692	Ti«n trang	3	6	0	5900 800 -4200	1 0 0 0	10	11	12	13	-1	94	22	40	58	76	10000	18000	32400	58300	105000
3051	692	Trß¶ng võ	15	7	0	5500 400 -200	1 0 0 0	14	15	16	17	-1	-1	-1	-1	-1	-1	9000	15300	26000	44200	75200
3052	692	M­ Thß½ng	7	8	0	3300 0 -1200	1 0 0 0	18	19	20	21	-1	-1	-1	-1	-1	-1	9000	11700	15200	19800	25700
3053	692	Thß vi®n	13	9	0	-2100 0 -1800	1 0 0 0	22	23	24	25	-1	-1	-1	-1	-1	-1	9000	11700	15200	19800	25700
3054	692	Y Xä	10	11	0	-4800 400 600	1 0 0 0	26	27	28	-1	-1	-1	11	12	13	-1	0	0	20000	26000	33800
3055	692	T§p Phß¶ng	9	12	0	-5700 400 -700	1 0 0 0	30	31	32	33	-1	-1	-1	-1	-1	-1	9000	11700	15200	19800	25700
3056	692	TØu quán	2	13	0	-5900 800 -2400	1 0 0 0	34	35	36	-1	-1	-1	14	15	16	-1	0	0	20000	26000	33800
3057	692	Sß½ng phòng	1	14	0	-5900 800 -3900	1 0 0 0	38	39	40	41	-1	-1	-1	-1	-1	-1	9000	9900	10900	12000	13200
3058	692	Võ Cø	6	15	0	-5300 800 -6000	1 0 0 0	42	43	44	-1	-1	-1	-1	-1	-1	-1	0	0	15000	18000	21600
3059	692	ÐoÕn Ðài	5	16	0	-3300 800 -5500	1 0 0 0	46	47	48	49	-1	1	2	3	4	5	9000	11700	15200	19800	25700
3060	692	Tß¶ng thành	8	17	0	400 0 1000	1 0 0 0	1	1	1	1	-1	-1	-1	-1	-1	-1	0	0	0	0	0
3061	693	Huy®n nha	0	1	0	400 1200 -5600	1 0 0 0	72	73	74	75	-1	-1	-1	-1	-1	-1	20000	40000	80000	160000	320000
3062	693	ÐÕi kÏ	17	2	0	400 1200 -3600	1 0 0 0	1	1	1	1	-1	-1	-1	-1	-1	-1	0	0	0	0	0
3063	693	Võ Phß¶ng	11	4	0	3900 800 -5700	1 0 0 0	2	3	4	5	-1	6	7	8	9	10	9000	15300	26000	44200	75200
3064	693	Phòng Cø	4	5	0	5900 800 -5900	1 0 0 0	6	7	8	-1	-1	-1	-1	-1	-1	-1	0	0	15000	18000	21600
3065	693	Ti«n trang	3	6	0	5900 800 -4200	1 0 0 0	10	11	12	13	-1	95	23	41	59	77	10000	18000	32400	58300	105000
3066	693	Trß¶ng võ	15	7	0	5500 400 -200	1 0 0 0	14	15	16	17	-1	-1	-1	-1	-1	-1	9000	15300	26000	44200	75200
3067	693	M­ Thß½ng	7	8	0	3300 0 -1200	1 0 0 0	18	19	20	21	-1	-1	-1	-1	-1	-1	9000	11700	15200	19800	25700
3068	693	Thß vi®n	13	9	0	-2100 0 -1800	1 0 0 0	22	23	24	25	-1	-1	-1	-1	-1	-1	9000	11700	15200	19800	25700
3069	693	Y Xä	10	11	0	-4800 400 600	1 0 0 0	26	27	28	-1	-1	-1	11	12	13	-1	0	0	20000	26000	33800
3070	693	T§p Phß¶ng	9	12	0	-5700 400 -700	1 0 0 0	30	31	32	33	-1	-1	-1	-1	-1	-1	9000	11700	15200	19800	25700
3071	693	TØu quán	2	13	0	-5900 800 -2400	1 0 0 0	34	35	36	-1	-1	-1	14	15	16	-1	0	0	20000	26000	33800
3072	693	Sß½ng phòng	1	14	0	-5900 800 -3900	1 0 0 0	38	39	40	41	-1	-1	-1	-1	-1	-1	9000	9900	10900	12000	13200
3073	693	Võ Cø	6	15	0	-5300 800 -6000	1 0 0 0	42	43	44	-1	-1	-1	-1	-1	-1	-1	0	0	15000	18000	21600
3074	693	ÐoÕn Ðài	5	16	0	-3300 800 -5500	1 0 0 0	46	47	48	49	-1	1	2	3	4	5	9000	11700	15200	19800	25700
3075	693	Tß¶ng thành	8	17	0	400 0 1000	1 0 0 0	1	1	1	1	-1	-1	-1	-1	-1	-1	0	0	0	0	0
3076	694	Huy®n nha	0	1	0	400 1200 -5600	1 0 0 0	72	73	74	75	-1	-1	-1	-1	-1	-1	20000	40000	80000	160000	320000
3077	694	ÐÕi kÏ	17	2	0	400 1200 -3600	1 0 0 0	1	1	1	1	-1	-1	-1	-1	-1	-1	0	0	0	0	0
3078	694	Võ Phß¶ng	11	4	0	3900 800 -5700	1 0 0 0	2	3	4	5	-1	6	7	8	9	10	9000	15300	26000	44200	75200
3079	694	Phòng Cø	4	5	0	5900 800 -5900	1 0 0 0	6	7	8	-1	-1	-1	-1	-1	-1	-1	0	0	15000	18000	21600
3080	694	Ti«n trang	3	6	0	5900 800 -4200	1 0 0 0	10	11	12	13	-1	96	24	42	60	78	10000	18000	32400	58300	105000
3081	694	Trß¶ng võ	15	7	0	5500 400 -200	1 0 0 0	14	15	16	17	-1	-1	-1	-1	-1	-1	9000	15300	26000	44200	75200
3082	694	M­ Thß½ng	7	8	0	3300 0 -1200	1 0 0 0	18	19	20	21	-1	-1	-1	-1	-1	-1	9000	11700	15200	19800	25700
3083	694	Thß vi®n	13	9	0	-2100 0 -1800	1 0 0 0	22	23	24	25	-1	-1	-1	-1	-1	-1	9000	11700	15200	19800	25700
3084	694	Y Xä	10	11	0	-4800 400 600	1 0 0 0	26	27	28	-1	-1	-1	11	12	13	-1	0	0	20000	26000	33800
3085	694	T§p Phß¶ng	9	12	0	-5700 400 -700	1 0 0 0	30	31	32	33	-1	-1	-1	-1	-1	-1	9000	11700	15200	19800	25700
3086	694	TØu quán	2	13	0	-5900 800 -2400	1 0 0 0	34	35	36	-1	-1	-1	14	15	16	-1	0	0	20000	26000	33800
3087	694	Sß½ng phòng	1	14	0	-5900 800 -3900	1 0 0 0	38	39	40	41	-1	-1	-1	-1	-1	-1	9000	9900	10900	12000	13200
3088	694	Võ Cø	6	15	0	-5300 800 -6000	1 0 0 0	42	43	44	-1	-1	-1	-1	-1	-1	-1	0	0	15000	18000	21600
3089	694	ÐoÕn Ðài	5	16	0	-3300 800 -5500	1 0 0 0	46	47	48	49	-1	1	2	3	4	5	9000	11700	15200	19800	25700
3090	694	Tß¶ng thành	8	17	0	400 0 1000	1 0 0 0	1	1	1	1	-1	-1	-1	-1	-1	-1	0	0	0	0	0
3091	695	Huy®n nha	0	1	0	400 1200 -5600	1 0 0 0	72	73	74	75	-1	-1	-1	-1	-1	-1	20000	40000	80000	160000	320000
3092	695	ÐÕi kÏ	17	2	0	400 1200 -3600	1 0 0 0	1	1	1	1	-1	-1	-1	-1	-1	-1	0	0	0	0	0
3093	695	Võ Phß¶ng	11	4	0	3900 800 -5700	1 0 0 0	2	3	4	5	-1	6	7	8	9	10	9000	15300	26000	44200	75200
3094	695	Phòng Cø	4	5	0	5900 800 -5900	1 0 0 0	6	7	8	-1	-1	-1	-1	-1	-1	-1	0	0	15000	18000	21600
3095	695	Ti«n trang	3	6	0	5900 800 -4200	1 0 0 0	10	11	12	13	-1	97	25	43	61	79	10000	18000	32400	58300	105000
3096	695	Trß¶ng võ	15	7	0	5500 400 -200	1 0 0 0	14	15	16	17	-1	-1	-1	-1	-1	-1	9000	15300	26000	44200	75200
3097	695	M­ Thß½ng	7	8	0	3300 0 -1200	1 0 0 0	18	19	20	21	-1	-1	-1	-1	-1	-1	9000	11700	15200	19800	25700
3098	695	Thß vi®n	13	9	0	-2100 0 -1800	1 0 0 0	22	23	24	25	-1	-1	-1	-1	-1	-1	9000	11700	15200	19800	25700
3099	695	Y Xä	10	11	0	-4800 400 600	1 0 0 0	26	27	28	-1	-1	-1	11	12	13	-1	0	0	20000	26000	33800
3100	695	T§p Phß¶ng	9	12	0	-5700 400 -700	1 0 0 0	30	31	32	33	-1	-1	-1	-1	-1	-1	9000	11700	15200	19800	25700
3101	695	TØu quán	2	13	0	-5900 800 -2400	1 0 0 0	34	35	36	-1	-1	-1	14	15	16	-1	0	0	20000	26000	33800
3102	695	Sß½ng phòng	1	14	0	-5900 800 -3900	1 0 0 0	38	39	40	41	-1	-1	-1	-1	-1	-1	9000	9900	10900	12000	13200
3103	695	Võ Cø	6	15	0	-5300 800 -6000	1 0 0 0	42	43	44	-1	-1	-1	-1	-1	-1	-1	0	0	15000	18000	21600
3104	695	ÐoÕn Ðài	5	16	0	-3300 800 -5500	1 0 0 0	46	47	48	49	-1	1	2	3	4	5	9000	11700	15200	19800	25700
3105	695	Tß¶ng thành	8	17	0	400 0 1000	1 0 0 0	1	1	1	1	-1	-1	-1	-1	-1	-1	0	0	0	0	0
3106	696	Huy®n nha	0	1	0	400 1200 -5600	1 0 0 0	72	73	74	75	-1	-1	-1	-1	-1	-1	20000	40000	80000	160000	320000
3107	696	ÐÕi kÏ	17	2	0	400 1200 -3600	1 0 0 0	1	1	1	1	-1	-1	-1	-1	-1	-1	0	0	0	0	0
3108	696	Võ Phß¶ng	11	4	0	3900 800 -5700	1 0 0 0	2	3	4	5	-1	6	7	8	9	10	9000	15300	26000	44200	75200
3109	696	Phòng Cø	4	5	0	5900 800 -5900	1 0 0 0	6	7	8	-1	-1	-1	-1	-1	-1	-1	0	0	15000	18000	21600
3110	696	Ti«n trang	3	6	0	5900 800 -4200	1 0 0 0	10	11	12	13	-1	98	26	44	62	80	10000	18000	32400	58300	105000
3111	696	Trß¶ng võ	15	7	0	5500 400 -200	1 0 0 0	14	15	16	17	-1	-1	-1	-1	-1	-1	9000	15300	26000	44200	75200
3112	696	M­ Thß½ng	7	8	0	3300 0 -1200	1 0 0 0	18	19	20	21	-1	-1	-1	-1	-1	-1	9000	11700	15200	19800	25700
3113	696	Thß vi®n	13	9	0	-2100 0 -1800	1 0 0 0	22	23	24	25	-1	-1	-1	-1	-1	-1	9000	11700	15200	19800	25700
3114	696	Y Xä	10	11	0	-4800 400 600	1 0 0 0	26	27	28	-1	-1	-1	11	12	13	-1	0	0	20000	26000	33800
3115	696	T§p Phß¶ng	9	12	0	-5700 400 -700	1 0 0 0	30	31	32	33	-1	-1	-1	-1	-1	-1	9000	11700	15200	19800	25700
3116	696	TØu quán	2	13	0	-5900 800 -2400	1 0 0 0	34	35	36	-1	-1	-1	14	15	16	-1	0	0	20000	26000	33800
3117	696	Sß½ng phòng	1	14	0	-5900 800 -3900	1 0 0 0	38	39	40	41	-1	-1	-1	-1	-1	-1	9000	9900	10900	12000	13200
3118	696	Võ Cø	6	15	0	-5300 800 -6000	1 0 0 0	42	43	44	-1	-1	-1	-1	-1	-1	-1	0	0	15000	18000	21600
3119	696	ÐoÕn Ðài	5	16	0	-3300 800 -5500	1 0 0 0	46	47	48	49	-1	1	2	3	4	5	9000	11700	15200	19800	25700
3120	696	Tß¶ng thành	8	17	0	400 0 1000	1 0 0 0	1	1	1	1	-1	-1	-1	-1	-1	-1	0	0	0	0	0
3121	697	Huy®n nha	0	1	0	400 1200 -5600	1 0 0 0	72	73	74	75	-1	-1	-1	-1	-1	-1	20000	40000	80000	160000	320000
3122	697	ÐÕi kÏ	17	2	0	400 1200 -3600	1 0 0 0	1	1	1	1	-1	-1	-1	-1	-1	-1	0	0	0	0	0
3123	697	Võ Phß¶ng	11	4	0	3900 800 -5700	1 0 0 0	2	3	4	5	-1	6	7	8	9	10	9000	15300	26000	44200	75200
3124	697	Phòng Cø	4	5	0	5900 800 -5900	1 0 0 0	6	7	8	-1	-1	-1	-1	-1	-1	-1	0	0	15000	18000	21600
3125	697	Ti«n trang	3	6	0	5900 800 -4200	1 0 0 0	10	11	12	13	-1	99	27	45	63	81	10000	18000	32400	58300	105000
3126	697	Trß¶ng võ	15	7	0	5500 400 -200	1 0 0 0	14	15	16	17	-1	-1	-1	-1	-1	-1	9000	15300	26000	44200	75200
3127	697	M­ Thß½ng	7	8	0	3300 0 -1200	1 0 0 0	18	19	20	21	-1	-1	-1	-1	-1	-1	9000	11700	15200	19800	25700
3128	697	Thß vi®n	13	9	0	-2100 0 -1800	1 0 0 0	22	23	24	25	-1	-1	-1	-1	-1	-1	9000	11700	15200	19800	25700
3129	697	Y Xä	10	11	0	-4800 400 600	1 0 0 0	26	27	28	-1	-1	-1	11	12	13	-1	0	0	20000	26000	33800
3130	697	T§p Phß¶ng	9	12	0	-5700 400 -700	1 0 0 0	30	31	32	33	-1	-1	-1	-1	-1	-1	9000	11700	15200	19800	25700
3131	697	TØu quán	2	13	0	-5900 800 -2400	1 0 0 0	34	35	36	-1	-1	-1	14	15	16	-1	0	0	20000	26000	33800
3132	697	Sß½ng phòng	1	14	0	-5900 800 -3900	1 0 0 0	38	39	40	41	-1	-1	-1	-1	-1	-1	9000	9900	10900	12000	13200
3133	697	Võ Cø	6	15	0	-5300 800 -6000	1 0 0 0	42	43	44	-1	-1	-1	-1	-1	-1	-1	0	0	15000	18000	21600
3134	697	ÐoÕn Ðài	5	16	0	-3300 800 -5500	1 0 0 0	46	47	48	49	-1	1	2	3	4	5	9000	11700	15200	19800	25700
3135	697	Tß¶ng thành	8	17	0	400 0 1000	1 0 0 0	1	1	1	1	-1	-1	-1	-1	-1	-1	0	0	0	0	0
3136	698	Huy®n nha	0	1	0	400 1200 -5600	1 0 0 0	72	73	74	75	-1	-1	-1	-1	-1	-1	20000	40000	80000	160000	320000
3137	698	ÐÕi kÏ	17	2	0	400 1200 -3600	1 0 0 0	1	1	1	1	-1	-1	-1	-1	-1	-1	0	0	0	0	0
3138	698	Võ Phß¶ng	11	4	0	3900 800 -5700	1 0 0 0	2	3	4	5	-1	6	7	8	9	10	9000	15300	26000	44200	75200
3139	698	Phòng Cø	4	5	0	5900 800 -5900	1 0 0 0	6	7	8	-1	-1	-1	-1	-1	-1	-1	0	0	15000	18000	21600
3140	698	Ti«n trang	3	6	0	5900 800 -4200	1 0 0 0	10	11	12	13	-1	100	28	46	64	82	10000	18000	32400	58300	105000
3141	698	Trß¶ng võ	15	7	0	5500 400 -200	1 0 0 0	14	15	16	17	-1	-1	-1	-1	-1	-1	9000	15300	26000	44200	75200
3142	698	M­ Thß½ng	7	8	0	3300 0 -1200	1 0 0 0	18	19	20	21	-1	-1	-1	-1	-1	-1	9000	11700	15200	19800	25700
3143	698	Thß vi®n	13	9	0	-2100 0 -1800	1 0 0 0	22	23	24	25	-1	-1	-1	-1	-1	-1	9000	11700	15200	19800	25700
3144	698	Y Xä	10	11	0	-4800 400 600	1 0 0 0	26	27	28	-1	-1	-1	11	12	13	-1	0	0	20000	26000	33800
3145	698	T§p Phß¶ng	9	12	0	-5700 400 -700	1 0 0 0	30	31	32	33	-1	-1	-1	-1	-1	-1	9000	11700	15200	19800	25700
3146	698	TØu quán	2	13	0	-5900 800 -2400	1 0 0 0	34	35	36	-1	-1	-1	14	15	16	-1	0	0	20000	26000	33800
3147	698	Sß½ng phòng	1	14	0	-5900 800 -3900	1 0 0 0	38	39	40	41	-1	-1	-1	-1	-1	-1	9000	9900	10900	12000	13200
3148	698	Võ Cø	6	15	0	-5300 800 -6000	1 0 0 0	42	43	44	-1	-1	-1	-1	-1	-1	-1	0	0	15000	18000	21600
3149	698	ÐoÕn Ðài	5	16	0	-3300 800 -5500	1 0 0 0	46	47	48	49	-1	1	2	3	4	5	9000	11700	15200	19800	25700
3150	698	Tß¶ng thành	8	17	0	400 0 1000	1 0 0 0	1	1	1	1	-1	-1	-1	-1	-1	-1	0	0	0	0	0
3151	699	Huy®n nha	0	1	0	400 1200 -5600	1 0 0 0	72	73	74	75	-1	-1	-1	-1	-1	-1	20000	40000	80000	160000	320000
3152	699	ÐÕi kÏ	17	2	0	400 1200 -3600	1 0 0 0	1	1	1	1	-1	-1	-1	-1	-1	-1	0	0	0	0	0
3153	699	Võ Phß¶ng	11	4	0	3900 800 -5700	1 0 0 0	2	3	4	5	-1	6	7	8	9	10	9000	15300	26000	44200	75200
3154	699	Phòng Cø	4	5	0	5900 800 -5900	1 0 0 0	6	7	8	-1	-1	-1	-1	-1	-1	-1	0	0	15000	18000	21600
3155	699	Ti«n trang	3	6	0	5900 800 -4200	1 0 0 0	10	11	12	13	-1	101	29	47	65	83	10000	18000	32400	58300	105000
3156	699	Trß¶ng võ	15	7	0	5500 400 -200	1 0 0 0	14	15	16	17	-1	-1	-1	-1	-1	-1	9000	15300	26000	44200	75200
3157	699	M­ Thß½ng	7	8	0	3300 0 -1200	1 0 0 0	18	19	20	21	-1	-1	-1	-1	-1	-1	9000	11700	15200	19800	25700
3158	699	Thß vi®n	13	9	0	-2100 0 -1800	1 0 0 0	22	23	24	25	-1	-1	-1	-1	-1	-1	9000	11700	15200	19800	25700
3159	699	Y Xä	10	11	0	-4800 400 600	1 0 0 0	26	27	28	-1	-1	-1	11	12	13	-1	0	0	20000	26000	33800
3160	699	T§p Phß¶ng	9	12	0	-5700 400 -700	1 0 0 0	30	31	32	33	-1	-1	-1	-1	-1	-1	9000	11700	15200	19800	25700
3161	699	TØu quán	2	13	0	-5900 800 -2400	1 0 0 0	34	35	36	-1	-1	-1	14	15	16	-1	0	0	20000	26000	33800
3162	699	Sß½ng phòng	1	14	0	-5900 800 -3900	1 0 0 0	38	39	40	41	-1	-1	-1	-1	-1	-1	9000	9900	10900	12000	13200
3163	699	Võ Cø	6	15	0	-5300 800 -6000	1 0 0 0	42	43	44	-1	-1	-1	-1	-1	-1	-1	0	0	15000	18000	21600
3164	699	ÐoÕn Ðài	5	16	0	-3300 800 -5500	1 0 0 0	46	47	48	49	-1	1	2	3	4	5	9000	11700	15200	19800	25700
3165	699	Tß¶ng thành	8	17	0	400 0 1000	1 0 0 0	1	1	1	1	-1	-1	-1	-1	-1	-1	0	0	0	0	0
3166	700	Huy®n nha	0	1	0	400 1200 -5600	1 0 0 0	72	73	74	75	-1	-1	-1	-1	-1	-1	20000	40000	80000	160000	320000
3167	700	ÐÕi kÏ	17	2	0	400 1200 -3600	1 0 0 0	1	1	1	1	-1	-1	-1	-1	-1	-1	0	0	0	0	0
3168	700	Võ Phß¶ng	11	4	0	3900 800 -5700	1 0 0 0	2	3	4	5	-1	6	7	8	9	10	9000	15300	26000	44200	75200
3169	700	Phòng Cø	4	5	0	5900 800 -5900	1 0 0 0	6	7	8	-1	-1	-1	-1	-1	-1	-1	0	0	15000	18000	21600
3170	700	Ti«n trang	3	6	0	5900 800 -4200	1 0 0 0	10	11	12	13	-1	102	30	48	66	84	10000	18000	32400	58300	105000
3171	700	Trß¶ng võ	15	7	0	5500 400 -200	1 0 0 0	14	15	16	17	-1	-1	-1	-1	-1	-1	9000	15300	26000	44200	75200
3172	700	M­ Thß½ng	7	8	0	3300 0 -1200	1 0 0 0	18	19	20	21	-1	-1	-1	-1	-1	-1	9000	11700	15200	19800	25700
3173	700	Thß vi®n	13	9	0	-2100 0 -1800	1 0 0 0	22	23	24	25	-1	-1	-1	-1	-1	-1	9000	11700	15200	19800	25700
3174	700	Y Xä	10	11	0	-4800 400 600	1 0 0 0	26	27	28	-1	-1	-1	11	12	13	-1	0	0	20000	26000	33800
3175	700	T§p Phß¶ng	9	12	0	-5700 400 -700	1 0 0 0	30	31	32	33	-1	-1	-1	-1	-1	-1	9000	11700	15200	19800	25700
3176	700	TØu quán	2	13	0	-5900 800 -2400	1 0 0 0	34	35	36	-1	-1	-1	14	15	16	-1	0	0	20000	26000	33800
3177	700	Sß½ng phòng	1	14	0	-5900 800 -3900	1 0 0 0	38	39	40	41	-1	-1	-1	-1	-1	-1	9000	9900	10900	12000	13200
3178	700	Võ Cø	6	15	0	-5300 800 -6000	1 0 0 0	42	43	44	-1	-1	-1	-1	-1	-1	-1	0	0	15000	18000	21600
3179	700	ÐoÕn Ðài	5	16	0	-3300 800 -5500	1 0 0 0	46	47	48	49	-1	1	2	3	4	5	9000	11700	15200	19800	25700
3180	700	Tß¶ng thành	8	17	0	400 0 1000	1 0 0 0	1	1	1	1	-1	-1	-1	-1	-1	-1	0	0	0	0	0
3181	701	Huy®n nha	0	1	0	400 1200 -5600	1 0 0 0	72	73	74	75	-1	-1	-1	-1	-1	-1	20000	40000	80000	160000	320000
3182	701	ÐÕi kÏ	17	2	0	400 1200 -3600	1 0 0 0	1	1	1	1	-1	-1	-1	-1	-1	-1	0	0	0	0	0
3183	701	Võ Phß¶ng	11	4	0	3900 800 -5700	1 0 0 0	2	3	4	5	-1	6	7	8	9	10	9000	15300	26000	44200	75200
3184	701	Phòng Cø	4	5	0	5900 800 -5900	1 0 0 0	6	7	8	-1	-1	-1	-1	-1	-1	-1	0	0	15000	18000	21600
3185	701	Ti«n trang	3	6	0	5900 800 -4200	1 0 0 0	10	11	12	13	-1	103	31	49	67	85	10000	18000	32400	58300	105000
3186	701	Trß¶ng võ	15	7	0	5500 400 -200	1 0 0 0	14	15	16	17	-1	-1	-1	-1	-1	-1	9000	15300	26000	44200	75200
3187	701	M­ Thß½ng	7	8	0	3300 0 -1200	1 0 0 0	18	19	20	21	-1	-1	-1	-1	-1	-1	9000	11700	15200	19800	25700
3188	701	Thß vi®n	13	9	0	-2100 0 -1800	1 0 0 0	22	23	24	25	-1	-1	-1	-1	-1	-1	9000	11700	15200	19800	25700
3189	701	Y Xä	10	11	0	-4800 400 600	1 0 0 0	26	27	28	-1	-1	-1	11	12	13	-1	0	0	20000	26000	33800
3190	701	T§p Phß¶ng	9	12	0	-5700 400 -700	1 0 0 0	30	31	32	33	-1	-1	-1	-1	-1	-1	9000	11700	15200	19800	25700
3191	701	TØu quán	2	13	0	-5900 800 -2400	1 0 0 0	34	35	36	-1	-1	-1	14	15	16	-1	0	0	20000	26000	33800
3192	701	Sß½ng phòng	1	14	0	-5900 800 -3900	1 0 0 0	38	39	40	41	-1	-1	-1	-1	-1	-1	9000	9900	10900	12000	13200
3193	701	Võ Cø	6	15	0	-5300 800 -6000	1 0 0 0	42	43	44	-1	-1	-1	-1	-1	-1	-1	0	0	15000	18000	21600
3194	701	ÐoÕn Ðài	5	16	0	-3300 800 -5500	1 0 0 0	46	47	48	49	-1	1	2	3	4	5	9000	11700	15200	19800	25700
3195	701	Tß¶ng thành	8	17	0	400 0 1000	1 0 0 0	1	1	1	1	-1	-1	-1	-1	-1	-1	0	0	0	0	0
3196	702	Huy®n nha	0	1	0	400 1200 -5600	1 0 0 0	72	73	74	75	-1	-1	-1	-1	-1	-1	20000	40000	80000	160000	320000
3197	702	ÐÕi kÏ	17	2	0	400 1200 -3600	1 0 0 0	1	1	1	1	-1	-1	-1	-1	-1	-1	0	0	0	0	0
3198	702	Võ Phß¶ng	11	4	0	3900 800 -5700	1 0 0 0	2	3	4	5	-1	6	7	8	9	10	9000	15300	26000	44200	75200
3199	702	Phòng Cø	4	5	0	5900 800 -5900	1 0 0 0	6	7	8	-1	-1	-1	-1	-1	-1	-1	0	0	15000	18000	21600
3200	702	Ti«n trang	3	6	0	5900 800 -4200	1 0 0 0	10	11	12	13	-1	104	32	50	68	86	10000	18000	32400	58300	105000
3201	702	Trß¶ng võ	15	7	0	5500 400 -200	1 0 0 0	14	15	16	17	-1	-1	-1	-1	-1	-1	9000	15300	26000	44200	75200
3202	702	M­ Thß½ng	7	8	0	3300 0 -1200	1 0 0 0	18	19	20	21	-1	-1	-1	-1	-1	-1	9000	11700	15200	19800	25700
3203	702	Thß vi®n	13	9	0	-2100 0 -1800	1 0 0 0	22	23	24	25	-1	-1	-1	-1	-1	-1	9000	11700	15200	19800	25700
3204	702	Y Xä	10	11	0	-4800 400 600	1 0 0 0	26	27	28	-1	-1	-1	11	12	13	-1	0	0	20000	26000	33800
3205	702	T§p Phß¶ng	9	12	0	-5700 400 -700	1 0 0 0	30	31	32	33	-1	-1	-1	-1	-1	-1	9000	11700	15200	19800	25700
3206	702	TØu quán	2	13	0	-5900 800 -2400	1 0 0 0	34	35	36	-1	-1	-1	14	15	16	-1	0	0	20000	26000	33800
3207	702	Sß½ng phòng	1	14	0	-5900 800 -3900	1 0 0 0	38	39	40	41	-1	-1	-1	-1	-1	-1	9000	9900	10900	12000	13200
3208	702	Võ Cø	6	15	0	-5300 800 -6000	1 0 0 0	42	43	44	-1	-1	-1	-1	-1	-1	-1	0	0	15000	18000	21600
3209	702	ÐoÕn Ðài	5	16	0	-3300 800 -5500	1 0 0 0	46	47	48	49	-1	1	2	3	4	5	9000	11700	15200	19800	25700
3210	702	Tß¶ng thành	8	17	0	400 0 1000	1 0 0 0	1	1	1	1	-1	-1	-1	-1	-1	-1	0	0	0	0	0
3211	703	Huy®n nha	0	1	0	400 1200 -5600	1 0 0 0	72	73	74	75	-1	-1	-1	-1	-1	-1	20000	40000	80000	160000	320000
3212	703	ÐÕi kÏ	17	2	0	400 1200 -3600	1 0 0 0	1	1	1	1	-1	-1	-1	-1	-1	-1	0	0	0	0	0
3213	703	Võ Phß¶ng	11	4	0	3900 800 -5700	1 0 0 0	2	3	4	5	-1	6	7	8	9	10	9000	15300	26000	44200	75200
3214	703	Phòng Cø	4	5	0	5900 800 -5900	1 0 0 0	6	7	8	-1	-1	-1	-1	-1	-1	-1	0	0	15000	18000	21600
3215	703	Ti«n trang	3	6	0	5900 800 -4200	1 0 0 0	10	11	12	13	-1	105	33	51	69	87	10000	18000	32400	58300	105000
3216	703	Trß¶ng võ	15	7	0	5500 400 -200	1 0 0 0	14	15	16	17	-1	-1	-1	-1	-1	-1	9000	15300	26000	44200	75200
3217	703	M­ Thß½ng	7	8	0	3300 0 -1200	1 0 0 0	18	19	20	21	-1	-1	-1	-1	-1	-1	9000	11700	15200	19800	25700
3218	703	Thß vi®n	13	9	0	-2100 0 -1800	1 0 0 0	22	23	24	25	-1	-1	-1	-1	-1	-1	9000	11700	15200	19800	25700
3219	703	Y Xä	10	11	0	-4800 400 600	1 0 0 0	26	27	28	-1	-1	-1	11	12	13	-1	0	0	20000	26000	33800
3220	703	T§p Phß¶ng	9	12	0	-5700 400 -700	1 0 0 0	30	31	32	33	-1	-1	-1	-1	-1	-1	9000	11700	15200	19800	25700
3221	703	TØu quán	2	13	0	-5900 800 -2400	1 0 0 0	34	35	36	-1	-1	-1	14	15	16	-1	0	0	20000	26000	33800
3222	703	Sß½ng phòng	1	14	0	-5900 800 -3900	1 0 0 0	38	39	40	41	-1	-1	-1	-1	-1	-1	9000	9900	10900	12000	13200
3223	703	Võ Cø	6	15	0	-5300 800 -6000	1 0 0 0	42	43	44	-1	-1	-1	-1	-1	-1	-1	0	0	15000	18000	21600
3224	703	ÐoÕn Ðài	5	16	0	-3300 800 -5500	1 0 0 0	46	47	48	49	-1	1	2	3	4	5	9000	11700	15200	19800	25700
3225	703	Tß¶ng thành	8	17	0	400 0 1000	1 0 0 0	1	1	1	1	-1	-1	-1	-1	-1	-1	0	0	0	0	0
3226	704	Huy®n nha	0	1	0	400 1200 -5600	1 0 0 0	72	73	74	75	-1	-1	-1	-1	-1	-1	20000	40000	80000	160000	320000
3227	704	ÐÕi kÏ	17	2	0	400 1200 -3600	1 0 0 0	1	1	1	1	-1	-1	-1	-1	-1	-1	0	0	0	0	0
3228	704	Võ Phß¶ng	11	4	0	3900 800 -5700	1 0 0 0	2	3	4	5	-1	6	7	8	9	10	9000	15300	26000	44200	75200
3229	704	Phòng Cø	4	5	0	5900 800 -5900	1 0 0 0	6	7	8	-1	-1	-1	-1	-1	-1	-1	0	0	15000	18000	21600
3230	704	Ti«n trang	3	6	0	5900 800 -4200	1 0 0 0	10	11	12	13	-1	106	34	52	70	88	10000	18000	32400	58300	105000
3231	704	Trß¶ng võ	15	7	0	5500 400 -200	1 0 0 0	14	15	16	17	-1	-1	-1	-1	-1	-1	9000	15300	26000	44200	75200
3232	704	M­ Thß½ng	7	8	0	3300 0 -1200	1 0 0 0	18	19	20	21	-1	-1	-1	-1	-1	-1	9000	11700	15200	19800	25700
3233	704	Thß vi®n	13	9	0	-2100 0 -1800	1 0 0 0	22	23	24	25	-1	-1	-1	-1	-1	-1	9000	11700	15200	19800	25700
3234	704	Y Xä	10	11	0	-4800 400 600	1 0 0 0	26	27	28	-1	-1	-1	11	12	13	-1	0	0	20000	26000	33800
3235	704	T§p Phß¶ng	9	12	0	-5700 400 -700	1 0 0 0	30	31	32	33	-1	-1	-1	-1	-1	-1	9000	11700	15200	19800	25700
3236	704	TØu quán	2	13	0	-5900 800 -2400	1 0 0 0	34	35	36	-1	-1	-1	14	15	16	-1	0	0	20000	26000	33800
3237	704	Sß½ng phòng	1	14	0	-5900 800 -3900	1 0 0 0	38	39	40	41	-1	-1	-1	-1	-1	-1	9000	9900	10900	12000	13200
3238	704	Võ Cø	6	15	0	-5300 800 -6000	1 0 0 0	42	43	44	-1	-1	-1	-1	-1	-1	-1	0	0	15000	18000	21600
3239	704	ÐoÕn Ðài	5	16	0	-3300 800 -5500	1 0 0 0	46	47	48	49	-1	1	2	3	4	5	9000	11700	15200	19800	25700
3240	704	Tß¶ng thành	8	17	0	400 0 1000	1 0 0 0	1	1	1	1	-1	-1	-1	-1	-1	-1	0	0	0	0	0
