INT	INT	INT	STRING	STRING	STRING	STRING	STRING	STRING	STRING	INT	INT	INT	INT	INT	STRING	STRING	INT	INT	INT	INT	
INT	INT	INT	STRING	STRING	STRING	STRING	STRING	STRING	STRING	INT	INT	INT	INT	INT	STRING	STRING	INT	INT	INT	INT	
1	1	1000	Buff0_1				g01_buff2		身体受击点	0	1	1	0	0		撕裂：持续掉血	-1	0	1	1	
2	2	1000	Buff0_2				npc_buff_19		身体受击点	0	1	1	0	0		中毒：持续掉血	-1	0	1	1	
3	3	1000	Buff0_3				g01_buff32		身体受击点	0	1	1	0	0		诅咒：持续掉血	-1	0	1	1	
4	4	1000	Buff0_4				g01_buff106		身体受击点	0	1	1	0	0		灼烧：持续掉血	-1	0	1	1	
5	5	1000	Buff0_6				g01_buff46_01		身体受击点	0	1	1	0	0		噬血：持续掉血	-1	0	1	1	
6	6	1000	Buff0_5				npc_buff_19		身体受击点	0	1	1	0	0		腐蚀：持续掉血	-1	0	1	1	
7	7	1000	Buff0_5							0	0	1	0	1	身体受击点	泄气：持续减气	-1	0	1	1	
8	8	1000	Buff0_6							0	0	1	0	1	身体受击点	安抚：持续减怒	-1	0	1	1	
9	9	1000	Medicine2_5							0	0	0	1	0		回血：持续回血	-1	0	1	1	
10	10	1000	Medicine2_6							0	0	0	1	0		回气：持续回气	-1	0	1	1	
11	11	1000	Buff0_7		Skills\Common\rock_huge_1.wav		g01_buff12		脚下光圈点	0	1	1	0	0		围困：移动不能，操作不能，不可被攻击	-1	0	1	1	
12	12	1000	Buff0_8							0	1	1	0	0		石化：移动不能，操作不能，不可被攻击	-1	0	1	1	
13	13	1000	Buff0_9	all_bj0000		身体受击点	buff_fengxue_01		身体受击点	0	1	1	0	0		封穴：移动不能，操作不能，可被攻击，无法被打醒	-1	0	1	1	
14	14	1000	Buff0_10				npc_buff_02		头顶状态点	0	1	1	0	0		麻痹：移动不能，操作不能，可被攻击，无法被打醒	-1	0	1	1	
15	15	1000	Buff0_11				buff_hunmi_01		头顶状态点	0	1	1	0	0		昏睡：移动不能，操作不能，可被攻击，可被打醒	-1	0	1	1	
16	16	1000	Buff0_12				g01_buff38		头顶状态点	0	1	1	0	0		失魂：移动不能，操作不能，可被攻击，可被打醒	-1	0	1	1	
17	17	1000	Buff0_13				g01_em_buff38		头顶状态点	0	1	1	0	0		失明：随机移动，操作不能，可被攻击，无法被打醒	-1	0	1	1	
18	18	1000	Buff0_14		Skills\Common\fear_1.wav		npc_buff_07		头顶状态点	0	1	1	0	0		恐惧：随机移动，操作不能，可被攻击，无法被打醒	-1	0	1	1	
19	19	1000	Buff0_15		Skills\Sl\Sl_金刚伏魔圈_定身.wav		g01_buff27		脚下光圈点	0	1	1	0	0		定身：定身状态下可以攻击，但无法移动	-1	0	1	1	
20	20	1000	Buff0_15				npc_buff_09		脚下光圈点	0	1	1	0	0		缠绕：无法移动	-1	0	1	1	
21	21	1000	Buff0_16				buff_sangong_01		脚下光圈点	0	1	1	0	0		散功：无法使用任何门派技能	-1	0	1	1	
22	22	1000	Buff0_16				g01_buff34		头顶状态点	0	1	1	0	0		就擒：无法使用任何门派技能	-1	0	1	1	
23	23	1000	Buff1_1	g01_yanggetianjun		身体受击点	g01_buff100		脚下光圈点	0	1	1	0	0		僵硬：移动速度减慢	-1	0	1	1	
24	24	1000	Buff1_2							0	1	1	0	0		破绽：降低攻击	-1	0	1	1	
25	25	1000	Buff1_3							0	1	1	0	0		破绽：降低防御	-1	0	1	1	
26	26	1000	Buff1_4							0	1	1	0	0		破绽：降低攻击和防御	-1	0	1	1	
27	27	1000	Buff1_4							0	1	1	0	0		破绽：降低所有抗性	-1	0	1	1	
28	28	1000	Buff1_4	g01_geanguanhuo		身体受击点				0	1	1	0	0		破绽：降低外功防御	-1	0	1	1	
29	29	1000	Buff1_4							0	1	1	0	0		破绽：降低内功防御	-1	0	1	1	
30	30	1000	Buff1_4							0	1	1	0	0		破绽：所受伤害放大	-1	0	1	1	
31	31	1000	Buff1_4							0	1	1	0	0		破绽：减少发功持续时间	-1	0	1	1	
32	32	1000	Buff1_5							0	1	1	0	0		虚弱：降低血、气上限	-1	0	1	1	
33	33	1000	Buff1_5							0	1	1	0	0		虚弱：降低身法	-1	0	1	1	
34	34	1000	Buff1_5							0	1	1	0	0		虚弱：降低力量、灵气	-1	0	1	1	
35	35	1000	Buff1_5							0	1	1	0	0		虚弱：降低体力、定力	-1	0	1	1	
36	36	8800	FightSkillDaLi_7							0	1	1	0	0		虚弱：所受伤害放大	-1	0	1	1	
37	37	1000	Buff1_5							0	1	1	0	0		虚弱：降低攻击	-1	0	1	1	
38	38	1000	Buff1_6							0	1	1	0	0		僵硬：降低命中	-1	0	1	1	
39	39	1000	Buff1_7							0	0	0	1	0		强化：外功攻击	-1	0	1	1	
40	40	1000	Buff1_8							0	0	0	1	0		强化：内功攻击	-1	0	1	1	
41	41	1000	Buff1_9							0	0	0	1	0		强化：外功防御	-1	0	1	1	
42	42	1000	Buff1_10							0	0	0	1	0		强化：内功防御	-1	0	1	1	
43	43	1000	Buff1_11							0	0	0	1	0		强化：攻击	-1	0	1	1	
44	44	1000	Buff1_12							0	0	0	1	0		强化：防御	-1	0	1	1	
45	45	1000	Buff1_13							0	0	0	1	0		强化：攻防	-1	0	1	1	
46	46	1000	Buff1_14							0	0	0	1	0		强化：抗性	-1	0	1	1	
47	47	1000	Buff1_15							0	0	0	1	0		强化：冰防御	-1	0	1	1	
48	48	1000	Buff1_16							0	0	0	1	0		强化：火防御	-1	0	1	1	
49	49	1000	Buff2_1							0	0	0	1	0		强化：毒防御	-1	0	1	1	
50	50	1000	Buff2_2							0	0	0	1	0		强化：玄防御	-1	0	1	1	
51	51	1000	Buff2_3	cw_jieli		头顶状态点				0	0	0	1	0		强化：力量	-1	0	1	1	
52	52	1000	Buff2_4	cw_ningshen		头顶状态点				0	0	0	1	0		强化：灵气	-1	0	1	1	
53	53	1000	Buff2_5	cw_qiangshen		头顶状态点				0	0	0	1	0		强化：体力	-1	0	1	1	
54	54	1000	Buff2_6	cw_yihun		头顶状态点				0	0	0	1	0		强化：定力	-1	0	1	1	
55	55	1000	Buff2_7	cw_jiasu		头顶状态点				0	0	0	1	0		强化：身法	-1	0	1	1	
56	56	1000	Buff2_8							0	0	0	1	0		强化：命中	-1	0	1	1	
57	57	1000	Buff2_9							0	0	0	1	0		强化：闪避	-1	0	1	1	
58	58	1000	Buff2_10							0	0	0	1	0		强化：会心	-1	0	1	1	
59	59	1000	Buff2_11							0	0	0	1	0		强化：血上限	-1	0	1	1	
60	60	1000	Buff2_12							0	0	0	1	0		增强：外功攻击	-1	0	1	1	
61	61	1000	Buff2_13							0	0	0	1	0		增强：内功攻击	-1	0	1	1	
62	62	1000	Buff2_14							0	0	0	1	0		增强：外攻防御	-1	0	1	1	
63	63	1000	Buff2_15							0	0	0	1	0		增强：内功防御	-1	0	1	1	
64	64	1000	Buff2_16							0	0	0	1	0		增强：冰攻击	-1	0	1	1	
65	65	1000	Buff3_1							0	0	0	1	0		增强：火攻击	-1	0	1	1	
66	66	1000	Buff3_2							0	0	0	1	0		增强：毒攻击	-1	0	1	1	
67	67	1000	Buff3_3							0	0	0	1	0		增强：玄攻击	-1	0	1	1	
68	68	1000	Buff3_4							0	0	0	1	0		增强：冰防御	-1	0	1	1	
69	69	1000	Buff3_5							0	0	0	1	0		增强：火防御	-1	0	1	1	
70	70	1000	Buff3_6							0	0	0	1	0		增强：毒防御	-1	0	1	1	
71	71	1000	Buff3_7							0	0	0	1	0		增强：玄防御	-1	0	1	1	
72	72	1000	Buff3_8							0	0	0	1	0		增强：力量	-1	0	1	1	
73	73	1000	Buff3_9							0	0	0	1	0		增强：灵气	-1	0	1	1	
74	74	1000	Buff3_10							0	0	0	1	0		增强：体力	-1	0	1	1	
75	75	1000	Buff3_11							0	0	0	1	0		增强：定力	-1	0	1	1	
76	76	1000	Buff3_12							0	0	0	1	0		增强：身法	-1	0	1	1	
77	77	1000	Buff3_13							0	0	0	1	0		增强：命中	-1	0	1	1	
78	78	1000	Buff3_14							0	0	0	1	0		增强：闪避	-1	0	1	1	
79	79	1000	Buff3_15							0	0	0	1	0		增强：会心	-1	0	1	1	
80	80	1000	Buff3_16							0	0	0	1	0		增强：血上限	-1	0	1	1	
81	81	1000	Buff4_1							0	0	0	1	0		抵抗：开膛	-1	0	1	1	
82	82	1000	Buff4_2							0	0	0	1	0		抵抗：石化	-1	0	1	1	
83	83	1000	Buff4_3							0	0	0	1	0		抵抗：麻痹	-1	0	1	1	
84	84	1000	Buff4_4							0	0	0	1	0		抵抗：恐惧	-1	0	1	1	
85	85	1000	Buff4_5							0	0	0	1	0		抵抗：缠绕	-1	0	1	1	
86	86	1000	Buff4_6							0	0	0	1	0		抵抗：噬血	-1	0	1	1	
87	87	1000	Buff4_7							0	0	0	1	0		抵抗：兽毒	-1	0	1	1	
88	88	1000	Buff4_8							0	0	0	1	0		抵抗：失魂	-1	0	1	1	
89	89	1000	Buff4_9							0	0	0	1	0		抵抗：就擒	-1	0	1	1	
90	90	1000	Buff4_10							0	0	0	1	0		抵抗：散功	-1	0	1	1	
91	91	1000	Buff4_11							0	0	0	1	0		抵抗：围困	-1	0	1	1	
92	92	1000	Buff4_12							0	0	0	1	0		抵抗：昏睡	-1	0	1	1	
93	93	1000	Buff4_13							0	0	0	1	0		抵抗：封穴	-1	0	1	1	
94	94	1000	Buff4_14							0	0	0	1	0		抵抗：失明	-1	0	1	1	
95	95	1000	Buff4_15							0	0	0	1	0		抵抗：定身	-1	0	1	1	
96	96	1000	Buff4_16							0	0	0	1	0		无敌	-1	0	1	1	
97	15	1000	FightSkillMingJiao_9				buff_hunmi_01		头顶状态点	0	0	0	1	0		地狱火：昏睡，移动不能，操作不能，可被攻击，可被打醒	-1	0	1	1	
98	98	1000	FightSkillEMei1_14							0	1	1	0	0		僵硬：技能冷却时间延长	-1	0	1	1	
99	99	1000	Buff5_1							0	0	0	1	0		初级隐身	-1	0	1	1	
100	100	1000	FightSkillShaoLin1_4				g01_buff10		脚下光圈点	0	0	0	1	0		一苇渡江：增加移动速度	-1	0	1	1	
101	21	1000	FightSkillShaoLin1_5	g01_sl_zdo_nianhuazhi_01	Skills\Sl\Sl_拈花指_散功.wav	身体受击点	buff_sangong_01		脚下光圈点	0	1	1	0	0		拈花指：散功，可以移动，但无法使用任何技能	-1	0	1	1	
102	102	1000	FightSkillShaoLin1_6		Skills\Sl\Sl_罗汉阵_效果.wav					0	0	0	1	0		罗汉阵：增加外功防御	-1	0	1	1	
103	103	8500	FightSkillShaoLin1_9				g01_buff5		身体中心点	0	0	0	1	0		礼敬如来：反射伤害	-1	0	1	1	
104	104	1000	FightSkillShaoLin1_15							0	0	0	1	0		般若掌：强化外功防御	-1	0	1	1	
105	105	1000	FightSkillShaoLin1_12							1	0	0	1	0		铁布衫：提高怒气转换和抗性	-1	0	1	1	
106	106	7500	FightSkillShaoLin1_13				g01_buff109		身体中心点	0	0	0	1	0		百无禁忌：对不良效果免疫。高于自己心法等级的不良效果无法免疫。	-1	0	1	1	
107	23	1000	FightSkillShaoLin1_15				g01_buff100		脚下光圈点	0	1	1	0	0		一拍两散：僵硬，移动速度减慢	-1	0	1	1	
108	105	1000	FightSkillShaoLin1_16							1	0	0	1	0		韦陀杵：攻击伤害放大	-1	0	1	1	
109	109	1000	FightSkillShaoLin2_1							0	0	0	1	0		气贯长虹：增加会心	-1	0	1	1	
110	110	7500	FightSkillShaoLin2_3	g01_sl_zdo_mingjingtai_01		身体受击点				0	0	0	1	0		明镜台：免疫失明	-1	0	1	1	
111	111	8500	FightSkillShaoLin2_4				g01_buff7		身体中心点	0	0	0	1	0		金刚不坏体：伤害减免	-1	0	1	1	
112	100	1000	FightSkillMingJiao_4				g01_buff45_01		脚下光圈点	0	0	0	1	0		葵花逐日：增加移动速度	-1	0	1	1	
113	13	1000	FightSkillMingJiao_5	all_bj0000		身体受击点	buff_fengxue_01		身体受击点	0	1	1	0	0		葵花点穴手：封穴，移动不能，操作不能，可被攻击，无法被打醒	-1	0	1	1	
114	114	1000	FightSkillMingJiao_6							0	0	0	1	0		葵花向阳：增加外功攻击	-1	0	1	1	
115	115	8000	FightSkillMingJiao_7				g01_buff8		脚下光圈点	0	0	0	1	0		怒发冲冠：狂暴状态，牺牲防御加强外功攻击	-1	0	1	1	
116	116	8000	FightSkillMingJiao_8	g01_mj_zdo_huiguangfanzhao		头顶状态点				0	0	0	1	0		李代桃僵：死后能够复活	-1	0	1	1	
117	117	1000	FightSkillMingJiao_12							1	0	0	1	0		水神下凡：防御状态，提高怒气转换率，此状态下有几率使目标进入破绽状态	-1	0	1	1	
118	117	1000	FightSkillMingJiao_16							1	0	0	1	0		火神下凡：攻击状态，提高命中和会心	-1	0	1	1	
119	119	7500	FightSkillMingJiao1_3				g01_buff18		身体受击点	0	0	0	1	0		坐地求全：免疫散功	-1	0	1	1	
120	120	1000	FightSkillMingJiao_15							0	0	0	1	0		月夜斩：外功攻击增加	-1	0	1	1	
121	121	8500	FightSkillMingJiao1_4				g01_mj_无中生		身体中心点	0	0	0	1	0		无中生有：攻击无视对方防御	-1	0	1	1	
122	100	1000	FightSkillGaiBang1_4				g01_buff10		脚下光圈点	0	0	0	1	0		八步赶蟾：增加移动速度	-1	0	1	1	
123	21	1000	FightSkillGaiBang1_5	g01_gb_zdo_qianlongwuyong		身体受击点	buff_sangong_01		脚下光圈点	0	1	1	0	0		雪泥鸿爪：散功，可以移动，但无法使用任何技能	-1	0	1	1	
124	124	1000	FightSkillGaiBang1_6	g01_gb_buff113_01		脚下光圈点				0	0	0	1	0		粘衣十八跌：增加闪避	-1	0	1	1	
125	17	1000	FightSkillGaiBang1_8				g01_gb_buff101		头顶状态点	0	1	1	0	0		潜龙勿用：失明状态下不可以做任何操作，但会在一定区域内随机移动，可被攻击	-1	0	1	1	
126	126	1000	FightSkillGaiBang1_12							1	0	0	1	0		擒龙式：防御状态，获得怒气速度增加，此状态下攻击有几率虚弱目标的命中	-1	0	1	1	
127	126	1000	FightSkillGaiBang1_16							1	0	0	1	0		控鹤式：攻击状态，获得三段连击的能力，技能暴击有几率获得两个连击段	-1	0	1	1	
128	128	8500	FightSkillGaiBang_1				g01_gb_zhanlongjue_2		身体受击点	0	0	0	1	0		履霜冰至：攻击所造成的效果加倍	-1	0	1	1	
129	129	1000	FightSkillGaiBang1_9							0	0	0	1	0		见龙在田：上毒状态，使攻击目标中毒	-1	0	1	1	
130	130	7500	FightSkillGaiBang_3							0	0	0	1	0		神龙摆尾：免疫昏睡、定身	-1	0	1	1	
131	131	8500	FightSkillGaiBang_4				g01_gb_buff114_01		身体中心点	0	0	0	1	0		龙战于野：增加闪避	-1	0	1	1	
132	23	1000	FightSkillWuDang1_4	g01_yanggetianjun		身体受击点	g01_buff116		脚下光圈点	0	1	1	0	0		三环套月：僵硬，降低移动速度	-1	0	1	1	
133	15	1000	FightSkillWuDang1_5				buff_hunmi_01		头顶状态点	0	1	1	0	0		揽雀尾：昏睡，移动不能，操作不能，可被攻击，可被打醒	-1	0	1	1	
134	134	1000	FightSkillWuDang1_6							0	0	0	1	0		天罡北斗阵：加气上限	-1	0	1	1	
135	135	1000	FightSkillWuDang1_3				g01_wd_zhenwuqijiezhen_01		身体受击点	0	0	1	0	1	左武器绑定点	两仪剑：持续攻击	-1	0	1	1	
136	136	8500	FightSkillWuDang1_8				g01_wd_zhinanzhen_01		身体受击点	0	0	1	0	1	左武器绑定点	如封似闭：封印，无法移动，无法施放门派技能	-1	0	1	1	
137	137	1000	FightSkillWuDang1_12							1	0	0	1	0		挑帘式：防御状态，提高怒气转换率，此状态下攻击有几率恢复自己的气	-1	0	1	1	
138	138	8500	FightSkillWuDang1_13				g01_buff118		身体中心点	0	0	0	1	0		流星赶月：该状态下能用自身的气抵消部分血伤害	-1	0	1	1	
139	19	1000	FightSkillWuDang1_15				g01_buff38		头顶状态点	0	1	1	0	0		玉女穿梭：定身，移动不能	-1	0	1	1	
140	137	1000	FightSkillWuDang1_16							1	0	0	1	0		斜飞式：攻击状态，增加会心	-1	0	1	1	
141	141	8000	FightSkillWuDang2_1				g01_buff119		头顶状态点	0	0	0	1	0		白鹤亮翅：扩大技能的消耗和伤害	-1	0	1	1	
142	142	7500	FightSkillWuDang2_3				g01_buff5_01		身体受击点	0	0	0	0	0		无懈可击：免疫封穴	-1	0	1	1	
143	143	1000	FightSkillEMei1_4	all_em_bj00000		身体受击点	g01_em_piaoxuechuanyun_lx		身体受击点	0	0	1	0	1	左武器绑定点	金顶绵掌：使目标持续受到伤害	-1	0	1	1	
144	17	1000	FightSkillEMei1_5				g01_em_buff38		头顶状态点	0	0	0	1	0		月落西山：失明，无法控制，随机移动	-1	0	1	1	
145	145	1000	FightSkillEMei1_9				g01_em_jq_zdo_菩提护体		身体中心点	0	0	0	1	0		延年益寿：护体，吸收所受伤害	-1	0	1	1	
146	146	1000	FightSkillEMei1_11	g01_em_sf_zdo_回心诀		身体受击点				0	0	0	1	0		回天术：持续回复血	-1	0	1	1	
147	147	1000	FightSkillEMei1_12							1	0	0	1	0		绝剑式：防御状态，怒气转换率增强，此状态下冲虚养气的施法时间减少一半	-1	0	1	1	
148	147	1000	FightSkillEMei1_16							1	0	0	1	0		灭剑式：攻击状态，此状态下攻击有几率降低目标的血、气上限	-1	0	1	1	
149	149	7500	FightSkillEMei2_3							0	0	0	1	0		行尸走肉：免疫围困、定身	-1	0	1	1	
150	150	7600	FightSkillEMei2_4				g01_buff118_01		身体受击点	0	0	0	1	0		呆若木鸡：状态，无敌，但是无法使用门派技能	-1	0	1	1	
151	151	8500	FightSkillEMei2_1							0	0	0	1	0		斩情诀：状态，减少聚气时间	-1	0	1	1	
152	23	1000	FightSkillXinXiu1_4	g01_xx_sf_zdo_蝎尾针		身体受击点	g01_xx_sf_zt_蝎尾针		脚下光圈点	0	1	1	0	0		蝎尾针：僵硬，移动速度减慢	-1	0	1	1	
153	17	1000	FightSkillXinXiu1_5				buff_shiming_01		头顶状态点	0	1	1	0	0		毒蟾功：失明，无法控制，随机移动	-1	0	1	1	
154	154	1000	FightSkillXinXiu1_6	g01_xx_buff_wugongzhen		身体受击点				0	0	0	1	0		蜈蚣阵：增加内功防御	-1	0	1	1	
155	155	1000	FightSkillXinXiu1_7				g01_xx_lx_shixueyixiao		身体受击点	0	0	1	0	1	左武器绑定点	笑里藏刀：吸血	-1	0	1	1	
156	116	8000	FightSkillXinXiu1_9	g01_xx_hanxiaojiuquan		身体受击点				0	0	0	1	0		含笑九泉：死后复活	-1	0	1	1	
157	37	1000	FightSkillXinXiu1_8				g01_buff100		身体受击点	0	1	1	0	0		笑里藏刀：虚弱所有属性	-1	0	1	1	
158	158	1000	FightSkillXinXiu1_8							0	0	0	1	0		谈笑自若：引导不被打断	-1	0	1	1	
159	159	1000	FightSkillXinXiu1_12							1	0	0	1	0		木遁：防御状态，怒气转换率增强，HP上限增加	-1	0	1	1	
160	160	1000	FightSkillXinXiu1_13				g01_xx_yd_huachenwuxing_01		身体受击点	0	0	1	0	1	左武器绑定点	指鹿为马：持续吸怒	-1	0	1	1	
161	161	1000	FightSkillXinXiu1_16							1	0	0	1	0		水遁：攻击状态，诅咒被攻击者	-1	0	1	1	
162	33	8600	FightSkillXinXiu2_2							0	1	1	0	0		化血绵掌：虚弱血上限	-1	0	1	1	
163	163	7500	FightSkillXinXiu2_3							0	0	0	1	0		金石俱焚：免疫围困、昏睡	-1	0	1	1	
164	100	1000	FightSkillDaLi_4				g01_buff10		脚下光圈点	0	0	0	1	0		衔枚疾走：增加移动速度	-1	0	1	1	
165	136	8000	FightSkillDaLi_5	g01_dl_zdo_bamenjinsuo		身体受击点	buff_dingshen		身体受击点	0	0	1	0	0		八门金锁：封印，无法移动，无法施放门派技能	-1	0	1	1	
166	166	1000	FightSkillDaLi_6				g01_dl_zdo_shaoyangjian		身体受击点	0	0	0	1	0		以逸待劳：增加命中	-1	0	1	1	
167	167	8800	FightSkillDaLi_7	g01_dl_zdo_zhidianjiangshan		头顶状态点	g01_buff40		头顶状态点	0	0	1	0	0		指点江山：标记，被标记者受伤害增加	-1	0	1	1	
168	168	1000	FightSkillDaLi_8							0	0	0	1	0		天罡正气：增加所有抗性	-1	0	1	1	
169	21	1000	FightSkillDaLi_11				buff_sangong_01		脚下光圈点	0	0	1	0	0		欲擒故纵：散功，无法释放门派技能	-1	0	1	1	
170	13	1000	FightSkillDaLi_15				buff_fengxue_01		身体受击点	0	0	1	0	0		雪拥蓝关：封穴，移动不能，操作不能	-1	0	1	1	
171	171	1000	FightSkillDaLi_12							1	0	0	1	0		截拳式：防御状态，怒气转换率增强，防御增加	-1	0	1	1	
172	172	1000	FightSkillDaLi_16							1	0	0	1	0		破剑式：攻击状态，一定几率使目标出现破绽，发功持续时间降低	-1	0	1	1	
173	173	8500	FightSkillDaLi1_1							0	0	0	1	0		金玉满堂：增加会心	-1	0	1	1	
174	100	1000	FightSkillTianShan_4				g01_buff10_01		脚下光圈点	0	0	0	1	0		白驹过隙：移动速度增加	-1	0	1	1	
175	19	1000	FightSkillTianShan_5	g01_buff42_01		身体受击点				0	1	1	0	0		铁锁横江：定身，移动不能	-1	0	1	1	
176	99	1000	FightSkillTianShan_6							0	0	0	1	0		十面埋伏：隐身	-1	0	1	1	
177	99	1000	FightSkillTianShan_7							0	0	0	1	0		金蝉脱壳：隐身	-1	0	1	1	
178	178	8500	FightSkillTianShan_8							0	0	0	1	0		移花接木：在此状态下攻击携带范围伤害效果	-1	0	1	1	
179	179	1000	FightSkillTianShan_11							0	0	0	1	0		雪花六出：增加会心	-1	0	1	1	
180	99	1000	FightSkillTianShan_13							0	0	0	1	0		踏雪无痕：隐身	-1	0	1	1	
181	23	1000	FightSkillTianShan_15				g01_buff100		脚下光圈点	0	0	1	0	0		梅花三弄：僵硬，移动速度减慢	-1	0	1	1	
182	182	8500	FightSkillTianShan1_4				g01_ts_buff_yangguansandie		身体受击点	0	0	0	1	0		阳关三叠：增加会心	-1	0	1	1	
183	183	1000	FightSkillTianShan_16							1	0	0	1	0		折梅式：攻击姿态，增加命中	-1	0	1	1	
184	13	1000	FightSkillTianShan_9	g01_ts_zdo_renwowuxiang		身体受击点	g01_buff38		头顶状态点	0	1	1	0	0		兰花点穴手：封穴，移动不能，操作不能，可被攻击，无法被打醒	-1	0	1	1	
185	185	1000	FightSkillTianShan_12							1	0	0	1	0		融雪式：防御状态，怒气转换率增强，闪避增加	-1	0	1	1	
186	186	1000	FightSkillXiaoYao_2							1	0	0	0	0		放置陷阱	-1	0	1	1	
187	100	1000	FightSkillXiaoYao_4				g01_buff10		脚下光圈点	0	0	0	1	0		凌波微步：增加移动速度	-1	0	1	1	
188	11	1000	FightSkillXiaoYao_5		Skills\Xy\Xy_画地为牢_击中.wav		g01_xy_sf_zdo_画地为牢		脚下光圈点	0	1	1	0	0		画地为牢：围困，移动不能，操作不能，无敌状态，不可被攻击	-1	0	1	1	
189	189	1000	FightSkillXiaoYao_6	g01_xy_jq_zdo_黄金甲		身体受击点				0	0	0	1	0		云体风身：增加会心	-1	0	1	1	
190	190	1000	FightSkillXiaoYao_8							0	0	0	1	0		火眼金睛：加强侦测陷阱的能力	-1	0	1	1	
191	191	7500	FightSkillTianShan1_3							0	1	0	1	0		阳春白雪：免疫失明	-1	0	1	1	
192	192	1000	FightSkillXiaoYao_16							1	0	0	1	0		洛神图：攻击状态，陷阱附加灼烧效果	-1	0	1	1	
193	193	1000	FightSkillXiaoYao1_1				g01_xy_sf_zt_江行初雪		脚下光圈点	0	0	0	1	0		江行初雪：减少摆放诛仙阵陷阱的聚气时间	-1	0	1	1	
194	194	7500	FightSkillXiaoYao1_3							0	0	0	1	0		波澜不惊：免疫散功	-1	0	1	1	
195	21	8500	FightSkillXiaoYao1_4	g01_xy_sf_zdo_排山倒海		身体受击点	buff_sangong_01		脚下光圈点	0	0	0	1	0		惊涛骇浪：散功，无法使用门派技能	-1	0	1	1	
196	192	1000	FightSkillXiaoYao_12							1	0	0	1	0		大风歌：防御状态，怒气转换率增强，有几率使攻击目标进入僵硬状态，移动速度降低	-1	0	1	1	
197	197	7500	FightSkillDaLi1_3							0	0	0	1	0		非枯非荣：免疫散功、封穴	-1	0	1	1	
198	198	8500	FightSkillDaLi1_4				g01_buff115		头顶状态点	0	0	0	1	0		百步穿杨：技能必中	-1	0	1	1	
199	199	8700	FightSkillEMei1_2	g01_em_zd_jiuyingshehun		身体受击点	g01_em_buff40		头顶状态点	0	0	0	0	0		昭君出塞：标记，使目标被峨嵋派技能攻击所受伤害放大	-1	0	1	1	
200	200	1000	Buff5_2	g01_lidaitaojiang		身体受击点				0	0	0	1	0		心心相印：增加体力	-1	0	1	1	
201	201	1000	Buff5_3	g01_lidaitaojiang		身体受击点				0	0	0	1	0		不离不弃：增加攻击	-1	0	1	1	
202	202	1000	Buff5_4	g01_em_buff1111	interface\sound_shengji.wav	脚下光圈点				0	0	0	1	0		师门关怀：增加外功防御	-1	0	1	1	
203	202	1000	Buff5_4	g01_em_buff1111	interface\sound_shengji.wav	脚下光圈点				0	0	0	1	0		师门关怀：增加外功攻击	-1	0	1	1	
204	202	1000	Buff5_4	g01_em_buff1111	interface\sound_shengji.wav	脚下光圈点				0	0	0	1	0		师门关怀：增加闪避	-1	0	1	1	
205	202	1000	Buff5_4	g01_em_buff1111	interface\sound_shengji.wav	脚下光圈点				0	0	0	1	0		师门关怀：增加内功攻击	-1	0	1	1	
206	202	1000	Buff5_4	g01_em_buff1111	interface\sound_shengji.wav	脚下光圈点				0	0	0	1	0		师门关怀：增加血上限	-1	0	1	1	
207	202	1000	Buff5_4	g01_em_buff1111	interface\sound_shengji.wav	脚下光圈点				0	0	0	1	0		师门关怀：增加内功防御	-1	0	1	1	
208	202	1000	Buff5_4	g01_em_buff1111	interface\sound_shengji.wav	脚下光圈点				0	0	0	1	0		师门关怀：增加命中	-1	0	1	1	
209	202	1000	Buff5_4	g01_em_buff1111	interface\sound_shengji.wav	脚下光圈点				0	0	0	1	0		师门关怀：增加抗性	-1	0	1	1	
210	202	1000	Buff5_4	g01_em_buff1111	interface\sound_shengji.wav	脚下光圈点				0	0	0	1	0		师门关怀：增加会心	-1	0	1	1	
211	211	7500	Buff5_5							0	0	0	0	0		和平：无法攻击且对攻击免疫	-1	0	1	1	
212	212	1000	OtherTools2_14				g01_buff38		头顶状态点	0	0	0	0	0		困惑：无法攻击，无法移动，受到攻击不会苏醒	-1	0	1	1	
213	213	1000	FightSkillDaLi_5		Character\Npc\chess_boss_1.wav		g01_buff38		头顶状态点	0	0	0	0	0		封印：无法操作，可以被打醒	-1	0	1	1	
214	99	1000	MenpaiLiveSkill2_10							0	0	0	1	0		柳暗花明：隐身，移动速度减少20%，受到伤害或使用技能即会现身	-1	0	1	1	
215	1500	1000	Huodong_14							0	0	0	0	0		参加愚人节活动：增加体力、力量、灵气、定力、身法各5点。	-1	0	1	1	
219	15	7600	Buff0_11				hd_石灰包受击		头顶状态点	0	0	0	1	0		石灰包：昏迷，移动不能，操作不能，可被攻击，可被打醒	-1	0	1	1	
220	220	1000	FightSkillMantuo1_10							0	0	0	1	0		命魂护体：血上限增加400点	-1	0	1	1	
221	221	1000	FightSkillERenGu1_4							0	0	0	1	0		锻骨强体：增加体力	-1	0	1	1	
222	222	1000	MenpaiLiveSkill2_7							0	0	0	1	0		打坐：持续恢复血气	-1	0	1	1	
223	223	1000	Buff5_6							0	0	0	1	0		漕运援助：增加外攻	-1	0	1	1	
224	224	1000	Buff5_6							0	0	0	1	0		漕运援助：增加外防	-1	0	1	1	
225	225	1000	Buff5_6							0	0	0	1	0		漕运援助：增加内攻	-1	0	1	1	
226	226	1000	Buff5_6							0	0	0	1	0		漕运援助：增加内防	-1	0	1	1	
227	227	1000	Buff5_6							0	0	0	1	0		漕运援助：增加移动速度	-1	0	1	1	
228	228	1000	Buff5_6							0	0	0	1	0		漕运援助：50%几率不会遇怪	-1	0	1	1	
229	228	1000	Buff5_6							0	0	0	1	0		漕运援助：100%几率不会遇怪	-1	0	1	1	
230	230	7500	Bag2_1							0	0	0	0	0		实物：免疫不良效果	-1	0	1	1	
231	13	1000	FightSkillTianShan1_5	all_bj0000		身体受击点	buff_fengxue_01		身体受击点	0	1	1	0	0		同生共死：封穴，移动不能，操作不能，可被攻击，无法被打醒	-1	0	1	1	
232	232	1000	FightSkillMingJiao_5	all_bj0000		身体受击点	buff_fengxue_01		身体受击点	0	1	1	0	0		棒打狗头：封穴，移动不能，操作不能，可被攻击，无法被打醒	-1	0	1	1	
233	233	1000	Banner1_8				go1_爱神之箭_buff_01		身体受击点	0	0	0	1	0		爱神之吻：真情的见证，和异性组队去洛阳的丘碧特处兑换奖励	-1	0	1	1	
234	234	1500	Buff9_16							0	0	0	1	0		穿透：忽略目标玄抗15点	-1	0	1	1	
235	235	1500	Buff9_16							0	0	0	1	0		穿透：忽略目标玄抗25点	-1	0	1	1	
236	236	1500	Buff9_14							0	0	0	1	0		穿透：忽略目标火抗15点	-1	0	1	1	
237	237	1500	Buff9_14							0	0	0	1	0		穿透：忽略目标火抗25点	-1	0	1	1	
238	238	1500	Buff9_15							0	0	0	1	0		穿透：忽略目标毒抗15点	-1	0	1	1	
239	239	1500	Buff9_15							0	0	0	1	0		穿透：忽略目标毒抗25点	-1	0	1	1	
240	240	1500	Buff8_16							0	0	0	1	0		穿透：忽略目标冰抗15点	-1	0	1	1	
241	241	1500	Buff8_16							0	0	0	1	0		穿透：忽略目标冰抗25点	-1	0	1	1	
242	242	1000	Huodong_2_13				新蓝光环		身体受击点	0	0	0	1	0		门派年货大采购：体力、力量、灵气、定力、身法各增加15点	-1	0	1	1	
243	243	1000	Ring5_11				buff_夫妻戒指01		身体受击点	0	0	0	1	0		永恒钻戒：被祝福过的，体力、力量、灵气、定力、身法各增加10点	-1	0	1	1	
244	244	1000	Buff10_1				buff_珍珑之光		身体受击点	0	0	0	0	0		珍珑之光：体力、力量、灵气、定力、身法各增加8点	-1	0	1	1	
245	245	8600	TaskTools3_3							0	0	0	1	0		复活保护：无敌，使用技能后保护消失	-1	0	1	1	
246	246	1000	Treasure3_4							0	0	0	1	0		静心：增加人物15点所有属性，在消失后可以去大理孙八爷处领取静心草	-1	0	1	1	
247	247	1000	Malaizhuanyong2_2							0	1	1	0	0		热身运动：在大雪纷飞的环境中运动一下，感觉全身都暖和了。	-1	0	1	1	
248	202	1000	Buff5_4	g01_em_buff1111	interface\sound_shengji.wav	脚下光圈点				0	0	0	1	0		师门关怀：增加内功攻击	-1	0	1	1	
251	99	1400	RideHeader1_13		interface\sound_tiger.wav					0	0	0	1	0		坐骑：虎	99	0	1	1	
252	99	1400	RideHeader1_1		interface\sound_horse.wav					0	0	0	1	0		坐骑：黄骠马	99	0	1	1	
253	99	1400	RideHeader1_11		interface\35.wav					0	0	0	1	0		坐骑：骆驼	99	0	1	1	
254	99	1400	RideHeader2_2		interface\32.wav					0	0	0	1	0		坐骑：鹤	99	0	1	1	
255	99	1400	RideHeader1_16		interface\33.wav					0	0	0	1	0		坐骑：青凤	99	0	1	1	
256	99	1400	RideHeader1_3		interface\34.wav					0	0	0	1	0		坐骑：牦牛	99	0	1	1	
257	99	1400	RideHeader1_5		interface\31.wav					0	0	0	1	0		坐骑：鹿	99	0	1	1	
258	99	1400	RideHeader1_9		interface\36.wav					0	0	0	1	0		坐骑：雕	99	0	1	1	
259	99	1400	RideHeader1_7		interface\30.wav					0	0	0	1	0		坐骑：灰狼	99	0	1	1	
260	99	1400	RideHeader1_14		interface\sound_tiger.wav					0	0	0	1	0		坐骑：白虎	99	0	1	1	
261	99	1400	RideHeader1_2		interface\sound_horse.wav					0	0	0	1	0		坐骑：青白骢马	99	0	1	1	
262	99	1400	RideHeader1_12		interface\35.wav					0	0	0	1	0		坐骑：白骆驼	99	0	1	1	
263	99	1400	RideHeader2_1		interface\32.wav					0	0	0	1	0		坐骑：金翼鹤	99	0	1	1	
264	99	1400	RideHeader1_15		interface\33.wav					0	0	0	1	0		坐骑：红白凤	99	0	1	1	
265	99	1400	RideHeader1_4		interface\34.wav					0	0	0	1	0		坐骑：白牦牛	99	0	1	1	
266	99	1400	RideHeader1_6		interface\31.wav					0	0	0	1	0		坐骑：白鹿	99	0	1	1	
267	99	1400	RideHeader1_10		interface\36.wav					0	0	0	1	0		坐骑：白雕	99	0	1	1	
268	99	1400	RideHeader1_8		interface\30.wav					0	0	0	1	0		坐骑：白狼	99	0	1	1	
269	269	1450	Buff5_9	g01_buff108		脚下光圈点				0	0	0	1	0		变身	-1	0	1	1	
270	270	1000	Buff5_10							0	0	0	1	0		重生：该状态下死后自动复活	-1	0	1	1	
271	271	1000	Buff5_7							1	0	0	0	0		运输状态：无法隐身、回城和骑乘	-1	0	1	1	
272	272	1000	Buff5_8							0	0	0	0	0		漕运强盗：识破隐身能力很强、移动速度很快	-1	0	1	1	
273	273	1000	Buff5_11							0	0	0	1	0		鱼饵：蚯蚓，提高钓鱼速度	-1	0	1	1	
274	273	1000	Buff5_12							0	0	0	1	0		鱼饵：虹虫，提高钓鱼速度	-1	0	1	1	
275	273	1000	Buff5_13							0	0	0	1	0		鱼饵：沙蚕，提高钓鱼速度	-1	0	1	1	
276	276	1000	Buff5_14							0	0	0	0	0		对峙：对峙期间，无法攻击和移动，也不会受到伤害	-1	0	1	1	
277	277	1000	Buff5_15							0	0	0	0	0		遇敌：无法传送	-1	0	1	1	
278	99	1400	RideHeader2_3		interface\sound_tiger.wav					0	0	0	1	0		坐骑：狮子	99	0	1	1	
279	99	1400	RideHeader2_4		interface\sound_tiger.wav					0	0	0	1	0		坐骑：白狮	99	0	1	1	
280	280	1000	Buff1_4				g01_buff44		头顶状态点	0	0	0	0	0		破绽百出：被王语嫣指出招式破绽	-1	0	1	1	
281	281	1000	FightSkillMingJiao_7							0	0	0	0	0		报复：杀死对方后将会受到对方的致命报复	-1	0	1	1	
282	282	1000	FightSkillXiaoYao_9							1	1	0	1	0		监禁：无法使用技能和物品	-1	0	1	1	
283	283	1000	FightSkillShaoLin2_6							0	1	0	1	0		弥勒护身：增加体力	-1	0	1	1	
284	284	1000	FightSkillMingJiao1_6							0	1	0	1	0		葵花神力：增加力量	-1	0	1	1	
285	285	1000	FightSkillGaiBang_6							0	1	0	1	0		如影随形：增加身法	-1	0	1	1	
286	286	1000	FightSkillWuDang2_6							0	1	0	1	0		犀牛望月：增加灵气	-1	0	1	1	
287	287	1000	FightSkillEMei2_6							0	1	0	1	0		坐怀不乱：增加定力	-1	0	1	1	
288	288	1000	FightSkillXinXiu2_6							0	1	0	1	0		百毒不侵：增加毒抗	-1	0	1	1	
289	289	1000	FightSkillDaLi1_6							0	1	0	1	0		正气浩然：增加玄抗	-1	0	1	1	
290	290	1000	FightSkillTianShan1_6							0	1	0	1	0		冰肌玉骨：增加冰抗	-1	0	1	1	
291	291	1000	FightSkillXiaoYao1_6							0	1	0	1	0		墨守成规：增加火抗	-1	0	1	1	
292	59	8500	FightSkillShaoLin2_5				秘籍_sl_zdo		身体中心点	0	0	0	1	0		易筋锻骨：强化血上限	-1	0	1	1	
293	293	8500	FightSkillMingJiao1_5				秘籍_mj_zdo		身体中心点	0	0	0	1	0		纯阳无极：增加火攻击和火抗性	-1	0	1	1	
294	14	1000	FightSkillWuDang2_5							0	1	1	0	0		天外飞仙：麻痹，移动不能，操作不能，可被攻击，无法被打醒	-1	0	1	1	
295	1	8500	FightSkillEMei2_5							0	1	1	0	0		九阴神爪：撕裂，持续失血	-1	0	1	1	
296	34	1000	FightSkillXinXiu2_5							0	1	1	0	0		化骨绵掌：虚弱力量、灵气	-1	0	1	1	
297	26	8500	FightSkillDaLi1_5							0	1	1	0	0		少泽剑：攻防破绽，削弱攻击与防御	-1	0	1	1	
298	13	8500	FightSkillTianShan1_5							0	1	1	0	0		同生共死：封穴，移动不能，操作不能，可被攻击，无法被打醒	-1	0	1	1	
299	99	1400	RideHeader1_9							0	0	0	1	0		坐骑：陆行雕	99	0	1	1	
300	300	1000	Buff2_12							0	0	0	1	0		加强：外功攻击	-1	0	1	1	
301	301	1000	Buff2_13							0	0	0	1	0		加强：内功攻击	-1	0	1	1	
302	302	1000	Buff2_14							0	0	0	1	0		加强：外攻防御	-1	0	1	1	
303	303	1000	Buff2_15							0	0	0	1	0		加强：内功防御	-1	0	1	1	
304	304	1000	Charm_1							0	0	0	1	0		加强：冰攻击	-1	0	1	1	
305	305	1000	Charm_2							0	0	0	1	0		加强：火攻击	-1	0	1	1	
306	306	1000	Charm_3							0	0	0	1	0		加强：毒攻击	-1	0	1	1	
307	307	1000	Charm_4							0	0	0	1	0		加强：玄攻击	-1	0	1	1	
308	308	1000	OtherTools1_5							0	0	0	1	0		加强：冰防御	-1	0	1	1	
309	309	1000	OtherTools1_6							0	0	0	1	0		加强：火防御	-1	0	1	1	
310	310	1000	OtherTools1_7							0	0	0	1	0		加强：毒防御	-1	0	1	1	
311	311	1000	OtherTools1_8							0	0	0	1	0		加强：玄防御	-1	0	1	1	
312	312	1000	MenpaiGoods_1							0	0	0	1	0		加强：力量	-1	0	1	1	
313	313	1000	MenpaiGoods_2							0	0	0	1	0		加强：灵气	-1	0	1	1	
314	314	1000	MenpaiGoods_3							0	0	0	1	0		加强：体力	-1	0	1	1	
315	315	1000	MenpaiGoods_4							0	0	0	1	0		加强：定力	-1	0	1	1	
316	316	1000	MenpaiGoods_5							0	0	0	1	0		加强：身法	-1	0	1	1	
317	317	1000	MenpaiGoods_6							0	0	0	1	0		加强：命中	-1	0	1	1	
318	318	1000	MenpaiGoods_7							0	0	0	1	0		加强：闪避	-1	0	1	1	
319	319	1000	MenpaiGoods_8							0	0	0	1	0		加强：会心	-1	0	1	1	
320	320	1000	Charm_15							0	0	0	1	0		加强：血上限	-1	0	1	1	
321	321	1000	Charm_14							0	0	0	1	0		加强：气上限	-1	0	1	1	
322	99	1400	RideHeader2_6		ambience\nature\animal\elephant.wav					0	0	0	1	0		坐骑：象	99	0	1	1	
323	99	1400	RideHeader2_5		ambience\nature\animal\elephant.wav					0	0	0	1	0		坐骑：大象	99	0	1	1	
324	99	1400	RideHeader1_10		interface\36.wav					0	0	0	1	0		坐骑：神雕	99	0	1	1	
325	325	1000	Cloth3_2							1	0	0	0	0		地灵丹：珍兽获得的经验翻倍	-1	0	1	1	
326	99	1400	RideHeader2_15		ambience\nature\animal\xiniu.wav					0	0	0	1	0		坐骑：犀牛	99	0	1	1	
327	99	1400	RideHeader2_11		ambience\nature\bird\tuoniao.wav					0	0	0	1	0		坐骑：鸵鸟	99	0	1	1	
328	99	1400	RideHeader2_14		ambience\nature\insect\spider_1.wav					0	0	0	1	0		坐骑：符文骑士	99	0	1	1	
329	99	1400	RideHeader2_12							0	0	0	1	0		坐骑：玄龟	99	0	1	1	
330	99	1400	RideHeader2_10		ambience\nature\animal\lion_1.wav					0	0	0	1	0		坐骑：陆吾	99	0	1	1	
331	99	1400	RideHeader2_13		ambience\society\machine.wav					0	0	0	1	0		坐骑：木牛流马	99	0	1	1	
332	99	1400	RideHeader2_9		ambience\nature\animal\bear_1.wav					0	0	0	1	0		坐骑：熊	99	0	1	1	
333	99	1400	RideHeader1_1							0	0	0	1	0		搭乘坐骑	-1	0	1	1	
334	334	8600	TaskTools3_3							0	0	0	1	0		传送保护：无敌，移动或使用技能后保护即会消失	-1	0	1	1	
335	335	1000	CommonLiveSkill_16							1	0	0	0	0		疲劳：主人无法再配合珍兽施放群攻技能	-1	0	1	1	
336	336	1000	TaskTools4_10							1	0	0	0	0		马鞍：增加骑乘时的移动速度	-1	0	1	1	
337	99	1400	Ride2_15		ambience\nature\animal\river_horse.wav					0	0	0	1	0		坐骑：河马	99	0	1	1	
338	99	1400	Ride2_11		ambience\nature\animal\carriage.wav					0	0	0	1	0		坐骑：马车	99	0	1	1	
339	99	1400	Ride2_13		ambience\nature\animal\horse_2.wav					0	0	0	1	0		坐骑：天马	99	0	1	1	
340	99	1400	Ride2_9							0	0	0	1	0		坐骑：兔子	99	0	1	1	
341	99	1400	Ride2_14		ambience\nature\animal\dance_lion.wav					0	0	0	1	0		坐骑：舞狮	99	0	1	1	
342	99	1400	Ride2_10		interface\31.wav					0	0	0	1	0		坐骑：驯鹿	99	0	1	1	
343	343	1000	Medicine2_12							1	0	0	0	0		乾坤壶：自动捡取怪物掉落的物品	-1	0	1	1	
344	344	1000	TaskTools6_7							1	0	0	0	0		心怀故主：暂时不能加入其他帮派，体力、力量、灵气、定力、身法各增加5点	-1	0	1	1	
345	345	8500	MenpaiLiveSkill2_9							0	0	1	0	0		灭此朝食：吸引怪物的攻击	-1	0	1	1	
346	345	8500	MenpaiLiveSkill2_11							0	0	1	0	0		调虎离山：吸引怪物的攻击并降低其防御	-1	0	1	1	
347	347	1000	MakeMaterial11_3				g01_buff10_01		脚下光圈点	0	0	0	1	0		双核速龙丹：移动速度加快	-1	0	1	1	
349	349	1000	Cloth3_14							1	1	0	0	0		通天灵丹：人物获得的经验变为2.5倍	-1	0	1	1	
350	325	1000	Cloth3_15							1	1	0	0	0		彻地灵丹：珍兽获得的经验变为2.5倍	-1	0	1	1	
351	349	1000	Cloth3_16							1	1	0	0	0		小灵丹：人物与珍兽获得的经验变为1.5倍，可与地灵丹及双倍一起使用。	-1	0	1	1	
352	352	1200	CommonLiveSkill_15							1	0	0	0	0		疲劳：主人无法再配合珍兽施放神佑技能	-1	0	1	1	
353	353	1000	CommonLiveSkill_14							1	0	0	0	0		疲劳：主人无法再配合珍兽施放共生和血祭技能	-1	0	1	1	
354	354	1000	Cloth4_5				玫瑰花		脚下光圈点	0	0	0	1	0		999朵玫瑰	-1	0	1	1	
355	355	1000	Cloth6_1	冰镇西瓜	interface\sound_shengji.wav	身体受击点				0	0	0	1	0		冰镇西瓜：令人神清气爽，增加人物基础外功攻击和基础内功攻击15%	-1	0	1	1	
356	99	1400	Ride2_12							0	0	0	1	0		坐骑：雪羽	99	0	1	1	
357	357	1200	CommonLiveSkill_14							1	0	0	0	0		疲劳：主人无法再配合珍兽施放肉墙技能	-1	0	1	1	
358	99	1400	RideHeader2_16							0	0	0	1	0		坐骑：巨人	99	0	1	1	
359	99	1400	RideHeader2_7							0	0	0	1	0		坐骑：飞龙	99	0	1	1	
360	360	1000	PetSkill2_13							0	0	0	0	0		冰精：受到冰系伤害减少，火系伤害增加	-1	0	1	1	
361	360	1000	PetSkill2_14							0	0	0	0	0		火灵：受到火系伤害减少，冰系伤害增加	-1	0	1	1	
362	360	1000	PetSkill3_3							0	0	0	0	0		毒蛊：受到毒系伤害减少，玄系伤害增加	-1	0	1	1	
363	360	1000	PetSkill3_8							0	0	0	0	0		玄兽：受到玄系伤害减少，毒系伤害增加	-1	0	1	1	
364	364	1000	PetSkill1_7							0	0	0	0	0		迟钝：血上限增加，闪避和命中削弱	-1	0	1	1	
365	364	1000	PetSkill3_6							0	0	0	0	0		狡猾：命中和闪避增加，防御削弱	-1	0	1	1	
366	364	1000	PetSkill3_7							0	0	0	0	0		憨厚：防御增加，会心削弱	-1	0	1	1	
367	364	1000	PetSkill3_5							0	0	0	0	0		拼命：会心增加，血上限削弱	-1	0	1	1	
368	364	1000	PetSkill3_9							0	0	0	0	0		法魂：内攻增加，外攻削弱	-1	0	1	1	
369	364	1000	PetSkill3_10							0	0	0	0	0		蛮力：外攻增加，内攻削弱	-1	0	1	1	
370	370	1000	PetSkill5_13				cw_chongsheng		身体受击点	0	0	0	0	0		重生：该状态下死后自动复活	-1	0	1	1	
371	370	1000	PetSkill5_14				cw_chongsheng		身体受击点	0	0	0	0	0		高级重生：该状态下死后自动复活	-1	0	1	1	
372	372	1000	PetSkill2_9				cw_rouqiang		头顶状态点	0	0	0	0	0		肉墙：将部分伤害转移到宠物身上	-1	0	1	1	
373	372	1000	PetSkill2_10				cw_rouqiang		头顶状态点	0	0	0	0	0		高级肉墙：将部分伤害转移到宠物身上	-1	0	1	1	
374	374	1000	PetSkill4_1				cw_shengyou		头顶状态点	0	0	0	0	0		神佑：不会受到伤害，也不能攻击敌人	-1	0	1	1	
375	374	1000	PetSkill4_2				cw_shengyou		头顶状态点	0	0	0	0	0		高级神佑：不会受到伤害，也不能攻击敌人	-1	0	1	1	
376	376	1000	PetSkill7_1				cw_shixue		身体受击点	0	0	0	0	0		嗜血：牺牲防御来暂时提高外功攻击	-1	0	1	1	
377	376	1000	PetSkill7_2				cw_shixue		身体受击点	0	0	0	0	0		高级嗜血：牺牲防御来暂时提高外功攻击	-1	0	1	1	
378	377	8200	Ring2_15				buff_重楼望月		身体中心点	1	0	0	0	0		真·重楼戒：攻击时有3%几率震慑敌人的魂魄，使之封穴，持续20秒，封穴不可解	-1	0	1	1	
380	380	1000	PetSkill5_6							0	0	0	0	0		伪装：宠物进入隐身状态，攻击或受到伤害即会现身	-1	0	1	1	
381	380	1000	PetSkill5_5							0	0	0	0	0		高级伪装：宠物伪装起来，攻击或受到伤害即会现身	-1	0	1	1	
382	382	1000	PetSkill2_5				npc_all_fushen		身体受击点	0	0	1	0	1	身体受击点	附身：宠物附身于敌人，双方都无法动弹	-1	0	1	1	
383	382	1000	PetSkill2_6				npc_all_fushen		身体受击点	0	0	1	0	1	身体受击点	高级附身：宠物附身于敌人，双方都无法动弹	-1	0	1	1	
384	384	1000	PetSkill1_1	cw_fanji		身体受击点				0	0	0	0	0		反击：受到攻击时一定几率反击敌人	-1	0	1	1	
385	384	1000	PetSkill1_2	cw_fanji		身体受击点				0	0	0	0	0		高级反击：受到攻击时一定几率反击敌人	-1	0	1	1	
386	386	1000	PetSkill5_15	cw_xixue		身体受击点				0	0	0	0	0		吸血：攻击时一定几率吸取敌人生命	-1	0	1	1	
387	386	1000	PetSkill5_16	cw_xixue		身体受击点				0	0	0	0	0		高级吸血：攻击时一定几率吸取敌人生命	-1	0	1	1	
388	388	1000	PetSkill1_13	cw_fanzhen		身体受击点				0	0	0	0	0		反震：一定几率将所受的近身伤害反弹回去	-1	0	1	1	
389	388	1000	PetSkill1_14	cw_fanzhen		身体受击点				0	0	0	0	0		高级反震：一定几率将所受的近身伤害反弹回去	-1	0	1	1	
390	390	1000	PetSkill4_9	cw_lingdong		身体受击点				0	0	0	0	0		灵动：一定几率减少所受的伤害	-1	0	1	1	
391	390	1000	PetSkill4_10	cw_lingdong		身体受击点				0	0	0	0	0		高级灵动：一定几率减少所受的伤害	-1	0	1	1	
392	392	1000	PetSkill2_7	cw_ximo		身体受击点				0	0	0	0	0		吸气：攻击时一定几率吸走敌人的气	-1	0	1	1	
393	392	1000	PetSkill2_8	cw_ximo		身体受击点				0	0	0	0	0		高级吸气：攻击时一定几率吸走敌人的气	-1	0	1	1	
394	394	1000	PetSkill4_5	cw_danu		脚下光圈点				0	0	0	0	0		打怒：攻击时一定几率打消敌人怒气	-1	0	1	1	
395	394	1000	PetSkill4_6	cw_danu		脚下光圈点				0	0	0	0	0		高级打怒：攻击时一定几率打消敌人怒气	-1	0	1	1	
396	396	1000	PetSkill5_1	cw_zhongxin		头顶状态点				0	0	0	0	0		忠心：有一定几率替主人格挡必杀攻击	-1	0	1	1	
397	396	1000	PetSkill5_2	cw_zhongxin		头顶状态点				0	0	0	0	0		高级忠心：有一定几率替主人格挡必杀攻击	-1	0	1	1	
398	398	1000	PetSkill5_3	cw_lingqi		身体受击点				0	0	0	0	0		灵气：有一定几率替主人格挡不良效果	-1	0	1	1	
399	398	1000	PetSkill5_4	cw_lingqi		身体受击点				0	0	0	0	0		高级灵气：有一定几率替主人格挡不良效果	-1	0	1	1	
400	400	1000	PetSkill5_7	cw_shipo		头顶状态点				0	0	0	0	0		识破：增强主人侦破隐形的能力	-1	0	1	1	
401	400	1000	PetSkill5_8	cw_shipo		头顶状态点				0	0	0	0	0		高级识破：增强主人侦破隐形的能力	-1	0	1	1	
402	402	1000	PetSkill3_13	cw_jieli		头顶状态点				0	0	0	0	0		借力：增强主人的力量	-1	0	1	1	
403	402	1000	PetSkill3_14	cw_jieli		头顶状态点				0	0	0	0	0		高级借力：增强主人的力量	-1	0	1	1	
404	404	1000	PetSkill1_5	cw_yihun		头顶状态点				0	0	0	0	0		移魂：增强主人的定力	-1	0	1	1	
405	404	1000	PetSkill1_6	cw_yihun		头顶状态点				0	0	0	0	0		高级移魂：增强主人的定力	-1	0	1	1	
406	406	1000	PetSkill3_15	cw_jiasu		头顶状态点				0	0	0	0	0		瞬影：增强主人的身法	-1	0	1	1	
407	406	1000	PetSkill3_16	cw_jiasu		头顶状态点				0	0	0	0	0		高级瞬影：增强主人的身法	-1	0	1	1	
408	408	1000	PetSkill1_3	cw_qiangshen		头顶状态点				0	0	0	0	0		强身：增强主人的体力	-1	0	1	1	
409	408	1000	PetSkill1_4	cw_qiangshen		头顶状态点				0	0	0	0	0		高级强身：增强主人的体力	-1	0	1	1	
410	410	1000	PetSkill3_1	cw_ningshen		头顶状态点				0	0	0	0	0		凝神：增强主人的灵气	-1	0	1	1	
411	410	1000	PetSkill3_2	cw_ningshen		头顶状态点				0	0	0	0	0		高级凝神：增强主人的灵气	-1	0	1	1	
412	37	1000	PetSkill6_5	npc_all_kongzhi_zdo		身体受击点				0	1	1	0	0		虚弱：降低目标的内外功攻击	-1	0	1	1	
413	37	1000	PetSkill6_6	npc_all_kongzhi_zdo		身体受击点				0	1	1	0	0		高级虚弱：降低目标的内外功攻击	-1	0	1	1	
414	25	1000	PetSkill6_7	npc_all_kongzhi_zdo		身体受击点				0	1	1	0	0		破绽：降低目标的内外功防御	-1	0	1	1	
415	25	1000	PetSkill6_8	npc_all_kongzhi_zdo		身体受击点				0	1	1	0	0		高级破绽：降低目标的内外功防御	-1	0	1	1	
416	23	1000	PetSkill6_15	npc_all_kongzhi_zdo		身体受击点				0	1	1	0	0		摔绊：降低目标的移动速度	-1	0	1	1	
417	23	1000	PetSkill6_16	npc_all_kongzhi_zdo		身体受击点				0	1	1	0	0		高级摔绊：降低目标的移动速度	-1	0	1	1	
418	418	1000	PetSkill2_3							0	1	0	1	0		帮派关怀#r增加力量、灵气各10点	-1	0	1	1	
419	418	1000	PetSkill2_3							0	1	0	1	0		帮派关怀#r增加力量、灵气各15点	-1	0	1	1	
420	418	1000	PetSkill2_3							0	1	0	1	0		帮派关怀#r增加力量、灵气各20点	-1	0	1	1	
421	418	1000	PetSkill2_3							0	1	0	1	0		帮派关怀#r增加力量、灵气各25点	-1	0	1	1	
422	418	1000	PetSkill2_3							0	1	0	1	0		帮派关怀#r增加力量、灵气各30点	-1	0	1	1	
423	418	1000	PetSkill2_3							0	1	0	1	0		帮派关怀#r增加力量、灵气各35点	-1	0	1	1	
424	418	1000	PetSkill2_3							0	1	0	1	0		帮派关怀#r增加力量、灵气各40点	-1	0	1	1	
425	418	1000	PetSkill2_3							0	1	0	1	0		帮派关怀#r增加力量、灵气各45点	-1	0	1	1	
426	418	1000	PetSkill2_3							0	1	0	1	0		帮派关怀#r增加力量、灵气各50点	-1	0	1	1	
427	427	1000	FightSkillShaoLin2_7							0	1	0	1	0		倒转乾坤：增加技能所能造成的伤害	-1	0	1	1	
428	427	1000	FightSkillMingJiao1_7							0	1	0	1	0		举火烧天：增加技能所能造成的伤害	-1	0	1	1	
429	427	1000	FightSkillGaiBang_7							0	1	0	1	0		拨草寻蛇：增加技能所能造成的伤害	-1	0	1	1	
430	427	1000	FightSkillWuDang2_7							0	1	0	1	0		空明式：增加技能所能造成的伤害	-1	0	1	1	
431	427	1000	FightSkillEMei2_9							0	1	0	1	0		九阴毒龙功：增加技能所能造成的伤害	-1	0	1	1	
432	427	1000	FightSkillXinXiu2_7							0	1	0	1	0		化血神毒：增加技能所能造成的伤害	-1	0	1	1	
433	427	8500	FightSkillDaLi1_7							0	1	0	1	0		商阳剑：增加技能所能造成的伤害	-1	0	1	1	
434	427	1000	FightSkillTianShan1_7							0	1	0	1	0		天地明灭：增加技能所能造成的伤害	-1	0	1	1	
435	427	1000	FightSkillXiaoYao1_7							0	1	0	1	0		颠动沧溟：增加技能所能造成的伤害	-1	0	1	1	
436	436	1000	CommonNPCHeader8_23							1	1	0	1	0		木婉清武学心得：坚强#r外功防御增加	-1	0	1	1	
437	436	1000	CommonNPCHeader8_10							1	1	0	1	0		钟灵武学心得：定力#r定力增加	-1	0	1	1	
438	436	1000	CommonNPCHeader8_4							1	1	0	1	0		段延庆武学心得：体质#r体力增加	-1	0	1	1	
439	436	1000	CommonNPCHeader4_22							1	1	0	1	0		段誉武学心得：躲闪#r闪避增加	-1	0	1	1	
440	436	1000	CommonNPCHeader3_2							1	1	0	1	0		阿朱武学心得：火焰#r火攻击增加	-1	0	1	1	
441	436	1000	CommonNPCHeader8_18							1	1	0	1	0		阿碧武学心得：遗忘#r内功防御增加	-1	0	1	1	
442	436	1000	CommonNPCHeader4_25							1	1	0	1	0		王语嫣武学心得：智慧#r灵气增加	-1	0	1	1	
443	436	1000	CommonNPCHeader4_23							1	1	0	1	0		萧峰武学心得：力量#r力量增加	-1	0	1	1	
444	436	1000	CommonNPCHeader3_3							1	1	0	1	0		阿紫武学心得：剧毒#r毒攻击增加	-1	0	1	1	
445	436	1000	CommonNPCHeader3_1							1	1	0	1	0		慕容复武学心得：身法#r身法增加	-1	0	1	1	
446	436	1000	CommonNPCHeader4_24							1	1	0	1	0		虚竹武学心得：要害#r会心攻击增加	-1	0	1	1	
447	436	1000	CommonNPCHeader11_1							1	1	0	1	0		鸠摩智武学心得：玄妙#r玄攻击增加	-1	0	1	1	
448	436	1000	CommonNPCHeader8_12							1	1	0	1	0		银川公主武学心得：寒冰#r冰攻击增加	-1	0	1	1	
449	449	1000	Chrismas2_15				g01_buff_幸福雪球		脚下光圈点	0	0	0	1	0		幸福雪球：体力增加30点	-1	0	1	1	
450	450	1000	MakeMaterial8_16							0	0	0	0	0		春节快乐	-1	0	1	1	
451	451	1000	Choujiang_13							0	0	0	0	0		快活三：无法参加幸运快活三抽奖，体力、力量、灵气、定力、身法各增加5点	-1	0	1	1	
452	418	1000	PetSkill2_3							0	1	0	1	0		帮派关怀#r增加力量、灵气各55点	-1	0	1	1	
453	418	1000	PetSkill2_3							0	1	0	1	0		帮派关怀#r增加力量、灵气各60点	-1	0	1	1	
454	418	1000	PetSkill2_3							0	1	0	1	0		帮派关怀#r增加力量、灵气各65点	-1	0	1	1	
455	418	1000	PetSkill2_3							0	1	0	1	0		帮派关怀#r增加力量、灵气各70点	-1	0	1	1	
456	418	1000	PetSkill2_3							0	1	0	1	0		帮派关怀#r增加力量、灵气各75点	-1	0	1	1	
457	418	1000	PetSkill2_3							0	1	0	1	0		帮派关怀#r增加力量、灵气各80点	-1	0	1	1	
458	458	1000	Buff6_12				新蓝光环		身体中心点	0	0	0	1	0		夺宝师徒练：火属性攻击提高30点	-1	0	1	1	
459	458	1000	Buff6_12				新蓝光环		身体中心点	0	0	0	1	0		夺宝师徒练：冰属性攻击提高30点	-1	0	1	1	
460	458	1000	Buff6_12				新蓝光环		身体中心点	0	0	0	1	0		夺宝师徒练：玄属性攻击提高30点	-1	0	1	1	
461	458	1000	Buff6_12				新蓝光环		身体中心点	0	0	0	1	0		夺宝师徒练：毒属性攻击提高30点	-1	0	1	1	
462	462	8100	Ring2_15				buff_重楼望月		身体中心点	1	0	0	0	0		重楼望月：攻击时有2%几率震慑敌人的魂魄，使之封穴，持续15秒，封穴不可解	-1	0	1	1	
463	463	8100	Amulet3_5				buff_重楼逆天		身体中心点	1	0	0	0	0		重楼逆天：攻击时有2%几率震慑敌人的魂魄，使之麻痹，持续15秒，麻痹不可解	-1	0	1	1	
464	464	9000	Buff0_9	all_bj0000		身体受击点	buff_fengxue_01		身体受击点	0	1	1	0	0		封穴：移动不能，操作不能，可被攻击，无法被打醒	-1	0	1	1	
465	465	9000	Buff6_13				g01_buff麻痹		身体中心点	0	0	1	0	0		麻痹：移动不能，操作不能，可被攻击，无法被打醒	-1	0	1	1	
466	458	1000	Buff6_12				新蓝光环		身体中心点	0	0	0	1	0		夺宝师徒练：增加体力30点	-1	0	1	1	
467	459	1000	PetSkill7_4							0	0	0	0	0		冰魂：增加冰抗50点	-1	0	1	1	
468	460	1000	PetSkill7_6							0	0	0	0	0		火魂：增加火抗50点	-1	0	1	1	
469	461	1000	PetSkill7_5							0	0	0	0	0		毒魂：增加毒抗50点	-1	0	1	1	
470	462	1000	PetSkill7_3							0	0	0	0	0		玄魂：增加玄抗50点	-1	0	1	1	
471	463	1000	Buff6_12				新蓝光环		身体中心点	0	0	0	1	0		师徒心连心：体力、力量、灵气、定力、身法各增加10点	-1	0	1	1	
472	472	1000	CircularTaskTool3_11	all_em_bj00000		身体受击点	g01_收集签名		身体受击点	0	0	1	0	1	左武器绑定点	签名录：收集好友签名	-1	0	1	1	
473	473	1000	Buff1_7							0	0	0	1	0		蛮力：攻击加强	-1	0	1	1	
474	474	1000	FightSkillXiaoYao_8							0	0	0	1	0		火眼金睛：增加定力	-1	0	1	1	
475	475	7000	Gem9_3_1							0	0	0	1	0		虎眼石精华：增加外功攻击	-1	0	1	1	
476	476	7000	Gem9_3_8							0	0	0	1	0		猫眼石精华：增加内功攻击	-1	0	1	1	
477	477	7000	Gem9_3_2							0	0	0	1	0		紫玉精华：增加命中	-1	0	1	1	
478	478	7000	Gem9_3_7							0	0	0	1	0		祖母绿精华：增加闪避	-1	0	1	1	
479	479	7000	Gem9_3_4							0	0	0	1	0		蓝晶石精华：增加冰攻击	-1	0	1	1	
480	480	7000	Gem9_3_5							0	0	0	1	0		红晶石精华：增加火攻击	-1	0	1	1	
481	481	7000	Gem9_3_3							0	0	0	1	0		黄晶石精华：增加玄攻击	-1	0	1	1	
482	482	7000	Gem9_3_6							0	0	0	1	0		绿晶石精华：增加毒攻击	-1	0	1	1	
483	483	7000	Gem1_2_16							0	0	0	1	0		红宝石精华：增加体力	-1	0	1	1	
484	484	7000	Gem3_2_16							0	0	0	1	0		血精石精华：增加血上限	-1	0	1	1	
485	474	1000	Buff1_4							0	1	1	0	0		虚弱：降低内外功攻击	-1	0	1	1	
486	475	1000	Buff1_11							0	0	0	1	0		强化：增加内外功攻击	-1	0	1	1	
487	481	1000	Ride2_3							0	0	0	1	0		解穴：解除己方人员封穴状态	-1	0	1	1	
488	482	1000	Buff1_4							0	0	0	1	0		减速：降低地方人员移动速度	-1	0	1	1	
489	483	7500	Buff1_5							0	0	0	1	0		免疫封穴	-1	0	1	1	
490	484	1000	Buff1_6							0	0	0	1	0		增加：10%血上限	-1	0	1	1	
491	485	1000	Buff1_7							0	0	0	1	0		增加：10%气上限	-1	0	1	1	
492	486	1000	Buff1_8							0	0	0	1	0		增加：15%外功攻击	-1	0	1	1	
493	487	1000	Buff1_9							0	0	0	1	0		增加：15%内功攻击	-1	0	1	1	
494	488	1000	Buff1_10							0	0	0	1	0		增加：15%外功防御	-1	0	1	1	
495	495	1000	Buff10_3							0	0	0	1	0		搜宝专家：体力、力量、灵气、定力、身法各增加30点	-1	0	1	1	
496	496	1000	Banner_3							0	0	0	1	0		超级旗手：增加人物基础外功防御和基础内功防御20%	-1	0	1	1	
497	497	1000	Buff5_6							0	0	0	1	0		连斩狂客：增加人物基础外功攻击和基础内功攻击20%	-1	0	1	1	
498	498	1000	Buff10_4							0	0	0	1	0		知耻后勇	-1	0	1	1	
499	499	8600	Buff10_2				b_姜太公钓鱼01		头顶状态点	0	0	0	1	0		姜太公钓鱼：无敌，移动或使用技能后保护即会消失	-1	0	1	1	
500	99	1400	Ride2_3							0	0	0	1	0		坐骑：雪橇	99	0	1	1	
501	99	1400	Ride2_4							0	0	0	1	0		坐骑：紫电	99	0	1	1	
502	99	1400	Ride2_16							0	0	0	1	0		坐骑：冥羽	99	0	1	1	
503	99	1400	RideHeader2_8							0	0	0	1	0		坐骑：如意熊	99	0	1	1	
504	99	1400	Ride2_6							0	0	0	1	0		坐骑：年兽	99	0	1	1	
505	99	1400	Ride2_7							0	0	0	1	0		坐骑：花车	99	0	1	1	
506	99	1400	Ride2_8							0	0	0	1	0		坐骑：旋转木马	99	0	1	1	
507	507	1000	FightSkillWuDang2_8				g01_wd_腾云驾雾buff01		脚下光圈点	0	0	0	1	0		仙风道骨：短时间内大幅度增加内功防御	-1	0	1	1	
508	13	1000	FightSkillXinXiu2_8		Skills\Xx\Xx_吸星噬月_昏.wav		g01_xx_吸星噬月_zdo		身体中心点	0	1	1	0	0		含笑半步癫：间歇受到封穴效果	-1	0	1	1	
509	509	1000	FightSkillDaLi1_12				g01_dl_新商阳剑buff		身体中心点	0	0	1	0	0		商阳剑：持续受到伤害。移动可以解除。	-1	0	1	1	
510	510	1000	FightSkillMingJiao1_8				g01_mj_烽火连城_xinzd		身体受击点	0	0	1	0	1	左武器绑定点	烽火连城：眩晕，移动不能，操作不能，可被攻击，无法被打醒	-1	0	1	1	
511	511	1000	FightSkillTianShan1_8		Skills\Common\ice_explode_1.wav		g01_ts_天地明灭_zdo		脚下光圈点	0	0	1	0	0		天地明灭：冰封，移动不能，操作不能，无敌状态，不可被攻击	-1	0	1	1	
512	122	1000	FightSkillXinXiu2_8		Skills\Xx\Xx_吸星噬月_昏.wav					0	1	1	0	0		含笑半步癫：封穴，移动不能，操作不能，可被攻击，无法被打醒	-1	0	1	1	
513	99	1400	RideHeader3_1							0	0	0	1	0		坐骑：白云	99	0	1	1	
514	99	1400	RideHeader3_2							0	0	0	1	0		坐骑：黑土	99	0	1	1	
515	515	8500	FightSkillDaLi2_3				g01_dl_天龙80级技能_buff蓝		身体受击点	0	1	1	0	0		冰劲：冰属性以外的其他三种抗性下降	-1	0	1	1	
516	515	8500	FightSkillDaLi2_2				g01_dl_天龙80级技能_buff红		身体受击点	0	1	1	0	0		火劲：火属性以外的其他三种抗性下降	-1	0	1	1	
517	515	8500	FightSkillDaLi2_5				g01_dl_天龙80级技能_buff黄		身体受击点	0	1	1	0	0		玄劲：玄属性以外的其他三种抗性下降	-1	0	1	1	
518	515	8500	FightSkillDaLi2_4				g01_dl_天龙80级技能_buff绿		身体受击点	0	1	1	0	0		毒劲：毒属性以外的其他三种抗性下降	-1	0	1	1	
519	519	8500	FightSkillShaoLin2_8				g01_慈航普度_buff01		身体中心点	0	0	0	1	0		慈航普度：处于少林弟子的保护下。受到的伤害降低，同时少林为你分担一半伤害。BUFF消失时，将会给周围6个目标定身效果。	-1	0	1	1	
520	520	1000	FightSkillShaoLin2_8		Skills\Xx\Xx_玄冥神掌.wav		g01_慈航普度_buff爆炸01		身体中心点	0	0	0	0	0		慈航普度爆发：将会给周围的最多6个目标定身6秒的效果。	-1	0	1	1	
521	521	1000	CircularTaskTool12_16				buff_福香包		身体受击点	1	0	0	1	0		技嘉专属：激活技嘉VIP特权卡的专属光环，增加所有属性20点	-1	0	1	1	
523	523	1000	Buff10_15							0	0	0	1	0		清爽心情：增加力量26点	-1	0	1	1	
524	524	1000	Buff10_15							0	0	0	1	0		清爽心情：增加灵气26点	-1	0	1	1	
525	525	1000	Buff10_15							0	0	0	1	0		清爽心情：增加体力26点	-1	0	1	1	
526	526	1000	Buff10_15							0	0	0	1	0		清爽心情：增加定力26点	-1	0	1	1	
527	527	1000	Buff10_15							0	0	0	1	0		清爽心情：增加力量、体力各26点	-1	0	1	1	
528	528	1000	Buff10_15							0	0	0	1	0		清爽心情：增加灵气、体力各26点	-1	0	1	1	
529	529	1000	Buff10_15							0	0	0	1	0		清爽心情：增加力量、灵气、定力、体力各26点	-1	0	1	1	
530	530	1000	Buff10_16							0	0	0	1	0		清凉醉意：将400点命中转化为1000点闪避	-1	0	1	1	
531	531	1000	Buff11_1							0	0	0	1	0		神清气爽：人物基础外功攻击和基础内功攻击+15%	-1	0	1	1	
532	532	9100	Buff1_16				boss_卢俊义_buff_2022天罡皇气		身体受击点	0	0	0	1	0		天罡皇气：皇道之气，大幅度减少伤害。	-1	0	1	1	
533	533	9100	Buff2_11				boss_卢俊义_buff_2022天罡霸气		身体中心点	0	0	0	1	0		天罡霸气：霸道之气，强力的反射攻击。	-1	0	1	1	
534	534	9100	Buff0_10				boss_卢俊义_天人五衰		身体受击点	0	0	0	1	0		天人五衰：衰败之气，受到伤害大幅提升。	-1	0	1	1	
535	534	1000	Buff11_2				boss_卢俊义_天人五衰		身体受击点	0	0	0	1	0		杀气瘟疫:受到伤害提升20%。范围5米内的队友以及珍兽会受到每2秒2%的伤害，并且染上杀气瘟疫。	-1	0	1	1	
536	534	1000	Buff11_2				boss_卢俊义_天罡霸气		身体受击点	0	0	0	1	0		杀气爆发：攻击力大幅度提升。	-1	0	1	1	
537	534	1000	Buff0_10				boss_卢俊义_天人五衰		身体受击点	0	0	0	1	0		天煞孤星：命犯煞星，生命力不停的在流失。	-1	0	1	1	
538	534	1000	FightSkillShaoLin1_4				g01_buff10		脚下光圈点	0	0	0	1	0		速度提升	-1	0	1	1	
539	534	1000	FightSkillShaoLin2_4				g01_buff7		身体受击点	0	0	0	1	0		生门：灭世刀阵之命门。不会受到灭世刀阵的伤害。	-1	0	1	1	
540	534	1000	Buff0_15		Skills\Sl\Sl_金刚伏魔圈_定身.wav		g01_buff27		脚下光圈点	0	0	0	1	0		定身符：每2秒受到一次定身效果。	-1	0	1	1	
541	534	1000	Buff0_9	all_bj0000		身体受击点	buff_fengxue_01		身体受击点	0	0	0	1	0		封穴符：每2秒受到一次封穴效果。	-1	0	1	1	
542	534	1000	Buff0_11				buff_hunmi_01		头顶状态点	0	0	0	1	0		昏睡符：每4秒受到一次睡眠效果。	-1	0	1	1	
543	534	1000	Buff2_11				boss_卢俊义_天罡霸气		身体受击点	0	0	0	1	0		攻击强化	-1	0	1	1	
544	680	7500	PetSkill9_7							0	0	0	6	0		免疫毒属性攻击	-1	0	1	1	
545	680	7500	PetSkill9_7							0	0	0	6	0		免疫玄属性攻击	-1	0	1	1	
546	680	1000	PetSkill9_7							0	0	0	6	0		毒抗性虚弱	-1	0	1	1	
547	680	1000	PetSkill9_7							0	0	0	6	0		火抗性虚弱	-1	0	1	1	
548	680	1000	PetSkill9_7							0	0	0	6	0		冰抗性虚弱	-1	0	1	1	
549	680	1000	PetSkill9_7							0	0	0	6	0		玄抗性虚弱	-1	0	1	1	
550	680	7500	PetSkill9_7							0	0	0	6	0		免疫冰属性攻击	-1	0	1	1	
551	680	7500	PetSkill9_7							0	0	0	6	0		免疫火属性攻击	-1	0	1	1	
552	680	1000	FightSkillXiaoYao_15							0	0	0	6	0		人亡阵：受到伤害提高	-1	0	1	1	
553	680	7500	FightSkillTianShan1_8		Skills\Common\ice_explode_1.wav		g01_ts_天地明灭_zdo		脚下光圈点	0	0	0	6	0		冰封	-1	0	1	1	
554	680	8000	Buff11_2				boss_卢俊义_天罡霸气		身体受击点	0	0	0	6	0		狂暴	-1	0	1	1	
555	555	8000	FightSkillShaoLin2_4				g01_buff7		身体受击点	0	0	0	1	0		杀星护体：伤害全减免	-1	0	1	1	
556	556	7500	FightSkillShaoLin2_4				g01_buff7		身体受击点	0	0	0	1	0		孤芳自赏：将自己与世隔绝。免疫内外攻伤害，免疫属性伤害。	-1	0	1	1	
557	557	8000	Buff0_10				g01_ts_天地明灭_zdo		脚下光圈点	0	0	0	1	0		孤立无援：枯荣大师的协助，封印住天孤星的动作和护体气劲。	-1	0	1	1	
558	558	1000	Buff11_2				buff_瘦削青年侠客黄		身体受击点	0	0	0	1	0		黄色妖星：吴用伏兵之黄色妖星。	-1	0	1	1	
559	559	1000	Buff11_2				buff_瘦削青年侠客红		身体受击点	0	0	0	1	0		红色妖星：吴用伏兵之红色妖星。	-1	0	1	1	
560	560	1000	Buff11_2				buff_瘦削青年侠客紫		身体受击点	0	0	0	1	0		紫色妖星：吴用伏兵之紫色妖星。	-1	0	1	1	
561	561	1000	PetSkill8_2							0	0	0	1	0		破冰：冰抗降低	-1	0	1	1	
562	562	1000	PetSkill8_5							0	0	0	1	0		破毒：毒抗降低	-1	0	1	1	
563	563	1000	PetSkill7_6							0	0	0	1	0		破火：火抗降低	-1	0	1	1	
564	564	1000	PetSkill7_3							0	0	0	1	0		破玄：玄抗降低	-1	0	1	1	
565	565	1000	FightSkillShaoLin1_13				buff_boss聚气特效		身体受击点	0	0	0	1	0		天罡护体：无敌，聚气中	-1	0	1	1	
566	566	1400	RideHeader3_5							0	0	0	1	0		坐骑：琉璃凤	99	0	1	1	
567	567	1400	RideHeader3_8							0	0	0	1	0		坐骑：银月狼	99	0	1	1	
568	568	1400	RideHeader3_12							0	0	0	1	0		坐骑：烈焰狮	99	0	1	1	
569	569	1400	RideHeader3_7							0	0	0	1	0		坐骑：如意虎	99	0	1	1	
570	570	1400	RideHeader3_10							0	0	0	1	0		坐骑：龙血马	99	0	1	1	
571	571	1400	RideHeader3_4							0	0	0	1	0		坐骑：鹜影雕	99	0	1	1	
572	572	1400	RideHeader3_6							0	0	0	1	0		坐骑：瑞莲鹤	99	0	1	1	
573	573	1400	RideHeader3_9							0	0	0	1	0		坐骑：七彩鹿	99	0	1	1	
574	574	1400	RideHeader3_11							0	0	0	1	0		坐骑：青牦牛	99	0	1	1	
575	575	1000	RideHeader3_13							0	0	0	1	0		翅膀：幻羽	99	0	1	1	
576	576	1400	RideHeader3_14							0	0	0	1	0		坐骑：闪电貂	99	0	1	1	
577	577	1400	RideHeader3_15							0	0	0	1	0		坐骑：蝶羽	99	0	1	1	
581	581	8500	FightSkillMingJiao1_9				m01_mj_怒火连斩_持续		身体中心点	0	0	0	1	0		怒火连斩：攻击中会提高自身的移动速度，并在接下来的攻击中伤害递增	-1	0	1	1	
582	582	8500	FightSkillXiaoYao1_9				g01_xy_步步生花_持续01		身体中心点	0	0	0	1	0		步步生花：每隔一段时间自动在脚下释放一个伤害陷阱	-1	0	1	1	
583	583	1000	FightSkillTianShan1_9				m01_ts_冰凝霜华_持续		脚下光圈点	0	0	0	1	0		冷冻：移动不能，操作不能，可被攻击，可被打醒	-1	0	1	1	
584	584	8500	FightSkillXinXiu2_9				g01_xx_尸爆_持续buff		身体中心点	0	0	0	1	0		一日丧命散：20秒内目标死亡则对周围目标造成毒性伤害和失明状态，没有死亡则对周围目标造成失明状态	-1	0	1	1	
585	585	8500	FightSkillGaiBang_10				g01_gb_剑刃乱舞_持续		身体中心点	0	0	0	1	0		横扫乾坤：免疫控制技能，自身不能使用技能，持续对周围多个敌方目标造成伤害	-1	0	1	1	
586	586	1000	FightSkillMingJiao_4							0	0	0	1	0		怒火中烧：移动速度提高	-1	0	1	1	
587	587	1000	Buff0_14				npc_buff_07		头顶状态点	0	1	1	0	0		恐惧：随机移动，操作不能，可被攻击，无法被打醒	-1	0	1	1	
588	588	1000	Buff5_2							0	0	0	1	0		感恩节的祝福：增加力量26点	-1	0	1	1	
589	589	1000	Buff5_2							0	0	0	1	0		感恩节的祝福：增加灵气26点	-1	0	1	1	
590	590	1000	Buff5_2							0	0	0	1	0		感恩节的祝福：增加体力26点	-1	0	1	1	
591	591	1000	Buff5_2							0	0	0	1	0		感恩节的祝福：增加定力26点	-1	0	1	1	
592	592	1000	Buff5_2							0	0	0	1	0		感恩节的祝福：增加力量、体力各26点	-1	0	1	1	
593	593	1000	Buff5_2							0	0	0	1	0		感恩节的祝福：增加灵气、体力各26点	-1	0	1	1	
594	594	1000	Buff5_2							0	0	0	1	0		感恩节的祝福：增加力量、灵气、定力、体力各26点	-1	0	1	1	
595	595	1000	Buff5_2							0	0	0	1	0		神秘的玉米：人物基础外功攻击和基础内功攻击+15%	-1	0	1	1	
596	596	1000	Buff5_2							0	0	0	1	0		超级玉米爆发：增加20%额外经验奖励	-1	0	1	1	
597	597	1000	Buff5_2							0	0	0	1	0		我爱天龙：人物各项属性点提高	-1	0	1	1	
600	600	1000	Buff3_4							0	0	0	1	0		援助：冰抗增加	-1	0	1	1	
601	601	1000	OtherTools2_15	g01_em_buff1111	interface\sound_shengji.wav	脚下光圈点	新蓝光环		身体中心点	0	0	0	1	0		新蓝光环：增加所有属性	-1	0	1	1	
602	602	1000	Buff5_4	g01_em_buff1111	interface\sound_shengji.wav	脚下光圈点	新红光环		身体中心点	0	0	0	1	0		师徒情深：增加力量和灵气	-1	0	1	1	
603	603	1000	Function_3	g01_em_buff1111	interface\sound_shengji.wav	脚下光圈点	新黄光环		身体中心点	0	0	0	1	0		团圆欢庆：增加所有属性	-1	0	1	1	
604	604	1000	fuqiskill_5	g01_em_buff1111	interface\sound_shengji.wav	脚下光圈点	情比金坚		身体中心点	0	0	0	1	0		情比金坚：增加所有属性	-1	0	1	1	
605	605	1000	Buff5_16	g01_em_buff1111	interface\sound_shengji.wav	脚下光圈点	buffer_科举		身体中心点	0	0	0	1	0		金榜题名：增加会心攻击和会心防御	-1	0	1	1	
606	606	1000	Buff6_1							0	0	0	1	0		武林盟主：无法打开嵩山封禅台的宝箱	-1	0	1	1	
607	607	1000	Buff6_6							0	0	0	1	0		灭：增加外功攻击	-1	0	1	1	
608	607	1000	Buff6_5							0	0	0	1	0		震：增加内功攻击	-1	0	1	1	
609	607	1000	Buff6_4							0	0	0	1	0		迅：增加移动速度	-1	0	1	1	
610	607	1000	Buff6_3							0	0	0	1	0		滑：增加身法	-1	0	1	1	
611	116	1000	Buff6_2							0	0	0	1	0		生：死后能够复活，复活时血气全满	-1	0	1	1	
612	612	8600	CommonNPCHeader7_12							0	0	0	0	0		于九莲的保护：无法移动和释放技能，也不会受到伤害	-1	0	1	1	
613	613	1000	Buff3_15							0	0	0	0	0		心无旁骛，周围的宁静与喧嚣都浑然不觉	-1	0	1	1	
614	36	9000	FightSkillXiaoYao_15							0	1	1	0	0		虚弱：所受伤害放大	-1	0	1	1	
615	615	1000	Buff6_12				活动BUFF_A01		身体中心点	1	0	0	1	0		天龙贺岁：增加内功攻击和外功攻击#r可以到大理龚彩云（170，123）领取	-1	0	1	1	
616	616	1000	Buff6_11				活动BUFF_B01		身体中心点	1	0	0	1	0		真情回馈：大幅增加内功攻击和外功攻击	-1	0	1	1	
617	617	1000	PetSkill4_1				cw_shengyou		头顶状态点	0	0	0	1	0		龟壳：不会受到伤害同时无法移动或攻击	-1	0	1	1	
618	618	1000	PetSkill3_3				cw_rouqiang		头顶状态点	0	0	1	0	0		修罗咒：大幅降低内外攻防御	-1	0	1	1	
619	619	1000	Food_8				g01_buff_圣诞礼盒01		脚下光圈点	0	0	0	1	0		新春快乐：体力、力量、灵气、定力、身法各增加20点#r#Y吃天之饺子成天之骄子#r苏州#G左桐#Y处可以领取#r新天龙八部祝您春节愉快!	-1	0	1	1	
620	620	1000	Food_8				g01_buff_圣诞礼盒02		脚下光圈点	0	0	0	1	0		新春快乐：体力、力量、灵气、定力、身法各增加20点#r#Y吃天之饺子成天之骄子#r苏州#G左桐#Y处可以领取#r新天龙八部祝您春节愉快!	-1	0	1	1	
621	621	1000	Food_8				g01_buff_圣诞礼盒03		脚下光圈点	0	0	0	1	0		新春快乐：体力、力量、灵气、定力、身法各增加20点#r#Y吃天之饺子成天之骄子#r苏州#G左桐#Y处可以领取#r新天龙八部祝您春节愉快!	-1	0	1	1	
622	622	1000	Food_8				g01_buff_圣诞礼盒04		脚下光圈点	0	0	0	1	0		新春快乐：体力、力量、灵气、定力、身法各增加20点#r#Y吃天之饺子成天之骄子#r苏州#G左桐#Y处可以领取#r新天龙八部祝您春节愉快!	-1	0	1	1	
623	623	1000	PetSkill4_1				g01_xx_jq_神木行_1		身体中心点	0	0	0	1	0		犯兽·困：10秒后爆炸，对周围6个目标造成围困效果	-1	0	1	1	
624	624	1000	Buff5_1		Skills\Xy\Xy_画地为牢_击中.wav		g01_xy_sf_zdo_画地为牢		脚下光圈点	0	1	1	0	0		犯兽：围困，移动不能，操作不能，不可被攻击	-1	0	1	1	
625	625	1000	PetSkill4_1				g01_xx_jq_神木行_1		身体中心点	0	0	0	1	0		犯兽·迟：10秒后爆炸，对周围6个目标造成减速效果	-1	0	1	1	
626	626	1450	PetSkill4_1				g01_xx_jq_神木行_1		身体中心点	0	0	0	1	0		犯兽·变：10秒后爆炸，对周围6个目标造成变身效果	-1	0	1	1	
627	627	1000	Buff1_1	g01_yanggetianjun		身体受击点	g01_buff100		脚下光圈点	0	1	1	0	0		犯兽：移动速度减慢	-1	0	1	1	
628	628	1000	Buff6_12	g01_em_buff1111	interface\sound_shengji.wav	脚下光圈点	新蓝光环		身体中心点	1	0	0	1	0		畅玩天龙：增加内功攻击和外功攻击#r可以到大理龚彩云（170，123）领取	-1	0	1	1	
629	629	1000	Charm4_14				g01_buff圣火使者		身体中心点	0	0	1	0	0		龟兔赛跑：只有传递火源的使者才有资格点燃孔明灯	-1	0	1	1	
632	632	1450	PetHeader1_14							0	0	1	0	0		变身·乌龟：变身成乌龟（不可手动解除）	-1	0	1	1	
633	633	1450	PetHeader1_25							0	0	1	0	0		变身·兔子：变身成兔子（不可手动解除）	-1	0	1	1	
634	634	1000	Buff7_2				g01_buff滑倒		脚下光圈点	0	0	1	0	0		滑倒：被西瓜皮滑倒，移动速度减慢50%	-1	0	1	1	
635	635	1000	Buff7_1				g01_buff滑行		脚下光圈点	0	0	1	0	0		滑行：踩着西瓜皮滑行，移动速度增加50%	-1	0	1	1	
636	636	1000	Buff6_16				g01_buff定身		脚下光圈点	0	0	1	0	0		定身：被捕兽夹夹住，无法行动	-1	0	1	1	
637	637	1000	Buff6_14				g01_buff恐惧		身体中心点	0	0	1	0	0		恐惧：被玩具蜈蚣吓到惊慌失措	-1	0	1	1	
638	638	1000	Buff6_15				g01_buff昏睡		身体中心点	0	0	1	0	0		昏睡：被瞌睡虫骚扰，呼呼大睡	-1	0	1	1	
639	639	1000	Buff6_13				g01_buff麻痹		身体中心点	0	0	1	0	0		麻痹：被马蜂蛰到麻痹，无法动弹	-1	0	1	1	
640	640	1000	Huodong_2_1							0	0	0	0	0		圣火使者	-1	0	1	1	
641	641	1000	TaskTools3_7							0	0	0	0	0		护送圣火：护送圣火时会处于运输状态	-1	0	1	1	
642	641	1000	TaskTools3_8							0	0	0	0	0		增加：15%内功防御	-1	0	1	1	
643	463	8200	Amulet3_5				buff_重楼逆天		身体中心点	1	0	0	0	0		真·重楼玉：攻击时有3%几率震慑敌人的魂魄，使之麻痹，持续20秒，麻痹不可解	-1	0	1	1	
644	99	1400	RideHeader3_3							0	0	0	1	0		坐骑：巨猿	99	0	1	1	
645	645	9999	RideHeader2_7				taiwan_GM		头顶状态点	1	0	0	1	0		GM专用BUFF：加速，隐身，无敌	-1	0	1	1	
646	646	2000	Shenqi_3							1	0	0	0	0		熔金落日：命中敌人时有机率打出奋力一击，额外造成伤害并在一段时间内增加自身外功攻击，减少对方外功防御	-1	0	1	1	
647	646	2000	Shenqi_2							1	0	0	0	0		秋水无痕：命中敌人时有机率打出蓄力一击，额外造成伤害并在一段时间内增加自身内功攻击，减少对方内功防御	-1	0	1	1	
648	646	2000	Shenqi_5							1	0	0	0	0		碧海银涛：命中敌人时有机率打出绝妙一击，额外造成伤害并在一段时间内增加自身会心攻击，减少对方会心防御	-1	0	1	1	
649	646	2000	Shenqi_4							1	0	0	0	0		万壑松风：命中敌人时有机率打出精妙一击，额外造成伤害并在一段时间内增加自身命中，减少对方闪避	-1	0	1	1	
650	650	2000	Buff2_12				wq_鬼头刀触发		右武器绑定点	0	0	0	1	0		奋力：增加外功攻击	-1	0	1	1	
651	651	2000	Buff2_13				wq_神器武器触发		右武器绑定点	0	0	0	1	0		蓄力：增加内功攻击	-1	0	1	1	
652	652	2000	Buff2_10				wq_神器武器触发		右武器绑定点	0	0	0	1	0		绝妙：增加会心攻击	-1	0	1	1	
653	653	2000	Buff2_8				wq_折扇触发		右武器绑定点	0	0	0	1	0		精妙：增加命中	-1	0	1	1	
654	654	2000	Buff2_10				wq_神器武器触发		左武器绑定点	0	0	0	1	0		绝妙：增加会心攻击	-1	0	1	1	
655	655	1000	CommonLiveSkill2_4				g01_buff普通挂机		脚下光圈点	0	0	0	1	0		古墓行功心法	-1	0	1	1	
656	655	1000	CommonLiveSkill2_5				g01_buf人民币挂机		脚下光圈点	0	0	0	1	0		全真行功心法	-1	0	1	1	
658	658	1450	Charm4_16							0	0	0	0	0		愚人变身：无法手动取消	-1	0	1	1	
659	659	1450	Charm4_16							0	0	0	0	0		教师节变身：无法手动取消	-1	0	1	1	
660	660	1000	PetSkill8_16	cw_jieli		头顶状态点				0	0	0	0	0		超级借力：增强主人的力量	-1	0	1	1	
661	661	1000	PetSkill8_7	cw_yihun		头顶状态点				0	0	0	0	0		超级移魂：增强主人的定力	-1	0	1	1	
662	662	1000	PetSkill8_14	cw_jiasu		头顶状态点				0	0	0	0	0		超级瞬影：增强主人的身法	-1	0	1	1	
663	663	1000	PetSkill8_11	cw_qiangshen		头顶状态点				0	0	0	0	0		超级强身：增强主人的体力	-1	0	1	1	
664	664	1000	PetSkill8_4	cw_ningshen		头顶状态点				0	0	0	0	0		超级凝神：增强主人的灵气	-1	0	1	1	
665	665	1000	PetSkill8_2							0	0	0	0	0		冰罡：增加冰抗50点同时增加所有属性	-1	0	1	1	
666	666	1000	PetSkill9_4							0	0	0	0	0		火罡：增加火抗50点同时增加所有属性	-1	0	1	1	
667	667	1000	PetSkill8_5							0	0	0	0	0		毒罡：增加毒抗50点同时增加所有属性	-1	0	1	1	
668	668	1000	PetSkill9_1							0	0	0	0	0		玄罡：增加玄抗50点同时增加所有属性	-1	0	1	1	
669	669	1000	PetSkill8_1							0	0	0	0	0		大智若愚：血上限增加，闪避和命中削弱	-1	0	1	1	
670	670	1000	PetSkill9_3							0	0	0	0	0		古灵精怪：命中和闪避增加，防御削弱	-1	0	1	1	
671	671	1000	PetSkill8_12							0	0	0	0	0		粗中有细：防御增加，会心削弱	-1	0	1	1	
672	672	1000	PetSkill9_2							0	0	0	0	0		拼死相搏：会心增加，血上限削弱	-1	0	1	1	
673	673	1000	PetSkill9_6							0	0	0	0	0		神游四海：内攻增加，外攻削弱	-1	0	1	1	
674	674	1000	PetSkill9_9							0	0	0	0	0		力拔山河：外攻增加，内攻削弱	-1	0	1	1	
675	675	1000	PetSkill8_3							0	0	0	1	0		超级痛击：增加命中	-1	0	1	1	
676	676	1000	PetSkill8_6							0	0	0	2	0		超级猛击：增加命中	-1	0	1	1	
677	677	1000	PetSkill9_10							0	0	0	3	0		极冰咒：增加冰攻击	-1	0	1	1	
678	678	1000	PetSkill9_8							0	0	0	4	0		冥火咒：增加火攻击	-1	0	1	1	
679	679	1000	PetSkill9_5							0	0	0	5	0		天雷咒：增加玄攻击	-1	0	1	1	
680	680	1000	PetSkill9_7							0	0	0	6	0		嗜毒咒：增加毒攻击	-1	0	1	1	
681	13	1000	Buff0_9				buff_fengxue_01		身体受击点	0	1	1	0	0		封穴：移动不能，操作不能，可被攻击，无法被打醒	-1	0	1	1	
682	23	1000	Buff1_1				g01_buff100		脚下光圈点	0	1	1	0	0		僵硬：移动速度减慢	-1	0	1	1	
683	619	1000	Treasure3_2				g01_buff_圣诞礼盒01		脚下光圈点	0	0	0	1	0		粽飘香：刚吃了美味的粽子，感觉浑身有力气，增加5点所有属性	-1	0	1	1	
684	700	1000	Huodong_3_1				buff_和谐光环01		身体中心点	1	0	0	0	0		端午节快乐：增加所有属性12点	-1	0	1	1	
685	700	1000	Huodong_3_1				buff_和谐光环01		身体中心点	1	0	0	0	0		端午节快乐：增加所有属性15点	-1	0	1	1	
686	700	1000	Huodong_3_1				buff_和谐光环01		身体中心点	1	0	0	0	0		端午节快乐：增加所有属性18点	-1	0	1	1	
687	700	1000	Huodong_3_1				buff_和谐光环01		身体中心点	1	0	0	0	0		端午节快乐：增加所有属性21点	-1	0	1	1	
688	700	1000	Huodong_3_1				buff_和谐光环01		身体中心点	1	0	0	0	0		端午节快乐：增加所有属性24点	-1	0	1	1	
689	700	1000	Huodong_3_1				buff_和谐光环01		身体中心点	1	0	0	0	0		端午节快乐：增加所有属性27点	-1	0	1	1	
690	700	1000	Huodong_3_1				buff_和谐光环01		身体中心点	1	0	0	0	0		端午节快乐：增加所有属性30点	-1	0	1	1	
691	700	1000	Huodong_3_1				buff_和谐光环01		身体中心点	1	0	0	0	0		端午节快乐：增加所有属性33点	-1	0	1	1	
692	700	1000	Huodong_3_1				buff_和谐光环01		身体中心点	1	0	0	0	0		端午节快乐：增加所有属性36点	-1	0	1	1	
693	700	1000	Huodong_3_1				buff_和谐光环01		身体中心点	1	0	0	0	0		端午节快乐：增加所有属性39点	-1	0	1	1	
694	700	1000	Huodong_3_1				buff_和谐光环01		身体中心点	1	0	0	0	0		端午节快乐：增加所有属性9点	-1	0	1	1	
695	700	7500	Buff10_11							1	0	0	0	0		桃花阵Ⅰ：围困，不能移动，不能使用物品和技能，免疫伤害	-1	0	1	1	
696	700	7500	Buff10_12							1	0	0	0	0		桃花阵Ⅱ：围困，不能移动，不能使用物品和技能，免疫伤害	-1	0	1	1	
697	700	1000	Buff10_13							1	0	0	0	0		桃花劫：遭遇桃花劫，元气受损，1分钟之内不能再次开启桃花阵。	-1	0	1	1	
698	700	1000	Buff10_14				buff_缘分印证		身体中心点	1	0	0	0	0		缘分的印证：增加所有属性15点	-1	0	1	1	
699	699	1000	RideHeader2_7				taiwan_GM		头顶状态点	1	0	0	1	0		GM专用BUFF：加速，无敌	-1	0	1	1	
700	700	1000	TaskTools4_12							1	0	0	0	0		招牌：霓虹灯	-1	0	1	1	
701	700	1000	TaskTools4_12							1	0	0	0	0		招牌：刀剑争锋	-1	0	1	1	
702	700	1000	TaskTools4_12							1	0	0	0	0		招牌：铁甲铜壁	-1	0	1	1	
703	700	1000	TaskTools4_12							1	0	0	0	0		招牌：珍禽异兽	-1	0	1	1	
704	700	1000	TaskTools4_12							1	0	0	0	0		招牌：金字招牌	-1	0	1	1	
705	343	1000	Treasure_12							1	0	0	0	0		乾坤杯：自动捡取怪物掉落的物品	-1	0	1	1	
706	700	1000	Buff10_5				buff_和谐光环01		身体中心点	1	0	0	0	0		和谐光环：增加所有属性6点	-1	0	1	1	
707	700	1000	Buff10_5				buff_和谐光环01		身体中心点	1	0	0	0	0		和谐光环：增加所有属性9点	-1	0	1	1	
708	700	1000	Buff10_5				buff_和谐光环01		身体中心点	1	0	0	0	0		和谐光环：增加所有属性12点	-1	0	1	1	
709	700	1000	Buff10_5				buff_和谐光环01		身体中心点	1	0	0	0	0		和谐光环：增加所有属性15点	-1	0	1	1	
710	700	1000	Buff10_5				buff_和谐光环01		身体中心点	1	0	0	0	0		和谐光环：增加所有属性18点	-1	0	1	1	
711	700	1000	Buff10_5				buff_和谐光环01		身体中心点	1	0	0	0	0		和谐光环：增加所有属性21点	-1	0	1	1	
712	700	1000	Buff10_5				buff_和谐光环01		身体中心点	1	0	0	0	0		和谐光环：增加所有属性24点	-1	0	1	1	
713	700	1000	Buff10_5				buff_和谐光环01		身体中心点	1	0	0	0	0		和谐光环：增加所有属性27点	-1	0	1	1	
714	700	1000	Buff10_5				buff_和谐光环01		身体中心点	1	0	0	0	0		和谐光环：增加所有属性30点	-1	0	1	1	
715	700	1000	Buff10_5				buff_和谐光环01		身体中心点	1	0	0	0	0		和谐光环：增加所有属性33点	-1	0	1	1	
716	700	1000	Buff10_5				buff_和谐光环01		身体中心点	1	0	0	0	0		和谐光环：增加所有属性36点	-1	0	1	1	
717	700	1000	Buff10_5				buff_和谐光环01		身体中心点	1	0	0	0	0		和谐光环：增加所有属性39点	-1	0	1	1	
718	700	1000	Buff10_10				buff_劳动最快乐		身体中心点	1	0	0	0	0		劳动最快乐：增加所有属性6点	-1	0	1	1	
719	700	1000	Buff10_10				buff_劳动最快乐		身体中心点	1	0	0	0	0		劳动最快乐：增加所有属性9点	-1	0	1	1	
720	700	1000	Buff10_10				buff_劳动最快乐		身体中心点	1	0	0	0	0		劳动最快乐：增加所有属性12点	-1	0	1	1	
721	700	1000	Buff10_10				buff_劳动最快乐		身体中心点	1	0	0	0	0		劳动最快乐：增加所有属性15点	-1	0	1	1	
722	700	1000	Buff10_10				buff_劳动最快乐		身体中心点	1	0	0	0	0		劳动最快乐：增加所有属性18点	-1	0	1	1	
723	700	1000	Buff10_10				buff_劳动最快乐		身体中心点	1	0	0	0	0		劳动最快乐：增加所有属性21点	-1	0	1	1	
724	700	1000	Buff10_10				buff_劳动最快乐		身体中心点	1	0	0	0	0		劳动最快乐：增加所有属性24点	-1	0	1	1	
725	700	1000	Buff10_10				buff_劳动最快乐		身体中心点	1	0	0	0	0		劳动最快乐：增加所有属性27点	-1	0	1	1	
726	700	1000	Buff10_10				buff_劳动最快乐		身体中心点	1	0	0	0	0		劳动最快乐：增加所有属性30点	-1	0	1	1	
727	700	1000	Buff10_10				buff_劳动最快乐		身体中心点	1	0	0	0	0		劳动最快乐：增加所有属性33点	-1	0	1	1	
728	700	1000	Buff10_10				buff_劳动最快乐		身体中心点	1	0	0	0	0		劳动最快乐：增加所有属性36点	-1	0	1	1	
729	700	1000	Buff10_10				buff_劳动最快乐		身体中心点	1	0	0	0	0		劳动最快乐：增加所有属性39点	-1	0	1	1	
730	700	1000					桃花阵底盘		脚下光圈点	0	0	0	0	0			-1	0	1	1	
731	700	1000					桃花阵底盘绿		脚下光圈点	0	0	0	0	0			-1	0	1	1	
732	700	1000	Buff2_12							1	0	0	0	0		蓝色佛灯：基础内外功增加100%	-1	0	1	1	
733	700	7500	FightSkillShaoLin1_13							1	0	0	0	0		红色佛灯：免疫伤害	-1	0	1	1	
734	646	2000	Shenqi_4							1	0	0	0	0		命中敌人时有机率打出精妙一击，额外造成伤害并在一段时间内增加自身命中，减少对方闪避	-1	0	1	1	
735	811	2000	PetSkill6_8	npc_all_kongzhi_zdo		身体受击点				0	0	1	0	0		内外功防御降低2400	-1	0	1	1	
736	812	2000	PetSkill6_6	npc_all_kongzhi_zdo		身体受击点				0	0	1	0	0		内外功攻击降低2400	-1	0	1	1	
737	737	1000	Buff11_3				buff_老友的祝福持续		身体中心点	0	0	0	1	0		老友的祝福，所有属性增加10点，持续30分钟	-1	0	1	1	
738	737	1000	Buff11_3				buff_老友的祝福持续		身体中心点	0	0	0	1	0		老友的祝福，所有属性增加16点，持续30分钟	-1	0	1	1	
739	737	1000	Buff11_3				buff_老友的祝福持续		身体中心点	0	0	0	1	0		老友的祝福，所有属性增加22点，持续30分钟	-1	0	1	1	
740	737	1000	Buff11_3				buff_老友的祝福持续		身体中心点	0	0	0	1	0		老友的祝福，所有属性增加28点，持续30分钟	-1	0	1	1	
741	737	1000	Buff11_3				buff_老友的祝福持续		身体中心点	0	0	0	1	0		老友的祝福，所有属性增加34点，持续30分钟	-1	0	1	1	
742	737	1000	Buff11_3				buff_老友的祝福持续		身体中心点	0	0	0	1	0		老友的祝福，所有属性增加40点，持续30分钟	-1	0	1	1	
743	743	1000	Buff11_4				buff_老友归来		身体中心点	1	0	0	0	0		老友归来：在打怪时能够获得额外20%经验。BUFF持续7天。	-1	0	1	1	
744	744	1000	Buff11_11				buff_欢乐米浆		身体中心点	1	0	0	0	0		欢乐米浆。人物所有属性+8，持续15分钟。当你带有这种光环的时候，别的玩家可以在你的帮助下使用团圆糯米来磨制年糕。	-1	0	1	1	
745	745	1000	Buff11_13				buff_进宝米浆		身体中心点	1	0	0	0	0		进宝米浆。人物体力+15，持续15分钟。当你带有这种光环的时候，别的玩家可以在你的帮助下使用招财糯米来磨制年糕。	-1	0	1	1	
746	746	1000	Buff11_12				buff_幸福米浆		身体中心点	1	0	0	0	0		幸福米浆。人物身法+15，持续15分钟。当你带有这种光环的时候，别的玩家可以在你的帮助下使用甜美糯米来磨制年糕。	-1	0	1	1	
747	699	1000	RideHeader2_7							1	0	0	1	0		线上志愿者	-1	0	1	1	
748	748	1000	Charm7_2							0	0	0	1	0		"参与金玉满堂活动得到的奖励,所有属性增加10点。"	-1	0	1	1	
749	749	1000	Huodong_3_6				buff_七夕_01		身体中心点	0	0	0	1	0		玫瑰祝福：所有属性+10。持续30分钟。	-1	0	1	1	
750	749	1000	Huodong_3_6				buff_七夕_01		身体中心点	0	0	0	1	0		玫瑰祝福：所有属性+16。持续30分钟。	-1	0	1	1	
751	749	1000	Huodong_3_6				buff_七夕_01		身体中心点	0	0	0	1	0		玫瑰祝福：所有属性+22。持续30分钟。	-1	0	1	1	
752	749	1000	Huodong_3_6				buff_七夕_01		身体中心点	0	0	0	1	0		玫瑰祝福：所有属性+28。持续30分钟。	-1	0	1	1	
753	749	1000	Huodong_3_6				buff_七夕_01		身体中心点	0	0	0	1	0		玫瑰祝福：所有属性+34。持续30分钟。	-1	0	1	1	
754	749	1000	Huodong_3_6				buff_七夕_01		身体中心点	0	0	0	1	0		玫瑰祝福：所有属性+40。持续30分钟。	-1	0	1	1	
755	755	1000	Buff11_5				buff_和谐光环01		身体中心点	1	0	0	1	0		蹴鞠光环：造成的所有伤害提高10%	-1	0	1	1	
756	756	2000	Shenqi_13							1	0	0	0	0		大夏龙雀：有一定几率吸取目标的血	-1	0	1	1	
757	757	2000	Shenqi_13							1	0	0	0	0		大夏龙雀：有一定几率降低目标的移动速度	-1	0	1	1	
758	758	2000	Shenqi_13							1	0	0	0	0		大夏龙雀：有一定几率降低目标的内外功防御	-1	0	1	1	
759	759	2000	Shenqi_12							1	0	0	0	0		大商尘影：有一定几率吸取目标的血	-1	0	1	1	
760	760	2000	Shenqi_12							1	0	0	0	0		大商尘影：有一定几率吸取目标的气	-1	0	1	1	
761	761	2000	Shenqi_12							1	0	0	0	0		大商尘影：有一定几率降低目标的内外功防御	-1	0	1	1	
762	762	2000	Shenqi_6							1	0	0	0	0		大周岚夜：有一定几率吸取目标的血	-1	0	1	1	
763	763	2000	Shenqi_6							1	0	0	0	0		大周岚夜：有一定几率降低目标的内外功攻击	-1	0	1	1	
764	764	2000	Shenqi_6							1	0	0	0	0		大周岚夜：有一定几率降低目标的内外功防御	-1	0	1	1	
765	765	2000	Shenqi_9							1	0	0	0	0		大秦锋镝：有一定几率吸取目标的血	-1	0	1	1	
766	766	2000	Shenqi_9							1	0	0	0	0		大秦锋镝：有一定几率降低目标的移动速度	-1	0	1	1	
767	767	2000	Shenqi_9							1	0	0	0	0		大秦锋镝：有一定几率降低目标的内外功攻击	-1	0	1	1	
768	768	2000	Shenqi_10							1	0	0	0	0		大汉弘纲：有一定几率吸取目标的血	-1	0	1	1	
769	769	2000	Shenqi_10							1	0	0	0	0		大汉弘纲：有一定几率吸取目标的气	-1	0	1	1	
770	770	2000	Shenqi_10							1	0	0	0	0		大汉弘纲：有一定几率降低目标的内外功攻击	-1	0	1	1	
771	771	2000	Shenqi_7							1	0	0	0	0		大晋星痕：有一定几率吸取目标的血	-1	0	1	1	
772	772	2000	Shenqi_7							1	0	0	0	0		大晋星痕：有一定几率减少目标的怒气	-1	0	1	1	
773	773	2000	Shenqi_7							1	0	0	0	0		大晋星痕：有一定几率降低目标的内外功攻击	-1	0	1	1	
774	775	2000	Shenqi_11							1	0	0	0	0		大隋凝霜：有一定几率降低目标的移动速度	-1	0	1	1	
775	774	2000	Shenqi_11							1	0	0	0	0		大隋凝霜：有一定几率吸取目标的血	-1	0	1	1	
776	776	2000	Shenqi_11							1	0	0	0	0		大隋凝霜：有一定几率降低目标的内外功攻击	-1	0	1	1	
777	777	2000	Shenqi_14							1	0	0	0	0		大唐昆岳：有一定几率吸取目标的血	-1	0	1	1	
778	778	2000	Shenqi_14							1	0	0	0	0		大唐昆岳：有一定几率降低目标的移动速度	-1	0	1	1	
779	779	2000	Shenqi_14							1	0	0	0	0		大唐昆岳：有一定几率降低目标的内外功攻击	-1	0	1	1	
780	780	2000	Shenqi_8							1	0	0	0	0		大宋君岑：有一定几率吸取目标的血	-1	0	1	1	
781	781	2000	Shenqi_8							1	0	0	0	0		大宋君岑：有一定几率吸取目标的气	-1	0	1	1	
782	782	2000	Shenqi_8							1	0	0	0	0		大宋君岑：有一定几率降低目标的内外功攻击	-1	0	1	1	
783	783	2000	Shenqi_13				wq_吸血触发01		右武器绑定点	0	0	0	1	0		大夏龙雀：吸取目标的血	-1	0	1	1	
784	784	2000	Shenqi_13				wq_摔绊触发01		右武器绑定点	0	0	0	1	0		大夏龙雀：已降低一个目标的移动速度40%	-1	0	1	1	
785	785	2000	Shenqi_13				wq_破绽触发01		右武器绑定点	0	0	0	1	0		大夏龙雀：已降低一个目标的内外功防御1923	-1	0	1	1	
786	786	2000	Shenqi_12				wq_吸血触发01		右武器绑定点	0	0	0	1	0		大商尘影：吸取目标的血	-1	0	1	1	
787	787	2000	Shenqi_12				wq_吸气触发01		右武器绑定点	0	0	0	1	0		大商尘影：吸取目标的气	-1	0	1	1	
788	788	2000	Shenqi_12				wq_破绽触发01		右武器绑定点	0	0	0	1	0		大商尘影：已降低一个目标的内外功防御1923	-1	0	1	1	
789	789	2000	Shenqi_6				wq_吸血触发01		右武器绑定点	0	0	0	1	0		大周岚夜：吸取目标的血	-1	0	1	1	
790	790	2000	Shenqi_6				wq_虚弱触发01		右武器绑定点	0	0	0	1	0		大周岚夜：已降低一个目标的内外功攻击1923	-1	0	1	1	
791	791	2000	Shenqi_6				wq_破绽触发01		右武器绑定点	0	0	0	1	0		大周岚夜：已降低一个目标的内外功防御1923	-1	0	1	1	
792	792	2000	Shenqi_9				wq_吸血触发01		右武器绑定点	0	0	0	1	0		大秦锋镝：吸取目标的血	-1	0	1	1	
793	793	2000	Shenqi_9				wq_摔绊触发01		右武器绑定点	0	0	0	1	0		大秦锋镝：已降低一个目标的移动速度40%	-1	0	1	1	
794	794	2000	Shenqi_9				wq_虚弱触发01		右武器绑定点	0	0	0	1	0		大秦锋镝：已降低一个目标的内外功攻击1923	-1	0	1	1	
795	795	2000	Shenqi_10				wq_吸血触发01		右武器绑定点	0	0	0	1	0		大汉弘纲：吸取目标的血	-1	0	1	1	
796	796	2000	Shenqi_10				wq_吸气触发01		右武器绑定点	0	0	0	1	0		大汉弘纲：吸取目标的气	-1	0	1	1	
797	797	2000	Shenqi_10				wq_虚弱触发01		右武器绑定点	0	0	0	1	0		大汉弘纲：已降低一个目标的内外功攻击1923	-1	0	1	1	
798	798	2000	Shenqi_7				wq_吸血触发01		右武器绑定点	0	0	0	1	0		大晋星痕：吸取目标的血	-1	0	1	1	
799	799	2000	Shenqi_7				wq_打怒触发01		右武器绑定点	0	0	0	1	0		大晋星痕：减少目标的怒气	-1	0	1	1	
800	800	2000	Shenqi_7				wq_虚弱触发01		右武器绑定点	0	0	0	1	0		大晋星痕：已降低一个目标的内外功攻击1923	-1	0	1	1	
801	801	2000	Shenqi_11				wq_摔绊触发01		右武器绑定点	0	0	0	1	0		大隋凝霜：已降低一个目标的移动速度40%	-1	0	1	1	
802	802	2000	Shenqi_11				wq_吸血触发01		右武器绑定点	0	0	0	1	0		大隋凝霜：吸取目标的血	-1	0	1	1	
803	803	2000	Shenqi_11				wq_虚弱触发01		右武器绑定点	0	0	0	1	0		大隋凝霜：已降低一个目标的内外功攻击1923	-1	0	1	1	
804	804	2000	Shenqi_14				wq_吸血触发01		右武器绑定点	0	0	0	1	0		大唐昆岳：吸取目标的血	-1	0	1	1	
805	805	2000	Shenqi_14				wq_摔绊触发01		右武器绑定点	0	0	0	1	0		大唐昆岳：已降低一个目标的移动速度40%	-1	0	1	1	
806	806	2000	Shenqi_14				wq_虚弱触发01		右武器绑定点	0	0	0	1	0		大唐昆岳：已降低一个目标的内外功攻击1923	-1	0	1	1	
807	807	2000	Shenqi_8				wq_吸血触发01		右武器绑定点	0	0	0	1	0		大宋君岑：吸取目标的血	-1	0	1	1	
808	808	2000	Shenqi_8				wq_吸气触发01		右武器绑定点	0	0	0	1	0		大宋君岑：吸取目标的气	-1	0	1	1	
809	809	2000	Shenqi_8				wq_虚弱触发01		右武器绑定点	0	0	0	1	0		大宋君岑：已降低一个目标的内外功攻击1923	-1	0	1	1	
810	810	2000	PetSkill6_15	npc_all_kongzhi_zdo		身体受击点				0	0	1	0	0		减速：移动速度降低40%	-1	0	1	1	
811	811	2000	PetSkill6_8	npc_all_kongzhi_zdo		身体受击点				0	0	1	0	0		破绽：内外功防御降低1923	-1	0	1	1	
812	812	2000	PetSkill6_6	npc_all_kongzhi_zdo		身体受击点				0	0	1	0	0		虚弱：内外功攻击降低1923	-1	0	1	1	
813	813	1500	Buff9_7							1	0	0	0	0		普渡：命中目标后有几率减少对方玄抗30点，可以将目标的抗性降低至负值	-1	0	1	1	
814	814	1500	Buff9_10							1	0	0	0	0		焚魂：命中目标后有几率减少对方火抗30点，可以将目标的抗性降低至负值	-1	0	1	1	
815	815	1500	Buff9_8							1	0	0	0	0		炎毒：命中目标后有几率减少对方毒抗和火抗各20点，可以将目标的抗性降低至负值	-1	0	1	1	
816	816	1500	Buff9_6							1	0	0	0	0		寒雷：命中目标后有几率减少对方玄抗和冰抗各20点，可以将目标的抗性降低至负值	-1	0	1	1	
817	817	1500	Buff9_13							1	0	0	0	0		骤霜：命中目标后有几率减少对方冰抗和玄抗各20点，可以将目标的抗性降低至负值	-1	0	1	1	
818	818	1500	Buff9_12							1	0	0	0	0		噬心：命中目标后有几率减少对方毒抗30点，可以将目标的抗性降低至负值	-1	0	1	1	
819	819	1500	Buff9_9							1	0	0	0	0		刺骨：命中目标后有几率减少对方冰抗30点，可以将目标的抗性降低至负值	-1	0	1	1	
820	820	1500	Buff9_5							1	0	0	0	0		碧火：命中目标后有几率减少对方火抗和毒抗各20点，可以将目标的抗性降低至负值	-1	0	1	1	
821	821	1500	Buff9_11							1	0	0	0	0		神光：命中目标后有几率减少对方所有抗性各15点，可以将目标的抗性降低至负值	-1	0	1	1	
822	822	1500	Buff9_7							0	0	1	0	0		普渡：降低玄抗30点	-1	0	1	1	
823	823	1500	Buff9_10							0	0	1	0	0		焚魂：降低火抗30点	-1	0	1	1	
824	824	1500	Buff9_8							0	0	1	0	0		炎毒：降低毒抗和火抗各20点	-1	0	1	1	
825	825	1500	Buff9_6							0	0	1	0	0		寒雷：降低玄抗和冰抗各20点	-1	0	1	1	
826	826	1500	Buff9_13							0	0	1	0	0		骤霜：降低冰抗和玄抗各20点	-1	0	1	1	
827	827	1500	Buff9_12							0	0	1	0	0		噬心：降低毒抗30点	-1	0	1	1	
828	828	1500	Buff9_9							0	0	1	0	0		刺骨：降低冰抗30点	-1	0	1	1	
829	829	1500	Buff9_5							0	0	1	0	0		碧火：降低火抗和毒抗各20点	-1	0	1	1	
830	830	1500	Buff9_11							0	0	1	0	0		神光：降低所有抗性各15点	-1	0	1	1	
831	831	1000	Ore2_3	kvk_zc_青龙战车_buff		脚下光圈点				0	0	1	0	0		战车发动攻击	-1	0	1	1	
832	832	1000	Ore2_3	kvk_zc_白虎战车_buff		脚下光圈点				0	0	1	0	0		战车发动攻击	-1	0	1	1	
833	833	1000	Ore2_3	kvk_zc_朱雀战车_buff		脚下光圈点				0	0	1	0	0		战车发动攻击	-1	0	1	1	
834	834	1000	Ore2_3	kvk_zc_玄武战车_buff		脚下光圈点				0	0	1	0	0		战车发动攻击	-1	0	1	1	
835	786	1000	Shenqi_12				wq_吸血触发01		右武器绑定点	0	0	0	1	0		吸取目标的血	-1	0	1	1	
836	787	1000	Shenqi_12				wq_吸气触发01		右武器绑定点	0	0	0	1	0		吸取目标的气	-1	0	1	1	
837	788	2000	Shenqi_12				wq_破绽触发01		右武器绑定点	0	0	0	1	0		已降低一个目标的内外功防御2400	-1	0	1	1	
838	790	2000	Shenqi_6				wq_虚弱触发01		右武器绑定点	0	0	0	1	0		已降低一个目标的内外功攻击2400	-1	0	1	1	
839	793	2000	Shenqi_9				wq_摔绊触发01		右武器绑定点	0	0	0	1	0		已降低一个目标的移动速度45%	-1	0	1	1	
840	799	2000	Shenqi_7				wq_打怒触发01		右武器绑定点	0	0	0	1	0		减少目标的怒气	-1	0	1	1	
841	756	2000	Shenqi_13							1	0	0	0	0		有一定几率吸取目标的血	-1	0	1	1	
842	757	2000	Shenqi_13							1	0	0	0	0		有一定几率降低目标的移动速度	-1	0	1	1	
843	758	2000	Shenqi_13							1	0	0	0	0		有一定几率降低目标的内外功防御	-1	0	1	1	
844	760	2000	Shenqi_12							1	0	0	0	0		有一定几率吸取目标的气	-1	0	1	1	
845	763	2000	Shenqi_6							1	0	0	0	0		有一定几率降低目标的内外功攻击	-1	0	1	1	
846	772	2000	Shenqi_7							1	0	0	0	0		有一定几率减少目标的怒气	-1	0	1	1	
847	646	2000	Shenqi_3							1	0	0	0	0		命中敌人时有机率打出奋力一击，额外造成伤害并在一段时间内增加自身外功攻击，减少对方外功防御	-1	0	1	1	
848	646	2000	Shenqi_2							1	0	0	0	0		命中敌人时有机率打出蓄力一击，额外造成伤害并在一段时间内增加自身内功攻击，减少对方内功防御	-1	0	1	1	
849	646	2000	Shenqi_5							1	0	0	0	0		命中敌人时有机率打出绝妙一击，额外造成伤害并在一段时间内增加自身会心攻击，减少对方会心防御	-1	0	1	1	
850	850	7500	Buff7_11				g01_buff5		身体中心点	1	0	0	0	0		出土文物：免疫外功伤害	-1	0	1	1	
851	851	7500	Buff7_12				g01_buff5		身体中心点	1	0	0	0	0		出土文物：免疫内功伤害	-1	0	1	1	
852	852	7500	Buff7_14							1	0	0	0	0		出土文物：免疫冰系以外的属性伤害	-1	0	1	1	
853	853	7500	Buff7_13							1	0	0	0	0		出土文物：免疫火系以外的属性伤害	-1	0	1	1	
854	854	7500	Buff7_15							1	0	0	0	0		出土文物：免疫玄系以外的属性伤害	-1	0	1	1	
855	855	7500	Buff7_16							1	0	0	0	0		出土文物：免疫毒系以外的属性伤害	-1	0	1	1	
856	856	6000	Buff7_3				boss_飘渺峰哈大霸buff01		身体中心点	1	0	0	0	0		悬枢之痛：悬枢穴生死符发作，无法移动，但伤害加倍	-1	0	1	1	
857	857	6000	Buff7_5				boss_飘渺峰哈大霸buff03		身体中心点	1	0	0	0	0		气海之痛：气海穴生死符发作，所受伤害加倍	-1	0	1	1	
858	858	6000	Buff7_4				boss_飘渺峰哈大霸buff02		身体中心点	1	0	0	0	0		丝竹空之痛：丝竹空穴生死符发作，此时六亲不认，攻击不会转移目标	-1	0	1	1	
859	859	8600	Buff7_6				boss_飘渺峰乌老大buff疯狂		身体中心点	1	0	0	0	0		疯狂：极大的提高移动速度和伤害	-1	0	1	1	
860	860	6000	Buff0_15				g01_buff27		脚下光圈点	0	0	1	0	0		哪里走：因震慑而无法移动	-1	0	1	1	
861	861	7500	Buff8_3		Skills\Common\金甲明镜.wav		boss_飘渺峰卓不凡03		身体中心点	1	0	0	0	0		金甲：免疫外攻伤害	-1	0	1	1	
862	862	7500	Buff8_4		Skills\Common\金甲明镜.wav		boss_飘渺峰卓不凡02		身体中心点	1	0	0	0	0		明镜：免疫内功伤害	-1	0	1	1	
863	863	1000	Buff7_7				boss_飘渺峰卓不凡01		身体中心点	1	0	0	0	0		兄弟：愤怒状态，提高移动速度和伤害	-1	0	1	1	
864	864	1000	Buff8_5		Skills\Common\烟花、暗雷.wav		boss_飘渺峰不平道人02		身体中心点	1	0	0	0	0		暗雷：身中暗雷，爆炸后会对周围队友造成伤害	-1	0	1	1	
865	865	1000	Buff8_5		Skills\Common\烟花、暗雷.wav		boss_飘渺峰不平道人04		身体中心点	1	0	0	0	0		暗雷：身中暗雷，爆炸后会对周围队友造成伤害	-1	0	1	1	
866	866	8600	Buff8_6		Skills\Common\金甲明镜.wav		boss_飘渺峰不平道人03		脚下光圈点	1	0	0	0	0		精算：内外攻中伤害较低的发挥效果，且伤害放大一倍	-1	0	1	1	
867	867	1000	Buff9_2							0	0	0	0	0		有趣：每秒恢复少量的血	-1	0	1	1	
868	868	1000	Buff9_4							0	0	0	0	0		震慑：每秒损失少量的血	-1	0	1	1	
869	869	1000	Buff7_10							0	0	0	0	0		牛毛毒针：因受毒针而降低移动速度	-1	0	1	1	
870	870	1000	Buff8_1							0	0	0	0	0		毒性变换：降低毒抗性180点	-1	0	1	1	
871	871	1000	Buff8_2				g01_buff32		身体受击点	0	0	0	0	0		麻痹毒药：蚀骨之毒，每秒受到一定伤害	-1	0	1	1	
872	872	1000	Buff8_9							0	0	0	0	0		寒冰：因受到冰冻而降低移动速度	-1	0	1	1	
873	873	1000	FightSkillDaLi_4							0	0	0	0	0		有趣：移动速度提高15%	-1	0	1	1	
874	874	1000	Buff1_1	g01_yanggetianjun		身体受击点				0	0	0	0	0		震慑：移动速度降低15%	-1	0	1	1	
875	875	1000	Buff8_12				boss_李秋水04		脚下光圈点	0	0	0	0	0		剑舞·内	-1	0	1	1	
876	875	1000	Buff8_13				boss_李秋水06		脚下光圈点	0	0	0	0	0		剑舞·火	-1	0	1	1	
877	875	1000	Buff8_15				boss_李秋水11		脚下光圈点	0	0	0	0	0		剑舞·外	-1	0	1	1	
878	875	1000	Buff8_14				boss_李秋水14		脚下光圈点	0	0	0	0	0		剑舞·玄	-1	0	1	1	
879	875	1000	Buff8_11				boss_李秋水16		脚下光圈点	0	0	0	0	0		剑舞·冰	-1	0	1	1	
880	875	1000	Buff8_10				boss_李秋水18		脚下光圈点	0	0	0	0	0		剑舞·毒	-1	0	1	1	
881	881	7500	Buff8_12							0	0	0	0	0		剑舞免疫：免疫李秋水剑舞·内	-1	0	1	1	
882	881	7500	Buff8_13							0	0	0	0	0		剑舞免疫：免疫李秋水剑舞·火	-1	0	1	1	
883	881	7500	Buff8_15							0	0	0	0	0		剑舞免疫：免疫李秋水剑舞·外	-1	0	1	1	
884	881	7500	Buff8_14							0	0	0	0	0		剑舞免疫：免疫李秋水剑舞·玄	-1	0	1	1	
885	881	7500	Buff8_11							0	0	0	0	0		剑舞免疫：免疫李秋水剑舞·冰	-1	0	1	1	
886	881	7500	Buff8_10							0	0	0	0	0		剑舞免疫：免疫李秋水剑舞·毒	-1	0	1	1	
887	887	1000	Buff9_1							0	0	0	0	0		有趣：每秒恢复少量的气	-1	0	1	1	
888	888	1000	Buff9_3							0	0	0	0	0		震慑：每秒损失少量的气	-1	0	1	1	
889	99	1400	Ride2_5							0	0	0	1	0		坐骑：碧水金睛兽	99	0	1	1	
890	890	1000	Buff0_16				buff_sangong_01		脚下光圈点	0	1	1	0	0		无法使用任何攻击技能	-1	0	1	1	
891	891	1000	Buff8_1							0	0	0	0	0		毒性变换：降低毒抗性1点	-1	0	1	1	
892	892	1000	FabaoDaoju_1							0	-1	-1	0	0		小明目丹：暗器获得经验变成1.5倍	-1	0	1	1	
893	893	1000	FabaoDaoju_5							0	-1	-1	0	0		大明目丹：暗器获得经验变成2倍	-1	0	1	1	
894	894	1000	Buff8_2				g01_buff32		身体受击点	0	1	1	0	0		诅咒：持续掉血	-1	0	1	1	
895	895	1000	OtherTools2_15	g01_em_buff1111	interface\sound_shengji.wav	脚下光圈点	新蓝光环_变青		身体中心点	0	0	0	1	0		天龙光环：增加所有属性	-1	0	1	1	
896	896	1000	OtherTools2_15	g01_em_buff1111	interface\sound_shengji.wav	脚下光圈点	新蓝光环_变紫		身体中心点	0	0	0	1	0		天龙光环：增加所有属性	-1	0	1	1	
897	897	3000	PetSkill5_8							0	0	0	0	0		洞察之眼：钱庄小偷的克星	-1	0	1	1	
898	898	1500	Buff27_9							1	0	0	0	0		龙吟：命中目标后有几率减少对方玄抗和毒抗各20点，可以将目标的抗性降低至负值	-1	0	1	1	
899	899	1500	Buff27_9							0	0	1	0	0		龙吟：降低玄抗和毒抗各20点	-1	0	1	1	
900	900	1000	Buff5_9				活动BUFF_A01		身体中心点	1	0	0	0	0		秦皇战神：增加人物基础外功攻击和基础内功攻击	-1	0	1	1	
901	655	1000	haiwai1_1				g01_xy_jq_黄金甲_1		脚下光圈点	0	0	0	1	0		夫妻行功心法	-1	0	1	1	
902	902	1000	Buff1_6							0	0	0	1	0		增加：10%血上限	-1	0	1	1	
903	903	1000	Buff1_7							0	0	0	1	0		增加：10%气上限	-1	0	1	1	
904	904	1000	Buff1_8							0	0	0	1	0		增加：15%外功攻击	-1	0	1	1	
905	905	1000	Buff1_9							0	0	0	1	0		增加：15%内功攻击	-1	0	1	1	
906	906	1000	Buff1_10							0	0	0	1	0		增加：15%外功防御	-1	0	1	1	
907	907	1000	TaskTools3_8							0	0	0	1	0		增加：15%内功防御	-1	0	1	1	
908	908	1000	Buff1_6							0	0	0	1	0		增加：11%血上限	-1	0	1	1	
909	909	1000	Buff1_7							0	0	0	1	0		增加：11%气上限	-1	0	1	1	
910	910	1000	Buff1_8							0	0	0	1	0		增加：16%外功攻击	-1	0	1	1	
911	911	1000	Buff1_9							0	0	0	1	0		增加：16%内功攻击	-1	0	1	1	
912	912	1000	Buff1_10							0	0	0	1	0		增加：16%外功防御	-1	0	1	1	
913	913	1000	TaskTools3_8							0	0	0	1	0		增加：16%内功防御	-1	0	1	1	
914	914	1000	Buff1_6							0	0	0	1	0		增加：11%血上限	-1	0	1	1	
915	915	1000	Buff1_7							0	0	0	1	0		增加：11%气上限	-1	0	1	1	
916	916	1000	Buff1_8							0	0	0	1	0		增加：17%外功攻击	-1	0	1	1	
917	917	1000	Buff1_9							0	0	0	1	0		增加：17%内功攻击	-1	0	1	1	
918	918	1000	Buff1_10							0	0	0	1	0		增加：17%外功防御	-1	0	1	1	
919	919	1000	TaskTools3_8							0	0	0	1	0		增加：17%内功防御	-1	0	1	1	
920	920	1000	Buff1_6							0	0	0	1	0		增加：12%血上限	-1	0	1	1	
921	921	1000	Buff1_7							0	0	0	1	0		增加：12%气上限	-1	0	1	1	
922	922	1000	Buff1_8							0	0	0	1	0		增加：18%外功攻击	-1	0	1	1	
923	923	1000	Buff1_9							0	0	0	1	0		增加：18%内功攻击	-1	0	1	1	
924	924	1000	Buff1_10							0	0	0	1	0		增加：18%外功防御	-1	0	1	1	
925	925	1000	TaskTools3_8							0	0	0	1	0		增加：18%内功防御	-1	0	1	1	
926	926	1000	Buff12_2							1	0	0	0	0		参悟典故-起：参悟典故，力量+30，灵气+30	-1	0	1	1	
927	927	1000	Buff12_2							1	0	0	0	0		参悟典故-承：参悟典故，力量+30，灵气+30	-1	0	1	1	
928	928	1000	Buff12_2							1	0	0	0	0		参悟典故-转：参悟典故，力量+30，灵气+30	-1	0	1	1	
929	929	1000	Buff12_2							1	0	0	0	0		参悟典故-合：参悟典故，力量+30，灵气+30	-1	0	1	1	
948	948	1000	MenpaiLiveSkill2_13				hd_自爆buff释放		脚下光圈点	0	0	0	0	0		烈火燎原：BUFF消失后，对5米范围内最多15个怪造成血-50%的效果。	-1	0	1	1	
949	949	6000	Buff11_8				凤凰战旗_背旗		凤凰战旗绑定点	0	0	0	1	0		凤凰战旗，不可传送。隐身、骑乘、死亡后掉落	-1	0	1	1	
950	950	1000	Buff4_16				BOSS传送		脚下光圈点	0	0	0	0	0		传送	-1	0	1	1	
951	951	8850	Buff1_5							0	1	1	0	0		虚弱：所受伤害放大50%	-1	0	1	1	
955	955	1000	PetEquipBuff1_9							0	0	0	1	0		增加连击技能的释放几率	-1	0	1	1	
956	956	1000	PetEquipBuff1_5							0	0	0	1	0		增加猛击技能的释放几率	-1	0	1	1	
957	957	1000	PetEquipBuff1_4							0	0	0	1	0		猛击技能释放时额外增加外功攻击	-1	0	1	1	
958	958	1000	PetEquipBuff1_3							0	0	0	1	0		增加痛击技能的释放几率	-1	0	1	1	
959	959	1000	PetEquipBuff1_8							0	0	0	1	0		增加烈火咒、玄雷咒、血毒咒、寒冰咒技能的释放几率	-1	0	1	1	
960	960	1000	PetEquipBuff1_2							0	0	0	1	0		痛击技能释放时额外增加内功攻击	-1	0	1	1	
961	961	1000	PetEquipBuff1_7							0	0	0	1	0		烈火咒、玄雷咒、血毒咒、寒冰咒释放时额外增加对应的属性攻击	-1	0	1	1	
962	962	1000	PetEquipBuff1_6							0	0	0	1	0		增加灵动技能对珍兽自己的生效几率	-1	0	1	1	
963	963	1000	PetEquipBuff2_3							0	0	0	1	0		增加灵气技能对玩家的生效几率	-1	0	1	1	
964	964	1000	PetEquipBuff1_1							0	0	0	1	0		增加忠心技能对玩家的生效几率	-1	0	1	1	
965	965	1000	PetEquipBuff1_12							0	0	0	1	0		增加反震技能对目标的生效几率	-1	0	1	1	
966	966	1000	PetEquipBuff1_11							0	0	0	1	0		增加反击技能对目标的生效几率	-1	0	1	1	
967	966	1000	PetEquipBuff1_10							0	0	0	1	0		增加摔绊技能对目标的生效几率	-1	0	1	1	
968	964	1000	PetEquipBuff2_2							0	0	0	1	0		增加破绽技能对目标的生效几率	-1	0	1	1	
969	965	1000	PetEquipBuff2_1							0	0	0	1	0		增加虚弱技能对目标的生效几率	-1	0	1	1	
970	966	1000	PetEquipBuff1_16							0	0	0	1	0		增加打怒技能对目标的生效几率	-1	0	1	1	
971	967	1000	PetEquipBuff1_14							0	0	0	1	0		增加吸气技能对目标的生效几率	-1	0	1	1	
972	968	1000	OtherTools2_15	g01_em_buff1111	interface\sound_shengji.wav	脚下光圈点	新蓝光环_变暗红		身体中心点	0	0	0	1	0		天龙光环：增加所有属性	-1	0	1	1	
973	969	1000	OtherTools2_15	g01_em_buff1111	interface\sound_shengji.wav	脚下光圈点	新蓝光环_变橙		身体中心点	0	0	0	1	0		天龙光环：增加所有属性	-1	0	1	1	
974	970	1000	OtherTools2_15	g01_em_buff1111	interface\sound_shengji.wav	脚下光圈点	新蓝光环_变粉红		身体中心点	0	0	0	1	0		天龙光环：增加所有属性	-1	0	1	1	
975	971	1000	OtherTools2_15	g01_em_buff1111	interface\sound_shengji.wav	脚下光圈点	新蓝光环_变黑		身体中心点	0	0	0	1	0		天龙光环：增加所有属性	-1	0	1	1	
976	972	1000	OtherTools2_15	g01_em_buff1111	interface\sound_shengji.wav	脚下光圈点	新蓝光环_变红		身体中心点	0	0	0	1	0		天龙光环：增加所有属性	-1	0	1	1	
977	973	1000	OtherTools2_15	g01_em_buff1111	interface\sound_shengji.wav	脚下光圈点	新蓝光环_变黄		身体中心点	0	0	0	1	0		天龙光环：增加所有属性	-1	0	1	1	
978	974	1000	OtherTools2_15	g01_em_buff1111	interface\sound_shengji.wav	脚下光圈点	新蓝光环_变绿		身体中心点	0	0	0	1	0		天龙光环：增加所有属性	-1	0	1	1	
979	975	1000	OtherTools2_15	g01_em_buff1111	interface\sound_shengji.wav	脚下光圈点	新蓝光环_变浅蓝		身体中心点	0	0	0	1	0		天龙光环：增加所有属性	-1	0	1	1	
980	980	6000	Ore2_3							1	0	0	0	0		驾驶蚩尤青龙战车	-1	0	1	1	
981	981	6000	Ore2_3							1	0	0	0	0		驾驶蚩尤白虎战车	-1	0	1	1	
982	982	6000	Ore2_3							1	0	0	0	0		驾驶蚩尤朱雀战车	-1	0	1	1	
983	983	6000	Ore2_3							1	0	0	0	0		驾驶蚩尤玄武战车	-1	0	1	1	
984	984	6000	Ore2_3							1	0	0	0	0		驾驶蚩尤盘古战车	-1	0	1	1	
985	985	6000	Ore2_3							1	0	0	0	0		驾驶炎黄青龙战车	-1	0	1	1	
986	986	6000	Ore2_3							1	0	0	0	0		驾驶炎黄白虎战车	-1	0	1	1	
987	987	6000	Ore2_3							1	0	0	0	0		驾驶炎黄朱雀战车	-1	0	1	1	
988	988	6000	Ore2_3							1	0	0	0	0		驾驶炎黄玄武战车	-1	0	1	1	
989	989	7500	FightSkillGaiBang_3							0	0	0	1	0		免疫减速	-1	0	1	1	
990	990	7500	FightSkillMingJiao1_3				g01_buff18		身体受击点	0	0	0	1	0		免疫散功	-1	0	1	1	
991	991	7500	FightSkillShaoLin2_3	g01_sl_zdo_mingjingtai_01		身体受击点				0	0	0	1	0		免疫失明	-1	0	1	1	
992	993	1000	FightSkillTianShan_9	g01_ts_zdo_renwowuxiang		身体受击点	g01_buff38		头顶状态点	0	1	1	0	0		点穴：封穴，移动不能，操作不能，可被攻击，无法被打醒	-1	0	1	1	
993	993	1000	Ore2_3							1	0	0	0	0		驾驶炎黄盘古战车	-1	0	1	1	
994	994	1000	Buff0_15		Skills\Sl\Sl_金刚伏魔圈_定身.wav		g01_buff27		脚下光圈点	0	1	1	0	0		定身：无法移动并且不能攻击或使用技能	-1	0	1	1	
995	1022	1000	YuanDan1_1				g01_buff_圣诞礼盒01		脚下光圈点	0	0	0	1	0		圣诞快乐	-1	0	1	1	
996	1022	1000	YuanDan1_4				g01_buff_圣诞礼盒02		脚下光圈点	0	0	0	1	0		圣诞快乐	-1	0	1	1	
997	1022	1000	YuanDan1_3				g01_buff_圣诞礼盒03		脚下光圈点	0	0	0	1	0		圣诞快乐	-1	0	1	1	
998	1022	1000	YuanDan1_2				g01_buff_圣诞礼盒04		脚下光圈点	0	0	0	1	0		圣诞快乐	-1	0	1	1	
999	999	7500	Buff4_16							0	0	0	0	0		免疫控制和僵硬	-1	0	1	1	
1000	1000	7500	Buff4_16							0	0	0	0	0		免疫控制	-1	0	1	1	
1001	30	1000	Buff1_4							0	1	1	0	0		破绽：受到火烧赤壁技能攻击的伤害增加	-1	0	1	1	
1002	34	1000	Buff1_5							0	1	1	0	0		虚弱：内功攻击减少	-1	0	1	1	
1003	1003	1000	FightSkillXiaoYao1_5							0	0	1	0	0		蛟龙出水：受到蜃龙乱舞攻击将被定身	-1	0	1	1	
1004	23	1000	Buff1_1	g01_yanggetianjun		身体受击点	g01_buff100		脚下光圈点	0	1	1	0	0		蜃龙乱舞：僵硬，移动速度减慢	-1	0	1	1	
1005	1005	1000	FightSkillXiaoYao1_7							0	0	1	0	0		海市蜃楼：受到蛟龙乱舞攻击伤害增加	-1	0	1	1	
1006	1006	1000	FightSkillMingJiao_15				boss_镜湖水鬼_火烧赤壁		脚下光圈点	0	0	0	0	0		火烧赤壁：自身周围15米范围内所有敌对目标将受到持续的火攻击和破绽效果	-1	0	1	1	
1007	1007	1000	FightSkillGaiBang1_8				boss_镜湖水鬼_蛟龙乱舞		脚下光圈点	0	0	0	0	0		蛟龙乱舞：自身周围5米范围内所有敌对目标将受到持续的火攻击	-1	0	1	1	
1008	1008	1000	FightSkillGaiBang_4				boss_镜湖水鬼_蜃龙乱舞		脚下光圈点	0	0	0	0	0		蜃龙乱舞：自身周围5米范围内所有敌对目标将受到僵硬减速效果和火攻击	-1	0	1	1	
1009	345	1000	PetSkill3_3				cw_rouqiang		头顶状态点	0	0	1	0	0		兽王咆哮：吸引怪物攻击自身	-1	0	1	1	
1010	58	8000	Buff2_8				cw_shixue		身体受击点	0	0	0	1	0		狂暴：会心攻击增加	-1	0	1	1	
1011	25	1000	Buff1_3							0	1	1	0	0		破绽：会心防御降低	-1	0	1	1	
1012	1012	9100	FightSkillMingJiao_9	g01_em_buff1114	interface\sound_shengji.wav	脚下光圈点	g01_dl_中冲剑01		脚下光圈点	0	0	0	1	0		斗转星移：以彼之道，还施彼身	-1	0	1	1	
1013	98	1000	Buff1_5							0	1	1	0	0		僵硬：闪避降低	-1	0	1	1	
1014	1014	8000	Buff2_8				cw_shixue		身体受击点	0	0	0	0	0		狂暴：攻击增加，防御减弱	-1	0	1	1	
1015	1015	1000	PetSkill3_7				cw_shixue蓝		身体受击点	0	0	0	0	0		憨厚：防御增加，攻击减弱	-1	0	1	1	
1016	1016	8000	Buff2_8				cw_shixue		身体受击点	0	0	0	0	0		狂暴：攻击大副提升，防御减弱	-1	0	1	1	
1017	1017	1000	PetSkill3_5				cw_shixue黄		身体受击点	0	0	0	0	0		拼命：会心攻击、命中增加，会心防御、躲避减弱	-1	0	1	1	
1018	1018	1000	PetSkill4_1				cw_shengyou		头顶状态点	0	0	0	1	0		神佑：不会受到伤害	-1	0	1	1	
1019	30	1000	Buff1_4				g01_xy_jq_黄金甲_1		头顶状态点	0	0	0	0	0		破绽百出：被王语嫣指出招式破绽	-1	0	1	1	
1020	25	1000	Buff1_3							0	1	1	0	0		破绽：发功类技能持续时间减少	-1	0	1	1	
1021	1001	7500	Buff4_16							0	0	0	0	0		免疫失明和恐惧效果	-1	0	1	1	
1022	1022	1000	MakeMaterial8_16							0	0	0	0	0		雪人的祝福：增加所有属性各10点	-1	0	1	1	
1023	334	8600	TaskTools3_3							0	0	0	1	0		开宝箱保护：无敌，移动或使用技能后保护即会消失	-1	0	1	1	
1024	1024	1000	Huodong_16							1	0	0	0	0		五一赠礼：BUFF消失后，可在师门掌门人处领取赠礼	-1	0	1	1	
1025	1025	1000	PetChapletBuff1_4							1	0	0	0	0		增加力量和体力	-1	0	1	1	
1026	1026	1000	PetChapletBuff1_10							1	0	0	0	0		增加命中和会心攻击	-1	0	1	1	
1027	1027	1000	PetChapletBuff2_1							1	0	0	0	0		增加力量和身法	-1	0	1	1	
1028	1028	1000	PetChapletBuff1_7							1	0	0	0	0		增加灵气和体力	-1	0	1	1	
1029	1029	1000	PetChapletBuff1_10							1	0	0	0	0		增加命中和会心攻击	-1	0	1	1	
1030	1030	1000	PetChapletBuff2_1							1	0	0	0	0		增加灵气和身法	-1	0	1	1	
1031	1031	1000	PetChapletBuff1_6							1	0	0	0	0		增加体力	-1	0	1	1	
1032	1032	1000	PetChapletBuff2_1							1	0	0	0	0		增加体力和身法	-1	0	1	1	
1033	1033	1000	PetChapletBuff2_1							1	0	0	0	0		增加身法	-1	0	1	1	
1034	1034	1000	PetSkill2_1							1	0	0	0	0		增加所有属性5点	-1	0	1	1	
1035	1035	1000	Buff1_6							0	0	0	1	0		增加：10%血上限，5%气上限	-1	0	1	1	
1036	1036	1000	Buff1_8							0	0	0	1	0		增加：15%外功攻击，5%外功防御	-1	0	1	1	
1037	1037	1000	Buff1_9							0	0	0	1	0		增加：15%内功攻击，5%内功防御	-1	0	1	1	
1038	1038	1000	Buff1_6							0	0	0	1	0		增加：11%血上限，6%气上限	-1	0	1	1	
1039	1039	1000	Buff1_8							0	0	0	1	0		增加：16%外功攻击，6%外功防御	-1	0	1	1	
1040	1040	1000	Buff1_9							0	0	0	1	0		增加：16%内功攻击，6%内功防御	-1	0	1	1	
1041	1041	1000	Buff1_6							0	0	0	1	0		增加：11%血上限，6%气上限	-1	0	1	1	
1042	1042	1000	Buff1_8							0	0	0	1	0		增加：17%外功攻击，6%外功防御	-1	0	1	1	
1043	1043	1000	Buff1_9							0	0	0	1	0		增加：17%内功攻击，6%内功防御	-1	0	1	1	
1044	1044	1000	Buff1_6							0	0	0	1	0		增加：12%血上限，8%气上限	-1	0	1	1	
1045	1045	1000	Buff1_8							0	0	0	1	0		增加：18%外功攻击，8%外功防御	-1	0	1	1	
1046	1046	1000	Buff1_9							0	0	0	1	0		增加：18%内功攻击，8%内功防御	-1	0	1	1	
1047	1047	3000	Buff1_9							0	0	0	1	0		凝力之魂：一定几率提升自己的力量	-1	0	1	1	
1048	1048	3000	Buff1_9				buff_武魂增益		身体受击点	0	0	0	1	0		力量上升	-1	0	1	1	
1049	1049	3000	Buff1_9							0	0	0	1	0		聚灵之魂：一定几率提升自己的灵气	-1	0	1	1	
1050	1050	3000	Buff1_9				buff_武魂增益		身体受击点	0	0	0	1	0		灵力上升	-1	0	1	1	
1051	1051	3000	Buff1_9							0	0	0	1	0		强体之魂：一定几率提升自己的体力	-1	0	1	1	
1052	1052	3000	Buff1_9				buff_武魂增益		身体受击点	0	0	0	1	0		体力上升	-1	0	1	1	
1053	1053	3000	Buff1_9							0	0	0	1	0		固定之魂：一定几率提升自己的定力	-1	0	1	1	
1054	1054	3000	Buff1_9				buff_武魂增益		身体受击点	0	0	0	1	0		定力上升	-1	0	1	1	
1055	1055	3000	Buff1_9							0	0	0	1	0		游身之魂：一定几率提升自己的身法	-1	0	1	1	
1056	1056	3000	Buff1_9				buff_武魂增益		身体受击点	0	0	0	1	0		身法上升	-1	0	1	1	
1057	1057	3000	WuhunSkill2_3							0	0	0	1	0		厉刚之魂：一定几率提升自己的外功攻击	-1	0	1	1	
1058	1058	3000	WuhunSkill2_3				buff_武魂增益		身体受击点	0	0	0	1	0		外功攻击上升	-1	0	1	1	
1059	1059	3000	WuhunSkill2_4							0	0	0	1	0		旋柔之魂：一定几率提升自己的内功攻击	-1	0	1	1	
1060	1060	3000	WuhunSkill2_4				buff_武魂增益		身体受击点	0	0	0	1	0		内功攻击上升	-1	0	1	1	
1061	1061	3000	WuhunSkill2_5							0	0	0	1	0		武韧之魂：一定几率提升自己的外功防御	-1	0	1	1	
1062	1062	3000	WuhunSkill2_5				buff_武魂增益		身体受击点	0	0	0	1	0		外功防御上升	-1	0	1	1	
1063	1063	3000	WuhunSkill2_6							0	0	0	1	0		阴绵之魂：一定几率提升自己的内功防御	-1	0	1	1	
1064	1064	3000	WuhunSkill2_6				buff_武魂增益		身体受击点	0	0	0	1	0		内功防御上升	-1	0	1	1	
1065	1065	3000	WuhunSkill2_7							0	0	0	1	0		星准之魂：一定几率提升自己的命中	-1	0	1	1	
1066	1066	3000	WuhunSkill2_7				buff_武魂增益		身体受击点	0	0	0	1	0		命中上升	-1	0	1	1	
1067	1067	3000	WuhunSkill2_8							0	0	0	1	0		灵洒之魂：一定几率提升自己的闪避	-1	0	1	1	
1068	1068	3000	WuhunSkill2_8				buff_武魂增益		身体受击点	0	0	0	1	0		闪避上升	-1	0	1	1	
1069	1069	3000	Buff1_9							0	0	0	1	0		乏力之魂：一定几率降低目标力量	-1	0	1	1	
1070	1070	3000	Buff1_9				buff_武魂虚弱		身体受击点	0	1	1	0	0		力量下降	-1	0	1	1	
1071	1071	3000	Buff1_9							0	0	0	1	0		灭灵之魂：一定几率降低目标灵力	-1	0	1	1	
1072	1072	3000	Buff1_9				buff_武魂虚弱		身体受击点	0	1	1	0	0		灵力下降	-1	0	1	1	
1073	1073	3000	Buff1_9							0	0	0	1	0		破体之魂：一定几率降低目标体力	-1	0	1	1	
1074	1074	3000	Buff1_9				buff_武魂虚弱		身体受击点	0	1	1	0	0		体力下降	-1	0	1	1	
1075	1075	3000	Buff1_9							0	0	0	1	0		乱定之魂：一定几率降低目标定力	-1	0	1	1	
1076	1076	3000	Buff1_9				buff_武魂虚弱		身体受击点	0	1	1	0	0		定力下降	-1	0	1	1	
1077	1077	3000	Buff1_9							0	0	0	1	0		重身之魂：一定几率降低目标身法	-1	0	1	1	
1078	1078	3000	Buff1_9				buff_武魂虚弱		身体受击点	0	1	1	0	0		身法下降	-1	0	1	1	
1079	1079	3000	WuhunSkill2_9							0	0	0	1	0		断刚之魂：一定几率降低目标外功攻击	-1	0	1	1	
1080	1080	3000	WuhunSkill2_9				buff_武魂虚弱		身体受击点	0	1	1	0	0		外功攻击下降	-1	0	1	1	
1081	1081	3000	WuhunSkill2_10							0	0	0	1	0		裂柔之魂：一定几率降低目标内功攻击	-1	0	1	1	
1082	1082	3000	WuhunSkill2_10				buff_武魂虚弱		身体受击点	0	1	1	0	0		内功攻击下降	-1	0	1	1	
1083	1083	3000	WuhunSkill2_11							0	0	0	1	0		黯韧之魂：一定几率降低目标外功防御	-1	0	1	1	
1084	1084	3000	WuhunSkill2_11				buff_武魂虚弱		身体受击点	0	1	1	0	0		外功防御下降	-1	0	1	1	
1085	1085	3000	WuhunSkill2_12							0	0	0	1	0		刺绵之魂：一定几率降低目标内功防御	-1	0	1	1	
1086	1086	3000	WuhunSkill2_12				buff_武魂虚弱		身体受击点	0	1	1	0	0		内功防御下降	-1	0	1	1	
1087	1087	3000	WuhunSkill2_13							0	0	0	1	0		扰准之魂：一定几率降低目标命中	-1	0	1	1	
1088	1088	3000	WuhunSkill2_13				buff_武魂虚弱		身体受击点	0	1	1	0	0		命中下降	-1	0	1	1	
1089	1089	3000	WuhunSkill2_14							0	0	0	1	0		绝洒之魂：一定几率降低目标闪避	-1	0	1	1	
1090	1090	3000	WuhunSkill2_14				buff_武魂虚弱		身体受击点	0	1	1	0	0		闪避下降	-1	0	1	1	
1091	1091	3000	WuhunSkill2_15							0	0	0	1	0		强击之魂：一定几率附加额外伤害	-1	0	1	1	
1092	1092	3000	WuhunSkill2_16							0	0	0	1	0		绝气之魂：一定几率打掉目标的气	-1	0	1	1	
1093	1093	3000	WuhunSkill3_1							0	0	0	1	0		尚武之魂：一定几率提升自己的所有属性	-1	0	1	1	
1094	1094	3000	WuhunSkill3_1				buff_武魂尚武之魂		身体受击点	0	1	1	0	0		所有属性上升	-1	0	1	1	
1095	1095	3000	WuhunSkill3_2							0	0	0	1	0		绝情之魂：一定几率降低目标所有属性	-1	0	1	1	
1096	1096	3000	WuhunSkill3_2				buff_武魂绝情之魂		身体受击点	0	1	1	0	0		所有属性下降	-1	0	1	1	
1100	1100	2000	Shenqi_3_5							1	0	0	0	0		赤焰九纹：命中敌人时有机率打出奋力一击，额外造成伤害并在一段时间内增加自身外功攻击，减少对方外功防御	-1	0	1	1	
1101	1101	2000	Shenqi_3_9							1	0	0	0	0		含光弄影：命中敌人时有机率打出蓄力一击，额外造成伤害并在一段时间内增加自身内功攻击，减少对方内功防御	-1	0	1	1	
1102	1102	2000	Shenqi_3_7							1	0	0	0	0		碎情雾影：命中敌人时有机率打出绝妙一击，额外造成伤害并在一段时间内增加自身会心攻击，减少对方会心防御	-1	0	1	1	
1103	1103	2000	Shenqi_3_4							1	0	0	0	0		雷鸣离火：命中敌人时有机率打出精妙一击，额外造成伤害并在一段时间内增加自身命中，减少对方闪避	-1	0	1	1	
1104	1104	2000	Shenqi_6				wq_虚弱触发01		右武器绑定点	0	0	0	1	0		大周岚夜：已降低一个目标的内外功攻击2400	-1	0	1	1	
1105	1105	2000	Shenqi_6				wq_破绽触发01		右武器绑定点	0	0	0	1	0		大周岚夜：已降低一个目标的内外功防御2400	-1	0	1	1	
1106	1106	2000	PetSkill6_15	npc_all_kongzhi_zdo		身体受击点				0	0	1	0	0		减速：移动速度降低45%	-1	0	1	1	
1107	1107	2000	PetSkill6_8	npc_all_kongzhi_zdo		身体受击点				0	0	1	0	0		破绽：内外功防御降低2400	-1	0	1	1	
1108	1108	2000	PetSkill6_6	npc_all_kongzhi_zdo		身体受击点				0	0	1	0	0		虚弱：内外功攻击降低2400	-1	0	1	1	
1109	1109	2000	Shenqi_3_6							1	0	0	0	0		万仞龙渊：命中敌人时有机率打出蓄力一击，额外造成伤害并在一段时间内增加自身内功攻击，减少对方内功防御	-1	0	1	1	
1110	1110	2000	Shenqi_12				wq_破绽触发01		右武器绑定点	0	0	0	1	0		大商尘影：已降低一个目标的内外功防御2400	-1	0	1	1	
1111	1111	2000	Shenqi_3_2							1	0	0	0	0		转魂灭魄：命中敌人时有机率打出蓄力一击，额外造成伤害并在一段时间内增加自身内功攻击，减少对方内功防御	-1	0	1	1	
1112	1112	2000	Shenqi_7				wq_虚弱触发01		右武器绑定点	0	0	0	1	0		大晋星痕：已降低一个目标的内外功攻击2400	-1	0	1	1	
1113	1113	2000	Shenqi_13				wq_摔绊触发01		右武器绑定点	0	0	0	1	0		大夏龙雀：已降低一个目标的移动速度45%	-1	0	1	1	
1114	1114	2000	Shenqi_13				wq_破绽触发01		右武器绑定点	0	0	0	1	0		大夏龙雀：已降低一个目标的内外功防御2400	-1	0	1	1	
1115	1115	2000	Shenqi_3_1							1	0	0	0	0		斩忧断愁：命中敌人时有机率打出奋力一击，额外造成伤害并在一段时间内增加自身外功攻击，减少对方外功防御	-1	0	1	1	
1116	1116	2000	Shenqi_9				wq_摔绊触发01		右武器绑定点	0	0	0	1	0		大秦锋镝：已降低一个目标的移动速度45%	-1	0	1	1	
1117	1117	2000	Shenqi_9				wq_虚弱触发01		右武器绑定点	0	0	0	1	0		大秦锋镝：已降低一个目标的内外功攻击2400	-1	0	1	1	
1118	1118	2000	Shenqi_3_3							1	0	0	0	0		弈天破邪：命中敌人时有机率打出奋力一击，额外造成伤害并在一段时间内增加自身外功攻击，减少对方外功防御	-1	0	1	1	
1119	1119	2000	Shenqi_14				wq_摔绊触发01		右武器绑定点	0	0	0	1	0		大唐昆岳：已降低一个目标的移动速度45%	-1	0	1	1	
1120	1120	2000	Shenqi_14				wq_虚弱触发01		右武器绑定点	0	0	0	1	0		大唐昆岳：已降低一个目标的内外功攻击2400	-1	0	1	1	
1121	1121	2000	Shenqi_11				wq_摔绊触发01		右武器绑定点	0	0	0	1	0		大隋凝霜：已降低一个目标的移动速度45%	-1	0	1	1	
1122	1122	2000	Shenqi_11				wq_虚弱触发01		右武器绑定点	0	0	0	1	0		大隋凝霜：已降低一个目标的内外功攻击2400	-1	0	1	1	
1123	1123	2000	Shenqi_3_8							1	0	0	0	0		天星耀阳：命中敌人时有机率打出蓄力一击，额外造成伤害并在一段时间内增加自身内功攻击，减少对方内功防御	-1	0	1	1	
1124	1124	2000	Shenqi_10				wq_虚弱触发01		右武器绑定点	0	0	0	1	0		大汉弘纲：已降低一个目标的内外功攻击2400	-1	0	1	1	
1125	1125	2000	Shenqi_8				wq_虚弱触发01		右武器绑定点	0	0	0	1	0		大宋君岑：已降低一个目标的内外功攻击2400	-1	0	1	1	
1126	1126	1000	PetChapletBuff1_5							1	0	0	0	0		增加力量和体力	-1	0	1	1	
1127	1127	1000	PetChapletBuff1_12							1	0	0	0	0		增加命中和会心	-1	0	1	1	
1128	1128	1000	PetChapletBuff1_14							1	0	0	0	0		增加力量和身法	-1	0	1	1	
1129	1129	1000	PetChapletBuff1_2							1	0	0	0	0		增加灵气和体力	-1	0	1	1	
1130	1130	1000	PetChapletBuff1_12							1	0	0	0	0		增加命中和会心	-1	0	1	1	
1131	1131	1000	PetChapletBuff1_14							1	0	0	0	0		增加灵气和身法	-1	0	1	1	
1132	1132	1000	PetChapletBuff1_1							1	0	0	0	0		增加体力	-1	0	1	1	
1133	1133	1000	PetChapletBuff1_14							1	0	0	0	0		增加体力和身法	-1	0	1	1	
1134	1134	1000	PetChapletBuff1_14							1	0	0	0	0		增加身法	-1	0	1	1	
1135	1135	1000	PetChapletBuff1_9							1	0	0	0	0		增加力量和体力	-1	0	1	1	
1136	1136	1000	PetChapletBuff1_11							1	0	0	0	0		增加命中和会心	-1	0	1	1	
1137	1137	1000	PetChapletBuff1_16							1	0	0	0	0		增加力量和身法	-1	0	1	1	
1138	1138	1000	PetChapletBuff1_8							1	0	0	0	0		增加灵气和体力	-1	0	1	1	
1139	1139	1000	PetChapletBuff1_11							1	0	0	0	0		增加命中和会心	-1	0	1	1	
1140	1140	1000	PetChapletBuff1_16							1	0	0	0	0		增加灵气和身法	-1	0	1	1	
1141	1141	1000	PetChapletBuff2_3							1	0	0	0	0		增加体力	-1	0	1	1	
1142	1142	1000	PetChapletBuff1_16							1	0	0	0	0		增加体力和身法	-1	0	1	1	
1143	1143	1000	PetChapletBuff1_16							1	0	0	0	0		增加身法	-1	0	1	1	
1144	1144	1000	Buff11_9				buff_福香包		身体受击点	0	0	0	1	0		新年福香包：所有属性+10	-1	0	1	1	
1145	1145	1000	Buff11_9				buff_福香包		身体受击点	0	0	0	1	0		新年福香包：所有属性+15	-1	0	1	1	
1146	1146	1000	Buff11_9				buff_福香包		身体受击点	0	0	0	1	0		新年福香包：所有属性+20	-1	0	1	1	
1147	1147	1000	Buff11_9				buff_福香包		身体受击点	0	0	0	1	0		新年福香包：所有属性+25	-1	0	1	1	
1148	1148	1000	Buff11_9				buff_福香包		身体受击点	0	0	0	1	0		新年福香包：所有属性+30	-1	0	1	1	
1149	1149	1000	Buff11_9				buff_福香包		身体受击点	0	0	0	1	0		新年福香包：所有属性+35	-1	0	1	1	
1150	1050	1000	Buff11_10				buff_伤心断肠		身体中心点	0	0	0	0	0		求爱失败，伤心断肠。一分钟之内不能向异性求爱。使用忘情水可以解除此状态。	-1	0	1	1	
1151	1151	1000	Huodong_3_6				buff_七夕_01		身体中心点	0	0	0	1	0		爱语光环，增加人物所有属性10点，持续30分钟。	-1	0	1	1	
1152	1152	1000	CircularTaskTool9_15							0	0	0	1	0		爆竹雷动，唤醒满园春色（通俗上联）：增加力量，灵气，体力，定力，身法各10点	-1	0	1	1	
1153	1153	1000	CircularTaskTool9_3							0	0	0	1	0		瑞雪飘飞，兆示一岁福泽（通俗下联）：增加力量，灵气，体力，定力，身法各10点	-1	0	1	1	
1154	1154	1000	CircularTaskTool9_16							0	0	0	1	0		春联贺岁（高级）：增加力量，灵气，体力，定力，身法各30点	-1	0	1	1	
1155	1155	1000	CircularTaskTool9_4							0	0	0	1	0		春联贺岁（普通）：增加力量，灵气，体力，定力，身法各20点	-1	0	1	1	
1157	1150	1000	CircularTaskTool10_1							0	0	0	1	0		春风乍起，写就满城锦绣（优美上联）：增加力量，灵气，体力，定力，身法各10点	-1	0	1	1	
1158	1151	1000	CircularTaskTool10_2							0	0	0	1	0		飞雪初凝，妆成一树玲珑（优美下联）：增加力量，灵气，体力，定力，身法各10点	-1	0	1	1	
1159	1159	1000	CircularTaskTool9_9				g01_buff_圣诞礼盒01		脚下光圈点	0	0	0	1	0		放飞的祈福：增加体力，力量，灵气，定力，身法各20点	-1	0	1	1	
1160	1160	1000	YuanDan1_1				g01_buff_圣诞礼盒01		脚下光圈点	0	0	0	1	0		春节快乐	-1	0	1	1	
1161	1161	1000	YuanDan1_4				g01_buff_圣诞礼盒02		脚下光圈点	0	0	0	1	0		春节快乐	-1	0	1	1	
1162	1162	1000	YuanDan1_3				g01_buff_圣诞礼盒03		脚下光圈点	0	0	0	1	0		春节快乐	-1	0	1	1	
1163	1163	1000	YuanDan1_2				g01_buff_圣诞礼盒04		脚下光圈点	0	0	0	1	0		春节快乐	-1	0	1	1	
1164	1164	1000	Tattoo2_6							1	0	0	0	0		忘无：第一本心法中第一个技能的伤害得到了强化	-1	0	1	1	
1165	1165	1000	Tattoo2_7							1	0	0	0	0		冥想：第二本心法中第一个技能的伤害得到了强化	-1	0	1	1	
1166	1166	1000	Tattoo2_8							1	0	0	0	0		装备雕纹：你的第四本心法的第三个技能被强化了	-1	0	1	1	
1167	1167	1000	Tattoo2_9							1	0	0	0	0		御劲：第五本心法中第二个技能的伤害得到了强化	-1	0	1	1	
1168	1168	1000	Tattoo2_10							1	0	0	0	0		装备雕纹：你的第五本心法的第三个技能被强化了	-1	0	1	1	
1169	1169	1000	Tattoo2_11							1	0	0	0	0		暴怒：第六本心法中第一个技能的伤害得到了强化	-1	0	1	1	
1170	1170	1000	Shenqi_7							0	0	0	1	0		墨迹：造成的伤害提升100%	-1	0	1	1	
1171	1171	1000	Buff5_1							0	0	0	1	0		隐身	-1	0	1	1	
1172	1172	1000	CircularTaskTool12_3							0	0	0	1	0		元神仙丹：服用“元神仙丹”后内功得到极大提升	-1	0	1	1	
1173	1173	1000	CircularTaskTool12_2							0	0	0	1	0		铁骨仙丹：服用“铁骨仙丹”后外功得到极大提升	-1	0	1	1	
1174	1174	2000	Shenqi_3							0	0	0	1	0		熔金落日：使用“熔金落日符”使武器暂时具有“熔金落日刀”的效果	-1	0	1	1	
1175	1175	2000	Shenqi_2							0	0	0	1	0		秋水无痕：使用“秋水无痕符”使武器暂时具有“秋水无痕剑”的效果	-1	0	1	1	
1176	1176	2000	Shenqi_4							0	0	0	1	0		万壑松风：使用“万壑松风符”使武器暂时具有“万壑松风扇”的效果	-1	0	1	1	
1177	1177	2000	Shenqi_5							0	0	0	1	0		碧海银涛：使用“碧海银涛符”使武器暂时具有“碧海银涛环”的效果	-1	0	1	1	
1178	1178	1000	CircularTaskTool12_10							0	0	0	1	0		冰龙刺：将“冰龙刺”镶嵌在武器上，使武器暂时具有强大的冰属性攻击效果。	-1	0	1	1	
1179	1179	1000	CircularTaskTool12_7							0	0	0	1	0		雷龙刺：将“雷龙刺”镶嵌在武器上，使武器暂时具有强大的玄属性攻击效果。	-1	0	1	1	
1180	1180	1000	CircularTaskTool12_9							0	0	0	1	0		火龙刺：将“火龙刺”镶嵌在武器上，使武器暂时具有强大的火属性攻击效果。	-1	0	1	1	
1181	1181	1000	CircularTaskTool12_8							0	0	0	1	0		毒龙刺：将“毒龙刺”镶嵌在武器上，使武器暂时具有强大的毒属性攻击效果。	-1	0	1	1	
1182	1182	1000	CircularTaskTool11_16							0	0	0	1	0		绝学·奔雷：“奔雷·残卷”中记载的武功秘诀，攻击目标时有几率释放奔雷攻击效果。	-1	0	1	1	
1183	1183	1000	CircularTaskTool11_15							0	0	0	1	0		绝学·极杀：“极杀·残卷”中记载的武功秘诀，攻击目标时有几率释放极杀攻击效果。	-1	0	1	1	
1184	1184	1000	CircularTaskTool11_14							0	0	0	1	0		绝学·消魂：“消魂·残卷”中记载的武功秘诀，攻击目标时有几率释放消魂攻击效果。	-1	0	1	1	
1185	1185	1000	CircularTaskTool11_12							0	0	0	1	0		绝学·夺命：“夺命·残卷”中记载的武功秘诀，攻击目标时有几率释放夺命攻击效果。	-1	0	1	1	
1186	1186	1000	CircularTaskTool11_13							0	0	0	1	0		绝学·杀意：“杀意·残卷”中记载的武功秘诀，攻击目标时有几率释放杀意攻击效果。	-1	0	1	1	
1187	1187	1000	CircularTaskTool10_16				boss_飘渺峰哈大霸buff01		身体中心点	0	0	0	0	0		贪狼杀气：贪狼星附体，攻击力极大增强。	-1	0	1	1	
1188	1188	1000	Buff12_1							0	1	1	0	0		恶疾：误食变质的“奇异鱼”后的中毒反应，体力值下降。	-1	0	1	1	
1189	1189	1000	Buff11_16							0	1	1	0	0		疯鱼病：误食病态的“奇异鱼”后的中毒反应，导致精神错乱走火入魔。	-1	0	1	1	
1190	1190	1000	Buff11_14							0	0	0	1	0		饕餮：吃了用“奇异鱼”制作的人间美味而得意忘形，战斗力得到极大提升。	-1	0	1	1	
1191	1191	1000	Buff11_15							0	1	0	1	0		美食：食用美味的“奇异鱼”后产生的增益效果，体力值得到极大提升。	-1	0	1	1	
1192	1192	1000	Buff12_14				buff_烛影摇红		身体受击点	0	0	1	0	0		烛影摇红：对周围10米范围的队友造成每秒2%的伤害	-1	0	1	1	
1193	1193	1000	Buff12_13				buff_金色狂舞		身体受击点	0	0	0	0	0		金色狂舞：对周围的目标造成伤害	-1	0	1	1	
1194	1194	1000	Buff12_11							0	0	0	0	0		墨虎的守护：降低受到伤害的70%	-1	0	1	1	
1195	1195	8500	FightSkillDaLi2_3				g01_dl_天龙80级技能_buff蓝		身体受击点	0	0	0	0	0		冰虎：只受到冰属性的伤害	-1	0	1	1	
1196	1196	8500	FightSkillDaLi2_2				g01_dl_天龙80级技能_buff红		身体受击点	0	0	0	0	0		火虎：只受到火属性的伤害	-1	0	1	1	
1197	1197	8500	FightSkillDaLi2_5				g01_dl_天龙80级技能_buff黄		身体受击点	0	0	0	0	0		玄虎：只受到玄属性的伤害	-1	0	1	1	
1198	1198	8500	FightSkillDaLi2_4				g01_dl_天龙80级技能_buff绿		身体受击点	0	0	0	0	0		毒虎：只受到毒属性的伤害	-1	0	1	1	
1199	1199	1000	Buff12_12				boss_镜湖水鬼_蛟龙乱舞		脚下光圈点	0	0	0	0	0		青鹰的守护：对周围的目标造成每秒5%的伤害	-1	0	1	1	
1200	1200	1000	Buff12_15				boss_卢俊义_天罡霸气		身体受击点	0	0	0	0	0		身在此山中：造成的伤害提升至300%	-1	0	1	1	
1201	1201	1000	Buff12_9							0	0	0	0	0		龙柱的守护：降低受到伤害的70%	-1	0	1	1	
1202	1202	1000	Buff12_10				boss_卢俊义_天罡霸气		身体受击点	0	0	0	0	0		龙柱的威力：造成的伤害提升至300%	-1	0	1	1	
1203	1203	1000	Buff12_4				g01_dl_天龙80级技能_buff蓝		身体受击点	0	0	0	0	0		金龙之怒：受到的玄属性伤害提升200%	-1	0	1	1	
1204	1204	1000	Buff12_5				g01_dl_天龙80级技能_buff红		身体受击点	0	0	0	0	0		木龙之怒：受到的毒属性伤害提升200%	-1	0	1	1	
1205	1205	1000	Buff12_6				g01_dl_天龙80级技能_buff黄		身体受击点	0	0	0	0	0		水龙之怒：受到的冰属性伤害提升200%	-1	0	1	1	
1206	1206	1000	Buff12_7				g01_dl_天龙80级技能_buff绿		身体受击点	0	0	0	0	0		火龙之怒：受到的火属性伤害提升200%	-1	0	1	1	
1207	1207	1000	Buff12_8				boss_卢俊义_天人五衰		身体受击点	0	0	0	0	0		土龙之怒：受到的所有属性伤害提升200%	-1	0	1	1	
1208	1208	1000	Buff11_2				boss_卢俊义_天人五衰		身体受击点	0	0	0	0	0		四绝之怒：受到的伤害提升500%	-1	0	1	1	
1209	1209	1500	Buff12_3							1	0	0	0	0		星移：命中目标后有几率减少对方玄抗30点，可以将目标的抗性降低至负值	-1	0	1	1	
1210	1210	1500	Buff12_3							0	0	1	0	0		星移：降低玄抗30点	-1	0	1	1	
1211	376	1000	PetSkill7_2				boss_卢俊义_天罡霸气		脚下光圈点	0	0	0	1	0		高级嗜血：牺牲防御来暂时提高外功攻击	-1	0	1	1	
1212	1212	1000	FightSkillkunxiansuo_6				m01_捆仙索_buffsl		身体受击点	0	1	1	0	0		恶蟒缠身：移动不能，操作不能，可被攻击，无法被打醒	-1	0	1	1	
1213	1212	1000	FightSkillkunxiansuo_4				m01_捆仙索_buffmj		身体受击点	0	1	1	0	0		恶蟒缠身：移动不能，操作不能，可被攻击，无法被打醒	-1	0	1	1	
1214	1212	1000	FightSkillkunxiansuo_2				m01_捆仙索_buffgb		身体受击点	0	1	1	0	0		恶蟒缠身：移动不能，操作不能，可被攻击，无法被打醒	-1	0	1	1	
1215	1212	1000	FightSkillkunxiansuo_8				m01_捆仙索_buffwd		身体受击点	0	1	1	0	0		恶蟒缠身：移动不能，操作不能，可被攻击，无法被打醒	-1	0	1	1	
1216	1212	1000	FightSkillkunxiansuo_1				m01_捆仙索_buffem		身体受击点	0	1	1	0	0		恶蟒缠身：移动不能，操作不能，可被攻击，无法被打醒	-1	0	1	1	
1217	1212	1000	FightSkillkunxiansuo_10				m01_捆仙索_buffxx		身体受击点	0	1	1	0	0		恶蟒缠身：移动不能，操作不能，可被攻击，无法被打醒	-1	0	1	1	
1218	1212	1000	FightSkillkunxiansuo_5				m01_捆仙索_buffdl		身体受击点	0	1	1	0	0		恶蟒缠身：移动不能，操作不能，可被攻击，无法被打醒	-1	0	1	1	
1219	1212	1000	FightSkillkunxiansuo_7				m01_捆仙索_buffts		身体受击点	0	1	1	0	0		恶蟒缠身：移动不能，操作不能，可被攻击，无法被打醒	-1	0	1	1	
1220	1212	1000	FightSkillkunxiansuo_9				m01_捆仙索_buffxy		身体受击点	0	1	1	0	0		恶蟒缠身：移动不能，操作不能，可被攻击，无法被打醒	-1	0	1	1	
1221	1212	1000	FightSkillMantuo1_8				hj_曼陀山庄_飞花乱红深处连线		身体受击点	0	1	1	0	1		飞花·乱红深处：每秒损失血量	-1	0	1	1	
1222	1222	2000	Shenqi_3_10							1	0	0	0	0		星移无痕：命中敌人时有机率打出蓄力一击，额外造成伤害并在一段时间内增加自身内功攻击，减少对方内功防御	-1	0	1	1	
1223	1223	2000	Shenqi_3_11							1	0	0	0	0		大燕韵章：有一定几率吸取目标的血	-1	0	1	1	
1224	1224	2000	Shenqi_3_11							1	0	0	0	0		大燕韵章：有一定几率降低目标的内外功攻击	-1	0	1	1	
1225	1225	2000	Shenqi_3_11							1	0	0	0	0		大燕韵章：有一定几率降低目标的内外功防御	-1	0	1	1	
1226	1226	2000	Shenqi_3_11				wq_吸血触发01		右武器绑定点	0	0	0	1	0		大燕韵章：吸取目标的血	-1	0	1	1	
1227	1227	2000	Shenqi_3_11				wq_虚弱触发01		右武器绑定点	0	0	0	1	0		大燕韵章：已降低一个目标的内外功攻击1923	-1	0	1	1	
1228	1228	2000	Shenqi_3_11				wq_破绽触发01		右武器绑定点	0	0	0	1	0		大燕韵章：已降低一个目标的内外功防御1923	-1	0	1	1	
1229	1229	2000	Shenqi_3_11				wq_虚弱触发01		右武器绑定点	0	0	0	1	0		大燕韵章：已降低一个目标的内外功攻击2400	-1	0	1	1	
1230	1230	2000	Shenqi_3_11				wq_破绽触发01		右武器绑定点	0	0	0	1	0		大燕韵章：已降低一个目标的内外功防御2400	-1	0	1	1	
1231	1231	1000	Huodong_3_6				buff_七夕_01		身体中心点	1	0	0	1	0		公主光环：增加人物所有属性20点，持续5小时。	-1	0	1	1	
1232	99	1400	RideHeader4_6							0	0	0	1	0		坐骑：熊猫	99	0	1	1	
1233	99	1400	RideHeader4_7							0	0	0	1	0		坐骑：雷刃兽	99	0	1	1	
1234	99	1400	RideHeader4_8							0	0	0	1	0		坐骑：赤魅鹰	99	0	1	1	
1235	99	1400	RideHeader4_9							0	0	0	1	0		坐骑：暗魅鹰	99	0	1	1	
1236	99	1400	RideHeader4_10							0	0	0	1	0		坐骑：紫魅鹰	99	0	1	1	
1238	1238	1000	Huodong_4_10							0	0	0	1	0		世界蹴鞠大赛：感受世界蹴鞠大赛，所有属性增加20点	-1	0	1	1	
1266	231	90499	Necklace2_15							1	0	0	0	0		重楼遮目：攻击时有2%几率震慑敌人的魂魄，使之失明，持续20秒，失明不可解	0	-1	-1	1	1	-1	-1	-1	-1	0	0
1267	17	87499	Buff0_13				g01_em_buff38		头顶状态点	0	0	1	0	0		失明：随机移动，操作不能，可被攻击，无法被打醒	0	-1	-1	1	1	-1	-1	-1	-1	0	0
1268	232	90499	Necklace2_15							1	0	0	0	0		真·重楼链：攻击时有3%几率震慑敌人的魂魄，使之失明，持续25秒，失明不可解	0	-1	-1	1	1	-1	-1	-1	-1	0	0
1275	99	2200	RideHeader5_12							0	0	0	1	0		坐骑：赤麟白泽。您已激活的坐骑中最高移动速度+80%。	99	0	1	1	
1276	99	2200	RideHeader5_13							0	0	0	1	0		坐骑：青麟白泽。您已激活的坐骑中最高移动速度+80%。	99	0	1	1	
1300	99	1400	RideHeader3_16							0	0	0	1	0		坐骑：巴天虎	99	0	1	1	
1301	99	1400	RideHeader4_4							0	0	0	1	0		坐骑：飞龙椅	99	0	1	1	
1302	99	1400	RideHeader4_1							0	0	0	1	0		坐骑：羚羊	99	0	1	1	
1303	99	1400	RideHeader4_2							0	0	0	1	0		坐骑：雪羚羊	99	0	1	1	
1304	99	1400	RideHeader4_3							0	0	0	1	0		坐骑：幽光羚	99	0	1	1	
1305	1305	1000	FightSkillMantuo_3							0	0	0	1	0		望穿秋水：增加命中	-1	0	1	1	
1306	100	1000	FightSkillMurong1_2				m01_gs_陌上行_buff		身体受击点	0	0	0	1	0		陌上行：增加移动速度	-1	0	1	1	
1307	13	1000	FightSkillMantuo_6				hj_曼陀山庄_醉花芳菲时麻痹buff		脚下光圈点	0	1	1	0	0		醉花·芳菲时：麻痹，移动不能，操作不能，可被攻击，无法被打醒	-1	0	1	1	
1308	1308	1000	FightSkillMantuo_7							0	0	0	1	0		天风环佩：增加身法	-1	0	1	1	
1309	1309	1000	FightSkillMurong_3							0	1	1	0	0		重云掩日：虚弱，降低体力、定力	-1	0	1	1	
1310	1310	1000	FightSkillMurong_9							0	1	1	0	0		心剑交融：破绽，降低防御	-1	0	1	1	
1311	1311	1000	FightSkillMurong_6							0	1	1	0	0		蓄云欲雨：降低攻击	-1	0	1	1	
1312	1312	1000	FightSkillMurong1_15				m01_gs_心剑交融_buff		身体受击点	0	1	1	0	0		借力：从受到的攻击借力，可以使用技能借力返施。	-1	0	1	1	
1313	1313	7500	FightSkillMantuo1_4							0	0	0	1	0		风入松：免疫封穴	-1	0	1	1	
1314	1314	1000	FightSkillMurong1_13				m01_gs_蓄云欲雨_buff		身体受击点	0	0	0	1	0		蓄气（围困）：使用技能彼行我释会产生围困效果	-1	0	1	1	
1315	1314	1000	FightSkillMurong2_1				m01_gs_蓄云欲雨_buff		身体受击点	0	0	0	1	0		蓄气（封穴）：使用技能彼行我释会产生封穴效果	-1	0	1	1	
1316	1314	1000	FightSkillMurong1_16				m01_gs_蓄云欲雨_buff		身体受击点	0	0	0	1	0		蓄气（昏睡）：使用技能彼行我释会产生昏睡效果	-1	0	1	1	
1317	1314	1000	FightSkillMurong2_2				m01_gs_蓄云欲雨_buff		身体受击点	0	0	0	1	0		蓄气（失明）：使用技能彼行我释会产生失明效果	-1	0	1	1	
1318	1314	1000	FightSkillMurong1_14				m01_gs_蓄云欲雨_buff		身体受击点	0	0	0	1	0		蓄气（定身）：使用技能彼行我释会产生定身效果	-1	0	1	1	
1319	1314	1000	FightSkillMurong1_12				m01_gs_蓄云欲雨_buff		身体受击点	0	0	0	1	0		蓄气（散功）：使用技能彼行我释会产生散功效果	-1	0	1	1	
1320	11	1000	Buff0_7		Skills\Common\rock_huge_1.wav		g01_buff12		脚下光圈点	0	1	1	0	0		彼行我释（围困）：移动不能，操作不能，不可被攻击	-1	0	1	1	
1321	13	1000	Buff0_9	all_bj0000		身体受击点	buff_fengxue_01		身体受击点	0	1	1	0	0		彼行我释（封穴）：移动不能，操作不能，可被攻击，无法被打醒	-1	0	1	1	
1322	15	1000	Buff0_11				buff_hunmi_01		头顶状态点	0	1	1	0	0		彼行我释（昏睡）：移动不能，操作不能，可被攻击，可被打醒	-1	0	1	1	
1323	17	1000	Buff0_13				g01_em_buff38		头顶状态点	0	1	1	0	0		彼行我释（失明）：随机移动，操作不能，可被攻击，无法被打醒	-1	0	1	1	
1324	19	1000	Buff0_15		Skills\Sl\Sl_金刚伏魔圈_定身.wav		g01_buff27		脚下光圈点	0	1	1	0	0		彼行我释（定身）：定身状态下可以攻击，但无法移动	-1	0	1	1	
1325	21	1000	Buff0_16				buff_sangong_01		脚下光圈点	0	1	1	0	0		彼行我释（散功）：无法使用任何门派技能	-1	0	1	1	
1326	126	1000	FightSkillMantuo_13							1	0	0	1	0		抱香枝头：防御状态，获得怒气、曼陀花恢复速度增加	-1	0	1	1	
1327	126	1000	FightSkillMantuo1_1							1	0	0	1	0		一曲春晓：攻击状态，增加会心，玄音曲技能对目标造成伤害时获得曼陀花的概率提高	-1	0	1	1	
1328	1328	8500	FightSkillMurong1_1				m01_gs_七霞映日_buff		身体中心点	0	0	0	1	0		七霞映日：剑阵，降低自己及周围队友受到的伤害。	-1	0	1	1	
1329	1329	8500	FightSkillMurong1_1							0	0	0	1	0		七霞映日：免伤，降低自己受到伤害的5%。	-1	0	1	1	
1330	1330	1000	FightSkillMurong2_4							0	0	0	1	0		力至潜释：被攻击时有几率激发加速效果	-1	0	1	1	
1331	100	1000	FightSkillMurong2_5				m01_gs_陌上行_buff		身体受击点	0	0	0	1	0		加速：增加移动速度50%	-1	0	1	1	
1332	21	1000	FightSkillMantuo_16				hj_曼陀山庄_如梦令debuff		脚下光圈点	0	1	1	0	0		如梦令：失明，随机移动，操作不能，可被攻击，无法被打醒	-1	0	1	1	
1333	99	1400	RideHeader4_5							0	0	0	1	0		坐骑：火焰貂	99	0	1	1	
1334	1334	1000	Buff12_16							1	0	0	0	0		追忆屈原：答题错误，等待片刻后方可继续使用端午踏青指南。	-1	0	1	1	
1335	1335	200	Buff5_1							0	0	0	1	0		强力隐身	-1	0	1	1	
1336	1336	501	Buff7_6				boss_飘渺峰乌老大buff疯狂		身体中心点	1	0	0	0	0		疯狂：极大的提高移动速度和伤害	-1	0	1	1	
1337	1337	1000	Buff10_10							1	0	0	1	0		激活财富卡的专属光环，增加所有属性20点	-1	0	1	1	
1338	1338	7000	CommonNPCHeader35_23							0	0	0	1	0		正在进行舞狮巡演	-1	0	1	1	
1339	1339	7000	CommonNPCHeader48_5							0	0	0	1	0		化龙：30分钟内可维持龙身，使用特殊技能。	-1	0	1	1	
1340	1340	1000	Buff17_11							0	0	1	0	0		心慌慌：受到惊吓后愣在原地，一时间动弹不得！	-1	0	1	1	
1341	106	7000	Test_1							0	0	0	0	0		免疫控制技能	-1	0	1	1	
1343	334	2160	Test_1							0	0	0	1	0		定身：不能移动	-1	0	1	1	
1344	1228	2160	Test_1							0	0	0	0	0		定身：不能移动	-1	0	1	1	
1345	100	1000	Buff7_6				m01_gs_陌上行_buff		身体受击点	0	0	0	1	0		您成功探查到线索！想到进展如此顺利，不由得脚下生风，触发了1分钟的疾行。	-1	0	1	1	
1346	100	1000	CommonNPCHeader55_3							0	0	0	0	0		您已换装为勘案书生，现请由任务日志或任务追踪查看相关地点，并前往探查	-1	0	1	1	
1347	100	1	HuoDongSkill6_3				buff_恶人谷预热_臭鸡蛋特效		脚下光圈点	1	0	0	0	0		被丢了臭鸡蛋，霉霉霉！	-1	0	1	1	
1348	100	1					宋辽大战_战场胜利		身体中心点	1	0	0	0	0			-1	0	1	1	
1349	100	1000	CommonNPCHeader55_1							0	0	0	1	0		您已换上恶人谷装扮！现请由任务日志或任务追踪查看相关地点，前往追凶！	-1	0	1	1	
1350	100	1000	CommonNPCHeader55_2							0	0	0	1	0		您已换上恶人谷装扮！现请由任务日志或任务追踪查看相关地点，前往追凶！	-1	0	1	1	
1380	1233	10	Test_1				宋辽大战_战场胜利		身体中心点	0	0	0	1	0		宋辽战场胜利	-1	0	1	1	
1381	1233	10	Test_1				宋辽大战_战场失败		身体中心点	0	0	0	1	0		宋辽战场失败	-1	0	1	1	
1672	336	7000	ChessIcon_15							1	0	0	0	0		黄金马鞍：增加骑乘时的移动速度	-1	0	1	1	
1685	1685	7000	JD_CircularTaskTool20_16							1	0	0	0	0		玄灵丹：2小时内人物获得经验变为平常的2倍。此时使用天灵丹，可使人物获得经验变为平常的4倍；此时使用小灵丹可使人物获得经验变为平常的3倍。玄灵丹不会影响珍兽获得经验的效率，不可以和小玄灵丹同时使用。											
1836	1836	1	TaskTools14_16							0	0	0	1	0		冬青的祝福：只为了给亲爱的你，所有美丽的祝福。获得全属性+10	-1	0	1	1	
2048	99	2200	RideHeader6_16							0	0	0	1	0		坐骑：黑天马。您已激活的坐骑中最高移动速度+85%。	99	0	1	1	
2401	2401	160	Flower_15				yanhua_蓝色妖姬		脚下光圈点	0	0	0	1	0		蓝色妖姬：爱的宣言	-1	0	1	1	
2564	2564	2000	PetSkill5_8							0	0	0	0	0		洞察入微：能够侦破隐形单位	-1	0	1	1	
2603	826	499	Shoulder2_16				buff_重楼霸体		身体中心点	1	0	0	0	0		重楼霸体：伤害减免5%，免疫控制几率加5%											
2604	826	499	Shoulder2_16				buff_重楼霸体		身体中心点	1	0	0	0	0		真·重楼肩：伤害减免10%，免疫控制几率加5%											
2684	2684	499	NewCloth5_6				buff_重楼遁甲		身体中心点	0	0	0	1	0		重楼遁甲：提高血上限#G5%#I	-1	0	1	1	
2685	2684	499	NewCloth5_6				buff_重楼遁甲		身体中心点	0	0	0	1	0		真·重楼遁甲：提高血上限#G15%#I	-1	0	1	1	
2711	2711	8000	Buff18_1							1	0	0	0	0		观战中	-1	0	1	1	
2766	2766	100	CircularTaskTool55_8				场景_npc大锅_小火		脚下光圈点	1	0	0	1	0		小火：目前为#G小火#Y，用来煮#G芝麻元宵#Y最好不过了	-1	0	1	1	
2767	2767	100	CircularTaskTool55_9				场景_npc大锅_中火		脚下光圈点	1	0	0	1	0		中火：目前为#G中火#Y，用来煮#G枣泥元宵#Y最好不过了	-1	0	1	1	
2768	2768	100	CircularTaskTool55_2				场景_npc大锅_大火		脚下光圈点	1	0	0	1	0		大火：目前为#G大火#Y，用来煮#G五仁元宵#Y最好不过了	-1	0	1	1	
2769	2769	100	CircularTaskTool55_3				场景_npc大锅_沸腾		脚下光圈点	1	0	0	1	0		沸腾：目前为#G沸腾#Y，用来煮#G鲜肉元宵#Y最好不过了	-1	0	1	1	
2772	269	10	Huodong_10_13	g01_buff108		脚下光圈点				0	0	0	1	0		财神爷的变形术：你中了财神留下的变身小法术，右键点击图标可以取消变身效果。	-1	0	1	1	
2994	99	2200	RideHeader8_8							0	0	0	1	0		坐骑：云霄羽翼。您已激活的坐骑中最高移动速度+85%。	99	0	1	1	
2998	2998	10	MakeMaterial8_16				g01_buff_圣诞礼盒01		脚下光圈点	0	0	0	0	0		圣诞雪球：哎呀！谁拿雪球丢我？增加所有属性各10点	-1	0	1	1	
3200	3200	20	Buff21_8						脚下光圈点	0	0	0	0	0		与心爱之人一同为爱情祈愿。	-1	0	1	1	
3201	3201	20	Buff21_8						脚下光圈点	0	0	0	0	0		与心爱之人一同为爱情祈愿。	-1	0	1	1	
3202	3202	20	Buff21_8						脚下光圈点	0	0	0	0	0		与心爱之人一同为爱情祈愿。	-1	0	1	1	
3494	3494	2200	RideHeader9_11							0	0	0	1	0		坐骑：憨宝熊。您已激活的坐骑中最高移动速度+80%。	99	0	1	1	
3495	3495	10	Buff26_4							1	0	0	0	0		重返江湖：可前往英雄归来界面，领取英雄归来礼馈，参与江湖告令活动。	-1	0	1	1	
3496	3496	2200	RideHeader6_14							0	0	0	1	0		坐骑：天河灵鹊。您已激活的坐骑中最高移动速度+80%。	99	0	1	1	
3497	3497	2200	RideHeader9_5							0	0	0	1	0		坐骑：梦灵仙驹。您已激活的坐骑中最高移动速度+85%。	99	0	1	1	
3506	3506	9600	Buff24_13							1	0	0	0	0		前世牵绊：您已成功申请移民，在本次移民完成前，您不可进行如下操作：创建或加入帮会、结婚或离婚、结拜、拜师、收徒、在元宝交易市场出售道具、在金币元宝寄售处寄售元宝、建立或盘入商铺、成为商铺合作伙伴、单人或组队繁殖珍兽、改名、删除角色。	-1	1	1	1	
3726	269	7001	Buff5_9	g01_buff108		脚下光圈点				0	0	0	0	0		哎呀！聪明如我，居然也会猜错！	-1	0	1	1	
3727	269	7001	Buff5_9	g01_buff108		脚下光圈点				0	0	0	0	0		哎呀！聪明如我，居然也会猜错！	-1	0	1	1	
3728	269	7001	Buff5_9	g01_buff108		脚下光圈点				0	0	0	0	0		哎呀！聪明如我，居然也会猜错！	-1	0	1	1	
3729	269	7001	Buff5_9	g01_buff108		脚下光圈点				0	0	0	0	0		哎呀！聪明如我，居然也会猜错！	-1	0	1	1	
3730	269	7001	Buff5_9	g01_buff108		脚下光圈点				0	0	0	0	0		哎呀！聪明如我，居然也会猜错！	-1	0	1	1	
3731	3731	2200	RideHeader5_1							0	0	0	1	0		坐骑：江南锁甲马。您已激活的坐骑中最高移动速度+80%。	99	0	1	1	
3732	3732	2200	RideHeader5_2							0	0	0	1	0		坐骑：大漠金戈马。您已激活的坐骑中最高移动速度+80%。	99	0	1	1	
3733	3733	2000	Buff13_8				HJ_buff宋辽大战_宋		凤凰战旗绑定点	0	0	0	0	0		宋军战旗：持有战旗者，处于解封的祭坛附近时，将会为宋军夺取该祭坛的四象之力。	-1	1	1	1	
3734	3734	2000	Buff13_8				HJ_buff宋辽大战_宋A		凤凰战旗绑定点	0	0	0	0	0		宋军战旗：持有战旗者，处于解封的祭坛附近时，将会为宋军夺取该祭坛的四象之力。	-1	1	1	1	
3735	3735	2000	Buff13_8				HJ_buff宋辽大战_宋A		凤凰战旗绑定点	0	0	0	0	0		宋军战旗：持有战旗者，处于解封的祭坛附近时，将会为宋军夺取该祭坛的四象之力。	-1	1	1	1	
3736	3736	2000	Buff13_8				HJ_buff宋辽大战_宋A		凤凰战旗绑定点	0	0	0	0	0		宋军战旗：持有战旗者，处于解封的祭坛附近时，将会为宋军夺取该祭坛的四象之力。	-1	1	1	1	
3737	3737	2000	Buff13_8				HJ_buff宋辽大战_宋B		凤凰战旗绑定点	0	0	0	0	0		宋军战旗：持有战旗者，处于解封的祭坛附近时，将会为宋军夺取该祭坛的四象之力。	-1	1	1	1	
3738	3738	2000	Buff13_8				HJ_buff宋辽大战_宋B		凤凰战旗绑定点	0	0	0	0	0		宋军战旗：持有战旗者，处于解封的祭坛附近时，将会为宋军夺取该祭坛的四象之力。	-1	1	1	1	
3739	3739	2000	Buff13_8				HJ_buff宋辽大战_宋B		凤凰战旗绑定点	0	0	0	0	0		宋军战旗：持有战旗者，处于解封的祭坛附近时，将会为宋军夺取该祭坛的四象之力。	-1	1	1	1	
3740	3740	2000	Buff13_8				HJ_buff宋辽大战_宋C		凤凰战旗绑定点	0	0	0	0	0		宋军战旗：持有战旗者，处于解封的祭坛附近时，将会为宋军夺取该祭坛的四象之力。	-1	1	1	1	
3741	3741	2000	Buff13_8				HJ_buff宋辽大战_宋C		凤凰战旗绑定点	0	0	0	0	0		宋军战旗：持有战旗者，处于解封的祭坛附近时，将会为宋军夺取该祭坛的四象之力。	-1	1	1	1	
3742	3742	2000	Buff13_8				HJ_buff宋辽大战_宋C		凤凰战旗绑定点	0	0	0	0	0		宋军战旗：持有战旗者，处于解封的祭坛附近时，将会为宋军夺取该祭坛的四象之力。	-1	1	1	1	
3743	3743	2000	Buff13_8				HJ_buff宋辽大战_宋D		凤凰战旗绑定点	0	0	0	0	0		宋军战旗：持有战旗者，处于解封的祭坛附近时，将会为宋军夺取该祭坛的四象之力。	-1	1	1	1	
3744	3744	2000	Buff13_9				HJ_buff宋辽大战_辽		凤凰战旗绑定点	0	0	0	0	0		辽军战旗：持有战旗者，处于解封的祭坛附近时，将会为辽军夺取该祭坛的四象之力。	-1	1	1	1	
3745	3745	2000	Buff13_9				HJ_buff宋辽大战_辽A		凤凰战旗绑定点	0	0	0	0	0		辽军战旗：持有战旗者，处于解封的祭坛附近时，将会为辽军夺取该祭坛的四象之力。	-1	1	1	1	
3746	3746	2000	Buff13_9				HJ_buff宋辽大战_辽A		凤凰战旗绑定点	0	0	0	0	0		辽军战旗：持有战旗者，处于解封的祭坛附近时，将会为辽军夺取该祭坛的四象之力。	-1	1	1	1	
3747	3747	2000	Buff13_9				HJ_buff宋辽大战_辽A		凤凰战旗绑定点	0	0	0	0	0		辽军战旗：持有战旗者，处于解封的祭坛附近时，将会为辽军夺取该祭坛的四象之力。	-1	1	1	1	
3748	3748	2000	Buff13_9				HJ_buff宋辽大战_辽B		凤凰战旗绑定点	0	0	0	0	0		辽军战旗：持有战旗者，处于解封的祭坛附近时，将会为辽军夺取该祭坛的四象之力。	-1	1	1	1	
3749	3749	2000	Buff13_9				HJ_buff宋辽大战_辽B		凤凰战旗绑定点	0	0	0	0	0		辽军战旗：持有战旗者，处于解封的祭坛附近时，将会为辽军夺取该祭坛的四象之力。	-1	1	1	1	
3750	3750	2000	Buff13_9				HJ_buff宋辽大战_辽B		凤凰战旗绑定点	0	0	0	0	0		辽军战旗：持有战旗者，处于解封的祭坛附近时，将会为辽军夺取该祭坛的四象之力。	-1	1	1	1	
3751	3751	2000	Buff13_9				HJ_buff宋辽大战_辽C		凤凰战旗绑定点	0	0	0	0	0		辽军战旗：持有战旗者，处于解封的祭坛附近时，将会为辽军夺取该祭坛的四象之力。	-1	1	1	1	
3752	3752	2000	Buff13_9				HJ_buff宋辽大战_辽C		凤凰战旗绑定点	0	0	0	0	0		辽军战旗：持有战旗者，处于解封的祭坛附近时，将会为辽军夺取该祭坛的四象之力。	-1	1	1	1	
3753	3753	2000	Buff13_9				HJ_buff宋辽大战_辽C		凤凰战旗绑定点	0	0	0	0	0		辽军战旗：持有战旗者，处于解封的祭坛附近时，将会为辽军夺取该祭坛的四象之力。	-1	1	1	1	
3754	3754	2000	Buff13_9				HJ_buff宋辽大战_辽D		凤凰战旗绑定点	0	0	0	0	0		辽军战旗：持有战旗者，处于解封的祭坛附近时，将会为辽军夺取该祭坛的四象之力。	-1	1	1	1	
3756	3756	7000	Buff13_6							0	0	0	0	0		唯恐内功：梵体无视属性伤害和大量外功伤害，但是受到多倍内功伤害。	-1	0	1	1	
3757	3757	7000	Buff13_3							0	0	0	0	0		唯恐外功：梵修无视属性伤害和大量内功伤害，但是受到多倍外功伤害。	-1	0	1	1	
3761	3761	7001	CommonNPCHeader31_21							0	0	0	0	0		已经伪装成山庄家丁	-1	0	1	1	
3762	3762	7000	CircularTaskTool17_2							0	0	0	1	0		已经伪装成乔峰。	-1	0	1	1	
3763	3763	7000	CircularTaskTool17_2							0	0	0	1	0		已经伪装成段誉。	-1	0	1	1	
3764	3764	7000	CircularTaskTool17_2							0	0	0	1	0		已经伪装成虚竹。	-1	0	1	1	
3765	3765	7000	CircularTaskTool17_2							0	0	0	1	0		已经伪装成慕容复。	-1	0	1	1	
3766	3766	7000	CircularTaskTool17_2							0	0	0	1	0		已经伪装成鸠摩智。	-1	0	1	1	
3767	3767	7000	CircularTaskTool17_2							0	0	0	1	0		已经伪装成段延庆。	-1	0	1	1	
3768	3768	7000	CircularTaskTool17_3							0	0	0	1	0		已经伪装成阿朱。	-1	0	1	1	
3769	3769	7000	CircularTaskTool17_3							0	0	0	1	0		已经伪装成王语嫣。	-1	0	1	1	
3770	3770	7000	CircularTaskTool17_3							0	0	0	1	0		已经伪装成西夏公主。	-1	0	1	1	
3771	3771	7000	CircularTaskTool17_3							0	0	0	1	0		已经伪装成叶二娘。	-1	0	1	1	
3772	3772	7000	CircularTaskTool17_3							0	0	0	1	0		已经伪装成阿紫。	-1	0	1	1	
3773	3773	7000	CircularTaskTool17_3							0	0	0	1	0		已经伪装成钟灵。	-1	0	1	1	
3774	3774	7000	CommonNPCHeader31_22							0	0	0	0	0		已经伪装成残党。	-1	0	1	1	
3775	3775	5010	Buff10_2							1	0	0	0	0		阴阳眼	-1	0	1	1	
3776	3776	1000	Buff4_16							0	0	0	0	0		无敌三秒	-1	0	1	1	
3778	3778	1000	Buff13_5				boss_契丹力士_锁链_2021测试		头顶状态点	0	0	0	0	1	身体中心点	聚力锁链：已被锁链控制住，无法进行任何行动。	-1	0	1	1	
3779	3779	1000	Buff13_2				hj_boss傀儡师17_梦魇buffA		脚下光圈点	0	0	1	0	0		梦魇：神志被困于梦魇之中，生命不断流失！	-1	0	1	1	
3780	3780	1000	Buff13_7				hj_boss傀儡师17_紫毒雾buffA		身体中心点	0	0	0	0	0		毒瘴：已中黑色毒瘴，快进入黑色区域	-1	0	1	1	
3781	3781	1000	Buff13_4				hj_boss傀儡师17_青毒雾buffA		身体中心点	0	0	0	0	0		煞气：已中红色煞气，快进入红色区域	-1	0	1	1	
3782	3782	2200	RideHeader4_11							0	0	0	1	0		坐骑：绝地。您已激活的坐骑中最高移动速度+80%。	99	0	1	1	
3783	3783	1000	Buff13_10				boss_密探召唤师17_指示狼		脚下光圈点	0	0	0	0	0		狩猎：您已被白狼魂锁定，请尽快远离白狼魂	-1	0	1	1	
3784	3784	100	CircularTaskTool17_9							1	0	0	0	0		灵蚕培育期：灵蚕开始蚕食桑叶，即将成为初成灵蚕。	-1	0	1	1	
3785	3785	200	CircularTaskTool17_10							1	0	0	0	0		灵蚕成长期：灵蚕已蚕食部分桑叶，即将成为茁壮灵蚕。	-1	0	1	1	
3786	3786	300	CircularTaskTool17_11							1	0	0	0	0		灵蚕成熟期：灵蚕已蚕食大量桑叶，即将成为成熟灵蚕。	-1	0	1	1	
3787	3787	9999	PetSkill4_2				cw_shengyou		头顶状态点	0	0	0	0	0		迷雾保护：无敌、使用技能后保护消失	-1	0	1	1	
3788	3788	7000	CommonNPCHeader18_24							0	0	0	1	0		您处于变身秦马车状态，请在变身结束前寻找到4朵秦岁向阳并返回秦陆处。	-1	0	1	1	
3789	3789	1000	Buff13_14							0	0	0	1	0		马车经过疾风区域，获得80%的加速效果。	-1	0	1	1	
3790	3790	1000	Buff13_11				buff_秦驰道_蝴蝶_少		马车伞特效点	0	0	0	0	0		获得了一层蝶恋效果，结束时完成时间减少5s	-1	0	1	1	
3791	3791	1000	Buff13_12				buff_秦驰道_蝴蝶_中		马车伞特效点	0	0	0	0	0		获得了一层蝶恋效果，结束时完成时间减少10s	-1	0	1	1	
3792	3792	1000	Buff13_13				buff_秦驰道_蝴蝶_多		马车伞特效点	0	0	0	0	0		获得了一层蝶恋效果，结束时完成时间减少15s	-1	0	1	1	
3793	3793	2200	RideHeader4_12							0	0	0	1	0		坐骑：蹑景。您已激活的坐骑中最高移动速度+80%。	99	0	1	1	
3794	3794	2200	RideHeader4_13							0	0	0	1	0		坐骑：六合舆。您已激活的坐骑中最高移动速度+80%。	99	0	1	1	
3795	3795	8000	Buff5_1							0	0	0	0	0		隐身	-1	0	1	1	
3796	3796	1000	FabaoSkill_5				npc_秦驰道马车_疾跑		脚下光圈点	0	0	0	1	0		获得80%的加速效果，持续8秒，冷却时间10秒	-1	1	1	1	
3797	3797	1000	FightSkillTianShan_4				buff_秦驰道_风旋圈		脚下光圈点	0	0	0	0	0		特效	-1	0	1	1	
3798	3798	1000	FightSkillTianShan_4				buff_秦驰道_蝴蝶圈		脚下光圈点	0	0	0	0	0		特效	-1	0	1	1	
3799	3799	1000	Buff0_9	all_bj0000		身体受击点	buff_fengxue_01		身体受击点	0	1	1	0	0		天子之怒：移动不能，操作不能，可被攻击，无法被打醒	-1	0	1	1	
3800	3800	7000	CircularTaskTool83_10							0	0	0	1	0		您处于变身秦马车状态，不能使用门派加速技能。	-1	0	1	1	
3801	3801	1450	CommonNPCHeader32_18							0	0	0	1	0		瑞兽庇佑：您处于瑞兽庇佑状态，可帮助他人增加投食成功率。	-1	0	1	1	
3802	3802	2200	RideHeader4_14							0	0	0	1	0		坐骑：渡情。您已激活的坐骑中最高移动速度+80%。	99	0	1	1	
3804	3804	7500	Buff13_15							1	0	0	0	0		四象保护：击败处于保护时间内的玩家，无法获得四象之力。	-1	0	1	1	
3805	3805	1000	CircularTaskTool84_11				buff_鹊桥仙_npc喜鹊环绕_A		脚下光圈点	0	0	0	0	0		鹊桥	-1	0	1	1	
3806	3806	1000	Buff26_1				buff_女神节_海棠花_泛崇光		脚下光圈点	0	0	0	0	0		增加全属性60点。	-1	0	1	1	
3807	3807	1000	Buff26_2				buff_女神节_海棠花_繁锦梦		脚下光圈点	0	0	0	0	0		增加全属性120点。	-1	0	1	1	
3808	3808	1000	CircularTaskTool3_11				hj_主角_参悟A		脚下光圈点	0	0	0	0	0		参悟	-1	0	1	1	
3809	3809	1000	Buff1_1	g01_yanggetianjun		身体受击点	g01_buff100		脚下光圈点	0	1	1	0	0		僵硬：移动速度减慢	-1	0	1	1	
3810	3810	1000	Buff0_13				g01_em_buff38		头顶状态点	0	1	1	0	0		失明：随机移动，操作不能，可被攻击，无法被打醒	-1	0	1	1	
3811	3811	1000	Buff0_2				boss_虹七娘17_毒雾_debuff		身体受击点	0	1	1	0	0		中毒：持续掉血	-1	0	1	1	
3812	3812	1000	Buff0_5				boss_虹七娘17_毒雾_debuff		身体受击点	0	1	1	0	0		腐蚀：持续掉血	-1	0	1	1	
3813	3813	9999	Buff0_1							1	0	0	0	0		禅武印：伏虎拳命中可触发XXXXX	-1	0	1	1	
3814	3814	9999	Buff0_2							1	0	0	0	0		法身印：受到一定伤害时获得护盾，同时清除所有的负面状态	-1	0	1	1	
3815	3815	9999	Buff0_3							1	0	0	0	0		不死不休：选择明教天罗流派获得的主动技能	-1	0	1	1	
3816	3816	9999	Buff0_4							1	0	0	0	0		怒焰焚世：增加伤害，增加会心	-1	0	1	1	
3817	3817	9999	Buff0_6							1	0	0	0	0		且醉且狂：消耗连击段单体技能伤害增加，控鹤式技能暴击概率获得连击段	-1	0	1	1	
3818	3818	9999	Buff0_5							1	0	0	0	0		杀破狼：群体伤害技能伤害增加，擒龙式降低命中效果翻倍	-1	0	1	1	
3819	3819	9999	Buff0_5							1	0	0	0	0		海纳川行诀：流星赶月气消耗降低，挑帘式增加气翻倍	-1	0	1	1	
3820	3820	9999	Buff0_6							1	0	0	0	0		七步登云庭：释放群体技能后，5秒内移动达到7米可获得踏岳和携霆状态	-1	0	1	1	
3821	3821	9999	Buff0_7							1	0	0	0	0		医者仁心：清心普善咒和冲虚养气对其他玩家目标释放有概率清除延年益寿冷却	-1	0	1	1	
3822	3822	9999	Buff0_8							1	0	0	0	0		琵琶声停：昭君出塞额外给目标1个减速状态，若目标已有减速效果则给目标1个定身状态。昭君出塞伤害降低。	-1	0	1	1	
3823	3823	9999	Buff0_9							1	0	0	0	0		冥星照顶：选择星宿寒冥流派获得的主动技能	-1	0	1	1	
3824	3824	9999	Buff0_10							1	0	0	0	0		巫蛊降厄：蓝砂手概率清除含笑半步颠或毒蟾功冷却	-1	0	1	1	
3825	3825	9999	Buff0_11							1	0	0	0	0		化乾转坤：百步穿杨可获得状态化乾转坤	-1	0	1	1	
3826	3826	9999	Buff0_12							1	0	0	0	0		谒天应行：正阳手有概率触发扣冰、业火、玄虚、邪毒4种状态中的一种	-1	0	1	1	
3827	3827	9999	TalentSkillTianShan2_4							1	0	0	0	0		寒芒乍现：增加命中，提升凤舞九天伤害。	-1	0	1	1	
3828	3828	9999	Buff0_14							1	0	0	0	0		匿影绝杀：隐身后获得状态匿影绝杀	-1	0	1	1	
3829	3829	9999	Buff0_15							1	0	0	0	0		飞星晔夜：落英剑有概率获得状态点星；凌波微步可获得状态骋风	-1	0	1	1	
3830	3830	9999	Buff0_16							1	0	0	0	0		欺烟困雨：落英剑有概率获得状态诡道；画地为牢命中必定获得诡道状态	-1	0	1	1	
3831	3831	1000	TalentSkillShaoLin2_2							1	0	0	0	0		禅武印：每3次门派技能伤害附带一次直接伤害	-1	0	1	1	
3832	3832	1000	TalentSkillShaoLin2_5							1	0	0	0	0		法身印：累加所受伤害	-1	0	1	1	
3833	3833	1000	TalentSkillMingJiao2_2							1	0	0	0	0		不死不休：增加命中	-1	0	1	1	
3834	3834	1000	TalentSkillTianShan2_5							1	0	0	0	0		匿影绝杀：大幅增强下个对玩家造成伤害的单体技能	-1	0	1	1	
3835	3835	1000	TalentSkillTianShan2_5							1	0	0	0	0		绝杀：增加会心一击率	-1	0	1	1	
3836	3836	1000	TalentSkillGaiBang2_1							1	1	1	0	0		烟锁迷阵：僵硬，降低移动速度	-1	0	1	1	
3837	3837	1000	TalentSkillTianLong2_3							1	1	1	0	0		飞光不附：僵硬，移动速度减慢	-1	0	1	1	
3838	3838	1000	TalentSkillXiaoYao_1							1	1	1	0	0		蔽日吞天：定身状态下可以攻击，但无法移动	-1	0	1	1	
3839	3839	1100	TalentSkillXiaoYao_1							1	1	1	0	0		蔽日吞天：定身状态下可以攻击，但无法移动	-1	0	1	1	
3840	3840	1200	TalentSkillXiaoYao_1							1	1	1	0	0		蔽日吞天：定身状态下可以攻击，但无法移动	-1	0	1	1	
3841	3841	1300	TalentSkillXiaoYao_1							1	1	1	0	0		蔽日吞天：定身状态下可以攻击，但无法移动	-1	0	1	1	
3842	3842	1400	TalentSkillXiaoYao_1							1	1	1	0	0		蔽日吞天：定身状态下可以攻击，但无法移动	-1	0	1	1	
3843	3843	1000	TalentSkillWuDang_6							0	0	0	1	0		罡风袭月：增加移动速度	-1	0	1	1	
3844	3844	1100	TalentSkillWuDang_6							0	0	0	1	0		罡风袭月：增加移动速度	-1	0	1	1	
3845	3845	1200	TalentSkillWuDang_6							0	0	0	1	0		罡风袭月：增加移动速度	-1	0	1	1	
3846	3846	1300	TalentSkillWuDang_6							0	0	0	1	0		罡风袭月：增加移动速度	-1	0	1	1	
3847	3847	1400	TalentSkillWuDang_6							0	0	0	1	0		罡风袭月：增加移动速度	-1	0	1	1	
3848	3848	1000	TalentSkillMingJiao_1							0	0	0	1	0		步步为营：增加命中	-1	0	1	1	
3849	3849	1100	TalentSkillMingJiao_1							0	0	0	1	0		步步为营：增加命中	-1	0	1	1	
3850	3850	1200	TalentSkillMingJiao_1							0	0	0	1	0		步步为营：增加命中	-1	0	1	1	
3851	3851	1300	TalentSkillMingJiao_1							0	0	0	1	0		步步为营：增加命中	-1	0	1	1	
3852	3852	1400	TalentSkillMingJiao_1							0	0	0	1	0		步步为营：增加命中	-1	0	1	1	
3853	3853	1000	TalentSkillEmei_15							0	1	1	0	0		幽咽泉流：降低移动速度	-1	0	1	1	
3854	3854	1100	TalentSkillEmei_15							0	1	1	0	0		幽咽泉流：降低移动速度	-1	0	1	1	
3855	3855	1200	TalentSkillEmei_15							0	1	1	0	0		幽咽泉流：降低移动速度	-1	0	1	1	
3856	3856	1300	TalentSkillEmei_15							0	1	1	0	0		幽咽泉流：降低移动速度	-1	0	1	1	
3857	3857	1400	TalentSkillEmei_15							0	1	1	0	0		幽咽泉流：降低移动速度	-1	0	1	1	
3858	3858	1000	TalentSkillXingXiu_14	g01_xx_sf_zdo_蝎尾针		身体受击点	g01_xx_sf_zt_蝎尾针		脚下光圈点	0	1	1	0	0		余罪缠身：降低移动速度	-1	0	1	1	
3859	3859	1100	TalentSkillXingXiu_14	g01_xx_sf_zdo_蝎尾针		身体受击点	g01_xx_sf_zt_蝎尾针		脚下光圈点	0	1	1	0	0		余罪缠身：降低移动速度	-1	0	1	1	
3860	3860	1200	TalentSkillXingXiu_14	g01_xx_sf_zdo_蝎尾针		身体受击点	g01_xx_sf_zt_蝎尾针		脚下光圈点	0	1	1	0	0		余罪缠身：降低移动速度	-1	0	1	1	
3861	3861	1300	TalentSkillXingXiu_14	g01_xx_sf_zdo_蝎尾针		身体受击点	g01_xx_sf_zt_蝎尾针		脚下光圈点	0	1	1	0	0		余罪缠身：降低移动速度	-1	0	1	1	
3862	3862	1400	TalentSkillXingXiu_14	g01_xx_sf_zdo_蝎尾针		身体受击点	g01_xx_sf_zt_蝎尾针		脚下光圈点	0	1	1	0	0		余罪缠身：降低移动速度	-1	0	1	1	
3863	3863	1000	TalentSkillWuDang2_5							0	0	0	0	0		踏岳：释放群体技能后，5秒内移动超过7米可获得携霆状态	-1	0	1	1	
3864	3864	1000	TalentSkillEmei2_5							0	1	1	0	0		行复止：降低移动速度	-1	0	1	1	
3865	3865	1000	TalentSkillXingXiu2_3							0	0	0	0	0		冥星照顶：伤害增加	-1	0	1	1	
3866	3866	1000	TalentSkillTianLong2_4							0	1	0	0	0		化乾转坤：增加会心一击率，提高自身所受伤害	-1	0	1	1	
3867	3867	1000	TalentSkillTianLong2_6							0	1	1	0	0		扣冰：降低移动速度，后麻痹	-1	0	1	1	
3868	3868	1000	TalentSkillTianLong2_7							0	1	1	0	0		业火：提高四属性减抗下限	-1	0	1	1	
3869	3869	1000	TalentSkillTianLong2_8							0	1	1	0	0		玄虚：眩晕，移动不能，操作不能，可被攻击，受击无法解除	-1	0	1	1	
3870	3870	1000	TalentSkillTianLong2_9							0	1	1	0	0		邪毒：持续减血	-1	0	1	1	
3871	3871	1000	TalentSkillXiaoYao2_4							0	0	0	0	0		点星：溪山行旅小幅增加命中率	-1	0	1	1	
3872	3872	1000	PetSkill6_15							0	0	1	0	0		软笼烟：定海神针附带减速效果	-1	0	1	1	
3873	3873	1000	Buff0_16							0	1	1	0	0		雨化尘：步步生花附带散功效果	-1	0	1	1	
3874	3874	1000	TalentSkillXiaoYao2_6							0	0	0	0	0		欺烟困雨：桃花阵伤害翻倍；八阵图作用范围增加；诛仙阵作用范围增加；定海神针额外给目标1个减速状态；步步生花额外造成散功效果。	-1	0	1	1	
3875	3875	1000	TalentSkillEmei2_6							0	1	1	0	0		青冢月：定身状态下可以原地攻击	-1	0	1	1	
3876	3876	1000	Buff0_10							0	1	1	0	0		麻痹：移动不能，操作不能，可被攻击，受击无法解除	-1	0	1	1	
3877	3877	1100	TalentSkillXiaoYao2_5							0	0	0	0	0		骋风：溪山行旅大幅增加命中率	-1	0	1	1	
3878	3878	9999	TalentSkillMingJiao2_7							1	0	0	0	0		怒焰一重：增加伤害，增加会心一击率	-1	0	1	1	
3879	3879	9999	TalentSkillMingJiao2_8							1	0	0	0	0		怒焰二重：增加伤害，增加会心一击率	-1	0	1	1	
3880	3880	9999	TalentSkillMingJiao2_9							1	0	0	0	0		怒焰三重：增加伤害，增加会心一击率	-1	0	1	1	
3881	3881	1000	TalentSkillShaoLin2_7							0	0	0	0	0		不破：吸收伤害	-1	0	1	1	
3882	3882	1000	Buff3_9							0	0	0	0	0		法身印：触发受限	-1	0	1	1	
3883	3883	1000	TalentSkillWuDang2_7							0	0	0	0	0		携霆：增加技能伤害，增加会心一击率	-1	0	1	1	
3884	3884	1000	TalentSkillShaoLin2_3							0	0	0	0	0		梵音镇神：限用所有门派技能	-1	0	1	1	
3914	3914	2200	RideHeader4_15							0	0	0	1	0		坐骑：红熊王。您已激活的坐骑中最高移动速度+80%。	99	0	1	1	
3915	3915	2200	RideHeader5_13							0	0	0	1	0		坐骑：凌霄。您已激活的坐骑中最高移动速度+80%。	99	0	1	1	
3916	3916	2200	CircularTaskTool90_3							0	0	0	1	0		坐骑：垂云翼。您已激活的坐骑中最高移动速度+80%。	99	0	1	1	
3917	3917	2200	RideHeader5_13							0	0	0	1	0		坐骑：扶风。您已激活的坐骑中最高移动速度+80%。	99	0	1	1	
3918	3918	1450	Buff26_3							0	0	0	1	0		感恩节快乐！	-1	0	1	1	
3919	3919	1000	CircularTaskTool90_9							0	0	0	0	0		当前无法放置幸福火鸡	-1	0	1	1	
3920	3920	1000					b_变身南瓜_火焰		脚下光圈点	0	0	0	0	0		火焰	-1	0	1	1	
3921	3921	2200	PetSkill5_8							0	0	0	0	0		剑会群雄高级识破：双目似电，破除一切虚妄，令魑魅魍魉无所遁形。	-1	0	1	1	
3922	3922	200	Huodong_6_14	g01_buff108		脚下光圈点				1	0	0	0	0		战前准备：本场比试将在倒计时结束时开启，请做好参战准备。	-1	0	1	1	
3923	3923	2200	Huodong_6_14	g01_buff108		脚下光圈点				1	0	0	0	0		您已经出局，无法再次参与战斗，请在休息区进行观战。	-1	0	1	1	
3924	3924	7000	Buff26_5							0	0	0	1	0		圣诞小人儿：您化身为圣诞小人儿，可帮助圣诞老人抓住落跑的小糖果们。取消变身或变身消失都会直接导致任务失败，收集到的小糖果也会被删除。	-1	0	1	1	
3925	3925	1000	FabaoSkill_6				hj_npc圣诞小人儿17_加速跑A		脚下光圈点	0	0	0	0	0		小人儿快跑：获得50%的移动速度加成。	-1	1	1	1	
3926	3926	9999	Buff26_6							1	0	0	0	0		返璞归真：巍峨长留，叠嶂繁生。您受长留叠嶂中翠雾侵染，触发返璞归真，当前#G武魂#Y、#G修炼#Y以及装备上的#G雕纹#Y、#G强化#Y、#G宝石#Y、#G刻铭#Y、#G资质#Y、#G部分套装效果#Y均不生效，且每种#G抗性#Y最高仅可达到#G50#Y点，超出部分不生效。同时#G出战珍兽#Y也将触发#G困兽#Y效果，所受伤害即以倍数叠加、兽魂出战和融魂效果也均不生效。	-1	0	1	1	
3929	3929	1450	Buff26_3							0	0	0	1	0		感恩节快乐！	-1	0	1	1	
3930	3930	1450	Buff26_3							0	0	0	1	0		感恩节快乐！	-1	0	1	1	
3931	3931	1450	Buff26_3							0	0	0	1	0		感恩节快乐！	-1	0	1	1	
3932	3932	1450	Buff26_3							0	0	0	1	0		感恩节快乐！	-1	0	1	1	
3933	3933	2200	CircularTaskTool90_13							0	0	0	1	0		坐骑：圣诞驯鹿。您已激活的坐骑中最高移动速度+80%。	99	0	1	1	
3934	99	2200	RideHeader1_9							0	0	0	1	0		坐骑：陆行雕。您已激活的坐骑中最高移动速度+10%。	99	0	1	1	
3935	99	2200	RideHeader1_13							0	0	0	1	0		坐骑：虎。您已激活的坐骑中最高移动速度+10%。	99	0	1	1	
3936	99	2200	RideHeader1_1							0	0	0	1	0		坐骑：黄骠马。您已激活的坐骑中最高移动速度+10%。	99	0	1	1	
3937	99	2200	RideHeader1_11							0	0	0	1	0		坐骑：骆驼。您已激活的坐骑中最高移动速度+10%。	99	0	1	1	
3938	99	2200	RideHeader2_2							0	0	0	1	0		坐骑：鹤。您已激活的坐骑中最高移动速度+10%。	99	0	1	1	
3939	99	2200	RideHeader1_16							0	0	0	1	0		坐骑：青凤。您已激活的坐骑中最高移动速度+10%。	99	0	1	1	
3940	99	2200	RideHeader1_3							0	0	0	1	0		坐骑：牦牛。您已激活的坐骑中最高移动速度+10%。	99	0	1	1	
3941	99	2200	RideHeader1_5							0	0	0	1	0		坐骑：鹿。您已激活的坐骑中最高移动速度+10%。	99	0	1	1	
3942	99	2200	RideHeader1_9							0	0	0	1	0		坐骑：雕。您已激活的坐骑中最高移动速度+10%。	99	0	1	1	
3943	99	2200	RideHeader1_7							0	0	0	1	0		坐骑：灰狼。您已激活的坐骑中最高移动速度+10%。	99	0	1	1	
3944	99	2200	RideHeader1_14							0	0	0	1	0		坐骑：白虎。您已激活的坐骑中最高移动速度+10%。	99	0	1	1	
3945	99	2200	RideHeader1_2							0	0	0	1	0		坐骑：青白骢马。您已激活的坐骑中最高移动速度+10%。	99	0	1	1	
3946	99	2200	RideHeader1_12							0	0	0	1	0		坐骑：白骆驼。您已激活的坐骑中最高移动速度+10%。	99	0	1	1	
3947	99	2200	RideHeader2_1							0	0	0	1	0		坐骑：金翼鹤。您已激活的坐骑中最高移动速度+10%。	99	0	1	1	
3948	99	2200	RideHeader1_15							0	0	0	1	0		坐骑：红白凤。您已激活的坐骑中最高移动速度+10%。	99	0	1	1	
3949	99	2200	RideHeader1_4							0	0	0	1	0		坐骑：白牦牛。您已激活的坐骑中最高移动速度+10%。	99	0	1	1	
3950	99	2200	RideHeader1_6							0	0	0	1	0		坐骑：白鹿。您已激活的坐骑中最高移动速度+10%。	99	0	1	1	
3951	99	2200	RideHeader1_10							0	0	0	1	0		坐骑：白雕。您已激活的坐骑中最高移动速度+10%。	99	0	1	1	
3952	99	2200	RideHeader1_8							0	0	0	1	0		坐骑：白狼。您已激活的坐骑中最高移动速度+10%。	99	0	1	1	
3953	99	2200	RideHeader2_3							0	0	0	1	0		坐骑：狮子。您已激活的坐骑中最高移动速度+10%。	99	0	1	1	
3954	99	2200	RideHeader2_4							0	0	0	1	0		坐骑：白狮。您已激活的坐骑中最高移动速度+10%。	99	0	1	1	
3955	99	2200	RideHeader2_6							0	0	0	1	0		坐骑：象。您已激活的坐骑中最高移动速度+10%。	99	0	1	1	
3956	99	2200	RideHeader2_15							0	0	0	1	0		坐骑：犀牛。您已激活的坐骑中最高移动速度+10%。	99	0	1	1	
3957	99	2200	RideHeader2_12							0	0	0	1	0		坐骑：玄龟。您已激活的坐骑中最高移动速度+10%。	99	0	1	1	
3958	99	2200	RideHeader2_10							0	0	0	1	0		坐骑：陆吾。您已激活的坐骑中最高移动速度+10%。	99	0	1	1	
3959	99	2200	RideHeader2_13							0	0	0	1	0		坐骑：木牛流马。您已激活的坐骑中最高移动速度+10%。	99	0	1	1	
3960	99	2200	RideHeader2_9							0	0	0	1	0		坐骑：熊。您已激活的坐骑中最高移动速度+10%。	99	0	1	1	
3961	99	2200	RideHeader2_14							0	0	0	1	0		坐骑：符文骑士。您已激活的坐骑中最高移动速度+10%。	99	0	1	1	
3962	99	2200	RideHeader2_11							0	0	0	1	0		坐骑：鸵鸟。您已激活的坐骑中最高移动速度+10%。	99	0	1	1	
3963	99	2200	Ride2_15							0	0	0	1	0		坐骑：河马。您已激活的坐骑中最高移动速度+10%。	99	0	1	1	
3964	99	2200	Ride2_11							0	0	0	1	0		坐骑：马车。您已激活的坐骑中最高移动速度+10%。	99	0	1	1	
3965	99	2200	Ride2_13							0	0	0	1	0		坐骑：天马。您已激活的坐骑中最高移动速度+10%。	99	0	1	1	
3966	99	2200	Ride2_9							0	0	0	1	0		坐骑：兔子。您已激活的坐骑中最高移动速度+10%。	99	0	1	1	
3967	99	2200	Ride2_14							0	0	0	1	0		坐骑：舞狮。您已激活的坐骑中最高移动速度+10%。	99	0	1	1	
3968	99	2200	Ride2_10							0	0	0	1	0		坐骑：驯鹿。您已激活的坐骑中最高移动速度+10%。	99	0	1	1	
3969	99	2200	RideHeader2_6							0	0	0	1	0		坐骑：象。您已激活的坐骑中最高移动速度+10%。	99	0	1	1	
3970	99	2200	RideHeader1_3							0	0	0	1	0		坐骑：牦牛。您已激活的坐骑中最高移动速度+10%。	99	0	1	1	
3971	99	2200	RideHeader2_12							0	0	0	1	0		坐骑：玄龟。您已激活的坐骑中最高移动速度+10%。	99	0	1	1	
3972	99	2200	RideHeader2_10							0	0	0	1	0		坐骑：陆吾。您已激活的坐骑中最高移动速度+10%。	99	0	1	1	
3973	99	2200	RideHeader2_13							0	0	0	1	0		坐骑：木牛流马。您已激活的坐骑中最高移动速度+10%。	99	0	1	1	
3974	99	2200	RideHeader2_14							0	0	0	1	0		坐骑：符文骑士。您已激活的坐骑中最高移动速度+10%。	99	0	1	1	
3975	99	2200	RideHeader2_11							0	0	0	1	0		坐骑：鸵鸟。您已激活的坐骑中最高移动速度+10%。	99	0	1	1	
3976	99	2200	Ride2_12							0	0	0	1	0		坐骑：雪羽。您已激活的坐骑中最高移动速度+10%。	99	0	1	1	
3977	99	2200	RideHeader2_7							0	0	0	1	0		坐骑：飞龙。您已激活的坐骑中最高移动速度+10%。	99	0	1	1	
3978	99	2200	RideHeader2_16							0	0	0	1	0		坐骑：巨人。您已激活的坐骑中最高移动速度+10%。	99	0	1	1	
3979	99	2200	Ride2_3							0	0	0	1	0		坐骑：雪橇。您已激活的坐骑中最高移动速度+10%。	99	0	1	1	
3980	99	2200	Ride2_4							0	0	0	1	0		坐骑：紫电。您已激活的坐骑中最高移动速度+10%。	99	0	1	1	
3981	99	2200	Ride2_16							0	0	0	1	0		坐骑：冥羽。您已激活的坐骑中最高移动速度+10%。	99	0	1	1	
3982	99	2200	RideHeader2_8							0	0	0	1	0		坐骑：如意熊。您已激活的坐骑中最高移动速度+10%。	99	0	1	1	
3983	99	2200	Ride2_5							0	0	0	1	0		坐骑：碧水金睛兽。您已激活的坐骑中最高移动速度+10%。	99	0	1	1	
3984	99	2200	Ride2_6							0	0	0	1	0		坐骑：年兽。您已激活的坐骑中最高移动速度+10%。	99	0	1	1	
3985	99	2200	Ride2_7							0	0	0	1	0		坐骑：花车。您已激活的坐骑中最高移动速度+10%。	99	0	1	1	
3986	99	2200	Ride2_8							0	0	0	1	0		坐骑：旋转木马。您已激活的坐骑中最高移动速度+10%。	99	0	1	1	
3987	99	2200	RideHeader3_1							0	0	0	1	0		坐骑：白云。您已激活的坐骑中最高移动速度+10%。	99	0	1	1	
3988	99	2200	RideHeader3_2							0	0	0	1	0		坐骑：黑土。您已激活的坐骑中最高移动速度+10%。	99	0	1	1	
3989	99	2200	RideHeader3_3							0	0	0	1	0		坐骑：巨猿。您已激活的坐骑中最高移动速度+10%。	99	0	1	1	
3990	99	2200	RideHeader3_5							0	0	0	1	0		坐骑：琉璃凤。您已激活的坐骑中最高移动速度+10%。	99	0	1	1	
3991	99	2200	RideHeader3_8							0	0	0	1	0		坐骑：银月狼。您已激活的坐骑中最高移动速度+10%。	99	0	1	1	
3992	99	2200	RideHeader3_12							0	0	0	1	0		坐骑：烈焰狮。您已激活的坐骑中最高移动速度+10%。	99	0	1	1	
3993	99	2200	RideHeader3_7							0	0	0	1	0		坐骑：如意虎。您已激活的坐骑中最高移动速度+10%。	99	0	1	1	
3994	99	2200	RideHeader3_10							0	0	0	1	0		坐骑：龙血马。您已激活的坐骑中最高移动速度+10%。	99	0	1	1	
3995	99	2200	RideHeader3_4							0	0	0	1	0		坐骑：鹜影雕。您已激活的坐骑中最高移动速度+10%。	99	0	1	1	
3996	99	2200	RideHeader3_6							0	0	0	1	0		坐骑：瑞莲鹤。您已激活的坐骑中最高移动速度+10%。	99	0	1	1	
3997	99	2200	RideHeader3_9							0	0	0	1	0		坐骑：七彩鹿。您已激活的坐骑中最高移动速度+10%。	99	0	1	1	
3998	99	2200	RideHeader3_11							0	0	0	1	0		坐骑：青牦牛。您已激活的坐骑中最高移动速度+10%。	99	0	1	1	
3999	99	2200	RideHeader3_13							0	0	0	1	0		翅膀：幻羽。您已激活的坐骑中最高移动速度+10%。	99	0	1	1	
4000	99	2200	RideHeader3_14							0	0	0	1	0		坐骑：闪电貂。您已激活的坐骑中最高移动速度+10%。	99	0	1	1	
4001	99	2200	RideHeader3_15							0	0	0	1	0		坐骑：蝶羽。您已激活的坐骑中最高移动速度+10%。	99	0	1	1	
4002	99	2200	RideHeader2_10							0	0	0	1	0		坐骑：陆吾。您已激活的坐骑中最高移动速度+10%。	99	0	1	1	
4003	99	2200	RideHeader3_16							0	0	0	1	0		坐骑：巴天虎。您已激活的坐骑中最高移动速度+10%。	99	0	1	1	
4004	99	2200	RideHeader4_4							0	0	0	1	0		坐骑：飞龙椅。您已激活的坐骑中最高移动速度+10%。	99	0	1	1	
4005	99	2200	RideHeader4_1							0	0	0	1	0		坐骑：羚羊。您已激活的坐骑中最高移动速度+10%。	99	0	1	1	
4006	99	2200	RideHeader4_2							0	0	0	1	0		坐骑：雪羚羊。您已激活的坐骑中最高移动速度+10%。	99	0	1	1	
4007	99	2200	RideHeader4_3							0	0	0	1	0		坐骑：幽光羚。您已激活的坐骑中最高移动速度+10%。	99	0	1	1	
4008	99	2200	RideHeader4_5							0	0	0	1	0		坐骑：火焰貂。您已激活的坐骑中最高移动速度+10%。	99	0	1	1	
4009	99	2200	RideHeader4_6							0	0	0	1	0		坐骑：熊猫。您已激活的坐骑中最高移动速度+10%。	99	0	1	1	
4010	99	2200	RideHeader4_7							0	0	0	1	0		坐骑：雷刃兽。您已激活的坐骑中最高移动速度+10%。	99	0	1	1	
4011	99	2200	RideHeader4_8							0	0	0	1	0		坐骑：赤魅鹰。您已激活的坐骑中最高移动速度+10%。	99	0	1	1	
4012	99	2200	RideHeader4_9							0	0	0	1	0		坐骑：暗魅鹰。您已激活的坐骑中最高移动速度+10%。	99	0	1	1	
4013	99	2200	RideHeader4_10							0	0	0	1	0		坐骑：紫魅鹰。您已激活的坐骑中最高移动速度+10%。	99	0	1	1	
4014	99	2200	RideHeader5_1							0	0	0	1	0		坐骑：江南锁甲马。您已激活的坐骑中最高移动速度+10%。	99	0	1	1	
4015	99	2200	RideHeader5_2							0	0	0	1	0		坐骑：大漠金戈马。您已激活的坐骑中最高移动速度+10%。	99	0	1	1	
4016	99	2200	RideHeader5_12							0	0	0	1	0		坐骑：赤麟白泽。您已激活的坐骑中最高移动速度+10%。	99	0	1	1	
4017	99	2200	RideHeader5_13							0	0	0	1	0		坐骑：青麟白泽。您已激活的坐骑中最高移动速度+10%。	99	0	1	1	
4018	99	2200	RideHeader6_14							0	0	0	1	0		坐骑：天河灵鹊。您已激活的坐骑中最高移动速度+10%。	99	0	1	1	
4019	99	2200	RideHeader6_16							0	0	0	1	0		坐骑：黑天马。您已激活的坐骑中最高移动速度+10%。	99	0	1	1	
4020	99	2200	RideHeader8_8							0	0	0	1	0		坐骑：云霄羽翼。您已激活的坐骑中最高移动速度+10%。	99	0	1	1	
4021	99	2200	RideHeader9_5							0	0	0	1	0		坐骑：梦灵仙驹。您已激活的坐骑中最高移动速度+10%。	99	0	1	1	
4022	99	2200	RideHeader4_11							0	0	0	1	0		坐骑：绝地。您已激活的坐骑中最高移动速度+10%。	99	0	1	1	
4023	99	2200	RideHeader9_11							0	0	0	1	0		坐骑：憨宝熊。您已激活的坐骑中最高移动速度+10%。	99	0	1	1	
4024	99	2200	RideHeader4_12							0	0	0	1	0		坐骑：蹑景。您已激活的坐骑中最高移动速度+10%。	99	0	1	1	
4025	99	2200	RideHeader4_12							0	0	0	1	0		坐骑：蹑景·典藏。您已激活的坐骑中最高移动速度+10%。	99	0	1	1	
4026	99	2200	RideHeader4_13							0	0	0	1	0		坐骑：六合舆。您已激活的坐骑中最高移动速度+10%。	99	0	1	1	
4027	99	2200	RideHeader4_14							0	0	0	1	0		坐骑：渡情。您已激活的坐骑中最高移动速度+10%。	99	0	1	1	
4028	99	2200	RideHeader5_13							0	0	0	1	0		坐骑：凌霄。您已激活的坐骑中最高移动速度+10%。	99	0	1	1	
4029	99	2200	CircularTaskTool90_3							0	0	0	1	0		坐骑：垂云翼。您已激活的坐骑中最高移动速度+10%。	99	0	1	1	
4030	99	2200	RideHeader4_15							0	0	0	1	0		坐骑：红熊王。您已激活的坐骑中最高移动速度+10%。	99	0	1	1	
4031	99	2200	RideHeader1_9							0	0	0	1	0		坐骑：陆行雕。您已激活的坐骑中最高移动速度+20%。	99	0	1	1	
4032	99	2200	RideHeader1_13							0	0	0	1	0		坐骑：虎。您已激活的坐骑中最高移动速度+20%。	99	0	1	1	
4033	99	2200	RideHeader1_1							0	0	0	1	0		坐骑：黄骠马。您已激活的坐骑中最高移动速度+20%。	99	0	1	1	
4034	99	2200	RideHeader1_11							0	0	0	1	0		坐骑：骆驼。您已激活的坐骑中最高移动速度+20%。	99	0	1	1	
4035	99	2200	RideHeader2_2							0	0	0	1	0		坐骑：鹤。您已激活的坐骑中最高移动速度+20%。	99	0	1	1	
4036	99	2200	RideHeader1_16							0	0	0	1	0		坐骑：青凤。您已激活的坐骑中最高移动速度+20%。	99	0	1	1	
4037	99	2200	RideHeader1_3							0	0	0	1	0		坐骑：牦牛。您已激活的坐骑中最高移动速度+20%。	99	0	1	1	
4038	99	2200	RideHeader1_5							0	0	0	1	0		坐骑：鹿。您已激活的坐骑中最高移动速度+20%。	99	0	1	1	
4039	99	2200	RideHeader1_9							0	0	0	1	0		坐骑：雕。您已激活的坐骑中最高移动速度+20%。	99	0	1	1	
4040	99	2200	RideHeader1_7							0	0	0	1	0		坐骑：灰狼。您已激活的坐骑中最高移动速度+20%。	99	0	1	1	
4041	99	2200	RideHeader1_14							0	0	0	1	0		坐骑：白虎。您已激活的坐骑中最高移动速度+20%。	99	0	1	1	
4042	99	2200	RideHeader1_2							0	0	0	1	0		坐骑：青白骢马。您已激活的坐骑中最高移动速度+20%。	99	0	1	1	
4043	99	2200	RideHeader1_12							0	0	0	1	0		坐骑：白骆驼。您已激活的坐骑中最高移动速度+20%。	99	0	1	1	
4044	99	2200	RideHeader2_1							0	0	0	1	0		坐骑：金翼鹤。您已激活的坐骑中最高移动速度+20%。	99	0	1	1	
4045	99	2200	RideHeader1_15							0	0	0	1	0		坐骑：红白凤。您已激活的坐骑中最高移动速度+20%。	99	0	1	1	
4046	99	2200	RideHeader1_4							0	0	0	1	0		坐骑：白牦牛。您已激活的坐骑中最高移动速度+20%。	99	0	1	1	
4047	99	2200	RideHeader1_6							0	0	0	1	0		坐骑：白鹿。您已激活的坐骑中最高移动速度+20%。	99	0	1	1	
4048	99	2200	RideHeader1_10							0	0	0	1	0		坐骑：白雕。您已激活的坐骑中最高移动速度+20%。	99	0	1	1	
4049	99	2200	RideHeader1_8							0	0	0	1	0		坐骑：白狼。您已激活的坐骑中最高移动速度+20%。	99	0	1	1	
4050	99	2200	RideHeader2_3							0	0	0	1	0		坐骑：狮子。您已激活的坐骑中最高移动速度+20%。	99	0	1	1	
4051	99	2200	RideHeader2_4							0	0	0	1	0		坐骑：白狮。您已激活的坐骑中最高移动速度+20%。	99	0	1	1	
4052	99	2200	RideHeader2_6							0	0	0	1	0		坐骑：象。您已激活的坐骑中最高移动速度+20%。	99	0	1	1	
4053	99	2200	RideHeader2_15							0	0	0	1	0		坐骑：犀牛。您已激活的坐骑中最高移动速度+20%。	99	0	1	1	
4054	99	2200	RideHeader2_12							0	0	0	1	0		坐骑：玄龟。您已激活的坐骑中最高移动速度+20%。	99	0	1	1	
4055	99	2200	RideHeader2_10							0	0	0	1	0		坐骑：陆吾。您已激活的坐骑中最高移动速度+20%。	99	0	1	1	
4056	99	2200	RideHeader2_13							0	0	0	1	0		坐骑：木牛流马。您已激活的坐骑中最高移动速度+20%。	99	0	1	1	
4057	99	2200	RideHeader2_9							0	0	0	1	0		坐骑：熊。您已激活的坐骑中最高移动速度+20%。	99	0	1	1	
4058	99	2200	RideHeader2_14							0	0	0	1	0		坐骑：符文骑士。您已激活的坐骑中最高移动速度+20%。	99	0	1	1	
4059	99	2200	RideHeader2_11							0	0	0	1	0		坐骑：鸵鸟。您已激活的坐骑中最高移动速度+20%。	99	0	1	1	
4060	99	2200	Ride2_15							0	0	0	1	0		坐骑：河马。您已激活的坐骑中最高移动速度+20%。	99	0	1	1	
4061	99	2200	Ride2_11							0	0	0	1	0		坐骑：马车。您已激活的坐骑中最高移动速度+20%。	99	0	1	1	
4062	99	2200	Ride2_13							0	0	0	1	0		坐骑：天马。您已激活的坐骑中最高移动速度+20%。	99	0	1	1	
4063	99	2200	Ride2_9							0	0	0	1	0		坐骑：兔子。您已激活的坐骑中最高移动速度+20%。	99	0	1	1	
4064	99	2200	Ride2_14							0	0	0	1	0		坐骑：舞狮。您已激活的坐骑中最高移动速度+20%。	99	0	1	1	
4065	99	2200	Ride2_10							0	0	0	1	0		坐骑：驯鹿。您已激活的坐骑中最高移动速度+20%。	99	0	1	1	
4066	99	2200	RideHeader2_6							0	0	0	1	0		坐骑：象。您已激活的坐骑中最高移动速度+20%。	99	0	1	1	
4067	99	2200	RideHeader1_3							0	0	0	1	0		坐骑：牦牛。您已激活的坐骑中最高移动速度+20%。	99	0	1	1	
4068	99	2200	RideHeader2_12							0	0	0	1	0		坐骑：玄龟。您已激活的坐骑中最高移动速度+20%。	99	0	1	1	
4069	99	2200	RideHeader2_10							0	0	0	1	0		坐骑：陆吾。您已激活的坐骑中最高移动速度+20%。	99	0	1	1	
4070	99	2200	RideHeader2_13							0	0	0	1	0		坐骑：木牛流马。您已激活的坐骑中最高移动速度+20%。	99	0	1	1	
4071	99	2200	RideHeader2_14							0	0	0	1	0		坐骑：符文骑士。您已激活的坐骑中最高移动速度+20%。	99	0	1	1	
4072	99	2200	RideHeader2_11							0	0	0	1	0		坐骑：鸵鸟。您已激活的坐骑中最高移动速度+20%。	99	0	1	1	
4073	99	2200	Ride2_12							0	0	0	1	0		坐骑：雪羽。您已激活的坐骑中最高移动速度+20%。	99	0	1	1	
4074	99	2200	RideHeader2_7							0	0	0	1	0		坐骑：飞龙。您已激活的坐骑中最高移动速度+20%。	99	0	1	1	
4075	99	2200	RideHeader2_16							0	0	0	1	0		坐骑：巨人。您已激活的坐骑中最高移动速度+20%。	99	0	1	1	
4076	99	2200	Ride2_3							0	0	0	1	0		坐骑：雪橇。您已激活的坐骑中最高移动速度+20%。	99	0	1	1	
4077	99	2200	Ride2_4							0	0	0	1	0		坐骑：紫电。您已激活的坐骑中最高移动速度+20%。	99	0	1	1	
4078	99	2200	Ride2_16							0	0	0	1	0		坐骑：冥羽。您已激活的坐骑中最高移动速度+20%。	99	0	1	1	
4079	99	2200	RideHeader2_8							0	0	0	1	0		坐骑：如意熊。您已激活的坐骑中最高移动速度+20%。	99	0	1	1	
4080	99	2200	Ride2_5							0	0	0	1	0		坐骑：碧水金睛兽。您已激活的坐骑中最高移动速度+20%。	99	0	1	1	
4081	99	2200	Ride2_6							0	0	0	1	0		坐骑：年兽。您已激活的坐骑中最高移动速度+20%。	99	0	1	1	
4082	99	2200	Ride2_7							0	0	0	1	0		坐骑：花车。您已激活的坐骑中最高移动速度+20%。	99	0	1	1	
4083	99	2200	Ride2_8							0	0	0	1	0		坐骑：旋转木马。您已激活的坐骑中最高移动速度+20%。	99	0	1	1	
4084	99	2200	RideHeader3_1							0	0	0	1	0		坐骑：白云。您已激活的坐骑中最高移动速度+20%。	99	0	1	1	
4085	99	2200	RideHeader3_2							0	0	0	1	0		坐骑：黑土。您已激活的坐骑中最高移动速度+20%。	99	0	1	1	
4086	99	2200	RideHeader3_3							0	0	0	1	0		坐骑：巨猿。您已激活的坐骑中最高移动速度+20%。	99	0	1	1	
4087	99	2200	RideHeader3_5							0	0	0	1	0		坐骑：琉璃凤。您已激活的坐骑中最高移动速度+20%。	99	0	1	1	
4088	99	2200	RideHeader3_8							0	0	0	1	0		坐骑：银月狼。您已激活的坐骑中最高移动速度+20%。	99	0	1	1	
4089	99	2200	RideHeader3_12							0	0	0	1	0		坐骑：烈焰狮。您已激活的坐骑中最高移动速度+20%。	99	0	1	1	
4090	99	2200	RideHeader3_7							0	0	0	1	0		坐骑：如意虎。您已激活的坐骑中最高移动速度+20%。	99	0	1	1	
4091	99	2200	RideHeader3_10							0	0	0	1	0		坐骑：龙血马。您已激活的坐骑中最高移动速度+20%。	99	0	1	1	
4092	99	2200	RideHeader3_4							0	0	0	1	0		坐骑：鹜影雕。您已激活的坐骑中最高移动速度+20%。	99	0	1	1	
4093	99	2200	RideHeader3_6							0	0	0	1	0		坐骑：瑞莲鹤。您已激活的坐骑中最高移动速度+20%。	99	0	1	1	
4094	99	2200	RideHeader3_9							0	0	0	1	0		坐骑：七彩鹿。您已激活的坐骑中最高移动速度+20%。	99	0	1	1	
4095	99	2200	RideHeader3_11							0	0	0	1	0		坐骑：青牦牛。您已激活的坐骑中最高移动速度+20%。	99	0	1	1	
4096	99	2200	RideHeader3_13							0	0	0	1	0		翅膀：幻羽。您已激活的坐骑中最高移动速度+20%。	99	0	1	1	
4097	99	2200	RideHeader3_14							0	0	0	1	0		坐骑：闪电貂。您已激活的坐骑中最高移动速度+20%。	99	0	1	1	
4098	99	2200	RideHeader3_15							0	0	0	1	0		坐骑：蝶羽。您已激活的坐骑中最高移动速度+20%。	99	0	1	1	
4099	99	2200	RideHeader2_10							0	0	0	1	0		坐骑：陆吾。您已激活的坐骑中最高移动速度+20%。	99	0	1	1	
4100	99	2200	RideHeader3_16							0	0	0	1	0		坐骑：巴天虎。您已激活的坐骑中最高移动速度+20%。	99	0	1	1	
4101	99	2200	RideHeader4_4							0	0	0	1	0		坐骑：飞龙椅。您已激活的坐骑中最高移动速度+20%。	99	0	1	1	
4102	99	2200	RideHeader4_1							0	0	0	1	0		坐骑：羚羊。您已激活的坐骑中最高移动速度+20%。	99	0	1	1	
4103	99	2200	RideHeader4_2							0	0	0	1	0		坐骑：雪羚羊。您已激活的坐骑中最高移动速度+20%。	99	0	1	1	
4104	99	2200	RideHeader4_3							0	0	0	1	0		坐骑：幽光羚。您已激活的坐骑中最高移动速度+20%。	99	0	1	1	
4105	99	2200	RideHeader4_5							0	0	0	1	0		坐骑：火焰貂。您已激活的坐骑中最高移动速度+20%。	99	0	1	1	
4106	99	2200	RideHeader4_6							0	0	0	1	0		坐骑：熊猫。您已激活的坐骑中最高移动速度+20%。	99	0	1	1	
4107	99	2200	RideHeader4_7							0	0	0	1	0		坐骑：雷刃兽。您已激活的坐骑中最高移动速度+20%。	99	0	1	1	
4108	99	2200	RideHeader4_8							0	0	0	1	0		坐骑：赤魅鹰。您已激活的坐骑中最高移动速度+20%。	99	0	1	1	
4109	99	2200	RideHeader4_9							0	0	0	1	0		坐骑：暗魅鹰。您已激活的坐骑中最高移动速度+20%。	99	0	1	1	
4110	99	2200	RideHeader4_10							0	0	0	1	0		坐骑：紫魅鹰。您已激活的坐骑中最高移动速度+20%。	99	0	1	1	
4111	99	2200	RideHeader5_1							0	0	0	1	0		坐骑：江南锁甲马。您已激活的坐骑中最高移动速度+20%。	99	0	1	1	
4112	99	2200	RideHeader5_2							0	0	0	1	0		坐骑：大漠金戈马。您已激活的坐骑中最高移动速度+20%。	99	0	1	1	
4113	99	2200	RideHeader5_12							0	0	0	1	0		坐骑：赤麟白泽。您已激活的坐骑中最高移动速度+20%。	99	0	1	1	
4114	99	2200	RideHeader5_13							0	0	0	1	0		坐骑：青麟白泽。您已激活的坐骑中最高移动速度+20%。	99	0	1	1	
4115	99	2200	RideHeader6_14							0	0	0	1	0		坐骑：天河灵鹊。您已激活的坐骑中最高移动速度+20%。	99	0	1	1	
4116	99	2200	RideHeader6_16							0	0	0	1	0		坐骑：黑天马。您已激活的坐骑中最高移动速度+20%。	99	0	1	1	
4117	99	2200	RideHeader8_8							0	0	0	1	0		坐骑：云霄羽翼。您已激活的坐骑中最高移动速度+20%。	99	0	1	1	
4118	99	2200	RideHeader9_5							0	0	0	1	0		坐骑：梦灵仙驹。您已激活的坐骑中最高移动速度+20%。	99	0	1	1	
4119	99	2200	RideHeader4_11							0	0	0	1	0		坐骑：绝地。您已激活的坐骑中最高移动速度+20%。	99	0	1	1	
4120	99	2200	RideHeader9_11							0	0	0	1	0		坐骑：憨宝熊。您已激活的坐骑中最高移动速度+20%。	99	0	1	1	
4121	99	2200	RideHeader4_12							0	0	0	1	0		坐骑：蹑景。您已激活的坐骑中最高移动速度+20%。	99	0	1	1	
4122	99	2200	RideHeader4_12							0	0	0	1	0		坐骑：蹑景·典藏。您已激活的坐骑中最高移动速度+20%。	99	0	1	1	
4123	99	2200	RideHeader4_13							0	0	0	1	0		坐骑：六合舆。您已激活的坐骑中最高移动速度+20%。	99	0	1	1	
4124	99	2200	RideHeader4_14							0	0	0	1	0		坐骑：渡情。您已激活的坐骑中最高移动速度+20%。	99	0	1	1	
4125	99	2200	RideHeader5_13							0	0	0	1	0		坐骑：凌霄。您已激活的坐骑中最高移动速度+20%。	99	0	1	1	
4126	99	2200	CircularTaskTool90_3							0	0	0	1	0		坐骑：垂云翼。您已激活的坐骑中最高移动速度+20%。	99	0	1	1	
4127	99	2200	RideHeader4_15							0	0	0	1	0		坐骑：红熊王。您已激活的坐骑中最高移动速度+20%。	99	0	1	1	
4128	99	2200	RideHeader1_9							0	0	0	1	0		坐骑：陆行雕。您已激活的坐骑中最高移动速度+40%。	99	0	1	1	
4129	99	2200	RideHeader1_13							0	0	0	1	0		坐骑：虎。您已激活的坐骑中最高移动速度+40%。	99	0	1	1	
4130	99	2200	RideHeader1_1							0	0	0	1	0		坐骑：黄骠马。您已激活的坐骑中最高移动速度+40%。	99	0	1	1	
4131	99	2200	RideHeader1_11							0	0	0	1	0		坐骑：骆驼。您已激活的坐骑中最高移动速度+40%。	99	0	1	1	
4132	99	2200	RideHeader2_2							0	0	0	1	0		坐骑：鹤。您已激活的坐骑中最高移动速度+40%。	99	0	1	1	
4133	99	2200	RideHeader1_16							0	0	0	1	0		坐骑：青凤。您已激活的坐骑中最高移动速度+40%。	99	0	1	1	
4134	99	2200	RideHeader1_3							0	0	0	1	0		坐骑：牦牛。您已激活的坐骑中最高移动速度+40%。	99	0	1	1	
4135	99	2200	RideHeader1_5							0	0	0	1	0		坐骑：鹿。您已激活的坐骑中最高移动速度+40%。	99	0	1	1	
4136	99	2200	RideHeader1_9							0	0	0	1	0		坐骑：雕。您已激活的坐骑中最高移动速度+40%。	99	0	1	1	
4137	99	2200	RideHeader1_7							0	0	0	1	0		坐骑：灰狼。您已激活的坐骑中最高移动速度+40%。	99	0	1	1	
4138	99	2200	RideHeader1_14							0	0	0	1	0		坐骑：白虎。您已激活的坐骑中最高移动速度+40%。	99	0	1	1	
4139	99	2200	RideHeader1_2							0	0	0	1	0		坐骑：青白骢马。您已激活的坐骑中最高移动速度+40%。	99	0	1	1	
4140	99	2200	RideHeader1_12							0	0	0	1	0		坐骑：白骆驼。您已激活的坐骑中最高移动速度+40%。	99	0	1	1	
4141	99	2200	RideHeader2_1							0	0	0	1	0		坐骑：金翼鹤。您已激活的坐骑中最高移动速度+40%。	99	0	1	1	
4142	99	2200	RideHeader1_15							0	0	0	1	0		坐骑：红白凤。您已激活的坐骑中最高移动速度+40%。	99	0	1	1	
4143	99	2200	RideHeader1_4							0	0	0	1	0		坐骑：白牦牛。您已激活的坐骑中最高移动速度+40%。	99	0	1	1	
4144	99	2200	RideHeader1_6							0	0	0	1	0		坐骑：白鹿。您已激活的坐骑中最高移动速度+40%。	99	0	1	1	
4145	99	2200	RideHeader1_10							0	0	0	1	0		坐骑：白雕。您已激活的坐骑中最高移动速度+40%。	99	0	1	1	
4146	99	2200	RideHeader1_8							0	0	0	1	0		坐骑：白狼。您已激活的坐骑中最高移动速度+40%。	99	0	1	1	
4147	99	2200	RideHeader2_3							0	0	0	1	0		坐骑：狮子。您已激活的坐骑中最高移动速度+40%。	99	0	1	1	
4148	99	2200	RideHeader2_4							0	0	0	1	0		坐骑：白狮。您已激活的坐骑中最高移动速度+40%。	99	0	1	1	
4149	99	2200	RideHeader2_6							0	0	0	1	0		坐骑：象。您已激活的坐骑中最高移动速度+40%。	99	0	1	1	
4150	99	2200	RideHeader2_15							0	0	0	1	0		坐骑：犀牛。您已激活的坐骑中最高移动速度+40%。	99	0	1	1	
4151	99	2200	RideHeader2_12							0	0	0	1	0		坐骑：玄龟。您已激活的坐骑中最高移动速度+40%。	99	0	1	1	
4152	99	2200	RideHeader2_10							0	0	0	1	0		坐骑：陆吾。您已激活的坐骑中最高移动速度+40%。	99	0	1	1	
4153	99	2200	RideHeader2_13							0	0	0	1	0		坐骑：木牛流马。您已激活的坐骑中最高移动速度+40%。	99	0	1	1	
4154	99	2200	RideHeader2_9							0	0	0	1	0		坐骑：熊。您已激活的坐骑中最高移动速度+40%。	99	0	1	1	
4155	99	2200	RideHeader2_14							0	0	0	1	0		坐骑：符文骑士。您已激活的坐骑中最高移动速度+40%。	99	0	1	1	
4156	99	2200	RideHeader2_11							0	0	0	1	0		坐骑：鸵鸟。您已激活的坐骑中最高移动速度+40%。	99	0	1	1	
4157	99	2200	Ride2_15							0	0	0	1	0		坐骑：河马。您已激活的坐骑中最高移动速度+40%。	99	0	1	1	
4158	99	2200	Ride2_11							0	0	0	1	0		坐骑：马车。您已激活的坐骑中最高移动速度+40%。	99	0	1	1	
4159	99	2200	Ride2_13							0	0	0	1	0		坐骑：天马。您已激活的坐骑中最高移动速度+40%。	99	0	1	1	
4160	99	2200	Ride2_9							0	0	0	1	0		坐骑：兔子。您已激活的坐骑中最高移动速度+40%。	99	0	1	1	
4161	99	2200	Ride2_14							0	0	0	1	0		坐骑：舞狮。您已激活的坐骑中最高移动速度+40%。	99	0	1	1	
4162	99	2200	Ride2_10							0	0	0	1	0		坐骑：驯鹿。您已激活的坐骑中最高移动速度+40%。	99	0	1	1	
4163	99	2200	RideHeader2_6							0	0	0	1	0		坐骑：象。您已激活的坐骑中最高移动速度+40%。	99	0	1	1	
4164	99	2200	RideHeader1_3							0	0	0	1	0		坐骑：牦牛。您已激活的坐骑中最高移动速度+40%。	99	0	1	1	
4165	99	2200	RideHeader2_12							0	0	0	1	0		坐骑：玄龟。您已激活的坐骑中最高移动速度+40%。	99	0	1	1	
4166	99	2200	RideHeader2_10							0	0	0	1	0		坐骑：陆吾。您已激活的坐骑中最高移动速度+40%。	99	0	1	1	
4167	99	2200	RideHeader2_13							0	0	0	1	0		坐骑：木牛流马。您已激活的坐骑中最高移动速度+40%。	99	0	1	1	
4168	99	2200	RideHeader2_14							0	0	0	1	0		坐骑：符文骑士。您已激活的坐骑中最高移动速度+40%。	99	0	1	1	
4169	99	2200	RideHeader2_11							0	0	0	1	0		坐骑：鸵鸟。您已激活的坐骑中最高移动速度+40%。	99	0	1	1	
4170	99	2200	Ride2_12							0	0	0	1	0		坐骑：雪羽。您已激活的坐骑中最高移动速度+40%。	99	0	1	1	
4171	99	2200	RideHeader2_7							0	0	0	1	0		坐骑：飞龙。您已激活的坐骑中最高移动速度+40%。	99	0	1	1	
4172	99	2200	RideHeader2_16							0	0	0	1	0		坐骑：巨人。您已激活的坐骑中最高移动速度+40%。	99	0	1	1	
4173	99	2200	Ride2_3							0	0	0	1	0		坐骑：雪橇。您已激活的坐骑中最高移动速度+40%。	99	0	1	1	
4174	99	2200	Ride2_4							0	0	0	1	0		坐骑：紫电。您已激活的坐骑中最高移动速度+40%。	99	0	1	1	
4175	99	2200	Ride2_16							0	0	0	1	0		坐骑：冥羽。您已激活的坐骑中最高移动速度+40%。	99	0	1	1	
4176	99	2200	RideHeader2_8							0	0	0	1	0		坐骑：如意熊。您已激活的坐骑中最高移动速度+40%。	99	0	1	1	
4177	99	2200	Ride2_5							0	0	0	1	0		坐骑：碧水金睛兽。您已激活的坐骑中最高移动速度+40%。	99	0	1	1	
4178	99	2200	Ride2_6							0	0	0	1	0		坐骑：年兽。您已激活的坐骑中最高移动速度+40%。	99	0	1	1	
4179	99	2200	Ride2_7							0	0	0	1	0		坐骑：花车。您已激活的坐骑中最高移动速度+40%。	99	0	1	1	
4180	99	2200	Ride2_8							0	0	0	1	0		坐骑：旋转木马。您已激活的坐骑中最高移动速度+40%。	99	0	1	1	
4181	99	2200	RideHeader3_1							0	0	0	1	0		坐骑：白云。您已激活的坐骑中最高移动速度+40%。	99	0	1	1	
4182	99	2200	RideHeader3_2							0	0	0	1	0		坐骑：黑土。您已激活的坐骑中最高移动速度+40%。	99	0	1	1	
4183	99	2200	RideHeader3_3							0	0	0	1	0		坐骑：巨猿。您已激活的坐骑中最高移动速度+40%。	99	0	1	1	
4184	99	2200	RideHeader3_5							0	0	0	1	0		坐骑：琉璃凤。您已激活的坐骑中最高移动速度+40%。	99	0	1	1	
4185	99	2200	RideHeader3_8							0	0	0	1	0		坐骑：银月狼。您已激活的坐骑中最高移动速度+40%。	99	0	1	1	
4186	99	2200	RideHeader3_12							0	0	0	1	0		坐骑：烈焰狮。您已激活的坐骑中最高移动速度+40%。	99	0	1	1	
4187	99	2200	RideHeader3_7							0	0	0	1	0		坐骑：如意虎。您已激活的坐骑中最高移动速度+40%。	99	0	1	1	
4188	99	2200	RideHeader3_10							0	0	0	1	0		坐骑：龙血马。您已激活的坐骑中最高移动速度+40%。	99	0	1	1	
4189	99	2200	RideHeader3_4							0	0	0	1	0		坐骑：鹜影雕。您已激活的坐骑中最高移动速度+40%。	99	0	1	1	
4190	99	2200	RideHeader3_6							0	0	0	1	0		坐骑：瑞莲鹤。您已激活的坐骑中最高移动速度+40%。	99	0	1	1	
4191	99	2200	RideHeader3_9							0	0	0	1	0		坐骑：七彩鹿。您已激活的坐骑中最高移动速度+40%。	99	0	1	1	
4192	99	2200	RideHeader3_11							0	0	0	1	0		坐骑：青牦牛。您已激活的坐骑中最高移动速度+40%。	99	0	1	1	
4193	99	2200	RideHeader3_13							0	0	0	1	0		翅膀：幻羽。您已激活的坐骑中最高移动速度+40%。	99	0	1	1	
4194	99	2200	RideHeader3_14							0	0	0	1	0		坐骑：闪电貂。您已激活的坐骑中最高移动速度+40%。	99	0	1	1	
4195	99	2200	RideHeader3_15							0	0	0	1	0		坐骑：蝶羽。您已激活的坐骑中最高移动速度+40%。	99	0	1	1	
4196	99	2200	RideHeader2_10							0	0	0	1	0		坐骑：陆吾。您已激活的坐骑中最高移动速度+40%。	99	0	1	1	
4197	99	2200	RideHeader3_16							0	0	0	1	0		坐骑：巴天虎。您已激活的坐骑中最高移动速度+40%。	99	0	1	1	
4198	99	2200	RideHeader4_4							0	0	0	1	0		坐骑：飞龙椅。您已激活的坐骑中最高移动速度+40%。	99	0	1	1	
4199	99	2200	RideHeader4_1							0	0	0	1	0		坐骑：羚羊。您已激活的坐骑中最高移动速度+40%。	99	0	1	1	
4200	99	2200	RideHeader4_2							0	0	0	1	0		坐骑：雪羚羊。您已激活的坐骑中最高移动速度+40%。	99	0	1	1	
4201	99	2200	RideHeader4_3							0	0	0	1	0		坐骑：幽光羚。您已激活的坐骑中最高移动速度+40%。	99	0	1	1	
4202	99	2200	RideHeader4_5							0	0	0	1	0		坐骑：火焰貂。您已激活的坐骑中最高移动速度+40%。	99	0	1	1	
4203	99	2200	RideHeader4_6							0	0	0	1	0		坐骑：熊猫。您已激活的坐骑中最高移动速度+40%。	99	0	1	1	
4204	99	2200	RideHeader4_7							0	0	0	1	0		坐骑：雷刃兽。您已激活的坐骑中最高移动速度+40%。	99	0	1	1	
4205	99	2200	RideHeader4_8							0	0	0	1	0		坐骑：赤魅鹰。您已激活的坐骑中最高移动速度+40%。	99	0	1	1	
4206	99	2200	RideHeader4_9							0	0	0	1	0		坐骑：暗魅鹰。您已激活的坐骑中最高移动速度+40%。	99	0	1	1	
4207	99	2200	RideHeader4_10							0	0	0	1	0		坐骑：紫魅鹰。您已激活的坐骑中最高移动速度+40%。	99	0	1	1	
4208	99	2200	RideHeader5_1							0	0	0	1	0		坐骑：江南锁甲马。您已激活的坐骑中最高移动速度+40%。	99	0	1	1	
4209	99	2200	RideHeader5_2							0	0	0	1	0		坐骑：大漠金戈马。您已激活的坐骑中最高移动速度+40%。	99	0	1	1	
4210	99	2200	RideHeader5_12							0	0	0	1	0		坐骑：赤麟白泽。您已激活的坐骑中最高移动速度+40%。	99	0	1	1	
4211	99	2200	RideHeader5_13							0	0	0	1	0		坐骑：青麟白泽。您已激活的坐骑中最高移动速度+40%。	99	0	1	1	
4212	99	2200	RideHeader6_14							0	0	0	1	0		坐骑：天河灵鹊。您已激活的坐骑中最高移动速度+40%。	99	0	1	1	
4213	99	2200	RideHeader6_16							0	0	0	1	0		坐骑：黑天马。您已激活的坐骑中最高移动速度+40%。	99	0	1	1	
4214	99	2200	RideHeader8_8							0	0	0	1	0		坐骑：云霄羽翼。您已激活的坐骑中最高移动速度+40%。	99	0	1	1	
4215	99	2200	RideHeader9_5							0	0	0	1	0		坐骑：梦灵仙驹。您已激活的坐骑中最高移动速度+40%。	99	0	1	1	
4216	99	2200	RideHeader4_11							0	0	0	1	0		坐骑：绝地。您已激活的坐骑中最高移动速度+40%。	99	0	1	1	
4217	99	2200	RideHeader9_11							0	0	0	1	0		坐骑：憨宝熊。您已激活的坐骑中最高移动速度+40%。	99	0	1	1	
4218	99	2200	RideHeader4_12							0	0	0	1	0		坐骑：蹑景。您已激活的坐骑中最高移动速度+40%。	99	0	1	1	
4219	99	2200	RideHeader4_12							0	0	0	1	0		坐骑：蹑景·典藏。您已激活的坐骑中最高移动速度+40%。	99	0	1	1	
4220	99	2200	RideHeader4_13							0	0	0	1	0		坐骑：六合舆。您已激活的坐骑中最高移动速度+40%。	99	0	1	1	
4221	99	2200	RideHeader4_14							0	0	0	1	0		坐骑：渡情。您已激活的坐骑中最高移动速度+40%。	99	0	1	1	
4222	99	2200	RideHeader5_13							0	0	0	1	0		坐骑：凌霄。您已激活的坐骑中最高移动速度+40%。	99	0	1	1	
4223	99	2200	CircularTaskTool90_3							0	0	0	1	0		坐骑：垂云翼。您已激活的坐骑中最高移动速度+40%。	99	0	1	1	
4224	99	2200	RideHeader4_15							0	0	0	1	0		坐骑：红熊王。您已激活的坐骑中最高移动速度+40%。	99	0	1	1	
4225	99	2200	RideHeader1_9							0	0	0	1	0		坐骑：陆行雕。您已激活的坐骑中最高移动速度+70%。	99	0	1	1	
4226	99	2200	RideHeader1_13							0	0	0	1	0		坐骑：虎。您已激活的坐骑中最高移动速度+70%。	99	0	1	1	
4227	99	2200	RideHeader1_1							0	0	0	1	0		坐骑：黄骠马。您已激活的坐骑中最高移动速度+70%。	99	0	1	1	
4228	99	2200	RideHeader1_11							0	0	0	1	0		坐骑：骆驼。您已激活的坐骑中最高移动速度+70%。	99	0	1	1	
4229	99	2200	RideHeader2_2							0	0	0	1	0		坐骑：鹤。您已激活的坐骑中最高移动速度+70%。	99	0	1	1	
4230	99	2200	RideHeader1_16							0	0	0	1	0		坐骑：青凤。您已激活的坐骑中最高移动速度+70%。	99	0	1	1	
4231	99	2200	RideHeader1_3							0	0	0	1	0		坐骑：牦牛。您已激活的坐骑中最高移动速度+70%。	99	0	1	1	
4232	99	2200	RideHeader1_5							0	0	0	1	0		坐骑：鹿。您已激活的坐骑中最高移动速度+70%。	99	0	1	1	
4233	99	2200	RideHeader1_9							0	0	0	1	0		坐骑：雕。您已激活的坐骑中最高移动速度+70%。	99	0	1	1	
4234	99	2200	RideHeader1_7							0	0	0	1	0		坐骑：灰狼。您已激活的坐骑中最高移动速度+70%。	99	0	1	1	
4235	99	2200	RideHeader1_14							0	0	0	1	0		坐骑：白虎。您已激活的坐骑中最高移动速度+70%。	99	0	1	1	
4236	99	2200	RideHeader1_2							0	0	0	1	0		坐骑：青白骢马。您已激活的坐骑中最高移动速度+70%。	99	0	1	1	
4237	99	2200	RideHeader1_12							0	0	0	1	0		坐骑：白骆驼。您已激活的坐骑中最高移动速度+70%。	99	0	1	1	
4238	99	2200	RideHeader2_1							0	0	0	1	0		坐骑：金翼鹤。您已激活的坐骑中最高移动速度+70%。	99	0	1	1	
4239	99	2200	RideHeader1_15							0	0	0	1	0		坐骑：红白凤。您已激活的坐骑中最高移动速度+70%。	99	0	1	1	
4240	99	2200	RideHeader1_4							0	0	0	1	0		坐骑：白牦牛。您已激活的坐骑中最高移动速度+70%。	99	0	1	1	
4241	99	2200	RideHeader1_6							0	0	0	1	0		坐骑：白鹿。您已激活的坐骑中最高移动速度+70%。	99	0	1	1	
4242	99	2200	RideHeader1_10							0	0	0	1	0		坐骑：白雕。您已激活的坐骑中最高移动速度+70%。	99	0	1	1	
4243	99	2200	RideHeader1_8							0	0	0	1	0		坐骑：白狼。您已激活的坐骑中最高移动速度+70%。	99	0	1	1	
4244	99	2200	RideHeader2_3							0	0	0	1	0		坐骑：狮子。您已激活的坐骑中最高移动速度+70%。	99	0	1	1	
4245	99	2200	RideHeader2_4							0	0	0	1	0		坐骑：白狮。您已激活的坐骑中最高移动速度+70%。	99	0	1	1	
4246	99	2200	RideHeader2_6							0	0	0	1	0		坐骑：象。您已激活的坐骑中最高移动速度+70%。	99	0	1	1	
4247	99	2200	RideHeader2_15							0	0	0	1	0		坐骑：犀牛。您已激活的坐骑中最高移动速度+70%。	99	0	1	1	
4248	99	2200	RideHeader2_12							0	0	0	1	0		坐骑：玄龟。您已激活的坐骑中最高移动速度+70%。	99	0	1	1	
4249	99	2200	RideHeader2_10							0	0	0	1	0		坐骑：陆吾。您已激活的坐骑中最高移动速度+70%。	99	0	1	1	
4250	99	2200	RideHeader2_13							0	0	0	1	0		坐骑：木牛流马。您已激活的坐骑中最高移动速度+70%。	99	0	1	1	
4251	99	2200	RideHeader2_9							0	0	0	1	0		坐骑：熊。您已激活的坐骑中最高移动速度+70%。	99	0	1	1	
4252	99	2200	RideHeader2_14							0	0	0	1	0		坐骑：符文骑士。您已激活的坐骑中最高移动速度+70%。	99	0	1	1	
4253	99	2200	RideHeader2_11							0	0	0	1	0		坐骑：鸵鸟。您已激活的坐骑中最高移动速度+70%。	99	0	1	1	
4254	99	2200	Ride2_15							0	0	0	1	0		坐骑：河马。您已激活的坐骑中最高移动速度+70%。	99	0	1	1	
4255	99	2200	Ride2_11							0	0	0	1	0		坐骑：马车。您已激活的坐骑中最高移动速度+70%。	99	0	1	1	
4256	99	2200	Ride2_13							0	0	0	1	0		坐骑：天马。您已激活的坐骑中最高移动速度+70%。	99	0	1	1	
4257	99	2200	Ride2_9							0	0	0	1	0		坐骑：兔子。您已激活的坐骑中最高移动速度+70%。	99	0	1	1	
4258	99	2200	Ride2_14							0	0	0	1	0		坐骑：舞狮。您已激活的坐骑中最高移动速度+70%。	99	0	1	1	
4259	99	2200	Ride2_10							0	0	0	1	0		坐骑：驯鹿。您已激活的坐骑中最高移动速度+70%。	99	0	1	1	
4260	99	2200	RideHeader2_6							0	0	0	1	0		坐骑：象。您已激活的坐骑中最高移动速度+70%。	99	0	1	1	
4261	99	2200	RideHeader1_3							0	0	0	1	0		坐骑：牦牛。您已激活的坐骑中最高移动速度+70%。	99	0	1	1	
4262	99	2200	RideHeader2_12							0	0	0	1	0		坐骑：玄龟。您已激活的坐骑中最高移动速度+70%。	99	0	1	1	
4263	99	2200	RideHeader2_10							0	0	0	1	0		坐骑：陆吾。您已激活的坐骑中最高移动速度+70%。	99	0	1	1	
4264	99	2200	RideHeader2_13							0	0	0	1	0		坐骑：木牛流马。您已激活的坐骑中最高移动速度+70%。	99	0	1	1	
4265	99	2200	RideHeader2_14							0	0	0	1	0		坐骑：符文骑士。您已激活的坐骑中最高移动速度+70%。	99	0	1	1	
4266	99	2200	RideHeader2_11							0	0	0	1	0		坐骑：鸵鸟。您已激活的坐骑中最高移动速度+70%。	99	0	1	1	
4267	99	2200	Ride2_12							0	0	0	1	0		坐骑：雪羽。您已激活的坐骑中最高移动速度+70%。	99	0	1	1	
4268	99	2200	RideHeader2_7							0	0	0	1	0		坐骑：飞龙。您已激活的坐骑中最高移动速度+70%。	99	0	1	1	
4269	99	2200	RideHeader2_16							0	0	0	1	0		坐骑：巨人。您已激活的坐骑中最高移动速度+70%。	99	0	1	1	
4270	99	2200	Ride2_3							0	0	0	1	0		坐骑：雪橇。您已激活的坐骑中最高移动速度+70%。	99	0	1	1	
4271	99	2200	Ride2_4							0	0	0	1	0		坐骑：紫电。您已激活的坐骑中最高移动速度+70%。	99	0	1	1	
4272	99	2200	Ride2_16							0	0	0	1	0		坐骑：冥羽。您已激活的坐骑中最高移动速度+70%。	99	0	1	1	
4273	99	2200	RideHeader2_8							0	0	0	1	0		坐骑：如意熊。您已激活的坐骑中最高移动速度+70%。	99	0	1	1	
4274	99	2200	Ride2_5							0	0	0	1	0		坐骑：碧水金睛兽。您已激活的坐骑中最高移动速度+70%。	99	0	1	1	
4275	99	2200	Ride2_6							0	0	0	1	0		坐骑：年兽。您已激活的坐骑中最高移动速度+70%。	99	0	1	1	
4276	99	2200	Ride2_7							0	0	0	1	0		坐骑：花车。您已激活的坐骑中最高移动速度+70%。	99	0	1	1	
4277	99	2200	Ride2_8							0	0	0	1	0		坐骑：旋转木马。您已激活的坐骑中最高移动速度+70%。	99	0	1	1	
4278	99	2200	RideHeader3_1							0	0	0	1	0		坐骑：白云。您已激活的坐骑中最高移动速度+70%。	99	0	1	1	
4279	99	2200	RideHeader3_2							0	0	0	1	0		坐骑：黑土。您已激活的坐骑中最高移动速度+70%。	99	0	1	1	
4280	99	2200	RideHeader3_3							0	0	0	1	0		坐骑：巨猿。您已激活的坐骑中最高移动速度+70%。	99	0	1	1	
4281	99	2200	RideHeader3_5							0	0	0	1	0		坐骑：琉璃凤。您已激活的坐骑中最高移动速度+70%。	99	0	1	1	
4282	99	2200	RideHeader3_8							0	0	0	1	0		坐骑：银月狼。您已激活的坐骑中最高移动速度+70%。	99	0	1	1	
4283	99	2200	RideHeader3_12							0	0	0	1	0		坐骑：烈焰狮。您已激活的坐骑中最高移动速度+70%。	99	0	1	1	
4284	99	2200	RideHeader3_7							0	0	0	1	0		坐骑：如意虎。您已激活的坐骑中最高移动速度+70%。	99	0	1	1	
4285	99	2200	RideHeader3_10							0	0	0	1	0		坐骑：龙血马。您已激活的坐骑中最高移动速度+70%。	99	0	1	1	
4286	99	2200	RideHeader3_4							0	0	0	1	0		坐骑：鹜影雕。您已激活的坐骑中最高移动速度+70%。	99	0	1	1	
4287	99	2200	RideHeader3_6							0	0	0	1	0		坐骑：瑞莲鹤。您已激活的坐骑中最高移动速度+70%。	99	0	1	1	
4288	99	2200	RideHeader3_9							0	0	0	1	0		坐骑：七彩鹿。您已激活的坐骑中最高移动速度+70%。	99	0	1	1	
4289	99	2200	RideHeader3_11							0	0	0	1	0		坐骑：青牦牛。您已激活的坐骑中最高移动速度+70%。	99	0	1	1	
4290	99	2200	RideHeader3_13							0	0	0	1	0		翅膀：幻羽。您已激活的坐骑中最高移动速度+70%。	99	0	1	1	
4291	99	2200	RideHeader3_14							0	0	0	1	0		坐骑：闪电貂。您已激活的坐骑中最高移动速度+70%。	99	0	1	1	
4292	99	2200	RideHeader3_15							0	0	0	1	0		坐骑：蝶羽。您已激活的坐骑中最高移动速度+70%。	99	0	1	1	
4293	99	2200	RideHeader2_10							0	0	0	1	0		坐骑：陆吾。您已激活的坐骑中最高移动速度+70%。	99	0	1	1	
4294	99	2200	RideHeader3_16							0	0	0	1	0		坐骑：巴天虎。您已激活的坐骑中最高移动速度+70%。	99	0	1	1	
4295	99	2200	RideHeader4_4							0	0	0	1	0		坐骑：飞龙椅。您已激活的坐骑中最高移动速度+70%。	99	0	1	1	
4296	99	2200	RideHeader4_1							0	0	0	1	0		坐骑：羚羊。您已激活的坐骑中最高移动速度+70%。	99	0	1	1	
4297	99	2200	RideHeader4_2							0	0	0	1	0		坐骑：雪羚羊。您已激活的坐骑中最高移动速度+70%。	99	0	1	1	
4298	99	2200	RideHeader4_3							0	0	0	1	0		坐骑：幽光羚。您已激活的坐骑中最高移动速度+70%。	99	0	1	1	
4299	99	2200	RideHeader4_5							0	0	0	1	0		坐骑：火焰貂。您已激活的坐骑中最高移动速度+70%。	99	0	1	1	
4300	99	2200	RideHeader4_6							0	0	0	1	0		坐骑：熊猫。您已激活的坐骑中最高移动速度+70%。	99	0	1	1	
4301	99	2200	RideHeader4_7							0	0	0	1	0		坐骑：雷刃兽。您已激活的坐骑中最高移动速度+70%。	99	0	1	1	
4302	99	2200	RideHeader4_8							0	0	0	1	0		坐骑：赤魅鹰。您已激活的坐骑中最高移动速度+70%。	99	0	1	1	
4303	99	2200	RideHeader4_9							0	0	0	1	0		坐骑：暗魅鹰。您已激活的坐骑中最高移动速度+70%。	99	0	1	1	
4304	99	2200	RideHeader4_10							0	0	0	1	0		坐骑：紫魅鹰。您已激活的坐骑中最高移动速度+70%。	99	0	1	1	
4305	99	2200	RideHeader5_1							0	0	0	1	0		坐骑：江南锁甲马。您已激活的坐骑中最高移动速度+70%。	99	0	1	1	
4306	99	2200	RideHeader5_2							0	0	0	1	0		坐骑：大漠金戈马。您已激活的坐骑中最高移动速度+70%。	99	0	1	1	
4307	99	2200	RideHeader5_12							0	0	0	1	0		坐骑：赤麟白泽。您已激活的坐骑中最高移动速度+70%。	99	0	1	1	
4308	99	2200	RideHeader5_13							0	0	0	1	0		坐骑：青麟白泽。您已激活的坐骑中最高移动速度+70%。	99	0	1	1	
4309	99	2200	RideHeader6_14							0	0	0	1	0		坐骑：天河灵鹊。您已激活的坐骑中最高移动速度+70%。	99	0	1	1	
4310	99	2200	RideHeader6_16							0	0	0	1	0		坐骑：黑天马。您已激活的坐骑中最高移动速度+70%。	99	0	1	1	
4311	99	2200	RideHeader8_8							0	0	0	1	0		坐骑：云霄羽翼。您已激活的坐骑中最高移动速度+70%。	99	0	1	1	
4312	99	2200	RideHeader9_5							0	0	0	1	0		坐骑：梦灵仙驹。您已激活的坐骑中最高移动速度+70%。	99	0	1	1	
4313	99	2200	RideHeader4_11							0	0	0	1	0		坐骑：绝地。您已激活的坐骑中最高移动速度+70%。	99	0	1	1	
4314	99	2200	RideHeader9_11							0	0	0	1	0		坐骑：憨宝熊。您已激活的坐骑中最高移动速度+70%。	99	0	1	1	
4315	99	2200	RideHeader4_12							0	0	0	1	0		坐骑：蹑景。您已激活的坐骑中最高移动速度+70%。	99	0	1	1	
4316	99	2200	RideHeader4_12							0	0	0	1	0		坐骑：蹑景·典藏。您已激活的坐骑中最高移动速度+70%。	99	0	1	1	
4317	99	2200	RideHeader4_13							0	0	0	1	0		坐骑：六合舆。您已激活的坐骑中最高移动速度+70%。	99	0	1	1	
4318	99	2200	RideHeader4_14							0	0	0	1	0		坐骑：渡情。您已激活的坐骑中最高移动速度+70%。	99	0	1	1	
4319	99	2200	RideHeader5_13							0	0	0	1	0		坐骑：凌霄。您已激活的坐骑中最高移动速度+70%。	99	0	1	1	
4320	99	2200	CircularTaskTool90_3							0	0	0	1	0		坐骑：垂云翼。您已激活的坐骑中最高移动速度+70%。	99	0	1	1	
4321	99	2200	RideHeader4_15							0	0	0	1	0		坐骑：红熊王。您已激活的坐骑中最高移动速度+70%。	99	0	1	1	
4322	99	2200	RideHeader1_9							0	0	0	1	0		坐骑：陆行雕。您已激活的坐骑中最高移动速度+75%。	99	0	1	1	
4323	99	2200	RideHeader1_13							0	0	0	1	0		坐骑：虎。您已激活的坐骑中最高移动速度+75%。	99	0	1	1	
4324	99	2200	RideHeader1_1							0	0	0	1	0		坐骑：黄骠马。您已激活的坐骑中最高移动速度+75%。	99	0	1	1	
4325	99	2200	RideHeader1_11							0	0	0	1	0		坐骑：骆驼。您已激活的坐骑中最高移动速度+75%。	99	0	1	1	
4326	99	2200	RideHeader2_2							0	0	0	1	0		坐骑：鹤。您已激活的坐骑中最高移动速度+75%。	99	0	1	1	
4327	99	2200	RideHeader1_16							0	0	0	1	0		坐骑：青凤。您已激活的坐骑中最高移动速度+75%。	99	0	1	1	
4328	99	2200	RideHeader1_3							0	0	0	1	0		坐骑：牦牛。您已激活的坐骑中最高移动速度+75%。	99	0	1	1	
4329	99	2200	RideHeader1_5							0	0	0	1	0		坐骑：鹿。您已激活的坐骑中最高移动速度+75%。	99	0	1	1	
4330	99	2200	RideHeader1_9							0	0	0	1	0		坐骑：雕。您已激活的坐骑中最高移动速度+75%。	99	0	1	1	
4331	99	2200	RideHeader1_7							0	0	0	1	0		坐骑：灰狼。您已激活的坐骑中最高移动速度+75%。	99	0	1	1	
4332	99	2200	RideHeader1_14							0	0	0	1	0		坐骑：白虎。您已激活的坐骑中最高移动速度+75%。	99	0	1	1	
4333	99	2200	RideHeader1_2							0	0	0	1	0		坐骑：青白骢马。您已激活的坐骑中最高移动速度+75%。	99	0	1	1	
4334	99	2200	RideHeader1_12							0	0	0	1	0		坐骑：白骆驼。您已激活的坐骑中最高移动速度+75%。	99	0	1	1	
4335	99	2200	RideHeader2_1							0	0	0	1	0		坐骑：金翼鹤。您已激活的坐骑中最高移动速度+75%。	99	0	1	1	
4336	99	2200	RideHeader1_15							0	0	0	1	0		坐骑：红白凤。您已激活的坐骑中最高移动速度+75%。	99	0	1	1	
4337	99	2200	RideHeader1_4							0	0	0	1	0		坐骑：白牦牛。您已激活的坐骑中最高移动速度+75%。	99	0	1	1	
4338	99	2200	RideHeader1_6							0	0	0	1	0		坐骑：白鹿。您已激活的坐骑中最高移动速度+75%。	99	0	1	1	
4339	99	2200	RideHeader1_10							0	0	0	1	0		坐骑：白雕。您已激活的坐骑中最高移动速度+75%。	99	0	1	1	
4340	99	2200	RideHeader1_8							0	0	0	1	0		坐骑：白狼。您已激活的坐骑中最高移动速度+75%。	99	0	1	1	
4341	99	2200	RideHeader2_3							0	0	0	1	0		坐骑：狮子。您已激活的坐骑中最高移动速度+75%。	99	0	1	1	
4342	99	2200	RideHeader2_4							0	0	0	1	0		坐骑：白狮。您已激活的坐骑中最高移动速度+75%。	99	0	1	1	
4343	99	2200	RideHeader2_6							0	0	0	1	0		坐骑：象。您已激活的坐骑中最高移动速度+75%。	99	0	1	1	
4344	99	2200	RideHeader2_15							0	0	0	1	0		坐骑：犀牛。您已激活的坐骑中最高移动速度+75%。	99	0	1	1	
4345	99	2200	RideHeader2_12							0	0	0	1	0		坐骑：玄龟。您已激活的坐骑中最高移动速度+75%。	99	0	1	1	
4346	99	2200	RideHeader2_10							0	0	0	1	0		坐骑：陆吾。您已激活的坐骑中最高移动速度+75%。	99	0	1	1	
4347	99	2200	RideHeader2_13							0	0	0	1	0		坐骑：木牛流马。您已激活的坐骑中最高移动速度+75%。	99	0	1	1	
4348	99	2200	RideHeader2_9							0	0	0	1	0		坐骑：熊。您已激活的坐骑中最高移动速度+75%。	99	0	1	1	
4349	99	2200	RideHeader2_14							0	0	0	1	0		坐骑：符文骑士。您已激活的坐骑中最高移动速度+75%。	99	0	1	1	
4350	99	2200	RideHeader2_11							0	0	0	1	0		坐骑：鸵鸟。您已激活的坐骑中最高移动速度+75%。	99	0	1	1	
4351	99	2200	Ride2_15							0	0	0	1	0		坐骑：河马。您已激活的坐骑中最高移动速度+75%。	99	0	1	1	
4352	99	2200	Ride2_11							0	0	0	1	0		坐骑：马车。您已激活的坐骑中最高移动速度+75%。	99	0	1	1	
4353	99	2200	Ride2_13							0	0	0	1	0		坐骑：天马。您已激活的坐骑中最高移动速度+75%。	99	0	1	1	
4354	99	2200	Ride2_9							0	0	0	1	0		坐骑：兔子。您已激活的坐骑中最高移动速度+75%。	99	0	1	1	
4355	99	2200	Ride2_14							0	0	0	1	0		坐骑：舞狮。您已激活的坐骑中最高移动速度+75%。	99	0	1	1	
4356	99	2200	Ride2_10							0	0	0	1	0		坐骑：驯鹿。您已激活的坐骑中最高移动速度+75%。	99	0	1	1	
4357	99	2200	RideHeader2_6							0	0	0	1	0		坐骑：象。您已激活的坐骑中最高移动速度+75%。	99	0	1	1	
4358	99	2200	RideHeader1_3							0	0	0	1	0		坐骑：牦牛。您已激活的坐骑中最高移动速度+75%。	99	0	1	1	
4359	99	2200	RideHeader2_12							0	0	0	1	0		坐骑：玄龟。您已激活的坐骑中最高移动速度+75%。	99	0	1	1	
4360	99	2200	RideHeader2_10							0	0	0	1	0		坐骑：陆吾。您已激活的坐骑中最高移动速度+75%。	99	0	1	1	
4361	99	2200	RideHeader2_13							0	0	0	1	0		坐骑：木牛流马。您已激活的坐骑中最高移动速度+75%。	99	0	1	1	
4362	99	2200	RideHeader2_14							0	0	0	1	0		坐骑：符文骑士。您已激活的坐骑中最高移动速度+75%。	99	0	1	1	
4363	99	2200	RideHeader2_11							0	0	0	1	0		坐骑：鸵鸟。您已激活的坐骑中最高移动速度+75%。	99	0	1	1	
4364	99	2200	Ride2_12							0	0	0	1	0		坐骑：雪羽。您已激活的坐骑中最高移动速度+75%。	99	0	1	1	
4365	99	2200	RideHeader2_7							0	0	0	1	0		坐骑：飞龙。您已激活的坐骑中最高移动速度+75%。	99	0	1	1	
4366	99	2200	RideHeader2_16							0	0	0	1	0		坐骑：巨人。您已激活的坐骑中最高移动速度+75%。	99	0	1	1	
4367	99	2200	Ride2_3							0	0	0	1	0		坐骑：雪橇。您已激活的坐骑中最高移动速度+75%。	99	0	1	1	
4368	99	2200	Ride2_4							0	0	0	1	0		坐骑：紫电。您已激活的坐骑中最高移动速度+75%。	99	0	1	1	
4369	99	2200	Ride2_16							0	0	0	1	0		坐骑：冥羽。您已激活的坐骑中最高移动速度+75%。	99	0	1	1	
4370	99	2200	RideHeader2_8							0	0	0	1	0		坐骑：如意熊。您已激活的坐骑中最高移动速度+75%。	99	0	1	1	
4371	99	2200	Ride2_5							0	0	0	1	0		坐骑：碧水金睛兽。您已激活的坐骑中最高移动速度+75%。	99	0	1	1	
4372	99	2200	Ride2_6							0	0	0	1	0		坐骑：年兽。您已激活的坐骑中最高移动速度+75%。	99	0	1	1	
4373	99	2200	Ride2_7							0	0	0	1	0		坐骑：花车。您已激活的坐骑中最高移动速度+75%。	99	0	1	1	
4374	99	2200	Ride2_8							0	0	0	1	0		坐骑：旋转木马。您已激活的坐骑中最高移动速度+75%。	99	0	1	1	
4375	99	2200	RideHeader3_1							0	0	0	1	0		坐骑：白云。您已激活的坐骑中最高移动速度+75%。	99	0	1	1	
4376	99	2200	RideHeader3_2							0	0	0	1	0		坐骑：黑土。您已激活的坐骑中最高移动速度+75%。	99	0	1	1	
4377	99	2200	RideHeader3_3							0	0	0	1	0		坐骑：巨猿。您已激活的坐骑中最高移动速度+75%。	99	0	1	1	
4378	99	2200	RideHeader3_5							0	0	0	1	0		坐骑：琉璃凤。您已激活的坐骑中最高移动速度+75%。	99	0	1	1	
4379	99	2200	RideHeader3_8							0	0	0	1	0		坐骑：银月狼。您已激活的坐骑中最高移动速度+75%。	99	0	1	1	
4380	99	2200	RideHeader3_12							0	0	0	1	0		坐骑：烈焰狮。您已激活的坐骑中最高移动速度+75%。	99	0	1	1	
4381	99	2200	RideHeader3_7							0	0	0	1	0		坐骑：如意虎。您已激活的坐骑中最高移动速度+75%。	99	0	1	1	
4382	99	2200	RideHeader3_10							0	0	0	1	0		坐骑：龙血马。您已激活的坐骑中最高移动速度+75%。	99	0	1	1	
4383	99	2200	RideHeader3_4							0	0	0	1	0		坐骑：鹜影雕。您已激活的坐骑中最高移动速度+75%。	99	0	1	1	
4384	99	2200	RideHeader3_6							0	0	0	1	0		坐骑：瑞莲鹤。您已激活的坐骑中最高移动速度+75%。	99	0	1	1	
4385	99	2200	RideHeader3_9							0	0	0	1	0		坐骑：七彩鹿。您已激活的坐骑中最高移动速度+75%。	99	0	1	1	
4386	99	2200	RideHeader3_11							0	0	0	1	0		坐骑：青牦牛。您已激活的坐骑中最高移动速度+75%。	99	0	1	1	
4387	99	2200	RideHeader3_13							0	0	0	1	0		翅膀：幻羽。您已激活的坐骑中最高移动速度+75%。	99	0	1	1	
4388	99	2200	RideHeader3_14							0	0	0	1	0		坐骑：闪电貂。您已激活的坐骑中最高移动速度+75%。	99	0	1	1	
4389	99	2200	RideHeader3_15							0	0	0	1	0		坐骑：蝶羽。您已激活的坐骑中最高移动速度+75%。	99	0	1	1	
4390	99	2200	RideHeader2_10							0	0	0	1	0		坐骑：陆吾。您已激活的坐骑中最高移动速度+75%。	99	0	1	1	
4391	99	2200	RideHeader3_16							0	0	0	1	0		坐骑：巴天虎。您已激活的坐骑中最高移动速度+75%。	99	0	1	1	
4392	99	2200	RideHeader4_4							0	0	0	1	0		坐骑：飞龙椅。您已激活的坐骑中最高移动速度+75%。	99	0	1	1	
4393	99	2200	RideHeader4_1							0	0	0	1	0		坐骑：羚羊。您已激活的坐骑中最高移动速度+75%。	99	0	1	1	
4394	99	2200	RideHeader4_2							0	0	0	1	0		坐骑：雪羚羊。您已激活的坐骑中最高移动速度+75%。	99	0	1	1	
4395	99	2200	RideHeader4_3							0	0	0	1	0		坐骑：幽光羚。您已激活的坐骑中最高移动速度+75%。	99	0	1	1	
4396	99	2200	RideHeader4_5							0	0	0	1	0		坐骑：火焰貂。您已激活的坐骑中最高移动速度+75%。	99	0	1	1	
4397	99	2200	RideHeader4_6							0	0	0	1	0		坐骑：熊猫。您已激活的坐骑中最高移动速度+75%。	99	0	1	1	
4398	99	2200	RideHeader4_7							0	0	0	1	0		坐骑：雷刃兽。您已激活的坐骑中最高移动速度+75%。	99	0	1	1	
4399	99	2200	RideHeader4_8							0	0	0	1	0		坐骑：赤魅鹰。您已激活的坐骑中最高移动速度+75%。	99	0	1	1	
4400	99	2200	RideHeader4_9							0	0	0	1	0		坐骑：暗魅鹰。您已激活的坐骑中最高移动速度+75%。	99	0	1	1	
4401	99	2200	RideHeader4_10							0	0	0	1	0		坐骑：紫魅鹰。您已激活的坐骑中最高移动速度+75%。	99	0	1	1	
4402	99	2200	RideHeader5_1							0	0	0	1	0		坐骑：江南锁甲马。您已激活的坐骑中最高移动速度+75%。	99	0	1	1	
4403	99	2200	RideHeader5_2							0	0	0	1	0		坐骑：大漠金戈马。您已激活的坐骑中最高移动速度+75%。	99	0	1	1	
4404	99	2200	RideHeader5_12							0	0	0	1	0		坐骑：赤麟白泽。您已激活的坐骑中最高移动速度+75%。	99	0	1	1	
4405	99	2200	RideHeader5_13							0	0	0	1	0		坐骑：青麟白泽。您已激活的坐骑中最高移动速度+75%。	99	0	1	1	
4406	99	2200	RideHeader6_14							0	0	0	1	0		坐骑：天河灵鹊。您已激活的坐骑中最高移动速度+75%。	99	0	1	1	
4407	99	2200	RideHeader6_16							0	0	0	1	0		坐骑：黑天马。您已激活的坐骑中最高移动速度+75%。	99	0	1	1	
4408	99	2200	RideHeader8_8							0	0	0	1	0		坐骑：云霄羽翼。您已激活的坐骑中最高移动速度+75%。	99	0	1	1	
4409	99	2200	RideHeader9_5							0	0	0	1	0		坐骑：梦灵仙驹。您已激活的坐骑中最高移动速度+75%。	99	0	1	1	
4410	99	2200	RideHeader4_11							0	0	0	1	0		坐骑：绝地。您已激活的坐骑中最高移动速度+75%。	99	0	1	1	
4411	99	2200	RideHeader9_11							0	0	0	1	0		坐骑：憨宝熊。您已激活的坐骑中最高移动速度+75%。	99	0	1	1	
4412	99	2200	RideHeader4_12							0	0	0	1	0		坐骑：蹑景。您已激活的坐骑中最高移动速度+75%。	99	0	1	1	
4413	99	2200	RideHeader4_12							0	0	0	1	0		坐骑：蹑景·典藏。您已激活的坐骑中最高移动速度+75%。	99	0	1	1	
4414	99	2200	RideHeader4_13							0	0	0	1	0		坐骑：六合舆。您已激活的坐骑中最高移动速度+75%。	99	0	1	1	
4415	99	2200	RideHeader4_14							0	0	0	1	0		坐骑：渡情。您已激活的坐骑中最高移动速度+75%。	99	0	1	1	
4416	99	2200	RideHeader5_13							0	0	0	1	0		坐骑：凌霄。您已激活的坐骑中最高移动速度+75%。	99	0	1	1	
4417	99	2200	CircularTaskTool90_3							0	0	0	1	0		坐骑：垂云翼。您已激活的坐骑中最高移动速度+75%。	99	0	1	1	
4418	99	2200	RideHeader4_15							0	0	0	1	0		坐骑：红熊王。您已激活的坐骑中最高移动速度+75%。	99	0	1	1	
4419	99	2200	RideHeader1_9							0	0	0	1	0		坐骑：陆行雕。您已激活的坐骑中最高移动速度+80%。	99	0	1	1	
4420	99	2200	RideHeader1_13							0	0	0	1	0		坐骑：虎。您已激活的坐骑中最高移动速度+80%。	99	0	1	1	
4421	99	2200	RideHeader1_1							0	0	0	1	0		坐骑：黄骠马。您已激活的坐骑中最高移动速度+80%。	99	0	1	1	
4422	99	2200	RideHeader1_11							0	0	0	1	0		坐骑：骆驼。您已激活的坐骑中最高移动速度+80%。	99	0	1	1	
4423	99	2200	RideHeader2_2							0	0	0	1	0		坐骑：鹤。您已激活的坐骑中最高移动速度+80%。	99	0	1	1	
4424	99	2200	RideHeader1_16							0	0	0	1	0		坐骑：青凤。您已激活的坐骑中最高移动速度+80%。	99	0	1	1	
4425	99	2200	RideHeader1_3							0	0	0	1	0		坐骑：牦牛。您已激活的坐骑中最高移动速度+80%。	99	0	1	1	
4426	99	2200	RideHeader1_5							0	0	0	1	0		坐骑：鹿。您已激活的坐骑中最高移动速度+80%。	99	0	1	1	
4427	99	2200	RideHeader1_9							0	0	0	1	0		坐骑：雕。您已激活的坐骑中最高移动速度+80%。	99	0	1	1	
4428	99	2200	RideHeader1_7							0	0	0	1	0		坐骑：灰狼。您已激活的坐骑中最高移动速度+80%。	99	0	1	1	
4429	99	2200	RideHeader1_14							0	0	0	1	0		坐骑：白虎。您已激活的坐骑中最高移动速度+80%。	99	0	1	1	
4430	99	2200	RideHeader1_2							0	0	0	1	0		坐骑：青白骢马。您已激活的坐骑中最高移动速度+80%。	99	0	1	1	
4431	99	2200	RideHeader1_12							0	0	0	1	0		坐骑：白骆驼。您已激活的坐骑中最高移动速度+80%。	99	0	1	1	
4432	99	2200	RideHeader2_1							0	0	0	1	0		坐骑：金翼鹤。您已激活的坐骑中最高移动速度+80%。	99	0	1	1	
4433	99	2200	RideHeader1_15							0	0	0	1	0		坐骑：红白凤。您已激活的坐骑中最高移动速度+80%。	99	0	1	1	
4434	99	2200	RideHeader1_4							0	0	0	1	0		坐骑：白牦牛。您已激活的坐骑中最高移动速度+80%。	99	0	1	1	
4435	99	2200	RideHeader1_6							0	0	0	1	0		坐骑：白鹿。您已激活的坐骑中最高移动速度+80%。	99	0	1	1	
4436	99	2200	RideHeader1_10							0	0	0	1	0		坐骑：白雕。您已激活的坐骑中最高移动速度+80%。	99	0	1	1	
4437	99	2200	RideHeader1_8							0	0	0	1	0		坐骑：白狼。您已激活的坐骑中最高移动速度+80%。	99	0	1	1	
4438	99	2200	RideHeader2_3							0	0	0	1	0		坐骑：狮子。您已激活的坐骑中最高移动速度+80%。	99	0	1	1	
4439	99	2200	RideHeader2_4							0	0	0	1	0		坐骑：白狮。您已激活的坐骑中最高移动速度+80%。	99	0	1	1	
4440	99	2200	RideHeader2_6							0	0	0	1	0		坐骑：象。您已激活的坐骑中最高移动速度+80%。	99	0	1	1	
4441	99	2200	RideHeader2_15							0	0	0	1	0		坐骑：犀牛。您已激活的坐骑中最高移动速度+80%。	99	0	1	1	
4442	99	2200	RideHeader2_12							0	0	0	1	0		坐骑：玄龟。您已激活的坐骑中最高移动速度+80%。	99	0	1	1	
4443	99	2200	RideHeader2_10							0	0	0	1	0		坐骑：陆吾。您已激活的坐骑中最高移动速度+80%。	99	0	1	1	
4444	99	2200	RideHeader2_13							0	0	0	1	0		坐骑：木牛流马。您已激活的坐骑中最高移动速度+80%。	99	0	1	1	
4445	99	2200	RideHeader2_9							0	0	0	1	0		坐骑：熊。您已激活的坐骑中最高移动速度+80%。	99	0	1	1	
4446	99	2200	RideHeader2_14							0	0	0	1	0		坐骑：符文骑士。您已激活的坐骑中最高移动速度+80%。	99	0	1	1	
4447	99	2200	RideHeader2_11							0	0	0	1	0		坐骑：鸵鸟。您已激活的坐骑中最高移动速度+80%。	99	0	1	1	
4448	99	2200	Ride2_15							0	0	0	1	0		坐骑：河马。您已激活的坐骑中最高移动速度+80%。	99	0	1	1	
4449	99	2200	Ride2_11							0	0	0	1	0		坐骑：马车。您已激活的坐骑中最高移动速度+80%。	99	0	1	1	
4450	99	2200	Ride2_13							0	0	0	1	0		坐骑：天马。您已激活的坐骑中最高移动速度+80%。	99	0	1	1	
4451	99	2200	Ride2_9							0	0	0	1	0		坐骑：兔子。您已激活的坐骑中最高移动速度+80%。	99	0	1	1	
4452	99	2200	Ride2_14							0	0	0	1	0		坐骑：舞狮。您已激活的坐骑中最高移动速度+80%。	99	0	1	1	
4453	99	2200	Ride2_10							0	0	0	1	0		坐骑：驯鹿。您已激活的坐骑中最高移动速度+80%。	99	0	1	1	
4454	99	2200	RideHeader2_6							0	0	0	1	0		坐骑：象。您已激活的坐骑中最高移动速度+80%。	99	0	1	1	
4455	99	2200	RideHeader1_3							0	0	0	1	0		坐骑：牦牛。您已激活的坐骑中最高移动速度+80%。	99	0	1	1	
4456	99	2200	RideHeader2_12							0	0	0	1	0		坐骑：玄龟。您已激活的坐骑中最高移动速度+80%。	99	0	1	1	
4457	99	2200	RideHeader2_10							0	0	0	1	0		坐骑：陆吾。您已激活的坐骑中最高移动速度+80%。	99	0	1	1	
4458	99	2200	RideHeader2_13							0	0	0	1	0		坐骑：木牛流马。您已激活的坐骑中最高移动速度+80%。	99	0	1	1	
4459	99	2200	RideHeader2_14							0	0	0	1	0		坐骑：符文骑士。您已激活的坐骑中最高移动速度+80%。	99	0	1	1	
4460	99	2200	RideHeader2_11							0	0	0	1	0		坐骑：鸵鸟。您已激活的坐骑中最高移动速度+80%。	99	0	1	1	
4461	99	2200	Ride2_12							0	0	0	1	0		坐骑：雪羽。您已激活的坐骑中最高移动速度+80%。	99	0	1	1	
4462	99	2200	RideHeader2_7							0	0	0	1	0		坐骑：飞龙。您已激活的坐骑中最高移动速度+80%。	99	0	1	1	
4463	99	2200	RideHeader2_16							0	0	0	1	0		坐骑：巨人。您已激活的坐骑中最高移动速度+80%。	99	0	1	1	
4464	99	2200	Ride2_3							0	0	0	1	0		坐骑：雪橇。您已激活的坐骑中最高移动速度+80%。	99	0	1	1	
4465	99	2200	Ride2_4							0	0	0	1	0		坐骑：紫电。您已激活的坐骑中最高移动速度+80%。	99	0	1	1	
4466	99	2200	Ride2_16							0	0	0	1	0		坐骑：冥羽。您已激活的坐骑中最高移动速度+80%。	99	0	1	1	
4467	99	2200	RideHeader2_8							0	0	0	1	0		坐骑：如意熊。您已激活的坐骑中最高移动速度+80%。	99	0	1	1	
4468	99	2200	Ride2_5							0	0	0	1	0		坐骑：碧水金睛兽。您已激活的坐骑中最高移动速度+80%。	99	0	1	1	
4469	99	2200	Ride2_6							0	0	0	1	0		坐骑：年兽。您已激活的坐骑中最高移动速度+80%。	99	0	1	1	
4470	99	2200	Ride2_7							0	0	0	1	0		坐骑：花车。您已激活的坐骑中最高移动速度+80%。	99	0	1	1	
4471	99	2200	Ride2_8							0	0	0	1	0		坐骑：旋转木马。您已激活的坐骑中最高移动速度+80%。	99	0	1	1	
4472	99	2200	RideHeader3_1							0	0	0	1	0		坐骑：白云。您已激活的坐骑中最高移动速度+80%。	99	0	1	1	
4473	99	2200	RideHeader3_2							0	0	0	1	0		坐骑：黑土。您已激活的坐骑中最高移动速度+80%。	99	0	1	1	
4474	99	2200	RideHeader3_3							0	0	0	1	0		坐骑：巨猿。您已激活的坐骑中最高移动速度+80%。	99	0	1	1	
4475	99	2200	RideHeader3_5							0	0	0	1	0		坐骑：琉璃凤。您已激活的坐骑中最高移动速度+80%。	99	0	1	1	
4476	99	2200	RideHeader3_8							0	0	0	1	0		坐骑：银月狼。您已激活的坐骑中最高移动速度+80%。	99	0	1	1	
4477	99	2200	RideHeader3_12							0	0	0	1	0		坐骑：烈焰狮。您已激活的坐骑中最高移动速度+80%。	99	0	1	1	
4478	99	2200	RideHeader3_7							0	0	0	1	0		坐骑：如意虎。您已激活的坐骑中最高移动速度+80%。	99	0	1	1	
4479	99	2200	RideHeader3_10							0	0	0	1	0		坐骑：龙血马。您已激活的坐骑中最高移动速度+80%。	99	0	1	1	
4480	99	2200	RideHeader3_4							0	0	0	1	0		坐骑：鹜影雕。您已激活的坐骑中最高移动速度+80%。	99	0	1	1	
4481	99	2200	RideHeader3_6							0	0	0	1	0		坐骑：瑞莲鹤。您已激活的坐骑中最高移动速度+80%。	99	0	1	1	
4482	99	2200	RideHeader3_9							0	0	0	1	0		坐骑：七彩鹿。您已激活的坐骑中最高移动速度+80%。	99	0	1	1	
4483	99	2200	RideHeader3_11							0	0	0	1	0		坐骑：青牦牛。您已激活的坐骑中最高移动速度+80%。	99	0	1	1	
4484	99	2200	RideHeader3_13							0	0	0	1	0		翅膀：幻羽。您已激活的坐骑中最高移动速度+80%。	99	0	1	1	
4485	99	2200	RideHeader3_14							0	0	0	1	0		坐骑：闪电貂。您已激活的坐骑中最高移动速度+80%。	99	0	1	1	
4486	99	2200	RideHeader3_15							0	0	0	1	0		坐骑：蝶羽。您已激活的坐骑中最高移动速度+80%。	99	0	1	1	
4487	99	2200	RideHeader2_10							0	0	0	1	0		坐骑：陆吾。您已激活的坐骑中最高移动速度+80%。	99	0	1	1	
4488	99	2200	RideHeader3_16							0	0	0	1	0		坐骑：巴天虎。您已激活的坐骑中最高移动速度+80%。	99	0	1	1	
4489	99	2200	RideHeader4_4							0	0	0	1	0		坐骑：飞龙椅。您已激活的坐骑中最高移动速度+80%。	99	0	1	1	
4490	99	2200	RideHeader4_1							0	0	0	1	0		坐骑：羚羊。您已激活的坐骑中最高移动速度+80%。	99	0	1	1	
4491	99	2200	RideHeader4_2							0	0	0	1	0		坐骑：雪羚羊。您已激活的坐骑中最高移动速度+80%。	99	0	1	1	
4492	99	2200	RideHeader4_3							0	0	0	1	0		坐骑：幽光羚。您已激活的坐骑中最高移动速度+80%。	99	0	1	1	
4493	99	2200	RideHeader4_5							0	0	0	1	0		坐骑：火焰貂。您已激活的坐骑中最高移动速度+80%。	99	0	1	1	
4494	99	2200	RideHeader4_6							0	0	0	1	0		坐骑：熊猫。您已激活的坐骑中最高移动速度+80%。	99	0	1	1	
4495	99	2200	RideHeader4_7							0	0	0	1	0		坐骑：雷刃兽。您已激活的坐骑中最高移动速度+80%。	99	0	1	1	
4496	99	2200	RideHeader4_8							0	0	0	1	0		坐骑：赤魅鹰。您已激活的坐骑中最高移动速度+80%。	99	0	1	1	
4497	99	2200	RideHeader4_9							0	0	0	1	0		坐骑：暗魅鹰。您已激活的坐骑中最高移动速度+80%。	99	0	1	1	
4498	99	2200	RideHeader4_10							0	0	0	1	0		坐骑：紫魅鹰。您已激活的坐骑中最高移动速度+80%。	99	0	1	1	
4499	99	2200	RideHeader5_1							0	0	0	1	0		坐骑：江南锁甲马。您已激活的坐骑中最高移动速度+80%。	99	0	1	1	
4500	99	2200	RideHeader5_2							0	0	0	1	0		坐骑：大漠金戈马。您已激活的坐骑中最高移动速度+80%。	99	0	1	1	
4501	99	2200	RideHeader5_12							0	0	0	1	0		坐骑：赤麟白泽。您已激活的坐骑中最高移动速度+80%。	99	0	1	1	
4502	99	2200	RideHeader5_13							0	0	0	1	0		坐骑：青麟白泽。您已激活的坐骑中最高移动速度+80%。	99	0	1	1	
4503	99	2200	RideHeader6_14							0	0	0	1	0		坐骑：天河灵鹊。您已激活的坐骑中最高移动速度+80%。	99	0	1	1	
4504	99	2200	RideHeader6_16							0	0	0	1	0		坐骑：黑天马。您已激活的坐骑中最高移动速度+80%。	99	0	1	1	
4505	99	2200	RideHeader8_8							0	0	0	1	0		坐骑：云霄羽翼。您已激活的坐骑中最高移动速度+80%。	99	0	1	1	
4506	99	2200	RideHeader9_5							0	0	0	1	0		坐骑：梦灵仙驹。您已激活的坐骑中最高移动速度+80%。	99	0	1	1	
4507	99	2200	RideHeader4_11							0	0	0	1	0		坐骑：绝地。您已激活的坐骑中最高移动速度+80%。	99	0	1	1	
4508	99	2200	RideHeader9_11							0	0	0	1	0		坐骑：憨宝熊。您已激活的坐骑中最高移动速度+80%。	99	0	1	1	
4509	99	2200	RideHeader4_12							0	0	0	1	0		坐骑：蹑景。您已激活的坐骑中最高移动速度+80%。	99	0	1	1	
4510	99	2200	RideHeader4_12							0	0	0	1	0		坐骑：蹑景·典藏。您已激活的坐骑中最高移动速度+80%。	99	0	1	1	
4511	99	2200	RideHeader4_13							0	0	0	1	0		坐骑：六合舆。您已激活的坐骑中最高移动速度+80%。	99	0	1	1	
4512	99	2200	RideHeader4_14							0	0	0	1	0		坐骑：渡情。您已激活的坐骑中最高移动速度+80%。	99	0	1	1	
4513	99	2200	RideHeader5_13							0	0	0	1	0		坐骑：凌霄。您已激活的坐骑中最高移动速度+80%。	99	0	1	1	
4514	99	2200	CircularTaskTool90_3							0	0	0	1	0		坐骑：垂云翼。您已激活的坐骑中最高移动速度+80%。	99	0	1	1	
4515	99	2200	RideHeader4_15							0	0	0	1	0		坐骑：红熊王。您已激活的坐骑中最高移动速度+80%。	99	0	1	1	
4516	99	2200	RideHeader1_9							0	0	0	1	0		坐骑：陆行雕。您已激活的坐骑中最高移动速度+85%。	99	0	1	1	
4517	99	2200	RideHeader1_13							0	0	0	1	0		坐骑：虎。您已激活的坐骑中最高移动速度+85%。	99	0	1	1	
4518	99	2200	RideHeader1_1							0	0	0	1	0		坐骑：黄骠马。您已激活的坐骑中最高移动速度+85%。	99	0	1	1	
4519	99	2200	RideHeader1_11							0	0	0	1	0		坐骑：骆驼。您已激活的坐骑中最高移动速度+85%。	99	0	1	1	
4520	99	2200	RideHeader2_2							0	0	0	1	0		坐骑：鹤。您已激活的坐骑中最高移动速度+85%。	99	0	1	1	
4521	99	2200	RideHeader1_16							0	0	0	1	0		坐骑：青凤。您已激活的坐骑中最高移动速度+85%。	99	0	1	1	
4522	99	2200	RideHeader1_3							0	0	0	1	0		坐骑：牦牛。您已激活的坐骑中最高移动速度+85%。	99	0	1	1	
4523	99	2200	RideHeader1_5							0	0	0	1	0		坐骑：鹿。您已激活的坐骑中最高移动速度+85%。	99	0	1	1	
4524	99	2200	RideHeader1_9							0	0	0	1	0		坐骑：雕。您已激活的坐骑中最高移动速度+85%。	99	0	1	1	
4525	99	2200	RideHeader1_7							0	0	0	1	0		坐骑：灰狼。您已激活的坐骑中最高移动速度+85%。	99	0	1	1	
4526	99	2200	RideHeader1_14							0	0	0	1	0		坐骑：白虎。您已激活的坐骑中最高移动速度+85%。	99	0	1	1	
4527	99	2200	RideHeader1_2							0	0	0	1	0		坐骑：青白骢马。您已激活的坐骑中最高移动速度+85%。	99	0	1	1	
4528	99	2200	RideHeader1_12							0	0	0	1	0		坐骑：白骆驼。您已激活的坐骑中最高移动速度+85%。	99	0	1	1	
4529	99	2200	RideHeader2_1							0	0	0	1	0		坐骑：金翼鹤。您已激活的坐骑中最高移动速度+85%。	99	0	1	1	
4530	99	2200	RideHeader1_15							0	0	0	1	0		坐骑：红白凤。您已激活的坐骑中最高移动速度+85%。	99	0	1	1	
4531	99	2200	RideHeader1_4							0	0	0	1	0		坐骑：白牦牛。您已激活的坐骑中最高移动速度+85%。	99	0	1	1	
4532	99	2200	RideHeader1_6							0	0	0	1	0		坐骑：白鹿。您已激活的坐骑中最高移动速度+85%。	99	0	1	1	
4533	99	2200	RideHeader1_10							0	0	0	1	0		坐骑：白雕。您已激活的坐骑中最高移动速度+85%。	99	0	1	1	
4534	99	2200	RideHeader1_8							0	0	0	1	0		坐骑：白狼。您已激活的坐骑中最高移动速度+85%。	99	0	1	1	
4535	99	2200	RideHeader2_3							0	0	0	1	0		坐骑：狮子。您已激活的坐骑中最高移动速度+85%。	99	0	1	1	
4536	99	2200	RideHeader2_4							0	0	0	1	0		坐骑：白狮。您已激活的坐骑中最高移动速度+85%。	99	0	1	1	
4537	99	2200	RideHeader2_6							0	0	0	1	0		坐骑：象。您已激活的坐骑中最高移动速度+85%。	99	0	1	1	
4538	99	2200	RideHeader2_15							0	0	0	1	0		坐骑：犀牛。您已激活的坐骑中最高移动速度+85%。	99	0	1	1	
4539	99	2200	RideHeader2_12							0	0	0	1	0		坐骑：玄龟。您已激活的坐骑中最高移动速度+85%。	99	0	1	1	
4540	99	2200	RideHeader2_10							0	0	0	1	0		坐骑：陆吾。您已激活的坐骑中最高移动速度+85%。	99	0	1	1	
4541	99	2200	RideHeader2_13							0	0	0	1	0		坐骑：木牛流马。您已激活的坐骑中最高移动速度+85%。	99	0	1	1	
4542	99	2200	RideHeader2_9							0	0	0	1	0		坐骑：熊。您已激活的坐骑中最高移动速度+85%。	99	0	1	1	
4543	99	2200	RideHeader2_14							0	0	0	1	0		坐骑：符文骑士。您已激活的坐骑中最高移动速度+85%。	99	0	1	1	
4544	99	2200	RideHeader2_11							0	0	0	1	0		坐骑：鸵鸟。您已激活的坐骑中最高移动速度+85%。	99	0	1	1	
4545	99	2200	Ride2_15							0	0	0	1	0		坐骑：河马。您已激活的坐骑中最高移动速度+85%。	99	0	1	1	
4546	99	2200	Ride2_11							0	0	0	1	0		坐骑：马车。您已激活的坐骑中最高移动速度+85%。	99	0	1	1	
4547	99	2200	Ride2_13							0	0	0	1	0		坐骑：天马。您已激活的坐骑中最高移动速度+85%。	99	0	1	1	
4548	99	2200	Ride2_9							0	0	0	1	0		坐骑：兔子。您已激活的坐骑中最高移动速度+85%。	99	0	1	1	
4549	99	2200	Ride2_14							0	0	0	1	0		坐骑：舞狮。您已激活的坐骑中最高移动速度+85%。	99	0	1	1	
4550	99	2200	Ride2_10							0	0	0	1	0		坐骑：驯鹿。您已激活的坐骑中最高移动速度+85%。	99	0	1	1	
4551	99	2200	RideHeader2_6							0	0	0	1	0		坐骑：象。您已激活的坐骑中最高移动速度+85%。	99	0	1	1	
4552	99	2200	RideHeader1_3							0	0	0	1	0		坐骑：牦牛。您已激活的坐骑中最高移动速度+85%。	99	0	1	1	
4553	99	2200	RideHeader2_12							0	0	0	1	0		坐骑：玄龟。您已激活的坐骑中最高移动速度+85%。	99	0	1	1	
4554	99	2200	RideHeader2_10							0	0	0	1	0		坐骑：陆吾。您已激活的坐骑中最高移动速度+85%。	99	0	1	1	
4555	99	2200	RideHeader2_13							0	0	0	1	0		坐骑：木牛流马。您已激活的坐骑中最高移动速度+85%。	99	0	1	1	
4556	99	2200	RideHeader2_14							0	0	0	1	0		坐骑：符文骑士。您已激活的坐骑中最高移动速度+85%。	99	0	1	1	
4557	99	2200	RideHeader2_11							0	0	0	1	0		坐骑：鸵鸟。您已激活的坐骑中最高移动速度+85%。	99	0	1	1	
4558	99	2200	Ride2_12							0	0	0	1	0		坐骑：雪羽。您已激活的坐骑中最高移动速度+85%。	99	0	1	1	
4559	99	2200	RideHeader2_7							0	0	0	1	0		坐骑：飞龙。您已激活的坐骑中最高移动速度+85%。	99	0	1	1	
4560	99	2200	RideHeader2_16							0	0	0	1	0		坐骑：巨人。您已激活的坐骑中最高移动速度+85%。	99	0	1	1	
4561	99	2200	Ride2_3							0	0	0	1	0		坐骑：雪橇。您已激活的坐骑中最高移动速度+85%。	99	0	1	1	
4562	99	2200	Ride2_4							0	0	0	1	0		坐骑：紫电。您已激活的坐骑中最高移动速度+85%。	99	0	1	1	
4563	99	2200	Ride2_16							0	0	0	1	0		坐骑：冥羽。您已激活的坐骑中最高移动速度+85%。	99	0	1	1	
4564	99	2200	RideHeader2_8							0	0	0	1	0		坐骑：如意熊。您已激活的坐骑中最高移动速度+85%。	99	0	1	1	
4565	99	2200	Ride2_5							0	0	0	1	0		坐骑：碧水金睛兽。您已激活的坐骑中最高移动速度+85%。	99	0	1	1	
4566	99	2200	Ride2_6							0	0	0	1	0		坐骑：年兽。您已激活的坐骑中最高移动速度+85%。	99	0	1	1	
4567	99	2200	Ride2_7							0	0	0	1	0		坐骑：花车。您已激活的坐骑中最高移动速度+85%。	99	0	1	1	
4568	99	2200	Ride2_8							0	0	0	1	0		坐骑：旋转木马。您已激活的坐骑中最高移动速度+85%。	99	0	1	1	
4569	99	2200	RideHeader3_1							0	0	0	1	0		坐骑：白云。您已激活的坐骑中最高移动速度+85%。	99	0	1	1	
4570	99	2200	RideHeader3_2							0	0	0	1	0		坐骑：黑土。您已激活的坐骑中最高移动速度+85%。	99	0	1	1	
4571	99	2200	RideHeader3_3							0	0	0	1	0		坐骑：巨猿。您已激活的坐骑中最高移动速度+85%。	99	0	1	1	
4572	99	2200	RideHeader3_5							0	0	0	1	0		坐骑：琉璃凤。您已激活的坐骑中最高移动速度+85%。	99	0	1	1	
4573	99	2200	RideHeader3_8							0	0	0	1	0		坐骑：银月狼。您已激活的坐骑中最高移动速度+85%。	99	0	1	1	
4574	99	2200	RideHeader3_12							0	0	0	1	0		坐骑：烈焰狮。您已激活的坐骑中最高移动速度+85%。	99	0	1	1	
4575	99	2200	RideHeader3_7							0	0	0	1	0		坐骑：如意虎。您已激活的坐骑中最高移动速度+85%。	99	0	1	1	
4576	99	2200	RideHeader3_10							0	0	0	1	0		坐骑：龙血马。您已激活的坐骑中最高移动速度+85%。	99	0	1	1	
4577	99	2200	RideHeader3_4							0	0	0	1	0		坐骑：鹜影雕。您已激活的坐骑中最高移动速度+85%。	99	0	1	1	
4578	99	2200	RideHeader3_6							0	0	0	1	0		坐骑：瑞莲鹤。您已激活的坐骑中最高移动速度+85%。	99	0	1	1	
4579	99	2200	RideHeader3_9							0	0	0	1	0		坐骑：七彩鹿。您已激活的坐骑中最高移动速度+85%。	99	0	1	1	
4580	99	2200	RideHeader3_11							0	0	0	1	0		坐骑：青牦牛。您已激活的坐骑中最高移动速度+85%。	99	0	1	1	
4581	99	2200	RideHeader3_13							0	0	0	1	0		翅膀：幻羽。您已激活的坐骑中最高移动速度+85%。	99	0	1	1	
4582	99	2200	RideHeader3_14							0	0	0	1	0		坐骑：闪电貂。您已激活的坐骑中最高移动速度+85%。	99	0	1	1	
4583	99	2200	RideHeader3_15							0	0	0	1	0		坐骑：蝶羽。您已激活的坐骑中最高移动速度+85%。	99	0	1	1	
4584	99	2200	RideHeader2_10							0	0	0	1	0		坐骑：陆吾。您已激活的坐骑中最高移动速度+85%。	99	0	1	1	
4585	99	2200	RideHeader3_16							0	0	0	1	0		坐骑：巴天虎。您已激活的坐骑中最高移动速度+85%。	99	0	1	1	
4586	99	2200	RideHeader4_4							0	0	0	1	0		坐骑：飞龙椅。您已激活的坐骑中最高移动速度+85%。	99	0	1	1	
4587	99	2200	RideHeader4_1							0	0	0	1	0		坐骑：羚羊。您已激活的坐骑中最高移动速度+85%。	99	0	1	1	
4588	99	2200	RideHeader4_2							0	0	0	1	0		坐骑：雪羚羊。您已激活的坐骑中最高移动速度+85%。	99	0	1	1	
4589	99	2200	RideHeader4_3							0	0	0	1	0		坐骑：幽光羚。您已激活的坐骑中最高移动速度+85%。	99	0	1	1	
4590	99	2200	RideHeader4_5							0	0	0	1	0		坐骑：火焰貂。您已激活的坐骑中最高移动速度+85%。	99	0	1	1	
4591	99	2200	RideHeader4_6							0	0	0	1	0		坐骑：熊猫。您已激活的坐骑中最高移动速度+85%。	99	0	1	1	
4592	99	2200	RideHeader4_7							0	0	0	1	0		坐骑：雷刃兽。您已激活的坐骑中最高移动速度+85%。	99	0	1	1	
4593	99	2200	RideHeader4_8							0	0	0	1	0		坐骑：赤魅鹰。您已激活的坐骑中最高移动速度+85%。	99	0	1	1	
4594	99	2200	RideHeader4_9							0	0	0	1	0		坐骑：暗魅鹰。您已激活的坐骑中最高移动速度+85%。	99	0	1	1	
4595	99	2200	RideHeader4_10							0	0	0	1	0		坐骑：紫魅鹰。您已激活的坐骑中最高移动速度+85%。	99	0	1	1	
4596	99	2200	RideHeader5_1							0	0	0	1	0		坐骑：江南锁甲马。您已激活的坐骑中最高移动速度+85%。	99	0	1	1	
4597	99	2200	RideHeader5_2							0	0	0	1	0		坐骑：大漠金戈马。您已激活的坐骑中最高移动速度+85%。	99	0	1	1	
4598	99	2200	RideHeader5_12							0	0	0	1	0		坐骑：赤麟白泽。您已激活的坐骑中最高移动速度+85%。	99	0	1	1	
4599	99	2200	RideHeader5_13							0	0	0	1	0		坐骑：青麟白泽。您已激活的坐骑中最高移动速度+85%。	99	0	1	1	
4600	99	2200	RideHeader6_14							0	0	0	1	0		坐骑：天河灵鹊。您已激活的坐骑中最高移动速度+85%。	99	0	1	1	
4601	99	2200	RideHeader6_16							0	0	0	1	0		坐骑：黑天马。您已激活的坐骑中最高移动速度+85%。	99	0	1	1	
4602	99	2200	RideHeader8_8							0	0	0	1	0		坐骑：云霄羽翼。您已激活的坐骑中最高移动速度+85%。	99	0	1	1	
4603	99	2200	RideHeader9_5							0	0	0	1	0		坐骑：梦灵仙驹。您已激活的坐骑中最高移动速度+85%。	99	0	1	1	
4604	99	2200	RideHeader4_11							0	0	0	1	0		坐骑：绝地。您已激活的坐骑中最高移动速度+85%。	99	0	1	1	
4605	99	2200	RideHeader9_11							0	0	0	1	0		坐骑：憨宝熊。您已激活的坐骑中最高移动速度+85%。	99	0	1	1	
4606	99	2200	RideHeader4_12							0	0	0	1	0		坐骑：蹑景。您已激活的坐骑中最高移动速度+85%。	99	0	1	1	
4607	99	2200	RideHeader4_12							0	0	0	1	0		坐骑：蹑景·典藏。您已激活的坐骑中最高移动速度+85%。	99	0	1	1	
4608	99	2200	RideHeader4_13							0	0	0	1	0		坐骑：六合舆。您已激活的坐骑中最高移动速度+85%。	99	0	1	1	
4609	99	2200	RideHeader4_14							0	0	0	1	0		坐骑：渡情。您已激活的坐骑中最高移动速度+85%。	99	0	1	1	
4610	99	2200	RideHeader5_13							0	0	0	1	0		坐骑：凌霄。您已激活的坐骑中最高移动速度+85%。	99	0	1	1	
4611	99	2200	CircularTaskTool90_3							0	0	0	1	0		坐骑：垂云翼。您已激活的坐骑中最高移动速度+85%。	99	0	1	1	
4612	99	2200	RideHeader4_15							0	0	0	1	0		坐骑：红熊王。您已激活的坐骑中最高移动速度+85%。	99	0	1	1	
4613	99	2200	CircularTaskTool90_13							0	0	0	1	0		坐骑：圣诞驯鹿。您已激活的坐骑中最高移动速度+10%。	99	0	1	1	
4614	99	2200	CircularTaskTool90_13							0	0	0	1	0		坐骑：圣诞驯鹿。您已激活的坐骑中最高移动速度+20%。	99	0	1	1	
4615	99	2200	CircularTaskTool90_13							0	0	0	1	0		坐骑：圣诞驯鹿。您已激活的坐骑中最高移动速度+40%。	99	0	1	1	
4616	99	2200	CircularTaskTool90_13							0	0	0	1	0		坐骑：圣诞驯鹿。您已激活的坐骑中最高移动速度+70%。	99	0	1	1	
4617	99	2200	CircularTaskTool90_13							0	0	0	1	0		坐骑：圣诞驯鹿。您已激活的坐骑中最高移动速度+75%。	99	0	1	1	
4618	99	2200	CircularTaskTool90_13							0	0	0	1	0		坐骑：圣诞驯鹿。您已激活的坐骑中最高移动速度+80%。	99	0	1	1	
4619	99	2200	CircularTaskTool90_13							0	0	0	1	0		坐骑：圣诞驯鹿。您已激活的坐骑中最高移动速度+85%。	99	0	1	1	
4620	4620	9000	Buff13_16							0	0	1	0	0		困兽：巨峰醒，百兽歇。珍兽受长留叠嶂中翠雾侵染，触发困兽，所受到伤害即以倍数叠加。	-1	0	1	1	
4621	4621	1000	Buff13_5				buff_boss逸_阴阳无咎_红线		身体中心点	0	0	0	0	1	身体中心点	您与连线之人的阴阳状态相同，请您速速远离。	-1	1	1	1	
4622	4622	2200	Buff26_8				buff_boss逸_阴阳无咎_阴		脚下光圈点	0	0	0	0	0		您当前被标记为阴状态，注意场地内其他玩家的阴阳状态。	-1	1	1	1	
4623	4623	2200	Buff26_7				buff_boss逸_阴阳无咎_阳		脚下光圈点	0	0	0	0	0		您当前被标记为阳状态，注意场地内其他玩家的阴阳状态。	-1	1	1	1	
4625	99	2200	RideHeader4_16							0	0	0	1	0		坐骑：清客摇。您已激活的坐骑中最高移动速度+10%。	99	0	1	1	
4626	99	2200	RideHeader4_16							0	0	0	1	0		坐骑：清客摇。您已激活的坐骑中最高移动速度+20%。	99	0	1	1	
4627	99	2200	RideHeader4_16							0	0	0	1	0		坐骑：清客摇。您已激活的坐骑中最高移动速度+40%。	99	0	1	1	
4628	99	2200	RideHeader4_16							0	0	0	1	0		坐骑：清客摇。您已激活的坐骑中最高移动速度+70%。	99	0	1	1	
4629	99	2200	RideHeader4_16							0	0	0	1	0		坐骑：清客摇。您已激活的坐骑中最高移动速度+75%。	99	0	1	1	
4630	99	2200	RideHeader4_16							0	0	0	1	0		坐骑：清客摇。您已激活的坐骑中最高移动速度+80%。	99	0	1	1	
4631	99	2200	RideHeader4_16							0	0	0	1	0		坐骑：清客摇。您已激活的坐骑中最高移动速度+85%。	99	0	1	1	
4632	99	2200	RideHeader10_1							0	0	0	1	0		坐骑：凤凰座。您已激活的坐骑中最高移动速度+10%。	99	0	1	1	
4633	99	2200	RideHeader10_1							0	0	0	1	0		坐骑：凤凰座。您已激活的坐骑中最高移动速度+20%。	99	0	1	1	
4634	99	2200	RideHeader10_1							0	0	0	1	0		坐骑：凤凰座。您已激活的坐骑中最高移动速度+40%。	99	0	1	1	
4635	99	2200	RideHeader10_1							0	0	0	1	0		坐骑：凤凰座。您已激活的坐骑中最高移动速度+70%。	99	0	1	1	
4636	99	2200	RideHeader10_1							0	0	0	1	0		坐骑：凤凰座。您已激活的坐骑中最高移动速度+75%。	99	0	1	1	
4637	99	2200	RideHeader10_1							0	0	0	1	0		坐骑：凤凰座。您已激活的坐骑中最高移动速度+80%。	99	0	1	1	
4638	99	2200	RideHeader10_1							0	0	0	1	0		坐骑：凤凰座。您已激活的坐骑中最高移动速度+85%。	99	0	1	1	
4639	4639	1000	MakeMaterial8_16							0	0	0	0	0		无敌15s	-1	0	1	1	
4640	4640	1000	MakeMaterial8_16							0	0	0	0	0		永久定身buff	-1	0	1	1	
4641	4641	1000	MakeMaterial8_16							0	0	0	0	0		定身3秒。	-1	0	1	1	
4642	4642	1000	MakeMaterial8_16							0	0	0	0	0		定身15秒。	-1	0	1	1	
4643	4643	1000	MakeMaterial8_16							0	0	0	0	0			-1	0	1	1	
4644	4644	1450	Buff5_9							0	0	0	1	0		匀称的四肢缓缓舒展，身后的尾巴蓬松而美丽。 #r与九尾狐交流时获得的变身，可右键点击取消变身，并结束交流。	-1	0	1	1	
4645	4645	1450	Buff5_9							0	0	0	1	0		蜿蜒盘旋在半空中，吐息之间，恍若天地随之晃动。#r与青龙交流时获得的变身，可右键点击取消变身，并结束交流。	-1	0	1	1	
4646	4646	1450	Buff5_9							0	0	0	1	0		身后的修蛇如静止一般，刚柔并济，不动如山。#r与玄武交流时获得的变身，可右键点击取消变身，并结束交流。	-1	0	1	1	
4648	4648	1000	FightSkillEMei1_5				g01_em_buff38		头顶状态点	0	0	0	1	0		心魔技能1失明：失明，无法控制，随机移动	-1	0	1	1	
4649	4649	1000	MakeMaterial8_16				hj_boss九尾灵狐_同舟共济		脚下光圈点	0	0	0	0	0		请快速与其他玩家聚集在一起，共同抵御伤害。	-1	0	1	1	
4650	4650	10	PetSoulSkill2_12				cw_特技玄武2022_镇伏		脚下光圈点	0	0	1	0	0		镇伏：对珍兽伤害降低	-1	0	1	1	
4651	4651	20	PetSoulSkill2_12				cw_特技玄武2022_镇伏		脚下光圈点	0	0	1	0	0		镇伏：对珍兽伤害降低	-1	0	1	1	
4652	4652	30	PetSoulSkill2_12				cw_特技玄武2022_镇伏		脚下光圈点	0	0	1	0	0		镇伏：对珍兽伤害降低	-1	0	1	1	
4653	4653	40	PetSoulSkill2_12				cw_特技玄武2022_镇伏		脚下光圈点	0	0	1	0	0		镇伏：对珍兽伤害降低	-1	0	1	1	
4654	4654	50	PetSoulSkill2_12				cw_特技玄武2022_镇伏		脚下光圈点	0	0	1	0	0		镇伏：对珍兽伤害降低	-1	0	1	1	
4655	4655	60	PetSoulSkill2_12				cw_特技玄武2022_镇伏		脚下光圈点	0	0	1	0	0		镇伏：对珍兽伤害降低	-1	0	1	1	
4656	4656	10	PetSoulSkill2_6							0	0	0	0	0		慑天：继承主人的内外功攻击、命中和血上限	-1	0	1	1	
4657	4657	20	PetSoulSkill2_6							0	0	0	0	0		慑天：继承主人的内外功攻击、命中和血上限	-1	0	1	1	
4658	4658	30	PetSoulSkill2_6							0	0	0	0	0		慑天：继承主人的内外功攻击、命中和血上限	-1	0	1	1	
4659	4659	40	PetSoulSkill2_6							0	0	0	0	0		慑天：继承主人的内外功攻击、命中和血上限	-1	0	1	1	
4660	4660	50	PetSoulSkill2_6							0	0	0	0	0		慑天：继承主人的内外功攻击、命中和血上限	-1	0	1	1	
4661	4661	60	PetSoulSkill2_6							0	0	0	0	0		慑天：继承主人的内外功攻击、命中和血上限	-1	0	1	1	
4662	4662	10	PetSoulSkill2_2				cw_特技朱雀2022_涅槃		脚下光圈点	0	0	0	0	0		涅槃：所有属性增加	-1	0	1	1	
4663	4663	20	PetSoulSkill2_2				cw_特技朱雀2022_涅槃		脚下光圈点	0	0	0	0	0		涅槃：所有属性增加	-1	0	1	1	
4664	4664	30	PetSoulSkill2_2				cw_特技朱雀2022_涅槃		脚下光圈点	0	0	0	0	0		涅槃：所有属性增加	-1	0	1	1	
4665	4665	40	PetSoulSkill2_2				cw_特技朱雀2022_涅槃		脚下光圈点	0	0	0	0	0		涅槃：所有属性增加	-1	0	1	1	
4666	4666	50	PetSoulSkill2_2				cw_特技朱雀2022_涅槃		脚下光圈点	0	0	0	0	0		涅槃：所有属性增加	-1	0	1	1	
4667	4667	60	PetSoulSkill2_2				cw_特技朱雀2022_涅槃		脚下光圈点	0	0	0	0	0		涅槃：所有属性增加	-1	0	1	1	
4668	4668	70	PetSoulSkill2_3				cw_特技九尾2022_千幻_debuff		脚下光圈点	0	1	1	0	0		千幻：散功	-1	0	1	1	
4669	4669	2200	PetSoulSkill2_3				cw_特技九尾2022_千幻_debuff		脚下光圈点	1	0	0	0	0		千幻：散功	-1	0	1	1	
4670	4670	2200	PetSoulSkill2_3				cw_特技九尾2022_千幻_debuff		脚下光圈点	1	0	0	0	0		千幻：散功	-1	0	1	1	
4671	4671	2200	PetSoulSkill2_3				cw_特技九尾2022_千幻_debuff		脚下光圈点	1	0	0	0	0		千幻：散功	-1	0	1	1	
4672	4672	10	PetSoulSkill2_8				cw_特技锦鳞2022_溯洄		脚下光圈点	0	0	0	0	0		溯洄：可瞬发召唤珍兽	-1	0	1	1	
4673	4673	20	PetSoulSkill2_8				cw_特技锦鳞2022_溯洄		脚下光圈点	0	0	0	0	0		溯洄：可瞬发召唤珍兽	-1	0	1	1	
4674	4674	30	PetSoulSkill2_8				cw_特技锦鳞2022_溯洄		脚下光圈点	0	0	0	0	0		溯洄：可瞬发召唤珍兽	-1	0	1	1	
4675	4675	40	PetSoulSkill2_8				cw_特技锦鳞2022_溯洄		脚下光圈点	0	0	0	0	0		溯洄：可瞬发召唤珍兽	-1	0	1	1	
4676	4676	50	PetSoulSkill2_8				cw_特技锦鳞2022_溯洄		脚下光圈点	0	0	0	0	0		溯洄：可瞬发召唤珍兽	-1	0	1	1	
4677	4676	60	PetSoulSkill2_8				cw_特技锦鳞2022_溯洄		脚下光圈点	0	0	0	0	0		溯洄：可瞬发召唤珍兽	-1	0	1	1	
4679	4678	2200	RideHeader4_12							0	0	0	0	0		异兽2-无敌	-1	0	1	1	
4680	4679	2200	RideHeader4_12							0	0	0	0	0		异兽2-无敌	-1	0	1	1	
4681	4680	2200	RideHeader4_12							0	0	0	0	0		异兽2-无敌	-1	0	1	1	
4682	4681	2200	RideHeader4_12							0	0	0	0	0		异兽2-无敌	-1	0	1	1	
4683	4682	2200	RideHeader4_12							0	0	0	0	0		异兽2-无敌	-1	0	1	1	
4684	4683	2200	RideHeader4_12							0	0	0	0	0		异兽2-无敌	-1	0	1	1	
4686	4678	1200	PetSoulSkill1_16				cw_特技幻蝶2022_萦舞		脚下光圈点	0	1	0	0	0		萦舞：无敌状态，移动不能，操作不能，不可被攻击	-1	0	1	1	
4687	4679	1200	PetSoulSkill1_16				cw_特技幻蝶2022_萦舞		脚下光圈点	0	1	0	0	0		萦舞：无敌状态，移动不能，操作不能，不可被攻击	-1	0	1	1	
4688	4680	1200	PetSoulSkill1_16				cw_特技幻蝶2022_萦舞		脚下光圈点	0	1	0	0	0		萦舞：无敌状态，移动不能，操作不能，不可被攻击	-1	0	1	1	
4689	4681	1200	PetSoulSkill1_16				cw_特技幻蝶2022_萦舞		脚下光圈点	0	1	0	0	0		萦舞：无敌状态，移动不能，操作不能，不可被攻击	-1	0	1	1	
4690	4682	1200	PetSoulSkill1_16				cw_特技幻蝶2022_萦舞		脚下光圈点	0	1	0	0	0		萦舞：无敌状态，移动不能，操作不能，不可被攻击	-1	0	1	1	
4691	4683	1200	PetSoulSkill1_16				cw_特技幻蝶2022_萦舞		脚下光圈点	0	1	1	0	0		萦舞：无敌状态，移动不能，操作不能，不可被攻击	-1	0	1	1	
4692	4692	10	PetSoulSkill2_11				cw_特技霜鹤2022_寻影		脚下光圈点	0	0	1	0	0		寻影：无法隐身、回城、传送	-1	0	1	1	
4693	4693	20	PetSoulSkill2_11				cw_特技霜鹤2022_寻影		脚下光圈点	0	0	1	0	0		寻影：无法隐身、回城、传送	-1	0	1	1	
4694	4694	30	PetSoulSkill2_11				cw_特技霜鹤2022_寻影		脚下光圈点	0	0	1	0	0		寻影：无法隐身、回城、传送	-1	0	1	1	
4695	4695	40	PetSoulSkill2_11				cw_特技霜鹤2022_寻影		脚下光圈点	0	0	1	0	0		寻影：无法隐身、回城、传送	-1	0	1	1	
4696	4696	50	PetSoulSkill2_11				cw_特技霜鹤2022_寻影		脚下光圈点	0	0	1	0	0		寻影：无法隐身、回城、传送	-1	0	1	1	
4697	4697	60	PetSoulSkill2_11				cw_特技霜鹤2022_寻影		脚下光圈点	0	0	1	0	0		寻影：无法隐身、回城、传送	-1	0	1	1	
4698	4698	2200	RideHeader4_12							0	0	0	0	0		异兽4免疫	-1	0	1	1	
4700	4700	1000	MakeMaterial8_16							0	0	0	0	0			-1	0	1	1	
4701	4701	1000	MakeMaterial8_16							0	0	0	0	0			-1	0	1	1	
4702	4702	1000	MakeMaterial8_16							0	0	0	0	0			-1	0	1	1	
4703	4703	1000	MakeMaterial8_16							0	0	0	0	0			-1	0	1	1	
4704	345	8500	MenpaiLiveSkill2_9							0	0	1	0	0			-1	0	1	1	
4705	4705	1000	Buff10_14				buff_珍兽异变黑气		脚下光圈点	0	0	0	0	0		珍兽异变	-1	0	1	1	
4706	4706	10	PetSoulSkill1_9				cw_特技金乌2022_夕照		脚下光圈点	0	0	0	1	0		夕照：吸收伤害，不受控制	-1	0	1	1	
4707	4707	20	PetSoulSkill1_9				cw_特技金乌2022_夕照		脚下光圈点	0	0	0	1	0		夕照：吸收伤害，不受控制	-1	0	1	1	
4708	4708	30	PetSoulSkill1_9				cw_特技金乌2022_夕照		脚下光圈点	0	0	0	1	0		夕照：吸收伤害，不受控制	-1	0	1	1	
4709	4709	40	PetSoulSkill1_9				cw_特技金乌2022_夕照		脚下光圈点	0	0	0	1	0		夕照：吸收伤害，不受控制	-1	0	1	1	
4710	4710	50	PetSoulSkill1_9				cw_特技金乌2022_夕照		脚下光圈点	0	0	0	1	0		夕照：吸收伤害，不受控制	-1	0	1	1	
4711	4711	60	PetSoulSkill1_9				cw_特技金乌2022_夕照		脚下光圈点	0	0	0	1	0		夕照：吸收伤害，不受控制	-1	0	1	1	
4712	4712	70	PetSoulSkill2_14				cw_特技白驹2022_逐风		脚下光圈点	1	0	0	0	0		逐风：增加移动速度	-1	0	1	1	
4713	4713	80	PetSoulSkill2_14				cw_特技白驹2022_逐风		脚下光圈点	1	0	0	0	0		逐风：增加移动速度	-1	0	1	1	
4714	4714	90	PetSoulSkill2_14				cw_特技白驹2022_逐风		脚下光圈点	1	0	0	0	0		逐风：增加移动速度	-1	0	1	1	
4715	4715	100	PetSoulSkill2_14				cw_特技白驹2022_逐风		脚下光圈点	1	0	0	0	0		逐风：增加移动速度	-1	0	1	1	
4716	4716	110	PetSoulSkill2_14				cw_特技白驹2022_逐风		脚下光圈点	1	0	0	0	0		逐风：增加移动速度	-1	0	1	1	
4717	4717	120	PetSoulSkill2_14				cw_特技白驹2022_逐风		脚下光圈点	0	0	0	1	0		逐风：增加移动速度	-1	0	1	1	
4718	4718	70	PetSoulSkill1_3				npc_all_fushen		身体受击点	0	0	1	0	1	身体受击点	悲秋：无法移动，无法攻击，无法使用技能，无法回复血量	-1	0	1	1	
4719	4719	80	PetSoulSkill1_3				npc_all_fushen		身体受击点	0	0	1	0	1	身体受击点	悲秋：无法移动，无法攻击，无法使用技能，无法回复血量	-1	0	1	1	
4720	4720	90	PetSoulSkill1_3				npc_all_fushen		身体受击点	0	0	1	0	1	身体受击点	悲秋：无法移动，无法攻击，无法使用技能，无法回复血量	-1	0	1	1	
4721	4721	100	PetSoulSkill1_3				npc_all_fushen		身体受击点	0	0	1	0	1	身体受击点	悲秋：无法移动，无法攻击，无法使用技能，无法回复血量	-1	0	1	1	
4722	4722	110	PetSoulSkill1_3				npc_all_fushen		身体受击点	0	0	1	0	1	身体受击点	悲秋：无法移动，无法攻击，无法使用技能，无法回复血量	-1	0	1	1	
4723	4723	120	PetSoulSkill1_3				npc_all_fushen		身体受击点	0	0	1	0	1	身体受击点	悲秋：无法移动，无法攻击，无法使用技能，无法回复血量	-1	0	1	1	
4724	4724	70	PetSoulSkill2_5				cw_特技苍狼2022_煞月		脚下光圈点	0	0	0	0	0		煞月：伤害提高	-1	0	1	1	
4725	4725	80	PetSoulSkill2_5				cw_特技苍狼2022_煞月		脚下光圈点	0	0	0	0	0		煞月：伤害提高	-1	0	1	1	
4726	4726	90	PetSoulSkill2_5				cw_特技苍狼2022_煞月		脚下光圈点	0	0	0	0	0		煞月：伤害提高	-1	0	1	1	
4727	4727	100	PetSoulSkill2_5				cw_特技苍狼2022_煞月		脚下光圈点	0	0	0	0	0		煞月：伤害提高	-1	0	1	1	
4728	4728	110	PetSoulSkill2_5				cw_特技苍狼2022_煞月		脚下光圈点	0	0	0	0	0		煞月：伤害提高	-1	0	1	1	
4729	4729	120	PetSoulSkill2_5				cw_特技苍狼2022_煞月		脚下光圈点	0	0	0	0	0		煞月：伤害提高	-1	0	1	1	
4730	4730	70	PetSoulSkill2_9				cw_特技飞羚2022_星驰		脚下光圈点	0	0	0	0	0		星驰：减速效果时间减免	-1	0	1	1	
4731	4731	80	PetSoulSkill2_9				cw_特技飞羚2022_星驰		脚下光圈点	0	0	0	0	0		星驰：减速效果时间减免	-1	0	1	1	
4732	4732	90	PetSoulSkill2_9				cw_特技飞羚2022_星驰		脚下光圈点	0	0	0	0	0		星驰：减速效果时间减免	-1	0	1	1	
4733	4733	100	PetSoulSkill2_9				cw_特技飞羚2022_星驰		脚下光圈点	0	0	0	0	0		星驰：减速效果时间减免	-1	0	1	1	
4734	4734	110	PetSoulSkill2_9				cw_特技飞羚2022_星驰		脚下光圈点	0	0	0	0	0		星驰：减速效果时间减免	-1	0	1	1	
4735	4735	120	PetSoulSkill2_9				cw_特技飞羚2022_星驰		脚下光圈点	0	0	0	0	0		星驰：减速效果时间减免	-1	0	1	1	
4736	4736	1000	FightSkillTianShan_4				buff_秦驰道_风旋圈		脚下光圈点	0	0	0	0	0		荒兽召唤特效	-1	0	1	1	
4737	4737	1000	FightSkillTianShan_4				buff_秦驰道_蝴蝶圈		脚下光圈点	0	0	0	0	0		神兽召唤特效	-1	0	1	1	
4738	4738	1000	FabaoSkill_5				npc_秦驰道马车_疾跑		脚下光圈点	0	0	0	0	0		特效	-1	1	1	1	
4739	4739	60	PetSoulSkill2_8				cw_特技锦鳞2022_溯洄			0	0	0	0	0		溯洄：无敌	-1	0	1	1	
4740	4740	2200	RideHeader4_12							1	0	0	0	0		通用附体	-1	0	1	1	
4741	4741	2200	RideHeader4_12							1	0	0	0	0		通用出战	-1	0	1	1	
4742	4742	1000	Buff0_13				g01_gb_buff101		头顶状态点	0	1	1	0	0		万贯千金：失明状态下不可以做任何操作，但会在一定区域内随机移动，可被攻击	-1	0	1	1	
4743	4743	1000	Buff0_13				hj_boss艾虎呆呆牛_冲击		脚下光圈点	0	0	1	0	0		烫伤光环	-1	1	1	1	
4744	4744	1000	MakeMaterial8_16							0	0	0	0	0		定身10秒。	-1	0	1	1	
4745	4745	2200	Buff26_8				buff_boss逸_阴阳有时_黑狐		脚下光圈点	0	0	0	0	0		当前逸处于极阴状态，处于阴状态的玩家攻击伤害会被反弹。	-1	1	1	1	
4746	4746	2200	Buff26_7				buff_boss逸_阴阳有时_白狐		脚下光圈点	0	0	0	0	0		当前逸处于极阳状态，处于阳状态的玩家攻击伤害会被反弹。	-1	1	1	1	
4747	70	2200	PetSoulSkill1_14				cw_特技鹿蜀2022_灵犀		脚下光圈点	0	0	0	0	0		灵犀：增加命中，降低闪避	-1	0	1	1	
4748	80	2200	PetSoulSkill1_14				cw_特技鹿蜀2022_灵犀		脚下光圈点	0	0	0	0	0		灵犀：增加命中，降低闪避	-1	0	1	1	
4749	90	2200	PetSoulSkill1_14				cw_特技鹿蜀2022_灵犀		脚下光圈点	0	0	0	0	0		灵犀：增加命中，降低闪避	-1	0	1	1	
4750	100	2200	PetSoulSkill1_14				cw_特技鹿蜀2022_灵犀		脚下光圈点	0	0	0	0	0		灵犀：增加命中，降低闪避	-1	0	1	1	
4751	110	2200	PetSoulSkill1_14				cw_特技鹿蜀2022_灵犀		脚下光圈点	0	0	0	0	0		灵犀：增加命中，降低闪避	-1	0	1	1	
4752	120	2200	PetSoulSkill1_14				cw_特技鹿蜀2022_灵犀		脚下光圈点	0	0	0	0	0		灵犀：增加命中，降低闪避	-1	0	1	1	
4753	4753	2200	RideHeader4_12							0	0	1	0	0		妖兽3-1无法回血	-1	0	1	1	
4754	4754	2200	RideHeader4_12							0	0	1	0	0		妖兽3-2无法回血	-1	0	1	1	
4755	4755	2200	RideHeader4_12							0	0	1	0	0		妖兽3-3无法回血	-1	0	1	1	
4756	4756	2200	RideHeader4_12							0	0	1	0	0		妖兽3-4无法回血	-1	0	1	1	
4757	4757	2200	RideHeader4_12							0	0	1	0	0		妖兽3-5无法回血	-1	0	1	1	
4758	4758	2200	RideHeader4_12							0	0	1	0	0		妖兽3-6无法回血	-1	0	1	1	
4759	4759	1000	Buff1_5							0	1	1	0	0		虚弱	-1	0	1	1	
4760	4760	1000	PetSkill2_13							0	0	0	0	0			-1	0	1	1	
4761	4761	1000	PetSkill2_14							0	0	0	0	0			-1	0	1	1	
4762	4762	1					buff_boss逸_阴阳有时_双狐		脚下光圈点	0	0	0	0	0			-1	1	1	1	
4763	4763	1000	Buff0_14		Skills\Common\fear_1.wav		npc_buff_07		头顶状态点	0	1	1	0	0		您当前受到一叶摄心状态，可使用清心露解除。	-1	0	1	1	
4764	99	2200	RideHeader10_2							0	0	0	1	0		坐骑：翎月椅。您已激活的坐骑中最高移动速度+10%。	99	0	1	1	
4765	99	2200	RideHeader10_2							0	0	0	1	0		坐骑：翎月椅。您已激活的坐骑中最高移动速度+20%。	99	0	1	1	
4766	99	2200	RideHeader10_2							0	0	0	1	0		坐骑：翎月椅。您已激活的坐骑中最高移动速度+40%。	99	0	1	1	
4767	99	2200	RideHeader10_2							0	0	0	1	0		坐骑：翎月椅。您已激活的坐骑中最高移动速度+70%。	99	0	1	1	
4768	99	2200	RideHeader10_2							0	0	0	1	0		坐骑：翎月椅。您已激活的坐骑中最高移动速度+75%。	99	0	1	1	
4769	99	2200	RideHeader10_2							0	0	0	1	0		坐骑：翎月椅。您已激活的坐骑中最高移动速度+80%。	99	0	1	1	
4770	99	2200	RideHeader10_2							0	0	0	1	0		坐骑：翎月椅。您已激活的坐骑中最高移动速度+85%。	99	0	1	1	
4778	4778	1000	PetSkill2_18				hj_npc青丘九尾内丹17		身体中心点	0	0	0	0	0			-1	1	1	1	
4779	4779	80	PetSoulSkill2_3				cw_特技九尾2022_千幻_debuff		脚下光圈点	0	1	1	0	0		千幻：散功	-1	0	1	1	
4780	4780	90	PetSoulSkill2_3				cw_特技九尾2022_千幻_debuff		脚下光圈点	0	1	1	0	0		千幻：散功	-1	0	1	1	
4781	4781	100	PetSoulSkill2_3				cw_特技九尾2022_千幻_debuff		脚下光圈点	0	1	1	0	0		千幻：散功	-1	0	1	1	
4782	4782	110	PetSoulSkill2_3				cw_特技九尾2022_千幻_debuff		脚下光圈点	0	1	1	0	0		千幻：散功	-1	0	1	1	
4783	4783	120	PetSoulSkill2_3				cw_特技九尾2022_千幻_debuff		脚下光圈点	0	1	1	0	0		千幻：散功	-1	0	1	1	
4784	4784	70	PetSoulSkill2_3				cw_特技九尾2022_千幻_debuff		脚下光圈点	0	1	1	0	0		千幻：散功	-1	0	1	1	
4785	4785	80	PetSoulSkill2_3				cw_特技九尾2022_千幻_debuff		脚下光圈点	0	1	1	0	0		千幻：散功	-1	0	1	1	
4786	4786	90	PetSoulSkill2_3				cw_特技九尾2022_千幻_debuff		脚下光圈点	0	1	1	0	0		千幻：散功	-1	0	1	1	
4787	4787	100	PetSoulSkill2_3				cw_特技九尾2022_千幻_debuff		脚下光圈点	0	1	1	0	0		千幻：散功	-1	0	1	1	
4788	4788	110	PetSoulSkill2_3				cw_特技九尾2022_千幻_debuff		脚下光圈点	0	1	1	0	0		千幻：散功	-1	0	1	1	
4789	4789	120	PetSoulSkill2_3				cw_特技九尾2022_千幻_debuff		脚下光圈点	0	1	1	0	0		千幻：散功	-1	0	1	1	
4790	4790	70	PetSoulSkill2_3				cw_特技九尾2022_千幻_debuff		脚下光圈点	0	1	1	0	0		千幻：散功	-1	0	1	1	
4791	4791	80	PetSoulSkill2_3				cw_特技九尾2022_千幻_debuff		脚下光圈点	0	1	1	0	0		千幻：散功	-1	0	1	1	
4792	4792	90	PetSoulSkill2_3				cw_特技九尾2022_千幻_debuff		脚下光圈点	0	1	1	0	0		千幻：散功	-1	0	1	1	
4793	4793	100	PetSoulSkill2_3				cw_特技九尾2022_千幻_debuff		脚下光圈点	0	1	1	0	0		千幻：散功	-1	0	1	1	
4794	4794	110	PetSoulSkill2_3				cw_特技九尾2022_千幻_debuff		脚下光圈点	0	1	1	0	0		千幻：散功	-1	0	1	1	
4795	4795	120	PetSoulSkill2_3				cw_特技九尾2022_千幻_debuff		脚下光圈点	0	1	1	0	0		千幻：散功	-1	0	1	1	
4796	4796	70	PetSoulSkill2_3				cw_特技九尾2022_千幻_debuff		脚下光圈点	0	1	1	0	0		千幻：散功	-1	0	1	1	
4797	4797	80	PetSoulSkill2_3				cw_特技九尾2022_千幻_debuff		脚下光圈点	0	1	1	0	0		千幻：散功	-1	0	1	1	
4798	4798	90	PetSoulSkill2_3				cw_特技九尾2022_千幻_debuff		脚下光圈点	0	1	1	0	0		千幻：散功	-1	0	1	1	
4799	4799	100	PetSoulSkill2_3				cw_特技九尾2022_千幻_debuff		脚下光圈点	0	1	1	0	0		千幻：散功	-1	0	1	1	
4800	4800	110	PetSoulSkill2_3				cw_特技九尾2022_千幻_debuff		脚下光圈点	0	1	1	0	0		千幻：散功	-1	0	1	1	
4801	4801	120	PetSoulSkill2_3				cw_特技九尾2022_千幻_debuff		脚下光圈点	0	1	1	0	0		千幻：散功	-1	0	1	1	
4802	4802	1000	Buff26_11				g01_buff10_01		脚下光圈点	0	0	0	1	0		迅疾：使用后获得50%的移动速度加成。	-1	0	1	1	
4803	4803	1450	Buff26_10							0	0	0	1	0		入幻：您化为“祂们”以取得魂息。取消幻化会导致任务失败。	-1	0	1	1	
4804	4804	1000	Buff26_9							0	0	0	0	0		灵狐禁锢：您被九尾灵狐所禁锢20秒，不能进行任何动作。	-1	0	1	1	
4805	4805	1000	Buff0_14				hj_boss云卷舒_恐吓		头顶状态点	0	1	1	0	0		恐惧：随机移动，操作不能，可被攻击，无法被打醒，持续掉血	-1	0	1	1	
4806	4806	1000	Buff13_5				buff_boss逸_阴阳无咎_绿线		身体中心点	0	0	0	0	1	身体中心点	您与连线之人的阴阳状态不同，请您速速靠近。	-1	1	1	1	
4807	4807	1000	PetSoulSkill2_15							0	0	0	0	0		兽魂爆发：血上限增加，内、外功攻击增加 	-1	0	1	1	
4808	4808	7000	CommonNPCHeader21_17	g01_buff108		脚下光圈点				0	0	0	1	0		烟花匠：变身烟花匠，可按照烟花匠人秦逸的册子上的位置点燃烟花。变身结束可回到秦逸处重新变身。	-1	0	1	1	
4809	4809	1000	Huodong_7_2				g01_buff10	g01_sl_zdo_nianhuazhi_01	脚下光圈点	0	0	0	0	0		奔跑：当前移动速增加50%	-1	1	1	1	
4810	4810	1000	TalentSkillShaoLin2_16				buff_sangong_01		脚下光圈点	0	1	1	0	0		金刚不渡：散功，无法使用任何门派技能	-1	0	1	1	
4811	4811	1000	TalentSkillShaoLin3_2							0	0	0	1	0		礼召佛光：增加命中	-1	0	1	1	
4812	4812	1000	TalentSkillShaoLin2_13				g01_buff38		头顶状态点	0	1	1	0	0		千斤坠：不能移动	-1	0	1	1	
4813	4813	1000	TalentSkill_5				HJ_buff_流风化羽		脚下光圈点	0	0	0	1	0		风卷行云：增加移动速度	-1	0	1	1	
4814	4814	1000	TalentSkill_5				hj_debuff_风卷行云_减速A		身体中心点	0	0	1	0	0		风卷行云：移动速度减慢	-1	0	1	1	
4815	4815	1000	TalentSkill_1				HJ_buff_流风化羽		脚下光圈点	0	0	0	1	0		流风化羽：增加移动速度，自身伤害提高	-1	0	1	1	
4816	4816	1000	TalentSkill_2				hj_buff_俱寂无声A		身体中心点	0	1	1	0	0		俱寂无声：不能移动	-1	0	1	1	
4817	4817	1000	TalentSkillShaoLin2_16							0	1	1	0	0		断秽解业：降低会心攻击	-1	0	1	1	
4818	4818	1000	TalentSkillShaoLin2_16				g01_buff38		头顶状态点	0	1	1	0	0		降魔镇躯：不能移动	-1	0	1	1	
4819	4819	1000	TalentSkillShaoLin2_12							0	1	1	0	0		禅心入定：增加会心防御	-1	0	1	1	
4820	4820	1000	TalentSkillMingJiao2_14				buff_fengxue_01		身体受击点	0	1	1	0	0		炎龙惑心：封穴，移动不能，操作不能，可被攻击，无法被打醒	-1	0	1	1	
4821	4821	1000	FightSkillShaoLin1_5				buff_fengxue_01		身体受击点	0	1	1	0	0		废弃	-1	0	1	1	
4822	4822	1000	TalentSkillMingJiao2_15							0	0	0	1	0		圣火长明：增加命中	-1	0	1	1	
4823	4823	1000	TalentSkillMingJiao2_11				g01_buff38		头顶状态点	0	1	1	0	0		赤焰压鼎：不能移动	-1	0	1	1	
4824	4824	1000	TalentSkillMingJiao2_11							0	1	1	0	0		在劫难逃：降低闪避率	-1	0	1	1	
4825	4825	1000	TalentSkillMingJiao2_14				buff_fengxue_01		身体受击点	0	1	1	0	0		透骨封心：封穴，移动不能，操作不能，可被攻击，无法被打醒	-1	0	1	1	
4826	4826	1000	TalentSkillMingJiao2_14							0	1	1	0	0		噬月轮：降低会心攻击	-1	0	1	1	
4827	4827	1000	TalentSkillMingJiao2_11				g01_buff38		头顶状态点	0	1	1	0	0		摧心留影：不能移动	-1	0	1	1	
4828	4828	1000	TalentSkillMingJiao_3							0	0	0	1	0		超凡入圣：下一次攻击必定造成会心一击	-1	0	1	1	
4829	4829	1000	TalentSkillGaiBang2_1				buff_fengxue_01		身体受击点	0	1	1	0	0		掌中池鱼：封穴，移动不能，操作不能，可被攻击，无法被打醒	-1	0	1	1	
4830	4830	1000	TalentSkill_1				g01_buff10		脚下光圈点	0	0	0	1	0		流风化羽：增加移动速度	-1	0	1	1	
4831	4831	1000	TalentSkillGaiBang_14				g01_buff38		头顶状态点	0	1	1	0	0		长歌衔酒：不能移动	-1	0	1	1	
4832	4832	1000	TalentSkillGaiBang2_6							0	1	1	0	0		空樽邀月：所有攻击必中	-1	0	1	1	
4833	4833	1000	TalentSkillGaiBang2_1				buff_fengxue_01		身体受击点	0	1	1	0	0		惊鸿绝脉：封穴，移动不能，操作不能，可被攻击，无法被打醒	-1	0	1	1	
4834	4834	1000	TalentSkillGaiBang2_12				g01_buff100		脚下光圈点	0	1	1	0	0		舟摇帘绕：降低移动速度	-1	0	1	1	
4835	4835	1000	TalentSkillGaiBang_14				g01_buff38		头顶状态点	0	1	1	0	0		断杖拘狼：不能移动	-1	0	1	1	
4836	4836	1000	TalentSkillWuDang2_11				npc_buff_02		头顶状态点	0	1	1	0	0		孤山闭：麻痹，移动不能，操作不能，可被攻击，无法被打醒	-1	0	1	1	
4837	4837	1000	TalentSkillWuDang2_9				g01_buff100		脚下光圈点	0	1	1	0	0		故步难离：降低移动速度	-1	0	1	1	
4838	4838	1000	FightSkillDaLi_6							0	0	0	1	0		废弃	-1	0	1	1	
4839	4839	1000	TalentSkill_6				HJ_buff_唯我自在		身体中心点	0	0	0	1	0		唯我自在：会心一击伤害提高	-1	0	1	1	
4840	4840	1000	TalentSkill_3				HJ_buff_凝光照雪		身体中心点	0	0	0	1	0		凝光照雪：会心一击提高	-1	0	1	1	
4841	4841	1000	TalentSkill_4				HJ_buff_气定神闲		脚下光圈点	0	0	0	1	0		气定神闲：概率免疫伤害	-1	0	1	1	
4842	4842	1000	TalentSkillWuDang_3				npc_buff_02		头顶状态点	0	1	1	0	0		断脉截元：麻痹，移动不能，操作不能，可被攻击，无法被打醒	-1	0	1	1	
4843	4843	1000	TalentSkillWuDang2_9				g01_buff100		脚下光圈点	0	1	1	0	0		刹那千年：降低移动速度	-1	0	1	1	
4844	4844	1000	TalentSkillEmei2_11				g01_em_buff38		头顶状态点	0	1	1	0	0		暄风一醉：失明，随机移动，操作不能，可被攻击，无法被打醒	-1	0	1	1	
4845	4845	1000	TalentSkillEmei2_9				g01_buff100		脚下光圈点	0	1	1	0	0		疏桐绊月：降低移动速度	-1	0	1	1	
4846	4846	1000	TalentSkillEmei2_11				g01_em_buff38		头顶状态点	0	1	1	0	0		四面楚歌：失明，随机移动，操作不能，可被攻击，无法被打醒	-1	0	1	1	
4847	4847	1000	TalentSkillEmei2_9				g01_buff100		脚下光圈点	0	1	1	0	0		曲遏行云：降低移动速度	-1	0	1	1	
4848	4848	1000	TalentSkillXingXiu_12				buff_shiming_01		头顶状态点	0	1	1	0	0		冰幽封魂：失明，随机移动，操作不能，可被攻击，无法被打醒	-1	0	1	1	
4849	4849	1000	TalentSkillXingXiu2_7				g01_buff100		脚下光圈点	0	1	1	0	0		缠缚之怨：降低移动速度	-1	0	1	1	
4850	4850	1000	TalentSkillXingXiu_12				buff_shiming_01		头顶状态点	0	1	1	0	0		深幽蚀脉：失明，随机移动，操作不能，可被攻击，无法被打醒	-1	0	1	1	
4851	4851	1000	TalentSkillXingXiu2_7				g01_buff100		脚下光圈点	0	1	1	0	0		噬心摄魄：降低移动速度	-1	0	1	1	
4852	4852	1000	TalentSkillTianLong_4				buff_dingshen		身体受击点	0	1	1	0	0		明月封心：封印，无法移动，无法施放门派技能	-1	0	1	1	
4853	4853	1000	TalentSkillTianLong2_11				g01_buff100		脚下光圈点	0	1	1	0	0		狂风缓度：降低移动速度	-1	0	1	1	
4854	4854	1000	TalentSkillTianLong_4				buff_dingshen		身体受击点	0	1	1	0	0		夜雨瞒天：封印，无法移动，无法施放门派技能	-1	0	1	1	
4855	4855	1000	TalentSkillTianLong2_11				g01_buff100		脚下光圈点	0	1	1	0	0		袖手蹒跚：降低移动速度	-1	0	1	1	
4856	4856	1000	TalentSkillTianShan2_11				buff_fengxue_01		身体受击点	0	1	1	0	0		千里冰封：封穴，移动不能，操作不能，可被攻击，无法被打醒	-1	0	1	1	
4857	4857	1000	TalentSkillTianShan2_12							0	0	0	1	0		寻风赶月：增加命中	-1	0	1	1	
4858	4858	1000	TalentSkillTianShan2_7				g01_buff38		头顶状态点	0	1	1	0	0		霜翎之梏：定身，无法移动	-1	0	1	1	
4859	4859	1000	TalentSkillTianShan2_11				buff_fengxue_01		身体受击点	0	1	1	0	0		万里霜寒：封穴，移动不能，操作不能，可被攻击，无法被打醒	-1	0	1	1	
4860	4860	1000	TalentSkillTianShan2_7				g01_buff38		头顶状态点	0	1	1	0	0		凌羽化缚：定身，无法移动	-1	0	1	1	
4861	4861	1000	TalentSkillXiaoYao2_14				buff_sangong_01		脚下光圈点	0	1	1	0	0		定风波：散功，无法使用任何门派技能	-1	0	1	1	
4862	4862	1000	TalentSkillXiaoYao2_9				g01_buff100		脚下光圈点	0	1	1	0	0		寸步难行：降低移动速度	-1	0	1	1	
4863	4863	1000	TalentSkillXiaoYao2_14				buff_sangong_01		脚下光圈点	0	1	1	0	0		点灵犀：散功，无法使用任何门派技能	-1	0	1	1	
4864	4864	1000	TalentSkillXiaoYao2_9				g01_buff100		脚下光圈点	0	1	1	0	0		摧风倒履：降低移动速度	-1	0	1	1	
4865	4865	1000	Buff27_2							0	0	0	1	0		浓稠蛋香	-1	0	1	1	
4866	4866	1000	Buff27_3							0	0	0	1	0		甘甜蜜香	-1	0	1	1	
4867	4867	1000	Buff27_1							0	0	0	1	0		幽远酱香	-1	0	1	1	
4868	4868	1450	Buff5_9							0	0	0	1	0		变身执笔人	-1	0	1	1	
4869	4869	1000	Buff27_2				npc_2022zongzi_zhengqi		脚下光圈点	0	0	0	1	0		浓稠蛋香熟粽	-1	0	1	1	
4870	4870	1000	Buff27_3				npc_2022zongzi_zhengqi		脚下光圈点	0	0	0	1	0		甘甜蜜香熟粽	-1	0	1	1	
4871	4871	1000	Buff27_1				npc_2022zongzi_zhengqi		脚下光圈点	0	0	0	1	0		幽远酱香熟粽	-1	0	1	1	
4872	4872	1000	Buff0_13				g01_em_buff38		头顶状态点	0	0	1	0	0		失明：随机移动，操作不能，可被攻击，无法被打醒	-1	0	1	1	
4873	4873	6000	Buff26_14				HJ_boss_峨嵋_技能1_buff		脚下光圈点	0	0	1	0	0		障眼法·衍：3s后爆炸，爆炸时周围目标附加障眼法·瞬	-1	0	1	1	
4874	4874	1	Buff0_15		Skills\Sl\Sl_金刚伏魔圈_定身.wav		g01_buff27		脚下光圈点	0	1	1	0	0		boss蓄力(定身)	-1	0	1	1	
4875	4875	1000	Buff26_13							1	0	0	0	0		检测到您的账号充值途径为风险途径，因此受到元宝消费转移限制，具体请联系客服解决。	-1	0	1	1	
4876	4876	1000	Buff26_13							1	0	0	0	0		检测到您的账号充值途径为风险途径，因此受到元宝消费转移限制，所购买的元宝道具均为绑定，具体请联系客服解决。	-1	0	1	1	
4877	4877	1	Buff4_16							0	0	0	0	0		无敌	-1	0	1	1	
4878	4878	1000	Buff0_13				g01_em_buff38		头顶状态点	0	0	1	0	0		月落西山：进入失明状态，随机移动，操作不能，可被攻击，无法被打醒	-1	0	1	1	
4879	4879	2200	PetSkill5_8							0	0	0	0	0		高级识破：双目似电，破除一切虚妄，令魑魅魍魉无所遁形。	-1	0	1	1	
4880	4880	200	Huodong_6_14	g01_buff108		脚下光圈点				1	0	0	0	0		战前准备：本场比试将在倒计时结束时开启，请做好参战准备。	-1	0	1	1	
4881	4881	2200	Huodong_6_14	g01_buff108		脚下光圈点				1	0	0	0	0		您已经出局，无法再次参与战斗，请在休息区进行观战。	-1	0	1	1	
4882	4882	1000	Buff5_1							0	0	0	0	0		初级隐身	-1	0	1	1	
4883	4883	1000	FightSkillShaoLin1_4				g01_buff10		脚下光圈点	0	0	0	0	0		移花接木boss加速	-1	0	1	1	
4884	4884	1000	Buff0_13				HJ_buff_boss_天山_移花接木		脚下光圈点	0	0	1	0	0		移花接木被选中	-1	1	1	1	
4885	4885	1000	Buff0_15				HJ_buff_天山_十面埋伏		脚下光圈点	0	0	1	0	0		十面埋伏减速	-1	0	1	1	
4886	4886	1000	Buff0_15		Skills\Sl\Sl_金刚伏魔圈_定身.wav		g01_buff27		脚下光圈点	0	1	1	0	0		定身：定身状态下可以攻击，但无法移动	-1	0	1	1	
4887	4887	1000	Buff0_15							0	0	0	0	0		被小怪选中	-1	0	1	1	
4888	4888	1000	Buff0_15							0	0	0	0	0		移花接木boss	-1	0	1	1	
4889	4889	1000					buff_npc青丘寒潭暖阳阵17		身体中心点	0	0	0	0	0			-1	0	1	1	
4890	4890	1000	Buff26_15							0	0	1	0	0		画地为牢：围困，并持续掉血，移动不能，操作不能	-1	0	1	1	
4891	4891	1000	Buff0_4				g01_buff106		身体受击点	0	0	1	0	0		灼烧：持续掉血	-1	0	1	1	
4892	4892	1000	Huodong_14_8							0	0	0	0	0		进入内力燃耗阶段，玩家所有伤害放大50%	-1	0	1	1	
4893	23	1000	FightSkillWuDang1_4				HJ_boss_武当_三环套月_debuff		身体中心点	0	0	1	0	0		三环套月：进入僵硬状态，移动速度减慢	-1	0	1	1	
4894	4894	1	Buff26_8				buff_boss逸_阴阳无咎_阴		脚下光圈点	0	0	0	0	0		阴气盛极，10秒后造成大量伤害	-1	1	1	1	
4895	4895	1	Buff26_7				buff_boss逸_阴阳无咎_阳		脚下光圈点	0	0	0	0	0		阳气盛极，10秒后造成大量伤害	-1	1	1	1	
4896	4896	1000	Buff4_16				HJ_boss_丐帮_技能3_buff		身体中心点	0	0	0	0	0		无敌	-1	0	1	1	
4897	4897	1000	TalentSkillGaiBang2_1		Skills\Sl\Sl_金刚伏魔圈_定身.wav		g01_buff27		脚下光圈点	0	0	1	0	0		封穴	-1	0	1	1	
4898	4898	1000	MenpaiLiveSkill2_7				hj_武道突破_buff		脚下光圈点	0	0	0	0	0		细细品悟，融会贯通。	-1	0	1	1	
4899	4899	1000	FightSkillMingJiao1_8							0	0	1	0	0		烽火连城：进入眩晕状态，移动不能，操作不能，可被攻击，无法被打醒	-1	0	1	1	
4900	4900	6000	Buff26_14				HJ_boss_峨嵋_技能1_buff		脚下光圈点	0	0	1	0	0		障眼法·瞬：3s后爆炸	-1	0	1	1	
4901	99	2200	RideHeader10_3							0	0	0	1	0		坐骑：雁门风华。您已激活的坐骑中最高移动速度+10%。	99	0	1	1	
4902	99	2200	RideHeader10_3							0	0	0	1	0		坐骑：雁门风华。您已激活的坐骑中最高移动速度+20%。	99	0	1	1	
4903	99	2200	RideHeader10_3							0	0	0	1	0		坐骑：雁门风华。您已激活的坐骑中最高移动速度+40%。	99	0	1	1	
4904	99	2200	RideHeader10_3							0	0	0	1	0		坐骑：雁门风华。您已激活的坐骑中最高移动速度+70%。	99	0	1	1	
4905	99	2200	RideHeader10_3							0	0	0	1	0		坐骑：雁门风华。您已激活的坐骑中最高移动速度+75%。	99	0	1	1	
4906	99	2200	RideHeader10_3							0	0	0	1	0		坐骑：雁门风华。您已激活的坐骑中最高移动速度+80%。	99	0	1	1	
4907	99	2200	RideHeader10_3							0	0	0	1	0		坐骑：雁门风华。您已激活的坐骑中最高移动速度+85%。	99	0	1	1	
4908	4908	1000	Buff0_15							0	0	1	0	0		横扫乾坤：减速：降低人员移动速度	-1	0	1	1	
4909	4909	1450	CircularTaskTool99_8	g01_buff108		脚下光圈点				0	0	0	1	0		变身：红锦缎	-1	0	1	1	
4910	4910	1450	CircularTaskTool99_8	g01_buff108		脚下光圈点				0	0	0	1	0		变身：黄锦缎	-1	0	1	1	
4911	4911	1450	CircularTaskTool99_8	g01_buff108		脚下光圈点				0	0	0	1	0		变身：白锦缎	-1	0	1	1	
4912	4912	1450	CircularTaskTool99_8	g01_buff108		脚下光圈点				0	0	0	1	0		变身：金梭	-1	0	1	1	
4913	99	2200	RideHeader10_5							0	0	0	1	0		坐骑：银汉浮梁。您已激活的坐骑中最高移动速度+10%。	99	0	1	1	
4914	99	2200	RideHeader10_5							0	0	0	1	0		坐骑：银汉浮梁。您已激活的坐骑中最高移动速度+20%。	99	0	1	1	
4915	99	2200	RideHeader10_5							0	0	0	1	0		坐骑：银汉浮梁。您已激活的坐骑中最高移动速度+40%。	99	0	1	1	
4916	99	2200	RideHeader10_5							0	0	0	1	0		坐骑：银汉浮梁。您已激活的坐骑中最高移动速度+70%。	99	0	1	1	
4917	99	2200	RideHeader10_5							0	0	0	1	0		坐骑：银汉浮梁。您已激活的坐骑中最高移动速度+75%。	99	0	1	1	
4918	99	2200	RideHeader10_5							0	0	0	1	0		坐骑：银汉浮梁。您已激活的坐骑中最高移动速度+80%。	99	0	1	1	
4919	99	2200	RideHeader10_5							0	0	0	1	0		坐骑：银汉浮梁。您已激活的坐骑中最高移动速度+85%。	99	0	1	1	
4920	343	1000	CircularTaskTool21_13							1	0	0	0	0		乾坤缶：自动捡取怪物掉落的物品	-1	0	1	1	
4921	4921	1000	CircularTaskTool100_13							0	0	0	1	0		因与曼陀山庄结交，成为曼陀山庄贵客。	-1	0	1	1	
4922	99	1400	RideHeader10_6							0	0	0	1	0		坐骑：灵鹄。	99	0	1	1	
4923	99	2200	RideHeader10_6							0	0	0	1	0		坐骑：灵鹄。您已激活的坐骑中最高移动速度+10%。	99	0	1	1	
4924	99	2200	RideHeader10_6							0	0	0	1	0		坐骑：灵鹄。您已激活的坐骑中最高移动速度+20%。	99	0	1	1	
4925	99	2200	RideHeader10_6							0	0	0	1	0		坐骑：灵鹄。您已激活的坐骑中最高移动速度+40%。	99	0	1	1	
4926	99	2200	RideHeader10_6							0	0	0	1	0		坐骑：灵鹄。您已激活的坐骑中最高移动速度+70%。	99	0	1	1	
4927	99	2200	RideHeader10_6							0	0	0	1	0		坐骑：灵鹄。您已激活的坐骑中最高移动速度+75%。	99	0	1	1	
4928	99	2200	RideHeader10_6							0	0	0	1	0		坐骑：灵鹄。您已激活的坐骑中最高移动速度+80%。	99	0	1	1	
4929	99	2200	RideHeader10_6							0	0	0	1	0		坐骑：灵鹄。您已激活的坐骑中最高移动速度+85%。	99	0	1	1	
4930	99	1400	RideHeader10_8							0	0	0	1	0		坐骑：衔月鹄。	99	0	1	1	
4931	99	2200	RideHeader10_8							0	0	0	1	0		坐骑：衔月鹄。您已激活的坐骑中最高移动速度+10%。	99	0	1	1	
4932	99	2200	RideHeader10_8							0	0	0	1	0		坐骑：衔月鹄。您已激活的坐骑中最高移动速度+20%。	99	0	1	1	
4933	99	2200	RideHeader10_8							0	0	0	1	0		坐骑：衔月鹄。您已激活的坐骑中最高移动速度+40%。	99	0	1	1	
4934	99	2200	RideHeader10_8							0	0	0	1	0		坐骑：衔月鹄。您已激活的坐骑中最高移动速度+70%。	99	0	1	1	
4935	99	2200	RideHeader10_8							0	0	0	1	0		坐骑：衔月鹄。您已激活的坐骑中最高移动速度+75%。	99	0	1	1	
4936	99	2200	RideHeader10_8							0	0	0	1	0		坐骑：衔月鹄。您已激活的坐骑中最高移动速度+80%。	99	0	1	1	
4937	99	2200	RideHeader10_8							0	0	0	1	0		坐骑：衔月鹄。您已激活的坐骑中最高移动速度+85%。	99	0	1	1	
4938	566	1400	RideHeader10_7							0	0	0	1	0		坐骑：问情鹄。	99	0	1	1	
4939	99	2200	RideHeader10_7							0	0	0	1	0		坐骑：问情鹄。您已激活的坐骑中最高移动速度+10%。	99	0	1	1	
4940	99	2200	RideHeader10_7							0	0	0	1	0		坐骑：问情鹄。您已激活的坐骑中最高移动速度+20%。	99	0	1	1	
4941	99	2200	RideHeader10_7							0	0	0	1	0		坐骑：问情鹄。您已激活的坐骑中最高移动速度+40%。	99	0	1	1	
4942	99	2200	RideHeader10_7							0	0	0	1	0		坐骑：问情鹄。您已激活的坐骑中最高移动速度+70%。	99	0	1	1	
4943	99	2200	RideHeader10_7							0	0	0	1	0		坐骑：问情鹄。您已激活的坐骑中最高移动速度+75%。	99	0	1	1	
4944	99	2200	RideHeader10_7							0	0	0	1	0		坐骑：问情鹄。您已激活的坐骑中最高移动速度+80%。	99	0	1	1	
4945	99	2200	RideHeader10_7							0	0	0	1	0		坐骑：问情鹄。您已激活的坐骑中最高移动速度+85%。	99	0	1	1	
4946	4909	1000	FightSkillMantuo1_5				hj_曼陀山庄_广陵散buff		脚下光圈点	0	0	0	1	0		广陵散：使用余音袅袅攻击目标时会进行4次伤害	-1	0	1	1	
4948	4912	1000	FightSkillMantuo_12				hj_曼陀山庄_长相思debuff		脚下光圈点	0	1	1	0	0		长相思：降低闪避	-1	0	1	1	
4949	4913	1000	FightSkillMantuo1_7				hj_曼陀山庄_弦弄花影buff		脚下光圈点	0	0	0	1	0		弦弄花影：前两个流芳诀技能的曼陀花消耗减少	-1	0	1	1	
4950	4914	2000	Buff1_1							0	1	1	0	0		飞花·乱红深处：移动速度降低	-1	0	1	1	
4951	4915	1000	FightSkillMantuo1_8				hj_曼陀山庄_飞花乱红深处麻痹buff		脚下光圈点	0	1	1	0	0		飞花·乱红深处：麻痹，移动不能，操作不能，可被攻击，无法被打醒	-1	0	1	1	
4952	4916	1000	FightSkillMantuo1_8							0	0	0	0	0		飞花·乱红深处：可对范围内目标连线，吸取对方血量，施加负面状态，连线持续期间不可使用技能	-1	0	1	1	
4953	4918	1000	FightSkillMantuo_8				hj_曼陀山庄_拈花眼儿媚破绽debuff		脚下光圈点	0	1	1	0	0		拈花·眼儿媚：受到会心一击伤害提高	-1	0	1	1	
4954	4919	1000	FightSkillMantuo1_2				hj_曼陀山庄_沁园春buff		脚下光圈点	0	0	0	1	0		沁园春：使用玄音曲技能对目标造成伤害时获得曼陀花的概率提高	-1	0	1	1	
4955	4920	1000	FightSkillMantuo1_6				hj_曼陀山庄_问花无计留春debuff		身体受击点	0	1	1	0	0		问花·无计留春：治疗效果降低	-1	0	1	1	
4956	4956	1000					cj_汴京_樱花落叶A		头顶状态点	1	0	0	0	0			-1	0	1	1	
4957	4957	1000	TalentSkillManTuo_2							0	1	1	0	0		春滋：对玩家目标释放的流芳诀技能伤害提高	-1	0	1	1	
4958	4958	1000	Buff27_8							1	0	0	0	0		曼陀灵佑：来自曼陀山庄承露堂内千年山茶的护佑。全属性+5。	-1	0	1	1	
4959	4959	1000	TalentSkillManTuo_16							0	1	1	0	0		尘曲休：麻痹，移动不能，操作不能，可被攻击，无法被打醒	-1	0	1	1	
4960	4960	1000	TalentSkillManTuo2_14							1	0	0	0	0		孤声留客：降低移动速度	-1	0	1	1	
4961	4961	1000	TalentSkillManTuo_16							0	1	1	0	0		春寒寂：麻痹，移动不能，操作不能，可被攻击，无法被打醒	-1	0	1	1	
4962	4962	1000	TalentSkillManTuo2_14							1	0	0	0	0		流云不转：降低移动速度	-1	0	1	1	
4963	4963	1000	CircularTaskTool100_13							0	0	0	1	0		因与曼陀山庄结交，成为曼陀山庄贵客。	-1	0	1	1	
4964	4894	1000	CircularTaskTool21_14				buff_秦皇地宫_202208_少量令牌		脚下光圈点	0	0	0	0	0		拥有少量军功令	-1	1	1	1	
4965	4965	1000	CircularTaskTool21_14				buff_秦皇地宫_202208_大量令牌		脚下光圈点	0	0	0	0	0		拥有大量军功令	-1	1	1	1	
4966	4966	1000	Medicine2_5							0	0	0	0	0		杀星吸收煞气恢复血量。	-1	0	1	1	
4967	4967	1000	Buff0_16				boss_杀星副本_寒气入体buff		脚下光圈点	0	0	0	0	0		您受到暴雪侵蚀的效果，治疗效果削弱50%。	-1	0	1	1	
4968	4968	1000	Buff0_5				boss_杀星副本_月亮buff		脚下光圈点	0	0	0	0	0		您当前受到月影效果，真气不断被抽走。	-1	0	1	1	
4969	4969	1000	Buff0_13				buff_新杀星_禁足		脚下光圈点	0	0	0	0	0		您当前受到千花绕颈，无法行动。	-1	0	1	1	
4970	4970	1000	Buff10_14				boss_卢俊义_吸星锁链		身体中心点	0	0	0	0	1	头顶状态点	您当前被吸星锁链束缚，会受到减速效果并持续对周身造成范围伤害，请远离近卫兵解除锁链，切勿与其他人靠近防止造成伤害。	-1	0	1	1	
4971	4971	1000	Buff11_2				boss_李逵_杀气瘟疫buff		脚下光圈点	0	0	0	0	0		杀气	-1	0	1	1	
4972	4972	1000	Buff11_2				boss_李逵_杀气瘟疫buff4米		脚下光圈点	0	0	0	0	0		杀气瘟疫:受到伤害提升10%。范围5米内的队友以及珍兽会受到每2秒6%的伤害，并且染上杀气瘟疫。	-1	0	1	1	
4973	4973	1000	Buff0_10				boss_卢俊义_天人五衰		身体受击点	0	0	0	0	0		持续掉血	-1	0	1	1	
4974	4974	1000	Buff0_10				boss_卢俊义_天人五衰		身体受击点	0	0	0	0	0		您无法释放技能，并移速下降。	-1	0	1	1	
4975	4975	1000	Buff27_5							0	0	0	1	0		同心筑瑶塘，瑶塘赠巧礼。在呆呆牛的祝福下，少侠的血上限+5000、所有属性攻击+88、所有属性减抗+88。	-1	0	1	1	
4976	4976	1000	Buff27_4							0	0	0	1	0		同心筑瑶塘，瑶塘赠巧礼。在蛋蛋鸡的祝福下，少侠的血上限+10000、所有属性攻击+188、所有属性减抗+188。	-1	0	1	1	
4977	4977	1000	Buff27_6							0	0	0	1	0		同心筑瑶塘，瑶塘赠巧礼。在小狐仙的祝福下，少侠的血上限+20000、所有属性攻击+288、所有属性减抗+288。	-1	0	1	1	
4978	4978	1000	Buff27_5							0	0	0	1	0		同心筑瑶塘，瑶塘赠巧礼。在呆呆牛的祝福下，少侠的血上限+50000、所有属性攻击+300、造成的伤害+10%。	-1	0	1	1	
4979	4979	1000	Buff27_4							0	0	0	1	0		同心筑瑶塘，瑶塘赠巧礼。在蛋蛋鸡的祝福下，少侠的血上限+50000、所有属性抗+150、受到的伤害-5%。	-1	0	1	1	
4980	4980	1000	Buff27_6							0	0	0	1	0		同心筑瑶塘，瑶塘赠巧礼。在小狐仙的祝福下，少侠的血上限+30000、所有属性攻击+388、所有属性减抗+388。	-1	0	1	1	
4981	4981	1000	Buff27_5							0	0	0	1	0		同心筑瑶塘，瑶塘赠巧礼。在呆呆牛的祝福下，少侠的身法+20。	-1	0	1	1	
4982	4982	1000	Buff27_4							0	0	0	1	0		同心筑瑶塘，瑶塘赠巧礼。在蛋蛋鸡的祝福下，少侠的身法+30。	-1	0	1	1	
4983	4983	1000	Buff27_6							0	0	0	1	0		同心筑瑶塘，瑶塘赠巧礼。在小狐仙的祝福下，少侠的身法+50。	-1	0	1	1	
4984	4984	1000	Buff0_16				boss_吴用_草人buff八卦兑		脚下光圈点	0	0	0	0	0		八卦兑	-1	0	1	1	
4985	4985	1000	Buff0_16				boss_吴用_草人buff八卦艮		脚下光圈点	0	0	0	0	0		八卦艮	-1	0	1	1	
4986	4986	1000	Buff0_16				boss_吴用_草人buff八卦坎		脚下光圈点	0	0	0	0	0		八卦坎	-1	0	1	1	
4987	4987	1000	Buff0_16				boss_吴用_草人buff八卦坤		脚下光圈点	0	0	0	0	0		八卦坤	-1	0	1	1	
4988	4988	1000	Buff0_16				boss_吴用_草人buff八卦离		脚下光圈点	0	0	0	0	0		八卦离	-1	0	1	1	
4989	4989	1000	Buff0_16				boss_吴用_草人buff八卦乾		脚下光圈点	0	0	0	0	0		八卦乾	-1	0	1	1	
4990	4990	1000	Buff0_16				boss_吴用_草人buff八卦巽		脚下光圈点	0	0	0	0	0		八卦異	-1	0	1	1	
4991	4991	1000	Buff0_16				boss_吴用_草人buff八卦震		脚下光圈点	0	0	0	0	0		八卦震	-1	0	1	1	
4992	4992	1000	Buff0_16				boss_吴用_小怪buff紫		脚下光圈点	0	0	0	0	0		紫	-1	0	1	1	
4993	4993	1000	Buff0_16				boss_吴用_小怪buff黄		脚下光圈点	0	0	0	0	0		黄	-1	0	1	1	
4994	4994	1000	Buff0_16				boss_吴用_小怪buff红		脚下光圈点	0	0	0	0	0		红	-1	0	1	1	
4995	4995	1000	Buff0_16							0	0	0	0	0		您当前被吸星所伤，会持续受到伤害和减速效果，请远离吸星解除此状态。	-1	0	1	1	
4996	4996	1000	Buff0_15				boss_公孙胜_定身符debuff		脚下光圈点	0	1	1	0	0		定身：定身状态下可以攻击，但无法移动	-1	0	1	1	
4997	4997	1000	Buff1_4				boss_公孙胜_散功符debuff		脚下光圈点	0	1	1	0	0		破绽符：受到破绽符效果，所受伤害将被放大。	-1	0	1	1	
4998	4998	1000	Buff0_4				boss_公孙胜_火符debuff		身体受击点	0	1	1	0	0		灼烧符：受到灼烧符效果，持续受到火焰伤害。	-1	0	1	1	
4999	4999	1000	FightSkillWuDang1_4				HJ_boss_少林高手_技能1减速buff		脚下光圈点	0	0	1	0	0		狮子吼：您当前受到狮子吼效果，被减速50%	-1	0	1	1	
5000	5000	2200	Buff27_10				HJ_boss_少林高手_技能2金钟罩buff		脚下光圈点	0	0	0	0	0		震慑：您受到金钟罩的震慑效果，此时攻击boss会受到反伤。	-1	0	1	1	
5001	5001	8500	FightSkillShaoLin1_9						脚下光圈点	0	0	0	0	0		反伤buff：测试用，上线删除	-1	0	1	1	
5002	5002	1000	FightSkillWuDang1_4				HJ_boss_少林高手_减速buff		脚下光圈点	0	0	1	0	0		如来神掌：您当前受到如来神掌效果，被减速50%	-1	0	1	1	
5003	5003	1000	Buff27_11				HJ_boss_星宿高手_中毒debuff_1级			0	0	1	0	0		您当前收到含笑半步癫毒性影响，每3秒受到1%点伤害，并减速4%。	-1	0	1	1	
5004	5004	1000	Buff27_12				HJ_boss_星宿高手_中毒debuff_2级			0	0	1	0	0		您当前收到含笑半步癫毒性影响，每3秒受到2%点伤害，并减速8%。	-1	0	1	1	
5005	5005	1000	Buff27_13				HJ_boss_星宿高手_中毒debuff_3级			0	0	1	0	0		您当前收到含笑半步癫毒性影响，每3秒受到3%点伤害，并减速16%。	-1	0	1	1	
5006	5006	1000	Buff27_14				HJ_boss_星宿高手_中毒debuff_4级			0	0	1	0	0		您当前收到含笑半步癫毒性影响，每3秒受到4%点伤害，并减速20%。	-1	0	1	1	
5007	5007	1000	Buff27_15				HJ_boss_星宿高手_中毒debuff_5级			0	0	1	0	0		您当前收到含笑半步癫毒性影响，每3秒受到5%点伤害，并减速30%。	-1	0	1	1	
5009	5009	1000	Buff11_2				boss_李逵_杀气瘟疫buff5米		脚下光圈点	0	0	0	0	0		杀气瘟疫:受到伤害提升20%。范围5米内的队友以及珍兽会受到每2秒6%的伤害，并且染上杀气瘟疫。	-1	0	1	1	
5010	5010	1000	Buff11_2				boss_李逵_杀气瘟疫buff6米		脚下光圈点	0	0	0	0	0		杀气瘟疫:受到伤害提升30%。范围5米内的队友以及珍兽会受到每2秒6%的伤害，并且染上杀气瘟疫。	-1	0	1	1	
5011	5011	1000	Buff10_14				boss_卢俊义_吸星锁链		身体中心点	0	0	0	0	1	身体中心点	您当前被吸星锁链束缚，会受到减速和散功效果并持续对周身造成范围伤害，请远离近卫兵解除锁链，切勿与其他人靠近防止造成伤害。	-1	0	1	1	
5012	5012	1000	Buff10_14				boss_卢俊义_吸星锁链		身体中心点	0	0	0	0	1	身体中心点	您当前被吸星锁链束缚，会受到减速和散功效果并持续对周身造成范围伤害，请远离近卫兵解除锁链，切勿与其他人靠近防止造成伤害。	-1	0	1	1	
5013	5013	2200	RideHeader3_5							0	0	0	0	0		您当前被锁定，请远离人群	-1	0	1	1	
5014	5014	1000	FightSkillMantuo_2				hj_曼陀山庄_寒江雪僵硬buff		脚下光圈点	0	1	1	0	0		寒江雪：僵硬，移动速度减慢	-1	0	1	1	
5015	5015	1000	Buff27_11				HJ_boss_星宿高手_中毒debuff_1级			0	0	1	0	0		您当前收到含笑半步癫毒性影响，每3秒受到1%点伤害，并减速4%。	-1	0	1	1	
5016	5016	1000	Buff27_12				HJ_boss_星宿高手_中毒debuff_2级			0	0	1	0	0		您当前收到含笑半步癫毒性影响，每3秒受到2%点伤害，并减速8%。	-1	0	1	1	
5017	5017	1000	Buff27_13				HJ_boss_星宿高手_中毒debuff_3级			0	0	1	0	0		您当前收到含笑半步癫毒性影响，每3秒受到3%点伤害，并减速16%。	-1	0	1	1	
5018	5018	1000	Buff27_14				HJ_boss_星宿高手_中毒debuff_4级			0	0	1	0	0		您当前收到含笑半步癫毒性影响，每3秒受到4%点伤害，并减速20%。	-1	0	1	1	
5019	5019	1000	Buff27_15				HJ_boss_星宿高手_中毒debuff_5级			0	0	1	0	0		您当前收到含笑半步癫毒性影响，每3秒受到5%点伤害，并减速30%。	-1	0	1	1	
5020	5020	1000	Buff27_11				HJ_boss_星宿高手_中毒debuff_1级			0	0	1	0	0		您当前收到含笑半步癫毒性影响，每2秒受到1%点伤害，并减速5%。	-1	0	1	1	
5021	5021	1000	Buff27_12				HJ_boss_星宿高手_中毒debuff_2级			0	0	1	0	0		您当前收到含笑半步癫毒性影响，每2秒受到2%点伤害，并减速10%。	-1	0	1	1	
5022	5022	1000	Buff27_13				HJ_boss_星宿高手_中毒debuff_3级			0	0	1	0	0		您当前收到含笑半步癫毒性影响，每2秒受到3%点伤害，并减速20%。	-1	0	1	1	
5023	5023	1000	Buff27_14				HJ_boss_星宿高手_中毒debuff_4级			0	0	1	0	0		您当前收到含笑半步癫毒性影响，每2秒受到4%点伤害，并减速25%。	-1	0	1	1	
5024	5024	1000	Buff27_15				HJ_boss_星宿高手_中毒debuff_5级			0	0	1	0	0		您当前收到含笑半步癫毒性影响，每2秒受到5%点伤害，并减速35%。	-1	0	1	1	
5025	5025	200	Huodong_6_14	g01_buff108		脚下光圈点				1	0	0	0	0		争霸赛战前准备：本场比试将在倒计时结束时开启，请做好参战准备。	-1	0	1	1	
5026	5026	2200	Huodong_6_14	g01_buff108		脚下光圈点				1	0	0	0	0		战斗结束：倒计时结束时，将会离开争霸赛赛场，返回休息室。	-1	0	1	1	
5027	5027	2200	PetSkill5_8							0	0	0	0	0		争霸赛高级识破：双目似电，破除一切虚妄，令魑魅魍魉无所遁形。	-1	0	1	1	
5028	5028	10	Buff17_14				buff_朱雀阵营		身体中心点	1	0	0	0	0		朱雀	-1	0	1	1	
5029	5029	10	Buff17_13				buff_青龙阵营		身体中心点	1	0	0	0	0		青龙	-1	0	1	1	
5030	5030	2010	Huodong_6_14	g01_buff108		脚下光圈点				0	0	0	0	0		观众专属状态	-1	0	1	1	
5031	5031	500	Huodong_14_8							0	1	0	1	0		拉镖特效	-1	0	1	1	
5032	5032	2200	PetSkill5_8							0	0	0	0	0		您当前受到指点江山效果，受到伤害放大50%	-1	0	1	1	
5035	5035	1000	Buff0_16				boss_公孙胜_散功符debuff		脚下光圈点	0	1	1	0	0		散功：无法使用任何门派技能	-1	0	1	1	
5036	5036	2000	Qin4_13							1	0	0	0	0		大楚秋声：有一定几率降低目标的移动速度	-1	0	1	1	
5037	5037	2000	Qin4_13							1	0	0	0	0		大楚秋声：有一定几率吸取目标的血	-1	0	1	1	
5038	5038	2000	Qin4_13							1	0	0	0	0		大楚秋声：有一定几率降低目标的内外功攻击	-1	0	1	1	
5039	5039	2000	Qin4_13				wq_摔绊触发01		右武器绑定点	0	0	0	1	0		大楚秋声：已降低一个目标的移动速度40%	-1	0	1	1	
5040	5040	2000	Qin4_13				wq_吸血触发01		右武器绑定点	0	0	0	1	0		大楚秋声：吸取目标的血	-1	0	1	1	
5041	5041	2000	Qin4_13				wq_虚弱触发01		右武器绑定点	0	0	0	1	0		大楚秋声：已降低一个目标的内外功攻击1923	-1	0	1	1	
5042	5042	2000	Qin4_13				wq_摔绊触发01		右武器绑定点	0	0	0	1	0		大楚秋声：已降低一个目标的移动速度45%	-1	0	1	1	
5043	5043	2000	Qin4_13				wq_虚弱触发01		右武器绑定点	0	0	0	1	0		大楚秋声：已降低一个目标的内外功攻击2400	-1	0	1	1	
5044	5044	2000	Qin4_11							1	0	0	0	0		幽篁漱玉：命中敌人时有机率打出绝妙一击，额外造成伤害并在一段时间内增加自身会心攻击，减少对方会心防御	-1	0	1	1	
5045	5045	2000	Qin4_12							1	0	0	0	0		鸣玉问心：命中敌人时有机率打出绝妙一击，额外造成伤害并在一段时间内增加自身会心攻击，减少对方会心防御	-1	0	1	1	
5046	5046	2000	Buff27_7				HJ_buff_镖车减速debuff		脚下光圈点	1	0	0	0	0		减速：移动速度降低50%	-1	0	1	1	
5047	5047	1000	HuoDongSkill_4							1	0	0	0	0		押送繁物舆	-1	1	1	1	
5048	5048	1000	HuoDongSkill_5							1	0	0	0	0		押送绸锦舆	-1	1	1	1	
5049	5049	1000	HuoDongSkill_6							1	0	0	0	0		押送珍宝舆	-1	1	1	1	
5050	5050	1000	MenpaiGoods2_1							0	0	0	1	0		增强：灵气	-1	0	1	1	
5051	5051	1000	MenpaiGoods2_2							0	0	0	1	0		增强：命中	-1	0	1	1	
5052	5052	1000	MenpaiGoods2_3							0	0	0	1	0		增强：玄攻击	-1	0	1	1	
5053	5053	1000	MenpaiGoods2_4							0	0	0	1	0		增强：毒攻击	-1	0	1	1	
5054	5054	1000	MenpaiGoods2_5							0	0	0	1	0		增强：血上限	-1	0	1	1	
5055	5055	1000	MenpaiGoods2_6							0	0	0	1	0		抵抗：散功	-1	0	1	1	
5056	99	2200	RideHeader10_9							0	0	0	1	0		坐骑：寄居蟹。您已激活的坐骑中最高移动速度+10%。	99	0	1	1	
5057	99	2200	RideHeader10_9							0	0	0	1	0		坐骑：寄居蟹。您已激活的坐骑中最高移动速度+20%。	99	0	1	1	
5058	99	2200	RideHeader10_9							0	0	0	1	0		坐骑：寄居蟹。您已激活的坐骑中最高移动速度+40%。	99	0	1	1	
5059	99	2200	RideHeader10_9							0	0	0	1	0		坐骑：寄居蟹。您已激活的坐骑中最高移动速度+70%。	99	0	1	1	
5060	99	2200	RideHeader10_9							0	0	0	1	0		坐骑：寄居蟹。您已激活的坐骑中最高移动速度+75%。	99	0	1	1	
5061	99	2200	RideHeader10_9							0	0	0	1	0		坐骑：寄居蟹。您已激活的坐骑中最高移动速度+80%。	99	0	1	1	
5062	99	2200	RideHeader10_9							0	0	0	1	0		坐骑：寄居蟹。您已激活的坐骑中最高移动速度+85%。	99	0	1	1	
5063	99	2200	RideHeader10_10							0	0	0	1	0		坐骑：昆仑雪猿。您已激活的坐骑中最高移动速度+10%。	99	0	1	1	
5064	99	2200	RideHeader10_10							0	0	0	1	0		坐骑：昆仑雪猿。您已激活的坐骑中最高移动速度+20%。	99	0	1	1	
5065	99	2200	RideHeader10_10							0	0	0	1	0		坐骑：昆仑雪猿。您已激活的坐骑中最高移动速度+40%。	99	0	1	1	
5066	99	2200	RideHeader10_10							0	0	0	1	0		坐骑：昆仑雪猿。您已激活的坐骑中最高移动速度+70%。	99	0	1	1	
5067	99	2200	RideHeader10_10							0	0	0	1	0		坐骑：昆仑雪猿。您已激活的坐骑中最高移动速度+75%。	99	0	1	1	
5068	99	2200	RideHeader10_10							0	0	0	1	0		坐骑：昆仑雪猿。您已激活的坐骑中最高移动速度+80%。	99	0	1	1	
5069	99	2200	RideHeader10_10							0	0	0	1	0		坐骑：昆仑雪猿。您已激活的坐骑中最高移动速度+85%。	99	0	1	1	
5070	99	2200	RideHeader10_11							0	0	0	1	0		坐骑：烈焰追风。您已激活的坐骑中最高移动速度+10%。	99	0	1	1	
5071	99	2200	RideHeader10_11							0	0	0	1	0		坐骑：烈焰追风。您已激活的坐骑中最高移动速度+20%。	99	0	1	1	
5072	99	2200	RideHeader10_11							0	0	0	1	0		坐骑：烈焰追风。您已激活的坐骑中最高移动速度+40%。	99	0	1	1	
5073	99	2200	RideHeader10_11							0	0	0	1	0		坐骑：烈焰追风。您已激活的坐骑中最高移动速度+70%。	99	0	1	1	
5074	99	2200	RideHeader10_11							0	0	0	1	0		坐骑：烈焰追风。您已激活的坐骑中最高移动速度+75%。	99	0	1	1	
5075	99	2200	RideHeader10_11							0	0	0	1	0		坐骑：烈焰追风。您已激活的坐骑中最高移动速度+80%。	99	0	1	1	
5076	99	2200	RideHeader10_11							0	0	0	1	0		坐骑：烈焰追风。您已激活的坐骑中最高移动速度+85%。	99	0	1	1	
5077	532	9100	Buff1_16				boss_卢俊义_黄色火焰		身体受击点	0	0	0	1	0		天罡皇气：皇道之气，大幅度减少伤害。	-1	0	1	1	
5078	533	9100	Buff2_11				g01_dl_中冲剑01		身体中心点	0	0	0	1	0		天罡霸气：霸道之气，强力的反射攻击。	-1	0	1	1	
5079	534	9100	Buff0_10				boss_卢俊义_天人五衰		身体受击点	0	0	0	1	0		天人五衰：衰败之气，受到伤害大幅提升。	-1	0	1	1	
5080	534	1000	Buff11_2				boss_卢俊义_天人五衰		身体受击点	0	0	0	1	0		杀气瘟疫:受到伤害提升20%。范围5米内的队友以及珍兽会受到每2秒2%的伤害，并且染上杀气瘟疫。	-1	0	1	1	
5081	534	1000	Buff11_2				boss_卢俊义_天罡霸气		身体受击点	0	0	0	1	0		杀气爆发：攻击力大幅度提升。	-1	0	1	1	
5082	534	1000	Buff0_10				boss_卢俊义_天人五衰		身体受击点	0	0	0	1	0		天煞孤星：命犯煞星，生命力不停的在流失。	-1	0	1	1	
5083	534	1000	FightSkillShaoLin1_4				g01_buff10		脚下光圈点	0	0	0	1	0		速度提升	-1	0	1	1	
5084	534	1000	FightSkillShaoLin2_4				g01_buff7		身体受击点	0	0	0	1	0		生门：灭世刀阵之命门。不会受到灭世刀阵的伤害。	-1	0	1	1	
5085	534	1000	Buff0_15		Skills\Sl\Sl_金刚伏魔圈_定身.wav		g01_buff27		脚下光圈点	0	0	0	1	0		定身符：每2秒受到一次定身效果。	-1	0	1	1	
5086	534	1000	Buff0_9	all_bj0000		身体受击点	buff_fengxue_01		身体受击点	0	0	0	1	0		封穴符：每2秒受到一次封穴效果。	-1	0	1	1	
5087	5087	1000	Buff0_11				buff_hunmi_01		头顶状态点	0	0	0	1	0		昏睡符：每4秒受到一次睡眠效果。	-1	0	1	1	
5088	5088	8000	FightSkillShaoLin2_4				g01_buff7		身体受击点	0	0	0	1	0		杀星护体：伤害全减免	-1	0	1	1	
5089	5089	7500	FightSkillShaoLin2_4				g01_buff7		身体受击点	0	0	0	1	0		孤芳自赏：将自己与世隔绝。免疫内外攻伤害，免疫属性伤害。	-1	0	1	1	
5090	5090	8000	Buff0_10				g01_ts_天地明灭_zdo		脚下光圈点	0	0	0	1	0		孤立无援：枯荣大师的协助，封印住天孤星的动作和护体气劲。	-1	0	1	1	
5091	5091	1000	FightSkillShaoLin1_13				buff_boss聚气特效		身体受击点	0	0	0	1	0		天罡护体：无敌，聚气中	-1	0	1	1	
5092	5092	8500	FightSkillGaiBang_4				g01_gb_buff114_01		身体中心点	0	0	0	1	0		龙战于野：增加闪避	-1	0	1	1	
5093	99	2200	RideHeader6_6							0	0	0	1	0		坐骑：霸世羽龙。您已激活的坐骑中最高移动速度+10%。	99	0	1	1	
5094	99	2200	RideHeader6_6							0	0	0	1	0		坐骑：霸世羽龙。您已激活的坐骑中最高移动速度+20%。	99	0	1	1	
5095	99	2200	RideHeader6_6							0	0	0	1	0		坐骑：霸世羽龙。您已激活的坐骑中最高移动速度+40%。	99	0	1	1	
5096	99	2200	RideHeader6_6							0	0	0	1	0		坐骑：霸世羽龙。您已激活的坐骑中最高移动速度+70%。	99	0	1	1	
5097	99	2200	RideHeader6_6							0	0	0	1	0		坐骑：霸世羽龙。您已激活的坐骑中最高移动速度+75%。	99	0	1	1	
5098	99	2200	RideHeader6_6							0	0	0	1	0		坐骑：霸世羽龙。您已激活的坐骑中最高移动速度+80%。	99	0	1	1	
5099	99	2200	RideHeader6_6							0	0	0	1	0		坐骑：霸世羽龙。您已激活的坐骑中最高移动速度+85%。	99	0	1	1	
5100	99	2200	RideHeader6_7							0	0	0	1	0		坐骑：青翼战龙。您已激活的坐骑中最高移动速度+10%。	99	0	1	1	
5101	99	2200	RideHeader6_7							0	0	0	1	0		坐骑：青翼战龙。您已激活的坐骑中最高移动速度+20%。	99	0	1	1	
5102	99	2200	RideHeader6_7							0	0	0	1	0		坐骑：青翼战龙。您已激活的坐骑中最高移动速度+40%。	99	0	1	1	
5103	99	2200	RideHeader6_7							0	0	0	1	0		坐骑：青翼战龙。您已激活的坐骑中最高移动速度+70%。	99	0	1	1	
5104	99	2200	RideHeader6_7							0	0	0	1	0		坐骑：青翼战龙。您已激活的坐骑中最高移动速度+75%。	99	0	1	1	
5105	99	2200	RideHeader6_7							0	0	0	1	0		坐骑：青翼战龙。您已激活的坐骑中最高移动速度+80%。	99	0	1	1	
5106	99	2200	RideHeader6_7							0	0	0	1	0		坐骑：青翼战龙。您已激活的坐骑中最高移动速度+85%。	99	0	1	1	
5107	99	2200	RideHeader6_8							0	0	0	1	0		坐骑：绝云焱龙。您已激活的坐骑中最高移动速度+10%。	99	0	1	1	
5108	99	2200	RideHeader6_8							0	0	0	1	0		坐骑：绝云焱龙。您已激活的坐骑中最高移动速度+20%。	99	0	1	1	
5109	99	2200	RideHeader6_8							0	0	0	1	0		坐骑：绝云焱龙。您已激活的坐骑中最高移动速度+40%。	99	0	1	1	
5110	99	2200	RideHeader6_8							0	0	0	1	0		坐骑：绝云焱龙。您已激活的坐骑中最高移动速度+70%。	99	0	1	1	
5111	99	2200	RideHeader6_8							0	0	0	1	0		坐骑：绝云焱龙。您已激活的坐骑中最高移动速度+75%。	99	0	1	1	
5112	99	2200	RideHeader6_8							0	0	0	1	0		坐骑：绝云焱龙。您已激活的坐骑中最高移动速度+80%。	99	0	1	1	
5113	99	2200	RideHeader6_8							0	0	0	1	0		坐骑：绝云焱龙。您已激活的坐骑中最高移动速度+85%。	99	0	1	1	
5114	5114	1000	PetSkill5_16	cw_xixue		身体受击点				0	0	0	0	0		吸血：攻击时吸取对敌人造成伤害的20%转换为生命值	-1	0	1	1	
5115	5115	8000	Buff11_2							0	0	0	0	0		狂暴：攻击增加100%	-1	0	1	1	
5116	5116	9600	Buff24_13							1	0	0	0	0		等待定制移民：您已成功申请定制移民，在本次定制移民完成前，您不可进行如下操作：创建或加入帮会、结婚、结缘、结拜、拜师、收徒、在元宝交易市场出售道具、在昆吾金币交易行出售道具、在金币元宝寄售处寄售元宝、建立或盘入商铺、单人或组队繁殖珍兽、改名、删除角色。	-1	1	1	1	
5117	99	2200	RideHeader10_12							0	0	0	1	0		坐骑：圣夜巡礼花车。您已激活的坐骑中最高移动速度+10%。	99	0	1	1	
5118	99	2200	RideHeader10_12							0	0	0	1	0		坐骑：圣夜巡礼花车。您已激活的坐骑中最高移动速度+20%。	99	0	1	1	
5119	99	2200	RideHeader10_12							0	0	0	1	0		坐骑：圣夜巡礼花车。您已激活的坐骑中最高移动速度+40%。	99	0	1	1	
5120	99	2200	RideHeader10_12							0	0	0	1	0		坐骑：圣夜巡礼花车。您已激活的坐骑中最高移动速度+70%。	99	0	1	1	
5121	99	2200	RideHeader10_12							0	0	0	1	0		坐骑：圣夜巡礼花车。您已激活的坐骑中最高移动速度+75%。	99	0	1	1	
5122	99	2200	RideHeader10_12							0	0	0	1	0		坐骑：圣夜巡礼花车。您已激活的坐骑中最高移动速度+80%。	99	0	1	1	
5123	99	2200	RideHeader10_12							0	0	0	1	0		坐骑：圣夜巡礼花车。您已激活的坐骑中最高移动速度+85%。	99	0	1	1	
5124	5124	1000	Medicine2_5				冬季趣味校场_加血		身体受击点	0	0	0	0	0		每秒恢复1%点血量。	-1	0	1	1	
5125	5125	1000	Buff2_8				buff_命中增加			0	0	0	0	0		增加100%命中。	-1	0	1	1	
5126	5126	1000	Buff2_10				buff_会心增加			0	0	0	0	0		增加50%会心几率。	-1	0	1	1	
5128	5128	1000	Buff7_7				buff_校场移动速度增加特效		脚下光圈点	0	0	0	0	0		增加30%移动速度。	-1	1	1	1	
5129	5129	1000	Buff9_1							0	0	0	0	0		清空身上负面效果。	-1	0	1	1	
5130	5130	1000	Buff4_16				g01_buff118_01		身体受击点	0	0	0	0	0		当前已进入无敌状态，不会受到任何伤害。	-1	0	1	1	
5131	5131	1000	Buff5_1							0	0	0	0	0		当前进入隐身状态。	-1	0	1	1	
5132	5132	1000	Medicine2_5				冬季趣味校场_加血		身体受击点	0	0	0	0	0		每秒恢复1%点血量，持续5秒。	-1	0	1	1	
5133	5133	1000	Buff8_2				buff_校场固定掉血buff		脚下光圈点	0	0	0	0	0		受到1%伤害，持续10秒。	-1	0	1	1	
5134	5134	1000	Buff1_14				buff_校场cd重置效果		脚下光圈点	0	0	0	0	0		当前所有技能冷却时间重置。	-1	0	1	1	
5135	5135	1000	Buff7_7				buff_校场移动速度增加特效		脚下光圈点	0	0	0	0	0		增加30%移动速度。	-1	1	1	1	
5136	5136	1000	Buff1_12				buff_校场免疫控制		身体中心点	0	0	0	0	0		免疫控制10秒。	-1	0	1	1	
5137	5137	1000	Medicine2_5				冬季趣味校场_加血		身体受击点	0	0	0	0	0		每秒恢复2%点血量，持续4秒。	-1	0	1	1	
5138	5138	1000	Buff8_2				buff_校场固定掉血buff		脚下光圈点	0	0	0	0	0		每秒损失1%血量，持续5秒。	-1	0	1	1	
5139	5139	1000	Buff1_14				buff_校场cd重置效果		脚下光圈点	0	0	0	0	0		当前所有技能冷却时间重置。	-1	0	1	1	
5140	5140	1000	Buff7_7				buff_校场移动速度增加特效		脚下光圈点	0	0	0	0	0		增加移动速度30%，持续10秒。	-1	1	1	1	
5141	5141	1000	Buff0_4				buff_校场烫伤环		脚下光圈点	0	0	0	0	0		持续对半径5范围的单位造成伤害，自身免疫，持续10秒。	-1	0	1	1	
5142	5142	1000	Buff1_12				buff_校场免疫控制		身体中心点	0	0	0	0	0		免疫控制10秒。	-1	0	1	1	
5143	5143	1000	MenpaiGoods2_23				buff_青龙阵营		身体中心点	0	0	0	1	0		等待雪车	-1	0	1	1	
5144	5144	1000	Buff24_2				buff_npc_雪车骑乘表情包_圈圈眼		头顶状态点	0	0	0	1	0		当前处于乘坐海豚冲浪板状态	-1	0	1	1	
5145	5145	1000	Buff24_1				buff_npc_雪车骑乘表情包_大笑		头顶状态点	0	0	0	1	0		当前处于乘坐海豚冲浪板状态	-1	0	1	1	
5146	5146	1000	Buff24_4				buff_npc_雪车骑乘表情包_兴奋		头顶状态点	0	0	0	1	0		当前处于乘坐海豚冲浪板状态	-1	0	1	1	
5147	5147	1000	Buff24_3				buff_npc_雪车骑乘表情包_吐		头顶状态点	0	0	0	1	0		当前处于乘坐海豚冲浪板状态	-1	0	1	1	
5148	5148	1000	CircularTaskTool101_7							0	0	0	1	0		作为饺子人参与清香嘉味满元春活动！	-1	0	1	1	
5149	5149	1000	CircularTaskTool101_9							0	0	0	1	0		作为汤圆人参与清香嘉味满元春活动！	-1	0	1	1	
5150	5150	1000	CircularTaskTool101_8							0	0	0	1	0		作为年糕人参与清香嘉味满元春活动！	-1	0	1	1	
5151	5151	1000	CircularTaskTool101_7							1	0	0	1	0		一大锅饺子来啦！	-1	0	1	1	
5152	5152	1000	CircularTaskTool101_9							1	0	0	1	0		一大锅汤圆来啦！	-1	0	1	1	
5153	5153	1000	CircularTaskTool101_8							1	0	0	1	0		一大锅年糕来啦！	-1	0	1	1	
5154	5154	1000	PetSoulSkill2_16				buff_sangong_01		脚下光圈点	0	0	1	0	0		炼世：散功，无法使用任何门派技能	-1	0	1	1	
5155	5155	1000	PetSoulSkill2_16				buff_sangong_01		脚下光圈点	0	0	1	0	0		炼世：散功，无法使用任何门派技能	-1	0	1	1	
5156	5156	1000	PetSoulSkill2_16				buff_sangong_01		脚下光圈点	0	0	1	0	0		炼世：散功，无法使用任何门派技能	-1	0	1	1	
5157	5157	1000	PetSoulSkill2_16				buff_sangong_01		脚下光圈点	0	0	1	0	0		炼世：散功，无法使用任何门派技能	-1	0	1	1	
5158	5158	1000	PetSoulSkill2_16				buff_sangong_01		脚下光圈点	0	0	1	0	0		炼世：散功，无法使用任何门派技能	-1	0	1	1	
5159	5159	1000	PetSoulSkill2_16				buff_sangong_01		脚下光圈点	0	0	1	0	0		炼世：散功，无法使用任何门派技能	-1	0	1	1	
5160	5160	9000	PetSoulSkill3_1				g01_buff麻痹		身体中心点	0	0	1	0	0		归墟：麻痹，移动不能，操作不能，可被攻击，无法被打醒	-1	0	1	1	
5161	5161	9000	PetSoulSkill3_1				g01_buff麻痹		身体中心点	0	0	1	0	0		归墟：麻痹，移动不能，操作不能，可被攻击，无法被打醒	-1	0	1	1	
5162	5162	9000	PetSoulSkill3_1				g01_buff麻痹		身体中心点	0	0	1	0	0		归墟：麻痹，移动不能，操作不能，可被攻击，无法被打醒	-1	0	1	1	
5163	5163	9000	PetSoulSkill3_1				g01_buff麻痹		身体中心点	0	0	1	0	0		归墟：麻痹，移动不能，操作不能，可被攻击，无法被打醒	-1	0	1	1	
5164	5164	9000	PetSoulSkill3_1				g01_buff麻痹		身体中心点	0	0	1	0	0		归墟：麻痹，移动不能，操作不能，可被攻击，无法被打醒	-1	0	1	1	
5165	5165	9000	PetSoulSkill3_1				g01_buff麻痹		身体中心点	0	0	1	0	0		归墟：麻痹，移动不能，操作不能，可被攻击，无法被打醒	-1	0	1	1	
5166	5166	1000	CommonNPCHeader41_21							0	0	0	1	0		可参与璀璨平安夜活动！	-1	0	1	1	
5167	5167	1000	Buff24_5							0	0	0	1	0		您已成为修身学徒，请在龙美娜的指导下完成修身课程！	-1	0	1	1	
5168	5168	1000	Buff24_6							0	0	0	1	0		您已成为强体学徒，请在龙阿强的指导下完成强体课程！	-1	0	1	1	
5169	99	2200	RideHeader10_13							0	0	0	1	0		坐骑：小虎嗷呜。您已激活的坐骑中最高移动速度+10%。	99	0	1	1	
5170	99	2200	RideHeader10_13							0	0	0	1	0		坐骑：小虎嗷呜。您已激活的坐骑中最高移动速度+20%。	99	0	1	1	
5171	99	2200	RideHeader10_13							0	0	0	1	0		坐骑：小虎嗷呜。您已激活的坐骑中最高移动速度+40%。	99	0	1	1	
5172	99	2200	RideHeader10_13							0	0	0	1	0		坐骑：小虎嗷呜。您已激活的坐骑中最高移动速度+70%。	99	0	1	1	
5173	99	2200	RideHeader10_13							0	0	0	1	0		坐骑：小虎嗷呜。您已激活的坐骑中最高移动速度+75%。	99	0	1	1	
5174	99	2200	RideHeader10_13							0	0	0	1	0		坐骑：小虎嗷呜。您已激活的坐骑中最高移动速度+80%。	99	0	1	1	
5175	99	2200	RideHeader10_13							0	0	0	1	0		坐骑：小虎嗷呜。您已激活的坐骑中最高移动速度+85%。	99	0	1	1	
5176	5176	1000	Buff24_10				buff_教练龙_反应正确		脚下光圈点	0	0	0	1	0			-1	0	1	1	
5177	5177	1000	Buff24_11				buff_教练龙_反应错误		脚下光圈点	0	0	0	1	0			-1	0	1	1	
5178	269	10	CircularTaskTool10_15	g01_buff108		脚下光圈点				0	0	0	0	0		富甲天下：获得天下商会经商许可，驾驭货运之马车，往返各地买卖特产。状态持续期间，无法使用驿站进行传送。	-1	0	1	1	
5179	5179	1000	Buff24_12							0	0	0	0	0		武课修习中	-1	0	1	1	
5180	99	2200	RideHeader10_15							0	0	0	1	0		坐骑：拾光恋羽。您已激活的坐骑中最高移动速度+10%。	99	0	1	1	
5181	99	2200	RideHeader10_15							0	0	0	1	0		坐骑：拾光恋羽。您已激活的坐骑中最高移动速度+20%。	99	0	1	1	
5182	99	2200	RideHeader10_15							0	0	0	1	0		坐骑：拾光恋羽。您已激活的坐骑中最高移动速度+40%。	99	0	1	1	
5183	99	2200	RideHeader10_15							0	0	0	1	0		坐骑：拾光恋羽。您已激活的坐骑中最高移动速度+70%。	99	0	1	1	
5184	99	2200	RideHeader10_15							0	0	0	1	0		坐骑：拾光恋羽。您已激活的坐骑中最高移动速度+75%。	99	0	1	1	
5185	99	2200	RideHeader10_15							0	0	0	1	0		坐骑：拾光恋羽。您已激活的坐骑中最高移动速度+80%。	99	0	1	1	
5186	99	2200	RideHeader10_15							0	0	0	1	0		坐骑：拾光恋羽。您已激活的坐骑中最高移动速度+85%。	99	0	1	1	
5187	99	2200	RideHeader10_14							0	0	0	1	0		坐骑：扶摇万里。您已激活的坐骑中最高移动速度+10%。	99	0	1	1	
5188	99	2200	RideHeader10_14							0	0	0	1	0		坐骑：扶摇万里。您已激活的坐骑中最高移动速度+20%。	99	0	1	1	
5189	99	2200	RideHeader10_14							0	0	0	1	0		坐骑：扶摇万里。您已激活的坐骑中最高移动速度+40%。	99	0	1	1	
5190	99	2200	RideHeader10_14							0	0	0	1	0		坐骑：扶摇万里。您已激活的坐骑中最高移动速度+70%。	99	0	1	1	
5191	99	2200	RideHeader10_14							0	0	0	1	0		坐骑：扶摇万里。您已激活的坐骑中最高移动速度+75%。	99	0	1	1	
5192	99	2200	RideHeader10_14							0	0	0	1	0		坐骑：扶摇万里。您已激活的坐骑中最高移动速度+80%。	99	0	1	1	
5193	99	2200	RideHeader10_14							0	0	0	1	0		坐骑：扶摇万里。您已激活的坐骑中最高移动速度+85%。	99	0	1	1	
5194	5194	1000	CommonNPCHeader43_3							0	0	0	1	0		您化身为诗人，获得举杯吟诗技能。	-1	0	1	1	
5195	5195	1000	CommonNPCHeader42_15							0	0	0	1	0		修理师：您已穿着上修理服，可在白溪湖（78，150）附近对十方轮进行组装和修理。	-1	0	1	1	
5196	5196	1000	CommonNPCHeader42_14							0	0	0	1	0		白溪湖村民：您已装扮成白溪湖村民，请根据任务指引前往蜀南竹海，寻找指定NPC打听江行云的消息并悄悄送出知音匣吧。	-1	0	1	1	
5197	5197	1000	CommonNPCHeader42_11							0	0	0	1	0		修理师：您已穿着上修理服，可在蜀南竹海（65，174）附近对水幕摇柄进行组装和修理。	-1	0	1	1	
5198	5198	1000	CommonNPCHeader42_10							0	0	0	1	0		蜀南竹海村民：您已装扮成蜀南竹海村民，请根据任务指引前往白溪湖，寻找指定NPC打听墨知愁的消息并悄悄送出竹灯吧。	-1	0	1	1	
5199	5199	1000	CommonNPCHeader42_13							0	0	0	1	0		修理师：您已穿着上修理服，可在西凉枫林（71，121）附近对臂甲进行组装和修理。	-1	0	1	1	
5200	5200	1000	CommonNPCHeader42_12							0	0	0	1	0		西凉枫林村民：您已装扮成西凉枫林村民，请根据任务指引前往白溪湖，寻找指定NPC打听墨知愁的消息并悄悄送出安神香炉吧。	-1	0	1	1	
5201	5201	1000	CommonNPCHeader42_14							0	0	0	1	0		白溪湖村民：您已装扮成白溪湖村民，请根据任务指引前往西凉枫林，寻找指定NPC打听阮枫眠的消息并悄悄送出知音匣吧。	-1	0	1	1	
5202	5202	1000	CommonNPCHeader42_10							0	0	0	1	0		蜀南竹海村民：您已装扮成蜀南竹海村民，请根据任务指引前往西凉枫林，寻找指定NPC打听阮枫眠的消息并悄悄送出竹灯吧。	-1	0	1	1	
5203	5203	1000	CommonNPCHeader42_12							0	0	0	1	0		西凉枫林村民：您已装扮成西凉枫林村民，请根据任务指引前往蜀南竹海，寻找指定NPC打听江行云的消息并悄悄送出安神香炉吧。	-1	0	1	1	
5204	5204	1000	FabaoSkill_5				cj_不老长春谷_毒瘴绿光		身体中心点	0	0	0	0	0		当前受到瘴毒影响会持续掉血，快进入到指定的保护圈内进行解除。	-1	1	1	1	
5205	5205	1000	FabaoSkill_5				cj_不老长春谷_火焰红光		身体中心点	0	0	0	0	0		当前受到千焰影响会持续掉血，快进入到指定的保护圈内进行解除。	-1	1	1	1	
5206	5206	1000	FabaoSkill_5				cj_不老长春谷_冰封蓝光		身体中心点	0	0	0	0	0		当前受到冰封影响会持续掉血，快进入到指定的保护圈内进行解除。	-1	1	1	1	
5207	5207	1000	Buff8_2				buff_校场固定掉血buff		脚下光圈点	0	0	0	0	0		每3秒受到1%伤害，持续150秒。	-1	0	1	1	
5208	5208	9999	Buff0_14							1	0	0	1	0		降龙十八掌绿色套	-1	0	1	1	
5209	5209	1000	FabaoSkill_15				m01_gs_陌上行_buff		身体中心点	0	0	0	1	0		流光：移动速度增加15%，且免疫减速。	-1	0	1	1	
5210	5210	7500	FightSkillGaiBang_3							0	0	0	1	0		免疫减速	-1	0	1	1	
5211	5211	9999	Buff0_14							1	0	0	1	0		降龙十八掌蓝色套	-1	0	1	1	
5212	5212	1000	FabaoSkill_15				m01_gs_陌上行_buff		身体中心点	0	0	0	1	0		流光：移动速度增加25%，且免疫减速。	-1	0	1	1	
5213	5213	9999	Buff0_14							1	0	0	1	0		降龙十八掌紫色套	-1	0	1	1	
5214	5214	1000	FabaoSkill_15				m01_gs_陌上行_buff		身体中心点	0	0	0	1	0		流光：移动速度增加35%，且免疫减速。	-1	0	1	1	
5215	5215	9999	Buff0_14							1	0	0	1	0		降龙十八掌橙色套	-1	0	1	1	
5216	5216	1000	FabaoSkill_15				m01_gs_陌上行_buff		身体中心点	0	0	0	1	0		流光：移动速度增加50%，且免疫减速。	-1	0	1	1	
5217	5217	1000	FabaoSkill_10				g01_buff17		身体中心点	0	0	0	1	0		暮雨：造成伤害时有15%的概率吸取所造成伤害30%回复为血量。	-1	0	1	1	
5218	5218	1000	FabaoSkill_10				g01_buff17		身体中心点	0	0	0	1	0		暮雨：造成伤害时有20%的概率吸取所造成伤害35%回复为血量。	-1	0	1	1	
5219	5219	1000	FabaoSkill_10				g01_buff17		身体中心点	0	0	0	1	0		暮雨：造成伤害时有25%的概率吸取所造成伤害40%回复为血量。	-1	0	1	1	
5220	5220	1000	FabaoSkill_10				g01_buff17		身体中心点	0	0	0	1	0		暮雨：造成伤害时有35%的概率吸取所造成伤害50%回复为血量。	-1	0	1	1	
5221	5217	1000	FabaoSkill_9				HJ_buff_凝光照雪		身体中心点	0	0	0	1	0		星辉：使用第一本心法第一个技能命中目标并对目标造成会心一击时，有15%的概率使目标麻痹1秒。	-1	0	1	1	
5222	5218	1000	FabaoSkill_9				HJ_buff_凝光照雪		身体中心点	0	0	0	1	0		星辉：使用第一本心法第一个技能命中目标并对目标造成会心一击时，有20%的概率使目标麻痹1秒。	-1	0	1	1	
5223	5219	1000	FabaoSkill_9				HJ_buff_凝光照雪		身体中心点	0	0	0	1	0		星辉：使用第一本心法第一个技能命中目标并对目标造成会心一击时，有25%的概率使目标麻痹1秒。	-1	0	1	1	
5224	5220	1000	FabaoSkill_9				HJ_buff_凝光照雪		身体中心点	0	0	0	1	0		星辉：使用第一本心法第一个技能命中目标并对目标造成会心一击时，有35%的概率使目标麻痹1秒。	-1	0	1	1	
5225	5225	30	Buff0_10				npc_buff_02		头顶状态点	0	1	1	0	0		麻痹：移动不能，操作不能，可被攻击，无法被打醒	-1	0	1	1	
5226	5226	1000	FabaoSkill_8				g01_buff7		身体中心点	0	0	0	1	0		轻风：受到伤害时，减少受到的1%伤害。	-1	0	1	1	
5227	5227	1000	FabaoSkill_8				g01_buff7		身体中心点	0	0	0	1	0		轻风：受到伤害时，减少受到的2%伤害。	-1	0	1	1	
5228	5228	1000	FabaoSkill_8				g01_buff7		身体中心点	0	0	0	1	0		轻风：受到伤害时，减少受到的3%伤害。	-1	0	1	1	
5229	5229	1000	FabaoSkill_8				g01_buff7		身体中心点	0	0	0	1	0		轻风：受到伤害时，减少受到的5%伤害。	-1	0	1	1	
5230	5230	1000	FabaoSkill_14							1	0	0	0	0		夜雪：对麻痹、失明、散功、封穴、封印、眩晕的目标造成的伤害提高1%。	-1	0	1	1	
5231	5231	1000	FabaoSkill_14							1	0	0	0	0		夜雪：对麻痹、失明、散功、封穴、封印、眩晕的目标造成的伤害提高2%。	-1	0	1	1	
5232	5232	1000	FabaoSkill_14							1	0	0	0	0		夜雪：对麻痹、失明、散功、封穴、封印、眩晕的目标造成的伤害提高3%。	-1	0	1	1	
5233	5233	1000	FabaoSkill_14							1	0	0	0	0		夜雪：对麻痹、失明、散功、封穴、封印、眩晕的目标造成的伤害提高5%。	-1	0	1	1	
5234	5234	1000	FabaoSkill_7				g01_buff109		身体中心点	0	0	0	1	0		御雷：吸收30%伤害，最多吸收1%血上限伤害。	-1	0	1	1	
5235	5235	1000	FabaoSkill_7				g01_buff109		身体中心点	0	0	0	1	0		御雷：吸收35%伤害，最多吸收2%血上限伤害。	-1	0	1	1	
5236	5236	1000	FabaoSkill_7				g01_buff109		身体中心点	0	0	0	1	0		御雷：吸收40%伤害，最多吸收3%血上限伤害。	-1	0	1	1	
5237	5237	1000	FabaoSkill_7				g01_buff109		身体中心点	0	0	0	1	0		御雷：吸收50%伤害，最多吸收5%血上限伤害。	-1	0	1	1	
5238	5238	1000					buff_采集点生成特效A		脚下光圈点	0	0	0	1	0			-1	0	1	1	
5239	5239	1000					buff_延寿台封印中		脚下光圈点	0	0	0	1	0			-1	0	1	1	
5240	99	2200	RideHeader10_16							0	0	0	1	0		坐骑：玉蝶乘绡。您已激活的坐骑中最高移动速度+10%。	99	0	1	1	
5241	99	2200	RideHeader10_16							0	0	0	1	0		坐骑：玉蝶乘绡。您已激活的坐骑中最高移动速度+20%。	99	0	1	1	
5242	99	2200	RideHeader10_16							0	0	0	1	0		坐骑：玉蝶乘绡。您已激活的坐骑中最高移动速度+40%。	99	0	1	1	
5243	99	2200	RideHeader10_16							0	0	0	1	0		坐骑：玉蝶乘绡。您已激活的坐骑中最高移动速度+70%。	99	0	1	1	
5244	99	2200	RideHeader10_16							0	0	0	1	0		坐骑：玉蝶乘绡。您已激活的坐骑中最高移动速度+75%。	99	0	1	1	
5245	99	2200	RideHeader10_16							0	0	0	1	0		坐骑：玉蝶乘绡。您已激活的坐骑中最高移动速度+80%。	99	0	1	1	
5246	99	2200	RideHeader10_16							0	0	0	1	0		坐骑：玉蝶乘绡。您已激活的坐骑中最高移动速度+85%。	99	0	1	1	
5247	5247	1000	Buff0_9	all_bj0000		身体受击点	buff_fengxue_01		身体受击点	0	1	1	0	0		炎煌绝息：移动不能，操作不能，可被攻击，无法被打醒	-1	0	1	1	
5248	5248	1000	Buff13_5				buff_低级机关连接特效		身体中心点	0	0	0	0	1	特效点	守护中	-1	0	1	1	
5249	5249	1000	Buff13_5				buff_中级机关连接特效		身体中心点	0	0	0	0	1	特效点	守护中	-1	0	1	1	
5250	5250	1000	Buff13_5				buff_高级机关连接特效		身体中心点	0	0	0	0	1	特效点	守护中	-1	0	1	1	
5251	5251	1000	CommonNPCHeader43_1							0	0	0	1	0		您化身为诗人，获得举杯吟诗技能。	-1	0	1	1	
5252	5252	1000	CommonNPCHeader43_2							0	0	0	1	0		您化身为诗人，获得举杯吟诗技能。	-1	0	1	1	
5253	336	7000	CircularTaskTool26_15							1	0	0	0	0		白银马鞍：增加骑乘时的移动速度	-1	0	1	1	
5255	5255	9999	Buff21_10							1	0	0	0	0		帝陵百毒不侵：倒计时结束后将被自动请出秦皇地宫四层。	-1	0	1	1	
5256	5256	1000	CommonNPCHeader44_5							0	0	0	1	0		您已换装为方家婢女，请前往苏州（228，171）陈昭处通过巧解谜题的考验。	-1	0	1	1	
5257	5257	2200	PetSkill5_8							0	0	0	0	0		高级识破：双目似电，破除一切虚妄，令魑魅魍魉无所遁形。	-1	0	1	1	
5258	374	1000	Buff14_7							0	0	0	0	0		和平：在此状态的持续期间，无法攻击且对攻击免疫。	-1	0	1	1	
5259	5259	1000	Buff24_2				buff_npc_雪车骑乘表情包_圈圈眼		头顶状态点	0	0	0	1	0		开心表情	-1	0	1	1	
5260	5260	1000	Buff24_1				buff_npc_雪车骑乘表情包_大笑		头顶状态点	0	0	0	1	0		大笑表情	-1	0	1	1	
5261	5261	1000	Buff24_4				buff_npc_雪车骑乘表情包_兴奋		头顶状态点	0	0	0	1	0		兴奋表情	-1	0	1	1	
5262	5262	1000	Buff14_1							0	0	0	0	0		刚柔相济：己方琴声与剑意相合，威力大增。伤害增加1%	-1	0	1	1	
5263	5262	1000	Buff14_1							0	0	0	0	0		刚柔相济：己方琴声与剑意相合，威力大增。伤害增加2%	-1	0	1	1	
5264	5262	1000	Buff14_1							0	0	0	0	0		刚柔相济：己方琴声与剑意相合，威力大增。伤害增加3%	-1	0	1	1	
5265	5262	1000	Buff14_1							0	0	0	0	0		刚柔相济：己方琴声与剑意相合，威力大增。伤害增加4%	-1	0	1	1	
5266	5262	1000	Buff14_1							0	0	0	0	0		刚柔相济：己方琴声与剑意相合，威力大增。伤害增加5%	-1	0	1	1	
5267	5262	1000	Buff14_1							0	0	0	0	0		刚柔相济：己方琴声与剑意相合，威力大增。伤害增加6%	-1	0	1	1	
5268	5262	1000	Buff14_1							0	0	0	0	0		刚柔相济：己方琴声与剑意相合，威力大增。伤害增加7%	-1	0	1	1	
5269	5262	1000	Buff14_1							0	0	0	0	0		刚柔相济：己方琴声与剑意相合，威力大增。伤害增加8%	-1	0	1	1	
5270	5262	1000	Buff14_1							0	0	0	0	0		刚柔相济：己方琴声与剑意相合，威力大增。伤害增加9%	-1	0	1	1	
5271	5262	1000	Buff14_1							0	0	0	0	0		刚柔相济：己方琴声与剑意相合，威力大增。伤害增加10%	-1	0	1	1	
5272	5262	1000	Buff14_1							0	0	0	0	0		刚柔相济：己方琴声与剑意相合，威力大增。伤害增加11%	-1	0	1	1	
5273	5262	1000	Buff14_1							0	0	0	0	0		刚柔相济：己方琴声与剑意相合，威力大增。伤害增加12%	-1	0	1	1	
5274	5262	1000	Buff14_1							0	0	0	0	0		刚柔相济：己方琴声与剑意相合，威力大增。伤害增加13%	-1	0	1	1	
5275	5262	1000	Buff14_1							0	0	0	0	0		刚柔相济：己方琴声与剑意相合，威力大增。伤害增加14%	-1	0	1	1	
5276	5262	1000	Buff14_1							0	0	0	0	0		刚柔相济：己方琴声与剑意相合，威力大增。伤害增加15%	-1	0	1	1	
5277	5262	1000	Buff14_1							0	0	0	0	0		刚柔相济：己方琴声与剑意相合，威力大增。伤害增加16%	-1	0	1	1	
5278	5262	1000	Buff14_1							0	0	0	0	0		刚柔相济：己方琴声与剑意相合，威力大增。伤害增加17%	-1	0	1	1	
5279	5262	1000	Buff14_1							0	0	0	0	0		刚柔相济：己方琴声与剑意相合，威力大增。伤害增加18%	-1	0	1	1	
5280	5262	1000	Buff14_1							0	0	0	0	0		刚柔相济：己方琴声与剑意相合，威力大增。伤害增加19%	-1	0	1	1	
5281	5262	1000	Buff14_1							0	0	0	0	0		刚柔相济：己方琴声与剑意相合，威力大增。伤害增加20%	-1	0	1	1	
5282	5262	1000	Buff14_1							0	0	0	0	0		刚柔相济：己方琴声与剑意相合，威力大增。伤害增加21%	-1	0	1	1	
5283	5262	1000	Buff14_1							0	0	0	0	0		刚柔相济：己方琴声与剑意相合，威力大增。伤害增加22%	-1	0	1	1	
5284	5262	1000	Buff14_1							0	0	0	0	0		刚柔相济：己方琴声与剑意相合，威力大增。伤害增加23%	-1	0	1	1	
5285	5262	1000	Buff14_1							0	0	0	0	0		刚柔相济：己方琴声与剑意相合，威力大增。伤害增加24%	-1	0	1	1	
5286	5262	1000	Buff14_1							0	0	0	0	0		刚柔相济：己方琴声与剑意相合，威力大增。伤害增加25%	-1	0	1	1	
5287	5262	1000	Buff14_1							0	0	0	0	0		刚柔相济：己方琴声与剑意相合，威力大增。伤害增加26%	-1	0	1	1	
5288	5262	1000	Buff14_1							0	0	0	0	0		刚柔相济：己方琴声与剑意相合，威力大增。伤害增加27%	-1	0	1	1	
5289	5262	1000	Buff14_1							0	0	0	0	0		刚柔相济：己方琴声与剑意相合，威力大增。伤害增加28%	-1	0	1	1	
5290	5262	1000	Buff14_1							0	0	0	0	0		刚柔相济：己方琴声与剑意相合，威力大增。伤害增加29%	-1	0	1	1	
5291	5262	1000	Buff14_1							0	0	0	0	0		刚柔相济：己方琴声与剑意相合，威力大增。伤害增加30%	-1	0	1	1	
5292	5262	1000	Buff14_1							0	0	0	0	0		刚柔相济：己方琴声与剑意相合，威力大增。伤害增加31%	-1	0	1	1	
5293	5262	1000	Buff14_1							0	0	0	0	0		刚柔相济：己方琴声与剑意相合，威力大增。伤害增加32%	-1	0	1	1	
5294	5262	1000	Buff14_1							0	0	0	0	0		刚柔相济：己方琴声与剑意相合，威力大增。伤害增加33%	-1	0	1	1	
5295	5262	1000	Buff14_1							0	0	0	0	0		刚柔相济：己方琴声与剑意相合，威力大增。伤害增加34%	-1	0	1	1	
5296	5262	1000	Buff14_1							0	0	0	0	0		刚柔相济：己方琴声与剑意相合，威力大增。伤害增加35%	-1	0	1	1	
5297	5262	1000	Buff14_1							0	0	0	0	0		刚柔相济：己方琴声与剑意相合，威力大增。伤害增加36%	-1	0	1	1	
5298	5262	1000	Buff14_1							0	0	0	0	0		刚柔相济：己方琴声与剑意相合，威力大增。伤害增加37%	-1	0	1	1	
5299	5262	1000	Buff14_1							0	0	0	0	0		刚柔相济：己方琴声与剑意相合，威力大增。伤害增加38%	-1	0	1	1	
5300	5262	1000	Buff14_1							0	0	0	0	0		刚柔相济：己方琴声与剑意相合，威力大增。伤害增加39%	-1	0	1	1	
5301	5262	1000	Buff14_1							0	0	0	0	0		刚柔相济：己方琴声与剑意相合，威力大增。伤害增加40%	-1	0	1	1	
5302	5262	1000	Buff14_1							0	0	0	0	0		刚柔相济：己方琴声与剑意相合，威力大增。伤害增加41%	-1	0	1	1	
5303	5262	1000	Buff14_1							0	0	0	0	0		刚柔相济：己方琴声与剑意相合，威力大增。伤害增加42%	-1	0	1	1	
5304	5262	1000	Buff14_1							0	0	0	0	0		刚柔相济：己方琴声与剑意相合，威力大增。伤害增加43%	-1	0	1	1	
5305	5262	1000	Buff14_1							0	0	0	0	0		刚柔相济：己方琴声与剑意相合，威力大增。伤害增加44%	-1	0	1	1	
5306	5262	1000	Buff14_1							0	0	0	0	0		刚柔相济：己方琴声与剑意相合，威力大增。伤害增加45%	-1	0	1	1	
5307	5262	1000	Buff14_1							0	0	0	0	0		刚柔相济：己方琴声与剑意相合，威力大增。伤害增加46%	-1	0	1	1	
5308	5262	1000	Buff14_1							0	0	0	0	0		刚柔相济：己方琴声与剑意相合，威力大增。伤害增加47%	-1	0	1	1	
5309	5262	1000	Buff14_1							0	0	0	0	0		刚柔相济：己方琴声与剑意相合，威力大增。伤害增加48%	-1	0	1	1	
5310	5262	1000	Buff14_1							0	0	0	0	0		刚柔相济：己方琴声与剑意相合，威力大增。伤害增加49%	-1	0	1	1	
5311	5262	1000	Buff14_1							0	0	0	0	0		刚柔相济：己方琴声与剑意相合，威力大增。伤害增加50%	-1	0	1	1	
5312	5262	1000	Buff14_1							0	0	0	0	0		刚柔相济：己方琴声与剑意相合，威力大增。伤害增加51%	-1	0	1	1	
5313	5262	1000	Buff14_1							0	0	0	0	0		刚柔相济：己方琴声与剑意相合，威力大增。伤害增加52%	-1	0	1	1	
5314	5262	1000	Buff14_1							0	0	0	0	0		刚柔相济：己方琴声与剑意相合，威力大增。伤害增加53%	-1	0	1	1	
5315	5262	1000	Buff14_1							0	0	0	0	0		刚柔相济：己方琴声与剑意相合，威力大增。伤害增加54%	-1	0	1	1	
5316	5262	1000	Buff14_1							0	0	0	0	0		刚柔相济：己方琴声与剑意相合，威力大增。伤害增加55%	-1	0	1	1	
5317	5262	1000	Buff14_1							0	0	0	0	0		刚柔相济：己方琴声与剑意相合，威力大增。伤害增加56%	-1	0	1	1	
5318	5262	1000	Buff14_1							0	0	0	0	0		刚柔相济：己方琴声与剑意相合，威力大增。伤害增加57%	-1	0	1	1	
5319	5262	1000	Buff14_1							0	0	0	0	0		刚柔相济：己方琴声与剑意相合，威力大增。伤害增加58%	-1	0	1	1	
5320	5262	1000	Buff14_1							0	0	0	0	0		刚柔相济：己方琴声与剑意相合，威力大增。伤害增加59%	-1	0	1	1	
5321	5262	1000	Buff14_1							0	0	0	0	0		刚柔相济：己方琴声与剑意相合，威力大增。伤害增加60%	-1	0	1	1	
5322	5262	1000	Buff14_1							0	0	0	0	0		刚柔相济：己方琴声与剑意相合，威力大增。伤害增加61%	-1	0	1	1	
5323	5262	1000	Buff14_1							0	0	0	0	0		刚柔相济：己方琴声与剑意相合，威力大增。伤害增加62%	-1	0	1	1	
5324	5262	1000	Buff14_1							0	0	0	0	0		刚柔相济：己方琴声与剑意相合，威力大增。伤害增加63%	-1	0	1	1	
5325	5262	1000	Buff14_1							0	0	0	0	0		刚柔相济：己方琴声与剑意相合，威力大增。伤害增加64%	-1	0	1	1	
5326	5262	1000	Buff14_1							0	0	0	0	0		刚柔相济：己方琴声与剑意相合，威力大增。伤害增加65%	-1	0	1	1	
5327	5262	1000	Buff14_1							0	0	0	0	0		刚柔相济：己方琴声与剑意相合，威力大增。伤害增加66%	-1	0	1	1	
5328	5262	1000	Buff14_1							0	0	0	0	0		刚柔相济：己方琴声与剑意相合，威力大增。伤害增加67%	-1	0	1	1	
5329	5262	1000	Buff14_1							0	0	0	0	0		刚柔相济：己方琴声与剑意相合，威力大增。伤害增加68%	-1	0	1	1	
5330	5262	1000	Buff14_1							0	0	0	0	0		刚柔相济：己方琴声与剑意相合，威力大增。伤害增加69%	-1	0	1	1	
5331	5262	1000	Buff14_1							0	0	0	0	0		刚柔相济：己方琴声与剑意相合，威力大增。伤害增加70%	-1	0	1	1	
5332	5262	1000	Buff14_1							0	0	0	0	0		刚柔相济：己方琴声与剑意相合，威力大增。伤害增加71%	-1	0	1	1	
5333	5262	1000	Buff14_1							0	0	0	0	0		刚柔相济：己方琴声与剑意相合，威力大增。伤害增加72%	-1	0	1	1	
5334	5262	1000	Buff14_1							0	0	0	0	0		刚柔相济：己方琴声与剑意相合，威力大增。伤害增加73%	-1	0	1	1	
5335	5262	1000	Buff14_1							0	0	0	0	0		刚柔相济：己方琴声与剑意相合，威力大增。伤害增加74%	-1	0	1	1	
5336	5262	1000	Buff14_1							0	0	0	0	0		刚柔相济：己方琴声与剑意相合，威力大增。伤害增加75%	-1	0	1	1	
5337	5262	1000	Buff14_1							0	0	0	0	0		刚柔相济：己方琴声与剑意相合，威力大增。伤害增加76%	-1	0	1	1	
5338	5262	1000	Buff14_1							0	0	0	0	0		刚柔相济：己方琴声与剑意相合，威力大增。伤害增加77%	-1	0	1	1	
5339	5262	1000	Buff14_1							0	0	0	0	0		刚柔相济：己方琴声与剑意相合，威力大增。伤害增加78%	-1	0	1	1	
5340	5262	1000	Buff14_1							0	0	0	0	0		刚柔相济：己方琴声与剑意相合，威力大增。伤害增加79%	-1	0	1	1	
5341	5262	1000	Buff14_1							0	0	0	0	0		刚柔相济：己方琴声与剑意相合，威力大增。伤害增加80%	-1	0	1	1	
5342	5262	1000	Buff14_1							0	0	0	0	0		刚柔相济：己方琴声与剑意相合，威力大增。伤害增加81%	-1	0	1	1	
5343	5262	1000	Buff14_1							0	0	0	0	0		刚柔相济：己方琴声与剑意相合，威力大增。伤害增加82%	-1	0	1	1	
5344	5262	1000	Buff14_1							0	0	0	0	0		刚柔相济：己方琴声与剑意相合，威力大增。伤害增加83%	-1	0	1	1	
5345	5262	1000	Buff14_1							0	0	0	0	0		刚柔相济：己方琴声与剑意相合，威力大增。伤害增加84%	-1	0	1	1	
5346	5262	1000	Buff14_1							0	0	0	0	0		刚柔相济：己方琴声与剑意相合，威力大增。伤害增加85%	-1	0	1	1	
5347	5262	1000	Buff14_1							0	0	0	0	0		刚柔相济：己方琴声与剑意相合，威力大增。伤害增加86%	-1	0	1	1	
5348	5262	1000	Buff14_1							0	0	0	0	0		刚柔相济：己方琴声与剑意相合，威力大增。伤害增加87%	-1	0	1	1	
5349	5262	1000	Buff14_1							0	0	0	0	0		刚柔相济：己方琴声与剑意相合，威力大增。伤害增加88%	-1	0	1	1	
5350	5262	1000	Buff14_1							0	0	0	0	0		刚柔相济：己方琴声与剑意相合，威力大增。伤害增加89%	-1	0	1	1	
5351	5262	1000	Buff14_1							0	0	0	0	0		刚柔相济：己方琴声与剑意相合，威力大增。伤害增加90%	-1	0	1	1	
5352	5262	1000	Buff14_1							0	0	0	0	0		刚柔相济：己方琴声与剑意相合，威力大增。伤害增加91%	-1	0	1	1	
5353	5262	1000	Buff14_1							0	0	0	0	0		刚柔相济：己方琴声与剑意相合，威力大增。伤害增加92%	-1	0	1	1	
5354	5262	1000	Buff14_1							0	0	0	0	0		刚柔相济：己方琴声与剑意相合，威力大增。伤害增加93%	-1	0	1	1	
5355	5262	1000	Buff14_1							0	0	0	0	0		刚柔相济：己方琴声与剑意相合，威力大增。伤害增加94%	-1	0	1	1	
5356	5262	1000	Buff14_1							0	0	0	0	0		刚柔相济：己方琴声与剑意相合，威力大增。伤害增加95%	-1	0	1	1	
5357	5262	1000	Buff14_1							0	0	0	0	0		刚柔相济：己方琴声与剑意相合，威力大增。伤害增加96%	-1	0	1	1	
5358	5262	1000	Buff14_1							0	0	0	0	0		刚柔相济：己方琴声与剑意相合，威力大增。伤害增加97%	-1	0	1	1	
5359	5262	1000	Buff14_1							0	0	0	0	0		刚柔相济：己方琴声与剑意相合，威力大增。伤害增加98%	-1	0	1	1	
5360	5262	1000	Buff14_1							0	0	0	0	0		刚柔相济：己方琴声与剑意相合，威力大增。伤害增加99%	-1	0	1	1	
5361	5262	1000	Buff14_1							0	0	0	0	0		刚柔相济：己方琴声与剑意相合，威力大增。伤害增加100%	-1	0	1	1	
5362	5362	1000	Buff14_2							0	0	1	0	0		武场禁制：造成伤害降低90%，受到治疗效果降低90%	-1	0	1	1	
5363	5363	1000	CommonNPCHeader42_1				buff_红丝特效_01		脚下光圈点	0	0	0	1	0		红丝特效	-1	0	1	1	
5364	5364	1000	CommonNPCHeader42_1				buff_金丝特效_01		脚下光圈点	0	0	0	1	0		金丝特效	-1	0	1	1	
5365	5365	1000	CommonNPCHeader42_1				buff_银丝特效_01		脚下光圈点	0	0	0	1	0		银丝特效	-1	0	1	1	
5366	5366	1000	Buff14_3	npc_双人PK_被赋予BUFF_减益		脚下光圈点	npc_buff_02		头顶状态点	0	0	1	0	0		音煞：麻痹，移动不能，操作不能，可被攻击，无法被打醒	-1	0	1	1	
5367	5367	1000	Buff14_4	npc_双人PK_被赋予BUFF_正向		脚下光圈点				0	0	0	0	0		琴心：闪避提高	-1	0	1	1	
5368	5367	1000	Buff14_4	npc_双人PK_被赋予BUFF_正向		脚下光圈点				0	0	0	0	0		琴心：闪避提高	-1	0	1	1	
5369	5367	1000	Buff14_4	npc_双人PK_被赋予BUFF_正向		脚下光圈点				0	0	0	0	0		琴心：闪避提高	-1	0	1	1	
5370	5370	1000	Buff14_3	npc_双人PK_被赋予BUFF_减益		脚下光圈点	g01_buff100		脚下光圈点	0	0	1	0	0		音煞：移动速度减慢	-1	0	1	1	
5371	5370	1000	Buff14_3	npc_双人PK_被赋予BUFF_减益		脚下光圈点	g01_buff100		脚下光圈点	0	0	1	0	0		音煞：移动速度减慢	-1	0	1	1	
5372	5370	1000	Buff14_3	npc_双人PK_被赋予BUFF_减益		脚下光圈点	g01_buff100		脚下光圈点	0	0	1	0	0		音煞：移动速度减慢	-1	0	1	1	
5373	5373	1000	Buff14_4	npc_双人PK_被赋予BUFF_正向		脚下光圈点	g01_buff10		脚下光圈点	0	0	0	0	0		琴心：移动速度增加	-1	0	1	1	
5374	5373	1000	Buff14_4	npc_双人PK_被赋予BUFF_正向		脚下光圈点	g01_buff10		脚下光圈点	0	0	0	0	0		琴心：移动速度增加	-1	0	1	1	
5375	5373	1000	Buff14_4	npc_双人PK_被赋予BUFF_正向		脚下光圈点	g01_buff10		脚下光圈点	0	0	0	0	0		琴心：移动速度增加	-1	0	1	1	
5376	5376	1000	Buff14_4	npc_双人PK_被赋予BUFF_正向		脚下光圈点				0	0	0	0	0		琴心：伤害增加	-1	0	1	1	
5377	5376	1000	Buff14_4	npc_双人PK_被赋予BUFF_正向		脚下光圈点				0	0	0	0	0		琴心：伤害增加	-1	0	1	1	
5378	5378	1000	Buff14_4	npc_双人PK_被赋予BUFF_正向		脚下光圈点				0	0	0	0	0		琴心：琴声袅袅，剑气相击，二者结合，外力不侵。	-1	0	1	1	
5379	5379	1000	PetSkill4_1				cw_shengyou		头顶状态点	1	0	0	0	0		算术情侣	-1	0	1	1	
5380	5380	1000	PetSkill4_1				cw_shengyou		头顶状态点	1	0	0	0	0		算术结拜	-1	0	1	1	
5381	5381	1000	PetSkill4_1				cw_shengyou		头顶状态点	1	0	0	0	0		算术无	-1	0	1	1	
5382	5382	1000	PetSkill4_1				cw_shengyou		头顶状态点	1	0	0	0	0		寻找情侣	-1	0	1	1	
5383	5383	1000	PetSkill4_1				cw_shengyou		头顶状态点	1	0	0	0	0		寻找结拜	-1	0	1	1	
5384	5384	1000	PetSkill4_1				cw_shengyou		头顶状态点	1	0	0	0	0		寻找无	-1	0	1	1	
5385	5385	1000	PetSkill4_1				cw_shengyou		头顶状态点	1	0	0	0	0		躲避情侣	-1	0	1	1	
5386	5386	1000	PetSkill4_1				cw_shengyou		头顶状态点	1	0	0	0	0		躲避结拜	-1	0	1	1	
5387	5387	1000	PetSkill4_1				cw_shengyou		头顶状态点	1	0	0	0	0		躲避无	-1	0	1	1	
5388	5388	1000	Buff14_6	g01_yanggetianjun		身体受击点	buff_神行_5		脚下光圈点	0	0	0	0	0		神行：使用后移动速度增加50%	-1	1	1	1	
5389	5389	1000	Buff14_6	g01_yanggetianjun		身体受击点	buff_神行_5		脚下光圈点	0	0	0	0	0		神行：使用后移动速度增加45%	-1	1	1	1	
5390	5390	1000	Buff14_6	g01_yanggetianjun		身体受击点	buff_神行_5		脚下光圈点	0	0	0	0	0		神行：使用后移动速度增加40%	-1	1	1	1	
5391	5391	1000	Buff15_4		Skills\Sl\Sl_金刚伏魔圈_定身.wav		buff_眼花缭乱		脚下光圈点	0	1	1	0	0		眼花缭乱：您受到定身效果，同时获得物件被击落。	-1	0	1	1	
5392	5392	1000	Buff15_4		Skills\Sl\Sl_金刚伏魔圈_定身.wav		buff_眼花缭乱		脚下光圈点	0	1	1	0	0		眼花缭乱：您受到定身效果，同时获得物件被击落。	-1	0	1	1	
5393	5393	1000	Buff15_4		Skills\Sl\Sl_金刚伏魔圈_定身.wav		buff_眼花缭乱		脚下光圈点	0	1	1	0	0		眼花缭乱：您受到定身效果，同时获得物件被击落。	-1	0	1	1	
5394	5394	1000	Buff14_10				buff_休闲玩法_头顶buff_山茶花_04		脚下光圈点	1	0	0	0	0		白色山茶花：您拾取白色山茶花，移速速度降低。	-1	0	1	1	
5395	5395	1000	Buff14_13				buff_休闲玩法_头顶buff_山茶花_05		脚下光圈点	1	0	0	0	0		粉色山茶花：您拾取粉色山茶花，移速速度降低。	-1	0	1	1	
5396	5396	1000	Buff14_16				buff_休闲玩法_头顶buff_山茶花_03		脚下光圈点	1	0	0	0	0		红色山茶花：您拾取红色山茶花，移速速度降低。	-1	0	1	1	
5397	5397	1000	Buff15_2				buff_休闲玩法_头顶buff_山茶花_01		脚下光圈点	1	0	0	0	0		黄色山茶花：您拾取黄色山茶花，移速速度降低。	-1	0	1	1	
5398	5398	1000	Buff15_3				buff_休闲玩法_头顶buff_山茶花_02		脚下光圈点	1	0	0	0	0		蓝色山茶花：您拾取蓝色山茶花，移速速度降低。	-1	0	1	1	
5399	5399	1000	Buff14_11				buff_休闲玩法_头顶buff_物品_03		脚下光圈点	1	0	0	0	0		大灯笼架：您拾取大灯笼架，移速速度降低。	-1	0	1	1	
5400	5400	1000	Buff14_12				buff_休闲玩法_头顶buff_物品_01		脚下光圈点	1	0	0	0	0		地灯：您拾取地灯，移速速度降低。	-1	0	1	1	
5401	5401	1000	Buff14_14				buff_休闲玩法_头顶buff_物品_04		脚下光圈点	1	0	0	0	0		古琴：您拾取古琴，移速速度降低。	-1	0	1	1	
5402	5402	1000	Buff14_15				buff_休闲玩法_头顶buff_物品_02		脚下光圈点	1	0	0	0	0		花鼓：您拾取花鼓，移速速度降低。	-1	0	1	1	
5403	5403	1000	Buff15_1				buff_休闲玩法_头顶buff_物品_05		脚下光圈点	1	0	0	0	0		花灯：您拾取花灯，移速速度降低。	-1	0	1	1	
5404	5404	1000	PetSkill4_1				buff_休闲玩法_变身_红		脚下光圈点	1	0	0	0	0		红队	-1	0	1	1	
5405	5405	1000	PetSkill4_1				buff_休闲玩法_变身_黄		脚下光圈点	1	0	0	0	0		黄队	-1	0	1	1	
5406	5406	1000	PetSkill4_1				buff_休闲玩法_变身_蓝		脚下光圈点	1	0	0	0	0		蓝队	-1	0	1	1	
5407	5407	1000	PetSkill4_1				buff_休闲玩法_变身_绿		脚下光圈点	1	0	0	0	0		绿队	-1	0	1	1	
5408	5408	1000	PetSkill4_1				buff_休闲玩法_变身_紫		脚下光圈点	1	0	0	0	0		紫队	-1	0	1	1	
5409	5409	1000	Buff15_9				buff_第一名特效		脚下光圈点	0	0	0	0	0		冠军	-1	0	1	1	
5410	5410	1000	Buff14_5				buff_boss逸_阴阳无咎_绿线		身体中心点	0	0	0	0	1	身体中心点	情比金坚：您受到搭档的治疗效果。	-1	1	1	1	
5411	5411	1000	Buff14_5				buff_boss逸_阴阳无咎_绿线		身体中心点	0	0	0	0	1	身体中心点	情比金坚：您受到搭档的治疗效果。	-1	1	1	1	
5412	5412	1000	Buff14_5				buff_boss逸_阴阳无咎_绿线		身体中心点	0	0	0	0	1	身体中心点	情比金坚：您受到搭档的治疗效果。	-1	1	1	1	
5413	5413	1000	Buff15_8				buff_23交友活动_小狐仙特效		脚下光圈点	1	0	0	0	0		小狐仙：您当前属于小狐仙队，身上的光圈可对飘飘兔队造成伤害，请全力抓住飘飘兔队以获得胜利	-1	0	1	1	
5414	5414	1000	Buff15_10				buff_23交友活动_小狐仙队加速技能特效		脚下光圈点	0	0	0	0	1	身体中心点	势如闪电：可给一名小狐仙队玩家施加加速效果50%，持续5秒。	-1	1	1	1	
5415	5415	1000	Buff15_7				buff_23交友活动_飘飘兔特效		脚下光圈点	0	0	0	0	0		飘飘兔：请躲避小狐仙玩家，并存活到最后	-1	0	1	1	
5416	5416	1000	Buff15_6							1	0	0	0	0		金刚兔：死亡后变身为金刚兔，行动缓慢但可对周围的小狐仙队造成减速效果，且不受到伤害。	-1	0	1	1	
5417	5417	1000	Buff15_6				buff_23交友活动_死亡兔队特效		脚下光圈点	1	0	0	0	0		金刚兔光环：对周围的小狐仙队造成减速效果，且不受到伤害。	-1	0	1	1	
5418	5418	1000	Buff15_12				buff_23交友活动_兔队治疗技能特效		脚下光圈点	0	0	0	0	1	身体中心点	多汁鲜草：受到其他飘飘兔队友加血效果，每秒恢复1%持续5秒。	-1	1	1	1	
5419	5419	1000	Buff24_5							0	0	0	1	0		点灵犀变身	-1	0	1	1	
5420	5420	1000	Buff10_5				npc_休闲玩法_机械猴子伤害区域		脚下光圈点	1	0	0	0	0			-1	0	1	1	
5421	5421	2200	PetSkill5_8							0	0	0	0	0		高级识破：双目似电，破除一切虚妄，令魑魅魍魉无所遁形。	-1	0	1	1	
5422	5422	1000	Buff0_15				buff_折花献武_仪式buff		脚下光圈点	0	0	0	0	0		折花献武定身：定身状态下可以攻击，但无法移动	-1	0	1	1	
5423	5423	1000	Buff14_9							0	0	0	0	0		琴音护体：不会受到伤害，不能攻击	-1	0	1	1	
5424	5424	1000	Buff15_4							0	0	0	0	0		受到好友祝福，增加5%的攻击伤害。	-1	0	1	1	
5425	5425	1000	Buff0_15							0	0	0	0	0		定身：定身状态下可以攻击，但无法移动	-1	0	1	1	
5426	5426	1000	PetSkill4_1				buff_结婚优化_抢夺捧花变身特效		脚下光圈点	0	0	0	0	0		宾客：您当前可使用技能抢夺绣球	-1	0	1	1	
5427	5427	1000	Buff15_5				buff_结婚优化_红绣球		脚下光圈点	0	0	0	0	0		绣球：您已持有绣球	-1	0	1	1	
5428	99	2200	RideHeader7_2							0	0	0	1	0		坐骑：羊驼。您已激活的坐骑中最高移动速度+10%。	99	0	1	1	
5429	99	2200	RideHeader7_2							0	0	0	1	0		坐骑：羊驼。您已激活的坐骑中最高移动速度+20%。	99	0	1	1	
5430	99	2200	RideHeader7_2							0	0	0	1	0		坐骑：羊驼。您已激活的坐骑中最高移动速度+40%。	99	0	1	1	
5431	99	2200	RideHeader7_2							0	0	0	1	0		坐骑：羊驼。您已激活的坐骑中最高移动速度+70%。	99	0	1	1	
5432	99	2200	RideHeader7_2							0	0	0	1	0		坐骑：羊驼。您已激活的坐骑中最高移动速度+75%。	99	0	1	1	
5433	99	2200	RideHeader7_2							0	0	0	1	0		坐骑：羊驼。您已激活的坐骑中最高移动速度+80%。	99	0	1	1	
5434	99	2200	RideHeader7_2							0	0	0	1	0		坐骑：羊驼。您已激活的坐骑中最高移动速度+85%。	99	0	1	1	
5435	5424	1000	Buff15_4							0	0	0	0	0		受到好友祝福，增加10%的攻击伤害。	-1	0	1	1	
5436	5424	1000	Buff15_4							0	0	0	0	0		受到好友祝福，增加15%的攻击伤害。	-1	0	1	1	
5437	5424	1000	Buff15_4							0	0	0	0	0		受到好友祝福，增加20%的攻击伤害。	-1	0	1	1	
5438	5424	1000	Buff15_4							0	0	0	0	0		受到好友祝福，增加25%的攻击伤害。	-1	0	1	1	
5439	5439	1000	Buff14_8							0	0	0	0	0		主办人将与获胜者终成眷属，接受祝福。	-1	0	1	1	
5440	5440	2000	Buff15_6				hj_曼陀山庄_寒江雪僵硬buff		脚下光圈点	0	0	1	0	0		束缚：您受到金刚兔的束缚效果，移动速度下降。	-1	0	1	1	
5441	99	2200	RideHeader7_7							0	0	0	1	0		坐骑：凤栖云台。您已激活的坐骑中最高移动速度+10%。	99	0	1	1	
5442	99	2200	RideHeader7_7							0	0	0	1	0		坐骑：凤栖云台。您已激活的坐骑中最高移动速度+20%。	99	0	1	1	
5443	99	2200	RideHeader7_7							0	0	0	1	0		坐骑：凤栖云台。您已激活的坐骑中最高移动速度+40%。	99	0	1	1	
5444	99	2200	RideHeader7_7							0	0	0	1	0		坐骑：凤栖云台。您已激活的坐骑中最高移动速度+70%。	99	0	1	1	
5445	99	2200	RideHeader7_7							0	0	0	1	0		坐骑：凤栖云台。您已激活的坐骑中最高移动速度+75%。	99	0	1	1	
5446	99	2200	RideHeader7_7							0	0	0	1	0		坐骑：凤栖云台。您已激活的坐骑中最高移动速度+80%。	99	0	1	1	
5447	99	2200	RideHeader7_7							0	0	0	1	0		坐骑：凤栖云台。您已激活的坐骑中最高移动速度+85%。	99	0	1	1	
5448	99	2200	RideHeader7_6							0	0	0	1	0		坐骑：流霜灵驹。您已激活的坐骑中最高移动速度+10%。	99	0	1	1	
5449	99	2200	RideHeader7_6							0	0	0	1	0		坐骑：流霜灵驹。您已激活的坐骑中最高移动速度+20%。	99	0	1	1	
5450	99	2200	RideHeader7_6							0	0	0	1	0		坐骑：流霜灵驹。您已激活的坐骑中最高移动速度+40%。	99	0	1	1	
5451	99	2200	RideHeader7_6							0	0	0	1	0		坐骑：流霜灵驹。您已激活的坐骑中最高移动速度+70%。	99	0	1	1	
5452	99	2200	RideHeader7_6							0	0	0	1	0		坐骑：流霜灵驹。您已激活的坐骑中最高移动速度+75%。	99	0	1	1	
5453	99	2200	RideHeader7_6							0	0	0	1	0		坐骑：流霜灵驹。您已激活的坐骑中最高移动速度+80%。	99	0	1	1	
5454	99	2200	RideHeader7_6							0	0	0	1	0		坐骑：流霜灵驹。您已激活的坐骑中最高移动速度+85%。	99	0	1	1	
5455	5455	9999	CommonNPCHeader45_4							1	0	0	0	0		青龙一经验加成：青龙一场景经验额外获得1.2倍加成	-1	0	1	1	
5456	5456	9999	CommonNPCHeader45_4							1	0	0	0	0		青龙二经验加成：青龙二场景经验额外获得1.2倍加成	-1	0	1	1	
5457	5457	9999	CommonNPCHeader45_4							1	0	0	0	0		青龙三经验加成：青龙三场景经验额外获得1.2倍加成	-1	0	1	1	
5458	5458	9999	CommonNPCHeader45_4							1	0	0	0	0		青龙四经验加成：青龙四场景经验额外获得1.2倍加成	-1	0	1	1	
5459	5459	9999	CommonNPCHeader45_4							1	0	0	0	0		青龙五经验加成：青龙五场景经验额外获得1.2倍加成	-1	0	1	1	
5460	5460	9999	CommonNPCHeader45_4							1	0	0	0	0		朱雀一经验加成：朱雀一场景经验额外获得1.2倍加成	-1	0	1	1	
5461	5461	9999	CommonNPCHeader45_4							1	0	0	0	0		朱雀二经验加成：朱雀二场景经验额外获得1.2倍加成	-1	0	1	1	
5462	5462	9999	CommonNPCHeader45_4							1	0	0	0	0		朱雀三经验加成：朱雀三场景经验额外获得1.2倍加成	-1	0	1	1	
5463	5463	9999	CommonNPCHeader45_4							1	0	0	0	0		朱雀四经验加成：朱雀四场景经验额外获得1.2倍加成	-1	0	1	1	
5464	5464	9999	CommonNPCHeader45_4							1	0	0	0	0		朱雀五经验加成：朱雀五场景经验额外获得1.2倍加成	-1	0	1	1	
5465	5465	9999	CommonNPCHeader45_4							1	0	0	0	0		白虎一经验加成：白虎一场景经验额外获得1.2倍加成	-1	0	1	1	
5466	5466	9999	CommonNPCHeader45_4							1	0	0	0	0		白虎二经验加成：白虎二场景经验额外获得1.2倍加成	-1	0	1	1	
5467	5467	9999	CommonNPCHeader45_4							1	0	0	0	0		白虎三经验加成：白虎三场景经验额外获得1.2倍加成	-1	0	1	1	
5468	5468	9999	CommonNPCHeader45_4							1	0	0	0	0		白虎四经验加成：白虎四场景经验额外获得1.2倍加成	-1	0	1	1	
5469	5469	9999	CommonNPCHeader45_4							1	0	0	0	0		白虎五经验加成：白虎五场景经验额外获得1.2倍加成	-1	0	1	1	
5470	5470	9999	CommonNPCHeader45_4							1	0	0	0	0		玄武一经验加成：玄武一场景经验额外获得1.2倍加成	-1	0	1	1	
5471	5471	9999	CommonNPCHeader45_4							1	0	0	0	0		玄武二经验加成：玄武二场景经验额外获得1.2倍加成	-1	0	1	1	
5472	5472	9999	CommonNPCHeader45_4							1	0	0	0	0		玄武三经验加成：玄武三场景经验额外获得1.2倍加成	-1	0	1	1	
5473	5473	9999	CommonNPCHeader45_4							1	0	0	0	0		玄武四经验加成：玄武四场景经验额外获得1.2倍加成	-1	0	1	1	
5474	5474	9999	CommonNPCHeader45_4							1	0	0	0	0		玄武五经验加成：玄武五场景经验额外获得1.2倍加成	-1	0	1	1	
5475	5475	1000	Buff15_11							0	0	0	1	0		隐匿：您当前属于隐身状态	-1	0	1	1	
5476	5476	1000	CircularTaskTool23_15							0	0	0	0	0		琴师：斗琴中，不能移动	-1	0	1	1	
5477	5477	54	TalentSkillShaoLin3_11				buff_sangong_01		脚下光圈点	0	1	1	0	0		愚者行慧：散功，无法使用任何门派技能	-1	0	1	1	
5478	5478	120	TalentSkillShaoLin4_2				m01_sl_礼敬如来武道特效		脚下光圈点	0	0	0	1	0		心生六道：对周围敌人造成伤害	-1	0	1	1	
5479	5479	120	TalentSkillShaoLin4_3				m01_sl_礼敬如来武道特效		脚下光圈点	0	0	0	1	0		我佛慈悲：对周围敌人造成伤害	-1	0	1	1	
5480	5480	120	TalentSkillMingJiao3_5							0	0	0	1	0		兵锋所向：降低会心攻击，增加命中	-1	0	1	1	
5481	5481	110	TalentSkillMingJiao3_12				g01_buff38		头顶状态点	0	1	1	0	0		水龙缚：定身，无法移动	-1	0	1	1	
5482	5482	120	TalentSkillGaiBang3_4							0	1	1	0	0		纵酒伏龙：外功防御降低	-1	0	1	1	
5483	5483	120	TalentSkillGaiBang3_6							0	0	0	1	0		万劫飞影：闪避提高	-1	0	1	1	
5484	5484	90	TalentSkillGaiBang2_12				g01_buff38		头顶状态点	0	1	1	0	0		江海停舟：定身，无法移动	-1	0	1	1	
5485	5485	80	TalentSkillEmei3_3							0	0	0	1	0		梵音渡世：释放技能时消耗的气降低	-1	0	1	1	
5486	5486	120	TalentSkillEmei3_3				g01_buff10_em		脚下光圈点	0	0	0	1	0		两袖清风：增加移动速度	-1	0	1	1	
5487	5487	120	TalentSkillEmei3_9				g01_buff10_em		脚下光圈点	0	0	0	1	0		情债追：增加移动速度	-1	0	1	1	
5488	5488	120	TalentSkillXingXiu2_15							0	1	0	1	0		天星高照:免疫失明	-1	0	1	1	
5489	5489	120	TalentSkillXingXiu_14							0	1	1	0	0		尾针破障：会心防御降低	-1	0	1	1	
5490	5490	120	TalentSkillXingXiu3_1							0	0	0	1	0		催命手：会心攻击增加	-1	0	1	1	
5491	5491	120	TalentSkillXingXiu3_6				buff_shiming_01		头顶状态点	0	1	1	0	0		月沉永夜：失明，随机移动，操作不能，可被攻击，无法被打醒	-1	0	1	1	
5492	5492	120	TalentSkillTianLong3_7							0	0	0	1	0		腾龙一怒：怒气获取速度提高	-1	0	1	1	
5493	5493	120	TalentSkillWuDang3_11							0	0	0	1	0		霜刃碎空：会心攻击增加	-1	0	1	1	
5494	5494	120	TalentSkillTianLong_15							0	1	1	0	0		断戟残鳞：内、外功的攻击与防御降低	-1	0	1	1	
5495	5495	120	TalentSkillTianLong2_2							0	1	1	0	0		剑心透甲：会心防御降低	-1	0	1	1	
5496	5496	80	TalentSkillEmei_12							0	0	0	1	0		青灯照壁：持续回血	-1	0	1	1	
5497	5497	120	TalentSkillTianLong3_10							0	0	0	1	0		四行相通：随机一种属性攻击增加	-1	0	1	1	
5498	5498	120	TalentSkillTianLong_15							0	1	1	0	0		凋花蚀英：降低所有抗性	-1	0	1	1	
5499	5499	120	TalentSkillTianShan3_1							0	1	1	0	0		寒冰缚步：降低闪避	-1	0	1	1	
5500	5500	120	TalentSkillTianShan3_4							0	0	0	1	0		千秋寒雪：冰攻击增加	-1	0	1	1	
5501	5501	110	TalentSkillTianShan3_1				g01_buff38		头顶状态点	0	0	0	1	0		冰雪无声：定身，无法移动	-1	0	1	1	
5502	5502	50	TalentSkillXiaoYao_8				g01_buff38		头顶状态点	0	1	1	0	0		青莲缠步：定身，无法移动	-1	0	1	1	
5503	5503	120	TalentSkillManTuo2_16							0	1	1	0	0		相思折枝：会心防御降低	-1	0	1	1	
5504	5504	120	TalentSkillManTuo_12							0	0	0	1	0		疏影暗香：前三个流芳诀技能不消耗曼陀花	-1	0	1	1	
5505	5505	120	TalentSkillTianLong3_4							0	1	1	0	0		沥血剑气：每3秒失血一次	-1	0	1	1	
5506	5506	120	TalentSkillTianLong3_3							0	1	1	0	0		冲云破雾：会心攻击增加	-1	0	1	1	
5507	5507	120	TalentSkillXiaoYao3_3				buff_逍遥_武道特效_降低治疗		脚下光圈点	0	1	0	0	0		暮雪除光：受到治疗效果降低	-1	0	1	1	
5509	5509	1000	Buff14_8				buff_送花特效		脚下光圈点	0	0	0	1	0		表达心意：有人向你表达了心意，想添加你为好友	-1	0	1	1	
5510	5510	1000	Buff0_13				g01_gb_buff101		头顶状态点	0	1	1	0	0		纸醉金迷：失明状态下不可以做任何操作，但会在一定区域内随机移动，可被攻击	-1	0	1	1	
5511	5511	1000	Buff18_9				boss_赵钱孙_技能1_连线		身体中心点	0	0	0	0	1	身体中心点	断波掌：您被赵钱孙指向，5秒后赵钱孙会向你的方向发动断波掌。	-1	1	1	1	
5512	5512	7000	Buff8_15							0	0	0	0	0		因果梦莲·白：外攻伤害免疫	-1	0	1	1	
5513	5513	7000	Buff8_12							0	0	0	0	0		因果梦莲·紫：内攻伤害免疫	-1	0	1	1	
5514	5514	7000	Buff8_14							0	0	0	0	0		因果梦莲·黄：玄伤伤害免疫	-1	0	1	1	
5515	5515	7000	Buff8_10							0	0	0	0	0		因果梦莲·绿：毒伤伤害免疫	-1	0	1	1	
5516	5516	7000	Buff8_13							0	0	0	0	0		因果梦莲·红：火攻伤害免疫	-1	0	1	1	
5517	5517	7000	Buff8_11							0	0	0	0	0		因果梦莲·蓝：冰攻伤害免疫	-1	0	1	1	
5518	5512	7000	Buff8_15							0	0	0	0	0		因果循环·白：采集消失后会解除外攻伤害免疫	-1	0	1	1	
5519	5513	7000	Buff8_12							0	0	0	0	0		因果循环·紫：采集消失后会解除内攻伤害免疫	-1	0	1	1	
5520	5514	7000	Buff8_14							0	0	0	0	0		因果循环·黄：采集消失后会解除玄伤伤害免疫	-1	0	1	1	
5521	5515	7000	Buff8_10							0	0	0	0	0		因果循环·绿：采集消失后会解除毒伤伤害免疫	-1	0	1	1	
5522	5516	7000	Buff8_13							0	0	0	0	0		因果循环·红：采集消失后会解除火攻伤害免疫	-1	0	1	1	
5523	5517	7000	Buff8_11							0	0	0	0	0		因果循环·蓝：采集消失后会解除冰攻伤害免疫	-1	0	1	1	
5524	5512	7000	Buff8_15				boss_玄慈_莲花守护buff		脚下光圈点	0	0	0	0	0		因果守护·白：已无法消除此莲花	-1	0	1	1	
5525	5513	7000	Buff8_12				boss_玄慈_莲花守护buff		脚下光圈点	0	0	0	0	0		因果守护·紫：已无法消除此莲花	-1	0	1	1	
5526	5514	7000	Buff8_14				boss_玄慈_莲花守护buff		脚下光圈点	0	0	0	0	0		因果守护·黄：已无法消除此莲花	-1	0	1	1	
5527	5515	7000	Buff8_10				boss_玄慈_莲花守护buff		脚下光圈点	0	0	0	0	0		因果守护·绿：已无法消除此莲花	-1	0	1	1	
5528	5516	7000	Buff8_13				boss_玄慈_莲花守护buff		脚下光圈点	0	0	0	0	0		因果守护·红：已无法消除此莲花	-1	0	1	1	
5529	5517	7000	Buff8_11				boss_玄慈_莲花守护buff		脚下光圈点	0	0	0	0	0		因果守护·蓝：已无法消除此莲花	-1	0	1	1	
5530	5518	7000	Buff18_12				boss_玄慈_技能1般若掌远离Buff		脚下光圈点	0	0	0	0	0		玄慈般若掌·散：范围内玩家越多伤害越高。	-1	0	1	1	
5531	5519	7000	Buff18_5				boss_玄慈_技能1般若掌靠近Buff		脚下光圈点	0	0	0	0	0		玄慈般若掌·聚：范围内玩家越多伤害越低，最低需要3人。	-1	0	1	1	
5532	5520	7000	Buff18_12				boss_玄慈_技能1般若掌远离Buff		脚下光圈点	0	0	0	0	0		带头大哥般若掌·散：范围内玩家越多伤害越高。	-1	0	1	1	
5533	5521	7000	Buff18_5				boss_玄慈_技能1般若掌靠近Buff		脚下光圈点	0	0	0	0	0		带头大哥般若掌·聚：范围内玩家越多伤害越低，最低需要3人。	-1	0	1	1	
5534	5522	1000	Buff18_11				boss_玄慈_木杖连线金A		身体中心点	0	0	0	0	1	头顶状态点	禁锢：你已被玄慈的禅杖禁锢	-1	1	1	1	
5535	5523	1000	Buff18_2				boss_玄慈_木杖连线黑A		身体中心点	0	0	0	0	1	头顶状态点	禁锢：你已被带头大哥的禅杖禁锢	-1	1	1	1	
5536	5524	1001	Buff18_4							0	0	0	0	0		佛光普照·减治疗：您受到玄慈的影响，所受治疗量大幅下降。	-1	0	0	0	
5537	5525	1002	Buff18_4							0	0	0	0	0		佛光普照·减治疗：您受到玄慈的影响，所受治疗量大幅下降。	-1	0	0	0	
5538	5526	1003	Buff18_4							0	0	0	0	0		佛光普照·减治疗：您受到玄慈的影响，所受治疗量大幅下降。	-1	0	0	0	
5539	5527	1004	Buff18_4							0	0	0	0	0		佛光普照·减治疗：您受到玄慈的影响，所受治疗量大幅下降。	-1	0	0	0	
5540	5528	1005	Buff18_3							0	0	0	0	0		佛光普照·承伤增加：您受到玄慈的影响，承受伤害大幅增加。	-1	0	0	0	
5541	5529	1006	Buff18_3							0	0	0	0	0		佛光普照·承伤增加：您受到玄慈的影响，承受伤害大幅增加。	-1	0	0	0	
5542	5530	1007	Buff18_3							0	0	0	0	0		佛光普照·承伤增加：您受到玄慈的影响，承受伤害大幅增加。	-1	0	0	0	
5543	5531	1008	Buff18_3							0	0	0	0	0		佛光普照·承伤增加：您受到玄慈的影响，承受伤害大幅增加。	-1	0	0	0	
5544	5532	1009	Buff18_10							0	0	0	0	0		佛光普照·减少气量：您受到玄慈的影响，会不断减少气量。	-1	0	0	0	
5545	5533	1010	Buff18_10							0	0	0	0	0		佛光普照·减少气量：您受到玄慈的影响，会不断减少气量。	-1	0	0	0	
5546	5534	1011	Buff18_10							0	0	0	0	0		佛光普照·减少气量：您受到玄慈的影响，会不断减少气量。	-1	0	0	0	
5547	5535	1012	Buff18_10							0	0	0	0	0		佛光普照·减少气量：您受到玄慈的影响，会不断减少气量。	-1	0	0	0	
5548	5536	1001	Buff18_4				boss_玄慈_禅杖减疗特效5m		脚下光圈点	0	0	0	0	0		佛光普照·减治疗：您受到带头大哥的影响，所受治疗量大幅下降。	-1	0	0	0	
5549	5537	1002	Buff18_4				boss_玄慈_禅杖减疗特效10m		脚下光圈点	0	0	0	0	0		佛光普照·减治疗：您受到带头大哥的影响，所受治疗量大幅下降。	-1	0	0	0	
5550	5538	1003	Buff18_4				boss_玄慈_禅杖减疗特效15m		脚下光圈点	0	0	0	0	0		佛光普照·减治疗：您受到带头大哥的影响，所受治疗量大幅下降。	-1	0	0	0	
5551	5539	1004	Buff18_4							0	0	0	0	0		佛光普照·减治疗：您受到带头大哥的影响，所受治疗量大幅下降。	-1	0	0	0	
5552	5540	1005	Buff18_3				boss_玄慈_禅杖增伤特效5m		脚下光圈点	0	0	0	0	0		佛光普照·承伤增加：您受到带头大哥的影响，承受伤害大幅增加。	-1	0	0	0	
5553	5541	1006	Buff18_3				boss_玄慈_禅杖增伤特效10m		脚下光圈点	0	0	0	0	0		佛光普照·承伤增加：您受到带头大哥的影响，承受伤害大幅增加。	-1	0	0	0	
5554	5542	1007	Buff18_3				boss_玄慈_禅杖增伤特效15m		脚下光圈点	0	0	0	0	0		佛光普照·承伤增加：您受到带头大哥的影响，承受伤害大幅增加。	-1	0	0	0	
5555	5543	1008	Buff18_3							0	0	0	0	0		佛光普照·承伤增加：您受到带头大哥的影响，承受伤害大幅增加。	-1	0	0	0	
5556	5544	1009	Buff18_10				boss_玄慈_禅杖吸蓝特效5m		脚下光圈点	0	0	0	0	0		佛光普照·减少气量：您受到带头大哥的影响，会不断减少气量。	-1	0	0	0	
5557	5545	1010	Buff18_10				boss_玄慈_禅杖吸蓝特效10m		脚下光圈点	0	0	0	0	0		佛光普照·减少气量：您受到带头大哥的影响，会不断减少气量。	-1	0	0	0	
5558	5546	1011	Buff18_10				boss_玄慈_禅杖吸蓝特效15m		脚下光圈点	0	0	0	0	0		佛光普照·减少气量：您受到带头大哥的影响，会不断减少气量。	-1	0	0	0	
5559	5547	1012	Buff18_10							0	0	0	0	0		佛光普照·减少气量：您受到带头大哥的影响，会不断减少气量。	-1	0	0	0	
5560	5546	1011	Buff13_16				boss_玄慈_金色恐惧失明特效		头顶状态点	0	0	0	0	0		玄慈金刚掌·恐惧	-1	0	0	0	
5561	5547	1012	Buff13_17				boss_玄慈_黑色恐惧失明特效		头顶状态点	0	0	0	0	0		带头大哥金刚掌·恐惧	-1	0	0	0	
5562	5548	1012	Buff13_17				boss_玄慈_保护圈1特效		脚下光圈点	0	0	0	0	0		玄慈保护圈1	-1	0	0	0	
5563	5549	1012	Buff13_17				boss_带头大哥_保护圈1特效		脚下光圈点	0	0	0	0	0		带头大哥保护圈1	-1	0	0	0	
5564	5550	1012	Buff15_9				boss_玄慈_保护标识特效		脚下光圈点	0	0	0	0	0		佛法守护：当前您处于保护圈内，处于伤害免疫状态。	-1	0	0	0	
5565	5551	1012	Buff15_9				boss_玄慈_保护标识特效		脚下光圈点	0	0	0	0	0		佛法守护：当前您处于保护圈内，处于伤害免疫状态。	-1	0	0	0	
5566	5552	1012	Buff13_17							0	0	0	0	0		乔峰心魔技能3黑龙光环光环	-1	0	0	0	
5567	5553	9000	Buff18_4				boss_吴用_小怪buff黄		脚下光圈点	0	1	1	0	0		混乱：萧峰受清罡正气影响，正邪之力互相争夺使其陷入混乱状态，受到伤害大幅增加。	-1	0	0	0	
5568	5554	9000	Buff18_6				boss_萧峰心魔_魔气1个		脚下光圈点	0	0	0	0	0		魔厄邪气1层：全队达到18层将触发萧峰心魔特殊技能。	-1	0	0	0	
5569	5555	9000	Buff18_7				boss_萧峰心魔_魔气2个		脚下光圈点	0	0	0	0	0		魔厄邪气2层：全队达到18层将触发萧峰心魔特殊技能。	-1	0	0	0	
5570	5556	9000	Buff18_8				boss_萧峰心魔_魔气3个		脚下光圈点	0	0	0	0	0		魔厄邪气3层：全队达到18层将触发萧峰心魔特殊技能。	-1	0	0	0	
5571	5557	9000	FightSkillXiaoYao_15							0	0	0	0	0		魔厄之气1层：全队达到21层将触发萧峰心魔特殊技能。	-1	0	0	0	
5572	5558	9000	FightSkillXiaoYao_15							0	0	0	0	0		魔厄之气1层：全队达到22层将触发萧峰心魔特殊技能。	-1	0	0	0	
5573	5573	1012	Buff13_17				boss_带头大哥_保护圈2特效		脚下光圈点	0	0	0	0	0		带头大哥保护圈2	-1	0	0	0	
5574	5574	1012	Buff13_17				boss_带头大哥_保护圈3特效		脚下光圈点	0	0	0	0	0		带头大哥保护圈3	-1	0	0	0	
5575	5575	1012	Buff13_17				boss_带头大哥_保护圈4特效		脚下光圈点	0	0	0	0	0		带头大哥保护圈4	-1	0	0	0	
5576	5576	1012	Buff13_17				boss_玄慈_保护圈2特效		脚下光圈点	0	0	0	0	0		玄慈保护圈2	-1	0	0	0	
5577	5577	1012	Buff13_17				boss_玄慈_保护圈3特效		脚下光圈点	0	0	0	0	0		玄慈保护圈3	-1	0	0	0	
5578	5578	1012	Buff13_17				boss_玄慈_保护圈4特效		脚下光圈点	0	0	0	0	0		玄慈保护圈4	-1	0	0	0	
5579	5579	1012	Buff13_17				boss_汪剑通_横扫乾坤		脚下光圈点	0	0	0	0	0		横扫分身光环	-1	0	0	0	
5581	5581	1000	Buff16_12				g01_em_buff38		头顶状态点	0	0	1	0	0		破甲穿心刺：被破甲穿心刺擦伤处于失明状态	-1	0	1	1	
5582	5582	1000	Buff15_14				boss_白世镜_技能2缠丝擒拿手特效		脚下光圈点	0	0	0	1	0		缠丝擒拿手：被白世镜所标记，请注意躲避生成的爆炸攻击	-1	0	1	1	
5583	5583	1000	Buff15_15				boss_单正_技能1buff_数字1		脚下光圈点	0	0	0	1	0		力劈华山式：聚集于标记数字相同数量的少侠可抵御伤害	-1	0	1	1	
5584	5583	1000	Buff15_15				boss_单正_技能1buff_数字2		脚下光圈点	0	0	0	1	0		力劈华山式：聚集于标记数字相同数量的少侠可抵御伤害	-1	0	1	1	
5585	5583	1000	Buff15_15				boss_单正_技能1buff_数字3		脚下光圈点	0	0	0	1	0		力劈华山式：聚集于标记数字相同数量的少侠可抵御伤害	-1	0	1	1	
5586	5583	1000	Buff15_15				boss_单正_技能1buff_数字4		脚下光圈点	0	0	0	1	0		力劈华山式：聚集于标记数字相同数量的少侠可抵御伤害	-1	0	1	1	
5587	5583	1000	Buff15_15				boss_单正_技能1buff_数字5		脚下光圈点	0	0	0	1	0		力劈华山式：聚集于标记数字相同数量的少侠可抵御伤害	-1	0	1	1	
5588	5583	1000	Buff15_15				boss_单正_技能1buff_数字6		脚下光圈点	0	0	0	1	0		力劈华山式：聚集于标记数字相同数量的少侠可抵御伤害	-1	0	1	1	
5589	5589	1000	Buff16_16				boss_神兵_谭婆技能1_毒buff_1层		脚下光圈点	0	0	1	0	0		蚀骨毒：受到谭婆1层蚀骨毒侵蚀	-1	0	1	1	
5590	5589	1000	Buff16_16				boss_神兵_谭婆技能1_毒buff_2层		脚下光圈点	0	0	1	0	0		蚀骨毒：受到谭婆2层蚀骨毒侵蚀	-1	0	1	1	
5591	5589	1000	Buff16_16				boss_神兵_谭婆技能1_毒buff_3层		脚下光圈点	0	0	1	0	0		蚀骨毒：受到谭婆3层蚀骨毒侵蚀	-1	0	1	1	
5592	5589	1000	Buff16_16				boss_神兵_谭婆技能1_毒buff_4层		脚下光圈点	0	0	1	0	0		蚀骨毒：受到谭婆4层蚀骨毒侵蚀	-1	0	1	1	
5593	5589	1000	Buff16_16				boss_神兵_谭婆技能1_毒buff_5层		脚下光圈点	0	0	1	0	0		蚀骨毒：受到谭婆5层蚀骨毒侵蚀	-1	0	1	1	
5594	5594	1000	Buff16_15				boss_神兵_谭婆技能1_毒圈爆炸		脚下光圈点	0	0	1	0	0		蚀骨散花：受到侵蚀	-1	0	1	1	
5595	5595	1000	Buff0_13							0	0	1	0	0		烫伤光环	-1	1	1	1	
5596	5596	1000	Buff24_5							0	0	0	0	0		萧峰与群豪浴血奋战。	-1	0	1	1	
5597	5597	1000	Buff24_5							0	0	0	0	0		萧峰运功护体，速速击败敌人。	-1	0	1	1	
5598	5598	1000	Buff27_15				boss_李逵_杀气瘟疫buff4米		脚下光圈点	0	0	1	0	0		每秒受到1%伤害。	-1	0	1	1	
5599	5599	1000	Buff27_11				SB_清欢箭_纷飞凋骨buff		脚下光圈点	0	0	1	0	0		轻烟印：每0.5秒受到一次伤害	-1	0	1	1	
5600	5599	1000	Buff27_12				SB_清欢箭_纷飞凋骨buff		脚下光圈点	0	0	1	0	0		轻烟印：每0.5秒受到一次伤害	-1	0	1	1	
5601	5599	1000	Buff27_13				SB_清欢箭_纷飞凋骨buff		脚下光圈点	0	0	1	0	0		轻烟印：每0.5秒受到一次伤害	-1	0	1	1	
5602	5599	1000	Buff27_14				SB_清欢箭_纷飞凋骨buff		脚下光圈点	0	0	1	0	0		轻烟印：每0.5秒受到一次伤害	-1	0	1	1	
5603	5599	1000	Buff27_15				SB_清欢箭_纷飞凋骨buff		脚下光圈点	0	0	1	0	0		轻烟印：每0.5秒受到一次伤害	-1	0	1	1	
5604	99	2200	RideHeader7_8							0	0	0	1	0		坐骑：彩凤呈祥。您已激活的坐骑中最高移动速度+10%。	99	0	1	1	
5605	99	2200	RideHeader7_8							0	0	0	1	0		坐骑：彩凤呈祥。您已激活的坐骑中最高移动速度+20%。	99	0	1	1	
5606	99	2200	RideHeader7_8							0	0	0	1	0		坐骑：彩凤呈祥。您已激活的坐骑中最高移动速度+40%。	99	0	1	1	
5607	99	2200	RideHeader7_8							0	0	0	1	0		坐骑：彩凤呈祥。您已激活的坐骑中最高移动速度+70%。	99	0	1	1	
5608	99	2200	RideHeader7_8							0	0	0	1	0		坐骑：彩凤呈祥。您已激活的坐骑中最高移动速度+75%。	99	0	1	1	
5609	99	2200	RideHeader7_8							0	0	0	1	0		坐骑：彩凤呈祥。您已激活的坐骑中最高移动速度+80%。	99	0	1	1	
5610	99	2200	RideHeader7_8							0	0	0	1	0		坐骑：彩凤呈祥。您已激活的坐骑中最高移动速度+85%。	99	0	1	1	
5611	99	2200	RideHeader7_9							0	0	0	1	0		坐骑：飞凰引梦。您已激活的坐骑中最高移动速度+10%。	99	0	1	1	
5612	99	2200	RideHeader7_9							0	0	0	1	0		坐骑：飞凰引梦。您已激活的坐骑中最高移动速度+20%。	99	0	1	1	
5613	99	2200	RideHeader7_9							0	0	0	1	0		坐骑：飞凰引梦。您已激活的坐骑中最高移动速度+40%。	99	0	1	1	
5614	99	2200	RideHeader7_9							0	0	0	1	0		坐骑：飞凰引梦。您已激活的坐骑中最高移动速度+70%。	99	0	1	1	
5615	99	2200	RideHeader7_9							0	0	0	1	0		坐骑：飞凰引梦。您已激活的坐骑中最高移动速度+75%。	99	0	1	1	
5616	99	2200	RideHeader7_9							0	0	0	1	0		坐骑：飞凰引梦。您已激活的坐骑中最高移动速度+80%。	99	0	1	1	
5617	99	2200	RideHeader7_9							0	0	0	1	0		坐骑：飞凰引梦。您已激活的坐骑中最高移动速度+85%。	99	0	1	1	
5618	5618	7500	Weapon2Skill2_9				SB_通用技能_释情拂尘		脚下光圈点	0	0	0	1	0		七情二式·拂尘：免疫封穴、麻痹、封印、失明、散功、定身	-1	0	1	1	
5619	5619	1000	Weapon2Skill2_11				SB_通用技能_释情入骨中毒buff		脚下光圈点	0	0	1	0	0		七情二式·入骨：中毒，每秒受到伤害	-1	0	1	1	
5620	5620	1000	Weapon2Skill2_11				SB_通用技能_释情入骨中毒buff		脚下光圈点	0	0	1	0	0		七情二式·入骨：中毒，每秒受到伤害	-1	0	1	1	
5621	5621	1000	Weapon2Skill2_11				SB_通用技能_释情入骨中毒buff		脚下光圈点	0	0	1	0	0		七情二式·入骨：中毒，每秒受到伤害	-1	0	1	1	
5622	5622	1000	Weapon2Skill2_11				SB_通用技能_释情入骨中毒buff		脚下光圈点	0	0	1	0	0		七情二式·入骨：中毒，每秒受到伤害	-1	0	1	1	
5623	5623	1000	Weapon2Skill2_11				SB_通用技能_释情入骨中毒buff		脚下光圈点	0	0	1	0	0		七情二式·入骨：中毒，每秒受到伤害	-1	0	1	1	
5624	5624	1000	Weapon2Skill2_11				SB_通用技能_释情入骨中毒buff		脚下光圈点	0	0	1	0	0		七情二式·入骨：中毒，每秒受到伤害	-1	0	1	1	
5625	5625	1000	Weapon2Skill2_11				SB_通用技能_释情入骨中毒buff		脚下光圈点	0	0	1	0	0		七情二式·入骨：中毒，每秒受到伤害	-1	0	1	1	
5626	5626	1000	Weapon2Skill2_11				SB_通用技能_释情入骨中毒buff		脚下光圈点	0	0	1	0	0		七情二式·入骨：中毒，每秒受到伤害	-1	0	1	1	
5627	1153	1000	Weapon2Skill2_1				g01_buff38		头顶状态点	0	1	1	0	0		江枫挑岳：眩晕，移动不能，操作不能，可被攻击，无法被打醒	-1	0	1	1	
5628	5628	1000	Weapon2Skill3_10				SB_诛妄剑_无锋剑意_增伤buff		脚下光圈点	0	0	0	1	0		无锋剑意：对血量百分比低于自身的目标造成的伤害提高，否则其对自身造成的伤害提高	-1	0	1	1	
5629	5629	1000	Weapon2Skill3_10				SB_诛妄剑_无锋剑意_增伤buff		脚下光圈点	0	0	0	1	0		无锋剑意：对血量百分比低于自身的目标造成的伤害提高，否则其对自身造成的伤害提高	-1	0	1	1	
5630	5630	1000	Weapon2Skill3_10				SB_诛妄剑_无锋剑意_增伤buff		脚下光圈点	0	0	0	1	0		无锋剑意：对血量百分比低于自身的目标造成的伤害提高，否则其对自身造成的伤害提高	-1	0	1	1	
5631	5631	1000	Weapon2Skill3_10				SB_诛妄剑_无锋剑意_增伤buff		脚下光圈点	0	0	0	1	0		无锋剑意：对血量百分比低于自身的目标造成的伤害提高，否则其对自身造成的伤害提高	-1	0	1	1	
5632	5632	1000	Weapon2Skill3_10				SB_诛妄剑_无锋剑意_增伤buff		脚下光圈点	0	0	0	1	0		无锋剑意：对血量百分比低于自身的目标造成的伤害提高，否则其对自身造成的伤害提高	-1	0	1	1	
5633	5633	1000	Weapon2Skill3_10				SB_诛妄剑_无锋剑意_增伤buff		脚下光圈点	0	0	0	1	0		无锋剑意：对血量百分比低于自身的目标造成的伤害提高，否则其对自身造成的伤害提高	-1	0	1	1	
5634	5634	1000	Weapon2Skill3_10				SB_诛妄剑_无锋剑意_增伤buff		脚下光圈点	0	0	0	1	0		无锋剑意：对血量百分比低于自身的目标造成的伤害提高，否则其对自身造成的伤害提高	-1	0	1	1	
5635	5635	1000	Weapon2Skill3_10				SB_诛妄剑_无锋剑意_增伤buff		脚下光圈点	0	0	0	1	0		无锋剑意：对血量百分比低于自身的目标造成的伤害提高，否则其对自身造成的伤害提高	-1	0	1	1	
5636	5636	1000	Weapon2Skill3_10				SB_诛妄剑_无锋剑意_增伤buff		脚下光圈点	0	0	0	1	0		无锋剑意：对血量百分比低于自身的目标造成的伤害提高，否则其对自身造成的伤害提高	-1	0	1	1	
5637	5637	1000	Weapon2Skill3_10				SB_诛妄剑_无锋剑意_增伤buff		脚下光圈点	0	0	0	1	0		无锋剑意：对血量百分比低于自身的目标造成的伤害提高，否则其对自身造成的伤害提高	-1	0	1	1	
5638	5638	1000	Buff8_13				boss_神器_玄苦技能2_佛花A		脚下光圈点	0	0	0	0	0		花高光特效	-1	0	1	1	
5639	1153	1000	Weapon2Skill3_11				g01_buff38		头顶状态点	0	1	1	0	0		蓄势斩魂：眩晕，移动不能，操作不能，可被攻击，无法被打醒	-1	0	1	1	
5640	19	1000	Weapon2Skill3_8				g01_buff27		脚下光圈点	0	1	1	0	0		一念囚身：定身，无法移动	-1	0	1	1	
5641	5641	8500	Weapon2Skill1_4				g01_buff38		头顶状态点	0	0	1	0	0		舍身破阵：眩晕，受到伤害降低	-1	0	1	1	
5642	5641	8500	Weapon2Skill1_4				g01_buff38		头顶状态点	0	0	1	0	0		舍身破阵：眩晕，受到伤害降低	-1	0	1	1	
5643	5641	8500	Weapon2Skill1_4				g01_buff38		头顶状态点	0	0	1	0	0		舍身破阵：眩晕，受到伤害降低	-1	0	1	1	
5644	5641	8500	Weapon2Skill1_4				g01_buff38		头顶状态点	0	0	1	0	0		舍身破阵：眩晕，受到伤害降低	-1	0	1	1	
5645	5641	8500	Weapon2Skill1_4				g01_buff38		头顶状态点	0	0	1	0	0		舍身破阵：眩晕，受到伤害降低	-1	0	1	1	
5646	5641	8500	Weapon2Skill1_4				g01_buff38		头顶状态点	0	0	1	0	0		舍身破阵：眩晕，受到伤害降低	-1	0	1	1	
5647	5641	8500	Weapon2Skill1_4				g01_buff38		头顶状态点	0	0	1	0	0		舍身破阵：眩晕，受到伤害降低	-1	0	1	1	
5648	5641	8500	Weapon2Skill1_4				g01_buff38		头顶状态点	0	0	1	0	0		舍身破阵：眩晕，受到伤害降低	-1	0	1	1	
5649	5641	8500	Weapon2Skill1_4				g01_buff38		头顶状态点	0	0	1	0	0		舍身破阵：眩晕，受到伤害降低	-1	0	1	1	
5650	5641	8500	Weapon2Skill1_4				g01_buff38		头顶状态点	0	0	1	0	0		舍身破阵：眩晕，受到伤害降低	-1	0	1	1	
5651	17	1000	Weapon2_5							0	0	1	0	0		长恨刀：失明，随机移动，操作不能，可被攻击，无法被打醒	-1	0	1	1	
5652	99	1000	FightSkillTianShan_6							0	0	0	1	0		影疗：隐身状态下持续回血	-1	0	1	1	
5653	99	2200	RideHeader11_2							0	0	0	1	0		坐骑：赤影。您已激活的坐骑中最高移动速度+10%。	99	0	1	1	
5654	99	2200	RideHeader11_2							0	0	0	1	0		坐骑：赤影。您已激活的坐骑中最高移动速度+20%。	99	0	1	1	
5655	99	2200	RideHeader11_2							0	0	0	1	0		坐骑：赤影。您已激活的坐骑中最高移动速度+40%。	99	0	1	1	
5656	99	2200	RideHeader11_2							0	0	0	1	0		坐骑：赤影。您已激活的坐骑中最高移动速度+70%。	99	0	1	1	
5657	99	2200	RideHeader11_2							0	0	0	1	0		坐骑：赤影。您已激活的坐骑中最高移动速度+75%。	99	0	1	1	
5658	99	2200	RideHeader11_2							0	0	0	1	0		坐骑：赤影。您已激活的坐骑中最高移动速度+80%。	99	0	1	1	
5659	99	2200	RideHeader11_2							0	0	0	1	0		坐骑：赤影。您已激活的坐骑中最高移动速度+85%。	99	0	1	1	
5660	5660	1000	Weapon2Skill2_10				SB_通用技能_释情护佑		脚下光圈点	0	0	0	1	0		七情二式·护佑：吸收100%伤害	-1	0	1	1	
5661	5661	1	CircularTaskTool63_3				buff_老友的祝福持续		身体中心点	1	0	0	1	0		云屏琴语：云屏烛影，琴瑟在御。所有属性增加30点。持续30分钟。	-1	0	1	1	
5662	5662	1	CircularTaskTool63_4				buff_老友的祝福持续		身体中心点	1	0	0	1	0		醉梦琴音：芙蓉泣露，魂梦如归。所有属性增加50点。持续30分钟。	-1	0	1	1	
5663	99	2200	RideHeader11_1							0	0	0	1	0		坐骑：绮梦蝶。您已激活的坐骑中最高移动速度+10%。	99	0	1	1	
5664	99	2200	RideHeader11_1							0	0	0	1	0		坐骑：绮梦蝶。您已激活的坐骑中最高移动速度+20%。	99	0	1	1	
5665	99	2200	RideHeader11_1							0	0	0	1	0		坐骑：绮梦蝶。您已激活的坐骑中最高移动速度+40%。	99	0	1	1	
5666	99	2200	RideHeader11_1							0	0	0	1	0		坐骑：绮梦蝶。您已激活的坐骑中最高移动速度+70%。	99	0	1	1	
5667	99	2200	RideHeader11_1							0	0	0	1	0		坐骑：绮梦蝶。您已激活的坐骑中最高移动速度+75%。	99	0	1	1	
5668	99	2200	RideHeader11_1							0	0	0	1	0		坐骑：绮梦蝶。您已激活的坐骑中最高移动速度+80%。	99	0	1	1	
5669	99	2200	RideHeader11_1							0	0	0	1	0		坐骑：绮梦蝶。您已激活的坐骑中最高移动速度+85%。	99	0	1	1	
5670	5670	9999	CommonNPCHeader45_4							1	0	0	0	0		麒麟一经验加成：麒麟一场景经验额外获得1.2倍加成	-1	0	1	1	
5671	5671	9999	CommonNPCHeader45_4							1	0	0	0	0		麒麟二经验加成：麒麟二场景经验额外获得1.2倍加成	-1	0	1	1	
5672	5672	9999	CommonNPCHeader45_4							1	0	0	0	0		麒麟三经验加成：麒麟三场景经验额外获得1.2倍加成	-1	0	1	1	
5673	5673	9999	CommonNPCHeader45_4							1	0	0	0	0		麒麟四经验加成：麒麟四场景经验额外获得1.2倍加成	-1	0	1	1	
5674	5674	9999	CommonNPCHeader45_4							1	0	0	0	0		麒麟五经验加成：麒麟五场景经验额外获得1.2倍加成	-1	0	1	1	
5675	5675	100	Buff16_6				buff_日常本_怒buff		脚下光圈点	0	0	0	0	0		怒：造成伤害与移动速度提升，同时受到伤害增加	-1	0	1	1	
5676	5675	200	Buff16_6				buff_日常本_怒buff		脚下光圈点	0	0	0	0	0		怒：造成伤害与移动速度提升，同时受到伤害增加	-1	0	1	1	
5677	5675	300	Buff16_6				buff_日常本_怒buff		脚下光圈点	0	0	0	0	0		怒：造成伤害与移动速度提升，同时受到伤害增加	-1	0	1	1	
5678	5675	400	Buff16_6				buff_日常本_怒buff		脚下光圈点	0	0	0	0	0		怒：造成伤害与移动速度提升，同时受到伤害增加	-1	0	1	1	
5679	5675	500	Buff16_6				buff_日常本_怒buff		脚下光圈点	0	0	0	0	0		怒：造成伤害与移动速度提升，同时受到伤害增加	-1	0	1	1	
5680	5675	600	Buff16_6				buff_日常本_怒buff		脚下光圈点	0	0	0	0	0		怒：造成伤害与移动速度提升，同时受到伤害增加	-1	0	1	1	
5681	5675	700	Buff16_6				buff_日常本_怒buff		脚下光圈点	0	0	0	0	0		怒：造成伤害与移动速度提升，同时受到伤害增加	-1	0	1	1	
5682	5675	800	Buff16_6				buff_日常本_怒buff		脚下光圈点	0	0	0	0	0		怒：造成伤害与移动速度提升，同时受到伤害增加	-1	0	1	1	
5683	5675	900	Buff16_6				buff_日常本_怒buff		脚下光圈点	0	0	0	0	0		怒：造成伤害与移动速度提升，同时受到伤害增加	-1	0	1	1	
5684	5675	1000	Buff16_6				buff_日常本_怒buff		脚下光圈点	0	0	0	0	0		怒：造成伤害与移动速度提升，同时受到伤害增加	-1	0	1	1	
5685	5676	1000	Buff16_5				buff_日常本_惧buff5		脚下光圈点	0	0	0	0	0		惧：减少当前50%最大血上限	-1	0	1	1	
5686	5686	1000	Buff16_2				buff_日常本_惧buff2		脚下光圈点	0	0	0	0	0		惧：获得当前50%最大血上限气盾	-1	0	1	1	
5687	5687	1000	Buff16_3				buff_日常本_惧buff4		脚下光圈点	0	0	0	0	0		惧：提升当前造成伤害量	-1	0	1	1	
5688	5688	1000	Buff16_4				buff_日常本_惧buff3		脚下光圈点	0	0	0	0	0		惧：减少当前造成伤害量	-1	0	1	1	
5689	5689	100	Buff16_7				buff_日常本_憎buff1		脚下光圈点	0	0	0	0	0		憎：憎恨效果1层，造成伤害提升同时受到伤害提升	-1	0	1	1	
5690	5689	200	Buff16_8				buff_日常本_憎buff2		脚下光圈点	0	0	0	0	0		憎：憎恨效果2层，造成伤害提升同时受到伤害提升	-1	0	1	1	
5691	5689	300	Buff16_9				buff_日常本_憎buff3		脚下光圈点	0	0	0	0	0		憎：憎恨效果3层，造成伤害提升同时受到伤害提升	-1	0	1	1	
5692	5689	400	Buff16_10				buff_日常本_憎buff4		脚下光圈点	0	0	0	0	0		憎：憎恨效果4层，造成伤害提升同时受到伤害提升	-1	0	1	1	
5693	5693	100	Buff11_2							0	0	0	0	0		憎：所受伤害增加	-1	0	1	1	
5694	5693	200	Buff11_2							0	0	0	0	0		憎：所受伤害增加	-1	0	1	1	
5695	5693	300	Buff11_2							0	0	0	0	0		憎：所受伤害增加	-1	0	1	1	
5696	5693	400	Buff11_2							0	0	0	0	0		憎：所受伤害增加	-1	0	1	1	
5697	5697	400	Buff16_1				buff_日常本_爱buff		脚下光圈点	0	0	0	0	0		爱：持续回复血量，同时受到的伤害增加	-1	0	1	1	
5698	5698	400	Buff11_2							0	0	0	0	0		所受伤害增加10%	-1	0	1	1	
5699	19	1000	Buff15_14		Skills\Sl\Sl_金刚伏魔圈_定身.wav		g01_buff27		脚下光圈点	0	1	1	0	0		缠丝擒拿手：您当前处于被擒拿的定身状态	-1	0	1	1	
5700	23	1000	Buff15_13				g01_buff100		脚下光圈点	0	1	1	0	0		拨云锁喉阵:受到白世镜剑气持续减速效果的影响	-1	0	1	1	
5701	23	1000	Buff15_13				g01_buff100		脚下光圈点	0	1	1	0	0		拨云锁喉阵:受到白世镜剑气持续减速效果的影响	-1	0	1	1	
5702	23	1000	Buff15_14				g01_buff100		脚下光圈点	0	1	1	0	0		缠丝擒拿手：您当前处于被擒拿的减速状态	-1	0	1	1	
5703	5703	400	Weapon2_7							0	0	0	0	0		身如轻羽：闪避率增加，造成伤害降低	-1	0	1	1	
5704	100	1000	Weapon2Skill2_15				g01_buff10		脚下光圈点	0	0	0	1	0		海棠眠雨：移动速度增加	-1	0	1	1	
5705	100	1000	Weapon2Skill2_15				g01_buff10		脚下光圈点	0	0	0	1	0		海棠眠雨：移动速度增加	-1	0	1	1	
5706	100	1000	Weapon2Skill2_15				g01_buff10		脚下光圈点	0	0	0	1	0		海棠眠雨：移动速度增加	-1	0	1	1	
5707	100	1000	Weapon2Skill2_15				g01_buff10		脚下光圈点	0	0	0	1	0		海棠眠雨：移动速度增加	-1	0	1	1	
5708	99	1000	Weapon2Skill2_16							0	0	0	1	0		相思匕：隐身，移动速度降低	-1	0	1	1	
5709	99	1000	Weapon2Skill2_14							0	0	0	1	0		晦明相思：隐身，移动速度降低，持续回血	-1	0	1	1	
5710	5710	1000	FightSkillMingJiao_4				buff_校场移动速度增加特效		脚下光圈点	0	0	0	1	0		亢龙之怒：移动速度提高80%，持续3秒	-1	0	1	1	
5711	14	1000	Weapon2Skill2_12				SB_通用技能_释情伤神		脚下光圈点	0	0	1	0	0		七情二式·伤神：麻痹，移动不能，操作不能，可被攻击，无法被打醒	-1	0	1	1	
5712	21	1000	Weapon2Skill1_3				buff_sangong_01		脚下光圈点	0	1	1	0	0		歃血诛心：散功，无法使用任何门派技能	-1	0	1	1	
5713	1153	1000	Weapon2Skill1_4				g01_buff38		头顶状态点	0	1	1	0	0		舍身破阵：眩晕，移动不能，操作不能，可被攻击，无法被打醒	-1	0	1	1	
5714	15	1000	Weapon2Skill2_15				g01_buff昏睡		身体中心点	0	1	1	0	0		海棠眠雨：昏睡，移动不能，操作不能，可被攻击，可被打醒	-1	0	1	1	
5715	1153	1000	Weapon2_6				g01_buff38		头顶状态点	0	1	1	0	0		怒涛锤：眩晕，移动不能，操作不能，可被攻击，无法被打醒	-1	0	1	1	
5716	5716	1000	TalentSkillTianLong2_8				boss_神器_玄苦佛像自身A		身体中心点	0	0	0	0	0			-1	0	1	1	
5717	5717	1000	TalentSkillTianLong2_8				boss_延庆太子_阶段技能地面火焰A		脚下光圈点	0	0	0	0	0			-1	0	1	1	
5718	5718	400	Weapon2Skill3_6							0	0	0	0	0		正在使用清欢箭	-1	0	1	1	
5719	5719	400	Weapon2Skill1_12							0	0	0	0	0		正在使用摄魂弓	-1	0	1	1	
5720	5720	400	Weapon2Skill2_4							0	0	0	0	0		正在使用离忧枪	-1	0	1	1	
5721	5721	400	Weapon2Skill3_9							0	0	0	0	0		正在使用诛妄剑	-1	0	1	1	
5722	5722	400	Weapon2Skill1_8							0	0	0	0	0		正在使用长恨刀 	-1	0	1	1	
5723	5723	400	Weapon2Skill1_1							0	0	0	0	0		正在使用怒涛锤	-1	0	1	1	
5724	5724	400	Weapon2Skill2_16							0	0	0	0	0		正在使用相思匕	-1	0	1	1	
5725	5725	400	Buff16_11				buff_日常本_惧buff1		脚下光圈点	0	0	0	0	0		惧：5秒后将获得特殊状态	-1	0	1	1	
5726	99	2200	RideHeader11_3							0	0	0	1	0		坐骑：赤兔。您已激活的坐骑中最高移动速度+10%。	99	0	1	1	
5727	99	2200	RideHeader11_3							0	0	0	1	0		坐骑：赤兔。您已激活的坐骑中最高移动速度+20%。	99	0	1	1	
5728	99	2200	RideHeader11_3							0	0	0	1	0		坐骑：赤兔。您已激活的坐骑中最高移动速度+40%。	99	0	1	1	
5729	99	2200	RideHeader11_3							0	0	0	1	0		坐骑：赤兔。您已激活的坐骑中最高移动速度+70%。	99	0	1	1	
5730	99	2200	RideHeader11_3							0	0	0	1	0		坐骑：赤兔。您已激活的坐骑中最高移动速度+75%。	99	0	1	1	
5731	99	2200	RideHeader11_3							0	0	0	1	0		坐骑：赤兔。您已激活的坐骑中最高移动速度+80%。	99	0	1	1	
5732	99	2200	RideHeader11_3							0	0	0	1	0		坐骑：赤兔。您已激活的坐骑中最高移动速度+85%。	99	0	1	1	
5733	5733	1000	Buff16_13				g01_em_buff38		头顶状态点	0	0	1	0	0		破障降魔掌：受到玄苦招式影响处于失明状态	-1	0	1	1	
5734	5734	1000	Buff15_16				buff_sangong_01		脚下光圈点	0	0	1	0	0		铃兰花开：散功，无法使用任何门派技能	-1	0	1	1	
5735	5735	1000	TalentSkillTianLong2_8				boss_神器_玄苦npc佛像攻击特效B		脚下光圈点	0	0	0	0	0			-1	0	1	1	
5736	5736	1000	TalentSkillTianLong2_8				boss_神器_玄苦npc佛像攻击特效A		脚下光圈点	0	0	0	0	0			-1	0	1	1	
5737	5737	1000	TalentSkillTianLong2_8				boss_神器_玄苦npc佛像攻击特效D		脚下光圈点	0	0	0	0	0			-1	0	1	1	
5738	5738	1000	TalentSkillTianLong2_8				boss_神器_玄苦npc佛像攻击特效C		脚下光圈点	0	0	0	0	0			-1	0	1	1	
5739	5739	1000	Buff16_15							0	0	1	0	0		蚀骨散花：受到侵蚀处于失明状态	-1	0	1	1	
5740	5740	1000	FightSkillXiaoYao_9							1	0	0	0	0		禁闭：因图形验证未通过被强制送入监狱，待倒计时结束后方可离开监狱。	-1	0	1	1	
5741	5741	1990	FightSkillTianShan_7							0	0	0	0	0		若隐若现：潜入草丛，草丛外的敌人无法发现。	-1	0	1	1	
5742	5742	1980	PetSkill5_8							0	0	0	0	0		无所遁形：在草丛内可看到其中的敌人。	-1	0	1	1	
5743	5743	1990	FightSkillTianShan_7							0	0	0	0	0		若隐若现：潜入草丛，草丛外的敌人无法发现。	-1	0	1	1	1
5744	5744	1980	PetSkill5_8							0	0	0	0	0		无所遁形：在草丛内可看到其中的敌人。	-1	0	1	1	1
5745	5745	1981	PetSkill5_8							0	0	0	0	0		无所遁形：可看到草丛中的敌人。	-1	0	1	1	1
5748	5748	2000	FightSkillXiaoYao_15							0	1	1	0	0		当前处于虚弱状态受到的伤害增加	-1	0	1	1	
5749	99	2200	RideHeader7_10							0	0	0	1	0		飞龙：幽夜。您已激活的坐骑中最高移动速度+10%。	99	0	1	1	
5750	99	2200	RideHeader7_10							0	0	0	1	0		飞龙：幽夜。您已激活的坐骑中最高移动速度+20%。	99	0	1	1	
5751	99	2200	RideHeader7_10							0	0	0	1	0		飞龙：幽夜。您已激活的坐骑中最高移动速度+40%。	99	0	1	1	
5752	99	2200	RideHeader7_10						 	0	0	0	1	0		飞龙：幽夜。您已激活的坐骑中最高移动速度+70%。	99	0	1	1	
5753	99	2200	RideHeader7_10							0	0	0	1	0		飞龙：幽夜。您已激活的坐骑中最高移动速度+75%。	99	0	1	1	
5754	99	2200	RideHeader7_10							0	0	0	1	0		飞龙：幽夜。您已激活的坐骑中最高移动速度+80%。	99	0	1	1	
5755	99	2200	RideHeader7_10							0	0	0	1	0		飞龙：幽夜。您已激活的坐骑中最高移动速度+85%。	99	0	1	1	
5756	99	2200	RideHeader11_4							0	0	0	1	0		坐骑：封霜仙客。您已激活的坐骑中最高移动速度+10%。	99	0	1	1	
5757	99	2200	RideHeader11_4							0	0	0	1	0		坐骑：封霜仙客。您已激活的坐骑中最高移动速度+20%。	99	0	1	1	
5758	99	2200	RideHeader11_4							0	0	0	1	0		坐骑：封霜仙客。您已激活的坐骑中最高移动速度+40%。	99	0	1	1	
5759	99	2200	RideHeader11_4							0	0	0	1	0		坐骑：封霜仙客。您已激活的坐骑中最高移动速度+70%。	99	0	1	1	
5760	99	2200	RideHeader11_4							0	0	0	1	0		坐骑：封霜仙客。您已激活的坐骑中最高移动速度+75%。	99	0	1	1	
5761	99	2200	RideHeader11_4							0	0	0	1	0		坐骑：封霜仙客。您已激活的坐骑中最高移动速度+80%。	99	0	1	1	
5762	99	2200	RideHeader11_4							0	0	0	1	0		坐骑：封霜仙客。您已激活的坐骑中最高移动速度+85%。	99	0	1	1	
5763	5763	1000	CommonNPCHeader48_7							0	0	0	1	0		您已换上霜情华裳，共舞时请接捧芸芸物雨中蓝色物体。若出现情谊匣，请二人一同接捧。	-1	0	1	1	
5764	5763	1000	CommonNPCHeader48_6							0	0	0	1	0		您已换上绯云华裳，共舞时请接捧芸芸物雨中红色物体。若出现情谊匣，请二人一同接捧。	-1	0	1	1	
5765	99	2200	RideHeader7_11							0	0	0	1	0		坐骑：夜霞赤羽。骑乘后移动速度+10%。	99	0	1	1	
5766	99	2200	RideHeader7_11							0	0	0	1	0		坐骑：夜霞赤羽。骑乘后移动速度+20%。	99	0	1	1	
5767	99	2200	RideHeader7_11							0	0	0	1	0		坐骑：夜霞赤羽。骑乘后移动速度+40%。	99	0	1	1	
5768	99	2200	RideHeader7_11							0	0	0	1	0		坐骑：夜霞赤羽。骑乘后移动速度+70%。	99	0	1	1	
5769	99	2200	RideHeader7_11							0	0	0	1	0		坐骑：夜霞赤羽。骑乘后移动速度+75%。	99	0	1	1	
5770	99	2200	RideHeader7_11							0	0	0	1	0		坐骑：夜霞赤羽。骑乘后移动速度+80%。	99	0	1	1	
5771	99	2200	RideHeader7_11							0	0	0	1	0		坐骑：夜霞赤羽。骑乘后移动速度+85%。	99	0	1	1	
5772	99	2200	RideHeader7_12							0	0	0	1	0		坐骑：曙光荧翼。骑乘后移动速度+10%。	99	0	1	1	
5773	99	2200	RideHeader7_12							0	0	0	1	0		坐骑：曙光荧翼。骑乘后移动速度+20%。	99	0	1	1	
5774	99	2200	RideHeader7_12							0	0	0	1	0		坐骑：曙光荧翼。骑乘后移动速度+40%。	99	0	1	1	
5775	99	2200	RideHeader7_12							0	0	0	1	0		坐骑：曙光荧翼。骑乘后移动速度+70%。	99	0	1	1	
5776	99	2200	RideHeader7_12							0	0	0	1	0		坐骑：曙光荧翼。骑乘后移动速度+75%。	99	0	1	1	
5777	99	2200	RideHeader7_12							0	0	0	1	0		坐骑：曙光荧翼。骑乘后移动速度+80%。	99	0	1	1	
5778	99	2200	RideHeader7_12							0	0	0	1	0		坐骑：曙光荧翼。骑乘后移动速度+85%。	99	0	1	1	
5779	5779	1000	CommonNPCHeader48_23							1	0	0	0	0		您已完成灵狐的交付。	-1	0	1	1	
5780	100	1000	FightSkillTianShan_4				g01_buff10_01		脚下光圈点	0	0	0	1	0		一鼓作气	-1	0	1	1	
5781	5781	1000	CommonNPCHeader48_23							1	0	0	0	0		专司投喂灵狐，别让它们饿肚子。	-1	0	1	1	
5782	5782	1000	Buff18_16				m01_2022贪吃精灵		脚下光圈点	1	0	0	0	0		灵狐饿得肚子都叫了，吃不到东西就耍赖，让人寸步难行。	-1	0	1	1	
5783	5783	1000					hj_npc美女画卷23_打开_光柱		脚下光圈点	1	0	0	0	0			-1	0	1	1	
5784	5784	1000	ShenFenItem05_14				buff_工程加工相关_纸鸢BUFF特效		武魂绑定点	0	0	0	1	0		正在使用彩绘纸鸢中	-1	1	1	1	
5785	5785	1000	Buff0_14							0	0	0	1	0		已放置小猫玩具	-1	0	1	1	
5786	5786	1000	Buff0_15							0	0	0	1	0		正在使用流霞枝	-1	0	1	1	
5787	5787	1000	Buff0_14							0	0	0	0	0		正在使用流焰银台	-1	0	1	1	
5788	5788	1000	Buff0_15				hj_npc美女画卷23_打开_光柱		脚下光圈点	0	0	0	0	0		雷珠麻痹	-1	0	1	1	
5789	5789	1000	Buff0_14				g01_buff10_01		脚下光圈点	0	0	0	0	0		雷珠防麻痹	-1	0	1	1	
5790	5790	1000	Buff0_15				hj_npc美女画卷23_打开_光柱		脚下光圈点	0	0	0	0	0		烟雾弹隐身	-1	0	1	1	
5791	5791	1000	Buff0_14				g01_buff10_01		脚下光圈点	0	0	0	0	0		烟雾弹防隐身	-1	0	1	1	
5792	5792	1000	Buff0_15				hj_npc美女画卷23_打开_光柱		脚下光圈点	0	0	0	0	0		催眠笛昏睡	-1	0	1	1	
5793	5793	1000	Buff0_14				g01_buff10_01		脚下光圈点	0	0	0	0	0		催眠笛防昏睡	-1	0	1	1	
5794	5794	1000	ShenFenItem06_11							0	0	0	0	0		正在使用流焰金台	-1	0	1	1	
5795	5795	1000	CommonNPCHeader48_23							1	0	0	0	0		抱来了一只灵狐，要快些送到狐小馋那里去。	-1	0	1	1	
5796	5796	2000	Qin4_12							1	0	0	0	0		鸣玉正心：命中敌人时有机率打出蓄力一击，额外造成伤害并在一段时间内增加自身内功攻击，减少对方内功防御	-1	0	1	1	
5900	5900	2200					buff_奇遇副本_宝匣特效01		脚下光圈点	0	0	0	0	0		奇遇宝箱1	-1	0	1	1	
5901	5901	2200					buff_奇遇副本_宝匣特效02		脚下光圈点	0	0	0	0	0		奇遇宝箱2	-1	0	1	1	
5902	5902	2200	Buff24_9				主角_周年庆拍卖套装_交互buff		身体中心点	1	0	0	1	0		仙铠之威：您已受神力照拂，处万钧雷霆之下亦能泰然处之。施展者10米范围内的队友或团队成员均享受此特殊展示效果。	-1	0	1	1	
5903	5903	1000	Buff8_2				buff_剃度_持续		脚下光圈点	0	0	0	1	0		理发中。	-1	0	1	1	
5904	5904	1000	Woman_hair1_1							0	0	0	1	0		妙风发：焕新云鬓映花影，侠义风华满龙春。	-1	0	1	1	
5905	5905	1000	Woman_hair1_1							0	0	0	1	0		凌云发：焕新云鬓映花影，侠义风华满龙春。	-1	0	1	1	
5906	5906	1000	Woman_hair1_1							0	0	0	1	0		明漪发：焕新云鬓映花影，侠义风华满龙春。	-1	0	1	1	
5907	5907	1000	Woman_hair1_1							0	0	0	1	0		雪羽发：焕新云鬓映花影，侠义风华满龙春。	-1	0	1	1	
5908	5908	1000	Woman_hair1_1							0	0	0	1	0		漓梦发：焕新云鬓映花影，侠义风华满龙春。	-1	0	1	1	
5909	5909	1000	Woman_hair1_1							0	0	0	1	0		飞瀑发：焕新云鬓映花影，侠义风华满龙春。	-1	0	1	1	
5910	5910	1000	Woman_hair1_1							0	0	0	1	0		狂澜发：焕新云鬓映花影，侠义风华满龙春。	-1	0	1	1	
5911	5911	1000	Woman_hair1_1							0	0	0	1	0		了尘发：焕新云鬓映花影，侠义风华满龙春。	-1	0	1	1	
5912	5912	1000	Woman_hair1_1							0	0	0	1	0		逸轻发：焕新云鬓映花影，侠义风华满龙春。	-1	0	1	1	
5913	5913	1000	Woman_hair1_1							0	0	0	1	0		文渊发：焕新云鬓映花影，侠义风华满龙春。	-1	0	1	1	
5914	5914	1000	Woman_hair1_1							0	0	0	1	0		疏影发：焕新云鬓映花影，侠义风华满龙春。	-1	0	1	1	
5915	5915	1000	Woman_hair1_1							0	0	0	1	0		晓山重发：焕新云鬓映花影，侠义风华满龙春。	-1	0	1	1	
5916	5916	1000	Woman_hair1_1							0	0	0	1	0		情丝发：焕新云鬓映花影，侠义风华满龙春。	-1	0	1	1	
5917	5917	1000	Woman_hair1_1							0	0	0	1	0		山椿发：焕新云鬓映花影，侠义风华满龙春。	-1	0	1	1	
5918	5918	400	ShenFenItem06_13				buff_工程加工相关_获得玄武战旗特效		脚下光圈点	0	0	0	0	0		玄武令旗：范围内同小队少侠受到的伤害降低	-1	0	1	1	
5919	5919	1000	FightSkillWuDang2_5				buff_fengxue_01		身体受击点	0	1	1	0	0		霹雳子：处于麻痹状态中	-1	0	1	1	
5920	5920	1450	ShenFenItem06_16				buff_工程加工相关_机巧木儡免疫伤害特效		脚下光圈点	0	0	0	1	0		机巧庇护：当受到来自其他少侠的致命伤害时，免疫此次伤害并立即回复2%的最大生命值。每次触发效果时，有一定概率庇护状态不消失。	-1	0	1	1	
5921	100	1000	FightSkillTianShan_4				buff_工程加工相关_追风战旗特效		脚下光圈点	0	0	0	1	0		追风令旗：范围内同帮会少侠速度提高	-1	0	1	1	
5922	100	1000	FightSkillShaoLin1_4				buff_神行护腿特效		脚下光圈点	0	0	0	1	0		移动速度增加80%	-1	0	1	1	
5923	19	1000	Weapon2Skill3_8				g01_buff27		脚下光圈点	0	1	1	0	0		使用神行甲马失败，处于定身中	-1	0	1	1	
5924	5924	1000	ShenFenItem06_5							0	0	0	1	0		隐匿：您已成功易容，在此期间其他玩家无法知晓您的身份	-1	0	1	1	
5925	99	2000	FightSkillTianShan_7							0	0	0	0	0		处于隐身状态中	-1	0	1	1	
5926	5926	2200	ShenFenItem03_12							0	0	0	1	0		香芹火腿：增加血上限、闪避	-1	0	1	1	
5927	5927	2200	ShenFenItem03_13							0	0	0	1	0		葱炒白贝：增加血上限、会心防御	-1	0	1	1	
5928	5928	2200	ShenFenItem04_9							0	0	0	1	0		桂香乳凉糕：增加冰攻击、会心攻击	-1	0	1	1	
5929	5929	2200	ShenFenItem04_10							0	0	0	1	0		红油爆肚丝：增加火攻击、会心攻击	-1	0	1	1	
5930	5930	2200	ShenFenItem04_12							0	0	0	1	0		五菌松茸汤：增加毒攻击、会心攻击	-1	0	1	1	
5931	5931	2200	ShenFenItem04_11							0	0	0	1	0		五宝珍珠羹：增加玄攻击、会心攻击	-1	0	1	1	
5932	5932	2200	ShenFenItem05_3							0	0	0	1	0		冰糖银耳羹：增加冰攻击、减冰抗及会心攻击	-1	0	1	1	
5933	5933	2200	ShenFenItem05_4							0	0	0	1	0		炙烤梅花肉：增加火攻击、减火抗及会心攻击	-1	0	1	1	
5934	5934	2200	ShenFenItem05_6							0	0	0	1	0		红参蛇胆酒：增加毒攻击、减毒抗及会心攻击	-1	0	1	1	
5935	5935	2200	ShenFenItem05_5							0	0	0	1	0		翡翠白玉羹：增加玄攻击、减玄抗及会心攻击	-1	0	1	1	
5936	5936	2200	ShenFenItem05_2							0	0	0	1	0		牛羊全炙宴：增加血上限、受到伤害降低	-1	0	1	1	
5937	5937	2200	ShenFenItem04_13							0	0	0	1	0		参翅玉脍宴：造成伤害增加、会心一击几率增加	-1	0	1	1	
5938	5938	1000	Medicine2_6							0	0	0	1	0		回气：持续回气	-1	0	1	1	
5939	5939	2200	ShenFenItem03_11							0	0	0	1	0		水晶虾饺：增加会心攻击	-1	0	1	1	
5940	5940	2200	ShenFenItem04_14							0	0	0	1	0		桂枝人参汤：增加血上限、受到冰属性伤害降低	-1	0	1	1	
5941	5941	2200	ShenFenItem04_15							0	0	0	1	0		青萝板鸭汤：增加血上限、受到火属性伤害降低	-1	0	1	1	
5942	5942	2200	ShenFenItem04_16							0	0	0	1	0		海苔仙贝羹：增加血上限、受到玄属性伤害降低	-1	0	1	1	
5943	5943	2200	ShenFenItem05_1							0	0	0	1	0		素炒黄丝菌：增加血上限、受到毒属性伤害降低	-1	0	1	1	
5944	5944	1000	PetSkill4_6				buff_龙塔祥瑞_红		脚下光圈点	0	0	0	1	0		赤火赐福：当前获得赤火赐福，您可开启赤火宝箱。	-1	0	1	1	
5945	5945	1000	PetSkill5_1				buff_龙塔祥瑞_绿		脚下光圈点	0	0	0	1	0		绿林赐福：当前获得绿林赐福，您可开启绿林宝箱。	-1	0	1	1	
5946	5946	1000	PetSkill5_2				buff_龙塔祥瑞_蓝		脚下光圈点	0	0	0	1	0		蓝海赐福：当前获得蓝海赐福，您可开启蓝海宝箱。	-1	0	1	1	
5947	5947	2200	ShenFenItem01_6				buff_制药相关_减玄抗		身体中心点	0	0	0	1	0		玄冥散：降低目标玄抗下限	-1	1	1	1	
5948	5948	2200	ShenFenItem01_7				buff_制药相关_减毒抗		身体中心点	0	0	0	1	0		毒霜丸：降低目标毒抗下限	-1	1	1	1	
5949	5949	2200	ShenFenItem01_8							0	0	0	1	0		明目丹：命中率增加	-1	0	1	1	
5950	5950	2200	ShenFenItem01_9							0	0	0	1	0		逸身散：闪避率增加	-1	0	1	1	
5951	5951	2200	ShenFenItem01_12							0	0	0	1	0		十全妙药：所有属性增加	-1	0	1	1	
5952	5952	2200	ShenFenItem01_13							0	0	0	1	0		明悟丹：会心率增加	-1	0	1	1	
5953	5953	2200	ShenFenItem01_14							0	0	0	1	0		断云散：会心一击伤害增加	-1	0	1	1	
5954	5954	2200	ShenFenItem01_3							0	0	0	1	0		健行散：移速增加	-1	0	1	1	
5955	5955	2200	ShenFenItem01_4				buff_制药相关_减冰抗		身体中心点	0	0	0	1	0		摧寒丹：降低目标冰抗下限	-1	1	1	1	
5956	5956	2200	ShenFenItem01_5				buff_制药相关_减火抗		身体中心点	0	0	0	1	0		炼焰丹：降低目标火抗下限	-1	1	1	1	
5957	5957	1000	CircularTaskTool90_9							0	0	0	0	0		当前无法放置小猫	-1	0	1	1	
5958	5958	1000	ShenFenItem05_11							0	0	0	0	0		被星火石影响，隐身效果暂时失效	-1	0	1	1	
5959	5959	1000	PetSkill4_6				npc_妖塔入口开启_火		身体中心点	0	0	0	0	0		已开启	-1	1	1	1	
5960	5960	1000	PetSkill5_1				npc_龙塔入口开启		身体中心点	0	0	0	0	0		已开启	-1	1	1	1	
5961	5961	7600	Buff0_11				hd_石灰包受击		头顶状态点	0	0	1	0	0		超级石灰包：昏迷，移动不能，操作不能，可被攻击，可被打醒	-1	0	1	1	
5962	5962	1000	Buff0_4				hj_boss巴蛇24_技能1流血buff		身体中心点	0	0	1	0	0		百毒万侵持续伤害	-1	0	1	1	
5963	5963	1000	Buff0_4				boss_横公24_流血buff		身体中心点	0	0	1	0	0		池鱼笼鸟持续伤害	-1	0	1	1	
5964	5964	1200	ShenFenItem03_6				buff_无敌药01		脚下光圈点	1	0	0	0	0		乾坤无极丹：无敌	-1	0	1	1	
5965	5965	1000	PetSkill4_6				npc_妖塔入口开启_木		身体中心点	0	0	0	0	0		已开启	-1	1	1	1	
5966	5966	1000	PetSkill4_6				npc_妖塔入口开启_水		身体中心点	0	0	0	0	0		已开启	-1	1	1	1	
5967	5967	1000	Buff0_4				boss_血鹫24_技能一流血buff		身体中心点	0	0	1	0	0		飞沙走石持续伤害	-1	0	1	1	
5968	5968	1000	ShenFenItem06_8				buff_工程加工相关_获得青龙战旗特效		脚下光圈点	0	0	0	0	0		范围内同小队少侠造成的伤害提升	-1	0	1	1	
5969	5969	1000	ShenFenItem06_10				buff_工程加工相关_获得白虎战旗特效		脚下光圈点	0	0	0	0	0		范围内同小队少侠命中率提升	-1	0	1	1	
5970	5970	1000	Buff0_11				boss_大司命_技能2_BUFF特效		身体受击点	0	0	1	0	0		盗影奉行特效	-1	0	1	1	
5971	5971	1000	Buff0_11				buff_工程加工相关_青龙战旗特效		脚下光圈点	0	0	0	0	0		青龙战旗特效	-1	0	1	1	
5972	5972	1000	Buff0_11				buff_白虎战旗特效		脚下光圈点	0	0	0	0	0		白虎战旗特效	-1	0	1	1	
5973	5973	1000	FightSkillTianShan_4				buff_工程加工相关_获得追风战旗特效		脚下光圈点	0	0	0	1	0		追风令旗：移动速度提升。	-1	0	1	1	
5974	5974	7500	FightSkillShaoLin2_3							0	0	0	1	0		霹雳子：免疫霹雳子的负面状态	-1	0	1	1	
5975	5975	2200	ShenFenItem03_7							0	1	0	1	0		辣椒炒肉：持续回血	-1	0	1	1	
5976	5976	2200	ShenFenItem03_8							0	1	0	1	0		油焖笋：持续回气	-1	0	1	1	
5977	5977	2200	ShenFenItem03_9							0	1	0	1	0		木须肉：增加血上限	-1	0	1	1	
5978	5978	2200	ShenFenItem03_10							0	1	0	1	0		肉末茄子：增加命中	-1	0	1	1	
5979	5979	2200	ShenFenItem03_14							0	1	0	1	0		叉烧肉：持续回血	-1	0	1	1	
5980	5980	2200	ShenFenItem10_2							0	1	0	1	0		香菇油菜：持续回气	-1	0	1	1	
5981	5981	2200	ShenFenItem03_15							0	1	0	1	0		酱油蒸肉：增加血上限	-1	0	1	1	
5982	5982	2200	ShenFenItem03_16							0	1	0	1	0		冰镇绿豆糕：增加冰攻击	-1	0	1	1	
5983	5983	2200	ShenFenItem04_1							0	1	0	1	0		红烧龙鲤鱼：增加火攻击	-1	0	1	1	
5984	5984	2200	ShenFenItem04_2							0	1	0	1	0		莲子海鲜羹：增加玄攻击	-1	0	1	1	
5985	5985	2200	ShenFenItem04_3							0	1	0	1	0		双椒炝菌丝：增加毒攻击	-1	0	1	1	
5986	5986	2200	ShenFenItem04_6							0	1	0	1	0		香煎鳕鱼：持续回血	-1	0	1	1	
5987	5987	2200	ShenFenItem04_7							0	1	0	1	0		清炒甘蓝：持续回气	-1	0	1	1	
5988	5988	2200	ShenFenItem04_8							0	1	0	1	0		板栗烧鸡：增加血上限	-1	0	1	1	
5989	5989	2200	ShenFenItem04_4							0	1	0	1	0		玉带虾仁：增加血上限、闪避	-1	0	1	1	
5990	5990	2200	ShenFenItem04_5							0	1	0	1	0		糖醋猪排：增加血上限、会心防御	-1	0	1	1	
5991	5991	2200	ShenFenItem05_7							0	1	0	1	0		金汤佛跳墙：增加血上限、受到伤害降低	-1	0	1	1	
5992	5992	2200	ShenFenItem01_15				buff_制药相关_减冰抗		身体中心点	0	1	0	1	0		上品摧寒丹：降低目标冰抗下限	-1	1	1	1	
5993	5993	2200	ShenFenItem01_16				buff_制药相关_减火抗		身体中心点	0	1	0	1	0		上品炼焰丹：降低目标火抗下限	-1	1	1	1	
5994	5994	2200	ShenFenItem02_1				buff_制药相关_减玄抗		身体中心点	0	1	0	1	0		上品玄冥散：降低目标玄抗下限	-1	1	1	1	
5995	5995	2200	ShenFenItem02_2				buff_制药相关_减毒抗		身体中心点	0	1	0	1	0		上品毒霜丸：降低目标毒抗下限	-1	1	1	1	
5996	5996	2200	ShenFenItem02_10				buff_制药相关_减冰抗		身体中心点	0	1	0	1	0		极品摧寒丹：降低目标冰抗下限	-1	1	1	1	
5997	5997	2200	ShenFenItem02_11				buff_制药相关_减火抗		身体中心点	0	1	0	1	0		极品炼焰丹：降低目标火抗下限	-1	1	1	1	
5998	5998	2200	ShenFenItem02_12				buff_制药相关_减玄抗		身体中心点	0	1	0	1	0		极品玄冥散：降低目标玄抗下限	-1	1	1	1	
5999	5999	2200	ShenFenItem02_13				buff_制药相关_减毒抗		身体中心点	0	1	0	1	0		极品毒霜丸：降低目标毒抗下限	-1	1	1	1	
6000	6000	2200	ShenFenItem02_6							0	1	0	1	0		凝神丸：增加命中率	-1	0	1	1	
6001	6001	2200	ShenFenItem02_7							0	1	0	1	0		神行散：增加闪避率	-1	0	1	1	
6002	6002	2200	ShenFenItem02_8							0	1	0	1	0		决心丹：增加会心率	-1	0	1	1	
6003	6003	2200	ShenFenItem02_9							0	1	0	1	0		破岳散：增加会心一击伤害	-1	0	1	1	
6004	6004	2200	ShenFenItem02_5							0	1	0	1	0		龙隐丹：进入隐身状态，移动速度降低	-1	0	1	1	
6005	99	2200	RideHeader11_5							0	0	0	1	0		坐骑：海波晏。您已激活的坐骑中最高移动速度+10%。	99	0	1	1	
6006	99	2200	RideHeader11_5							0	0	0	1	0		坐骑：海波晏。您已激活的坐骑中最高移动速度+20%。	99	0	1	1	
6007	99	2200	RideHeader11_5							0	0	0	1	0		坐骑：海波晏。您已激活的坐骑中最高移动速度+40%。	99	0	1	1	
6008	99	2200	RideHeader11_5							0	0	0	1	0		坐骑：海波晏。您已激活的坐骑中最高移动速度+70%。	99	0	1	1	
6009	99	2200	RideHeader11_5							0	0	0	1	0		坐骑：海波晏。您已激活的坐骑中最高移动速度+75%。	99	0	1	1	
6010	99	2200	RideHeader11_5							0	0	0	1	0		坐骑：海波晏。您已激活的坐骑中最高移动速度+80%。	99	0	1	1	
6011	99	2200	RideHeader11_5							0	0	0	1	0		坐骑：海波晏。您已激活的坐骑中最高移动速度+85%。	99	0	1	1	
6012	269	500	CircularTaskTool138_14	g01_buff108		脚下光圈点				0	0	0	1	0		流年韶景顾，风华为少年。正处于10岁至19岁，少年阶段。#r使用鼠标右键点击该图标可以解除此状态。	-1	0	1	1	
6013	269	500	CircularTaskTool138_14	g01_buff108		脚下光圈点				0	0	0	1	0		流年韶景顾，桃李正年华。正处于20岁至29岁，桃李阶段。#r使用鼠标右键点击该图标可以解除此状态。	-1	0	1	1	
6014	269	500	CircularTaskTool138_14	g01_buff108		脚下光圈点				0	0	0	1	0		流年韶景顾，而立亦可期。正处于30岁至39岁，而立阶段。#r使用鼠标右键点击该图标可以解除此状态。	-1	0	1	1	
6015	269	500	CircularTaskTool138_14	g01_buff108		脚下光圈点				0	0	0	1	0		流年韶景顾，不惑别风采。正处于40岁至49岁，不惑阶段。#r使用鼠标右键点击该图标可以解除此状态。	-1	0	1	1	
6016	269	500	CircularTaskTool138_14	g01_buff108		脚下光圈点				0	0	0	1	0		流年韶景顾，天命尤华章。正处于50岁至59岁，天命阶段。#r使用鼠标右键点击该图标可以解除此状态。	-1	0	1	1	
6017	6017	1000	Buff19_9				buff_阵营_白凤营		脚下光圈点	0	0	0	1	0		白凤营：作为白凤营的一员参与群雄逐鹿战场的战斗	-1	0	1	1	
6018	6018	1000	Buff19_8				buff_阵营_赤凤营		脚下光圈点	0	0	0	1	0		赤凤营：作为赤凤营的一员参与群雄逐鹿战场的战斗	-1	0	1	1	
6019	6019	1000	Buff19_7				buff_阵营_青凤营		脚下光圈点	0	0	0	1	0		青凤营：作为青凤营的一员参与群雄逐鹿战场的战斗	-1	0	1	1	
6020	6020	1000	Buff19_6				buff_阵营_玄凤营		脚下光圈点	0	0	0	1	0		玄凤营：作为玄凤营的一员参与群雄逐鹿战场的战斗	-1	0	1	1	
6021	99	2200	RideHeader9_16							0	0	0	1	0		坐骑：飞凰羽翼。您已激活的坐骑中最高移动速度+10%。	99	0	1	1	
6022	99	2200	RideHeader9_16							0	0	0	1	0		坐骑：飞凰羽翼。您已激活的坐骑中最高移动速度+20%。	99	0	1	1	
6023	99	2200	RideHeader9_16							0	0	0	1	0		坐骑：飞凰羽翼。您已激活的坐骑中最高移动速度+40%。	99	0	1	1	
6024	99	2200	RideHeader9_16							0	0	0	1	0		坐骑：飞凰羽翼。您已激活的坐骑中最高移动速度+70%。	99	0	1	1	
6025	99	2200	RideHeader9_16							0	0	0	1	0		坐骑：飞凰羽翼。您已激活的坐骑中最高移动速度+75%。	99	0	1	1	
6026	99	2200	RideHeader9_16							0	0	0	1	0		坐骑：飞凰羽翼。您已激活的坐骑中最高移动速度+80%。	99	0	1	1	
6027	99	2200	RideHeader9_16							0	0	0	1	0		坐骑：飞凰羽翼。您已激活的坐骑中最高移动速度+85%。	99	0	1	1	
6028	99	2200	RideHeader4_9							0	0	0	1	0		坐骑：暗魅鹰。您已激活的坐骑中最高移动速度+90%。	99	0	1	1	
6029	99	2200	RideHeader3_16							0	0	0	1	0		坐骑：巴天虎。您已激活的坐骑中最高移动速度+90%。	99	0	1	1	
6030	99	2200	RideHeader6_6							0	0	0	1	0		坐骑：霸世羽龙。您已激活的坐骑中最高移动速度+90%。	99	0	1	1	
6031	99	2200	RideHeader1_10							0	0	0	1	0		坐骑：白雕。您已激活的坐骑中最高移动速度+90%。	99	0	1	1	
6032	99	2200	RideHeader1_14							0	0	0	1	0		坐骑：白虎。您已激活的坐骑中最高移动速度+90%。	99	0	1	1	
6033	99	2200	RideHeader1_8							0	0	0	1	0		坐骑：白狼。您已激活的坐骑中最高移动速度+90%。	99	0	1	1	
6034	99	2200	RideHeader1_6							0	0	0	1	0		坐骑：白鹿。您已激活的坐骑中最高移动速度+90%。	99	0	1	1	
6035	99	2200	RideHeader1_12							0	0	0	1	0		坐骑：白骆驼。您已激活的坐骑中最高移动速度+90%。	99	0	1	1	
6036	99	2200	RideHeader1_4							0	0	0	1	0		坐骑：白牦牛。您已激活的坐骑中最高移动速度+90%。	99	0	1	1	
6037	99	2200	RideHeader2_4							0	0	0	1	0		坐骑：白狮。您已激活的坐骑中最高移动速度+90%。	99	0	1	1	
6038	99	2200	RideHeader2_15							0	0	0	1	0		坐骑：犀牛。您已激活的坐骑中最高移动速度+90%。	99	0	1	1	
6039	99	2200	RideHeader3_1							0	0	0	1	0		坐骑：白云。您已激活的坐骑中最高移动速度+90%。	99	0	1	1	
6040	99	2200	Ride2_5							0	0	0	1	0		坐骑：碧水金睛兽。您已激活的坐骑中最高移动速度+90%。	99	0	1	1	
6041	99	2200	RideHeader7_8							0	0	0	1	0		坐骑：彩凤呈祥。您已激活的坐骑中最高移动速度+90%。	99	0	1	1	
6042	99	2200	RideHeader5_12							0	0	0	1	0		坐骑：赤麟白泽。您已激活的坐骑中最高移动速度+90%。	99	0	1	1	
6043	99	2200	RideHeader4_8							0	0	0	1	0		坐骑：赤魅鹰。您已激活的坐骑中最高移动速度+90%。	99	0	1	1	
6044	99	2200	RideHeader11_3							0	0	0	1	0		坐骑：赤兔。您已激活的坐骑中最高移动速度+90%。	99	0	1	1	
6045	99	2200	RideHeader11_2							0	0	0	1	0		坐骑：赤影。您已激活的坐骑中最高移动速度+90%。	99	0	1	1	
6046	99	2200	CircularTaskTool90_3							0	0	0	1	0		坐骑：垂云翼。您已激活的坐骑中最高移动速度+90%。	99	0	1	1	
6047	99	2200	RideHeader5_2							0	0	0	1	0		坐骑：大漠金戈马。您已激活的坐骑中最高移动速度+90%。	99	0	1	1	
6048	99	2200	RideHeader9_16							0	0	0	1	0		坐骑：飞凰羽翼。您已激活的坐骑中最高移动速度+90%。	99	0	1	1	
6049	99	2200	RideHeader1_9							0	0	0	1	0		坐骑：雕。您已激活的坐骑中最高移动速度+90%。	99	0	1	1	
6050	99	2200	RideHeader3_15							0	0	0	1	0		坐骑：蝶羽。您已激活的坐骑中最高移动速度+90%。	99	0	1	1	
6051	99	2200	RideHeader4_14							0	0	0	1	0		坐骑：渡情。您已激活的坐骑中最高移动速度+90%。	99	0	1	1	
6052	99	2200	RideHeader7_9							0	0	0	1	0		坐骑：飞凰引梦。您已激活的坐骑中最高移动速度+90%。	99	0	1	1	
6053	99	2200	RideHeader2_7							0	0	0	1	0		坐骑：飞龙。您已激活的坐骑中最高移动速度+90%。	99	0	1	1	
6054	99	2200	RideHeader4_4							0	0	0	1	0		坐骑：飞龙椅。您已激活的坐骑中最高移动速度+90%。	99	0	1	1	
6055	99	2200	RideHeader11_4							0	0	0	1	0		坐骑：封霜仙客。您已激活的坐骑中最高移动速度+90%。	99	0	1	1	
6056	99	2200	RideHeader10_1							0	0	0	1	0		坐骑：凤凰座。您已激活的坐骑中最高移动速度+90%。	99	0	1	1	
6057	99	2200	RideHeader7_7							0	0	0	1	0		坐骑：凤栖云台。您已激活的坐骑中最高移动速度+90%。	99	0	1	1	
6058	99	2200	RideHeader10_14							0	0	0	1	0		坐骑：扶摇万里。您已激活的坐骑中最高移动速度+90%。	99	0	1	1	
6059	99	2200	RideHeader2_14							0	0	0	1	0		坐骑：符文骑士。您已激活的坐骑中最高移动速度+90%。	99	0	1	1	
6060	99	2200	RideHeader11_5							0	0	0	1	0		坐骑：海波晏。您已激活的坐骑中最高移动速度+90%。	99	0	1	1	
6061	99	2200	RideHeader9_11							0	0	0	1	0		坐骑：憨宝熊。您已激活的坐骑中最高移动速度+90%。	99	0	1	1	
6062	99	2200	Ride2_15							0	0	0	1	0		坐骑：河马。您已激活的坐骑中最高移动速度+90%。	99	0	1	1	
6063	99	2200	RideHeader2_2							0	0	0	1	0		坐骑：鹤。您已激活的坐骑中最高移动速度+90%。	99	0	1	1	
6064	99	2200	RideHeader6_16							0	0	0	1	0		坐骑：黑天马。您已激活的坐骑中最高移动速度+90%。	99	0	1	1	
6065	99	2200	RideHeader3_2							0	0	0	1	0		坐骑：黑土。您已激活的坐骑中最高移动速度+90%。	99	0	1	1	
6066	99	2200	RideHeader1_15							0	0	0	1	0		坐骑：红白凤。您已激活的坐骑中最高移动速度+90%。	99	0	1	1	
6067	99	2200	RideHeader4_15							0	0	0	1	0		坐骑：红熊王。您已激活的坐骑中最高移动速度+90%。	99	0	1	1	
6068	99	2200	RideHeader1_13							0	0	0	1	0		坐骑：虎。您已激活的坐骑中最高移动速度+90%。	99	0	1	1	
6069	99	2200	Ride2_7							0	0	0	1	0		坐骑：花车。您已激活的坐骑中最高移动速度+90%。	99	0	1	1	
6070	99	2200	RideHeader1_1							0	0	0	1	0		坐骑：黄骠马。您已激活的坐骑中最高移动速度+90%。	99	0	1	1	
6071	99	2200	RideHeader1_7							0	0	0	1	0		坐骑：灰狼。您已激活的坐骑中最高移动速度+90%。	99	0	1	1	
6072	99	2200	RideHeader4_5							0	0	0	1	0		坐骑：火焰貂。您已激活的坐骑中最高移动速度+90%。	99	0	1	1	
6073	99	2200	RideHeader10_9							0	0	0	1	0		坐骑：寄居蟹。您已激活的坐骑中最高移动速度+90%。	99	0	1	1	
6074	99	2200	RideHeader5_1							0	0	0	1	0		坐骑：江南锁甲马。您已激活的坐骑中最高移动速度+90%。	99	0	1	1	
6075	99	2200	RideHeader2_1							0	0	0	1	0		坐骑：金翼鹤。您已激活的坐骑中最高移动速度+90%。	99	0	1	1	
6076	99	2200	RideHeader2_16							0	0	0	1	0		坐骑：巨人。您已激活的坐骑中最高移动速度+90%。	99	0	1	1	
6077	99	2200	RideHeader3_3							0	0	0	1	0		坐骑：巨猿。您已激活的坐骑中最高移动速度+90%。	99	0	1	1	
6078	99	2200	RideHeader4_11							0	0	0	1	0		坐骑：绝地。您已激活的坐骑中最高移动速度+90%。	99	0	1	1	
6079	99	2200	RideHeader6_8							0	0	0	1	0		坐骑：绝云焱龙。您已激活的坐骑中最高移动速度+90%。	99	0	1	1	
6080	99	2200	RideHeader10_10							0	0	0	1	0		坐骑：昆仑雪猿。您已激活的坐骑中最高移动速度+90%。	99	0	1	1	
6081	99	2200	RideHeader4_7							0	0	0	1	0		坐骑：雷刃兽。您已激活的坐骑中最高移动速度+90%。	99	0	1	1	
6082	99	2200	RideHeader3_12							0	0	0	1	0		坐骑：烈焰狮。您已激活的坐骑中最高移动速度+90%。	99	0	1	1	
6083	99	2200	RideHeader10_11							0	0	0	1	0		坐骑：烈焰追风。您已激活的坐骑中最高移动速度+90%。	99	0	1	1	
6084	99	2200	RideHeader10_6							0	0	0	1	0		坐骑：灵鹄。您已激活的坐骑中最高移动速度+90%。	99	0	1	1	
6085	99	2200	RideHeader5_13							0	0	0	1	0		坐骑：凌霄。您已激活的坐骑中最高移动速度+90%。	99	0	1	1	
6086	99	2200	RideHeader10_2							0	0	0	1	0		坐骑：翎月椅。您已激活的坐骑中最高移动速度+90%。	99	0	1	1	
6087	99	2200	RideHeader4_1							0	0	0	1	0		坐骑：羚羊。您已激活的坐骑中最高移动速度+90%。	99	0	1	1	
6088	99	2200	RideHeader7_6							0	0	0	1	0		坐骑：流霜灵驹。您已激活的坐骑中最高移动速度+90%。	99	0	1	1	
6089	99	2200	RideHeader3_5							0	0	0	1	0		坐骑：琉璃凤。您已激活的坐骑中最高移动速度+90%。	99	0	1	1	
6090	99	2200	RideHeader4_13							0	0	0	1	0		坐骑：六合舆。您已激活的坐骑中最高移动速度+90%。	99	0	1	1	
6091	99	2200	RideHeader3_10							0	0	0	1	0		坐骑：龙血马。您已激活的坐骑中最高移动速度+90%。	99	0	1	1	
6092	99	2200	RideHeader1_9							0	0	0	1	0		坐骑：陆行雕。您已激活的坐骑中最高移动速度+90%。	99	0	1	1	
6093	99	2200	RideHeader1_9							0	0	0	1	0		坐骑：陆行雕。您已激活的坐骑中最高移动速度+90%。	99	0	1	1	
6094	99	2200	RideHeader2_10							0	0	0	1	0		坐骑：陆吾。您已激活的坐骑中最高移动速度+90%。	99	0	1	1	
6095	99	2200	RideHeader2_10							0	0	0	1	0		坐骑：陆吾。您已激活的坐骑中最高移动速度+90%。	99	0	1	1	
6096	99	2200	RideHeader1_5							0	0	0	1	0		坐骑：鹿。您已激活的坐骑中最高移动速度+90%。	99	0	1	1	
6097	99	2200	RideHeader1_11							0	0	0	1	0		坐骑：骆驼。您已激活的坐骑中最高移动速度+90%。	99	0	1	1	
6098	99	2200	Ride2_11							0	0	0	1	0		坐骑：马车。您已激活的坐骑中最高移动速度+90%。	99	0	1	1	
6099	99	2200	RideHeader1_3							0	0	0	1	0		坐骑：牦牛。您已激活的坐骑中最高移动速度+90%。	99	0	1	1	
6100	99	2200	RideHeader9_5							0	0	0	1	0		坐骑：梦灵仙驹。您已激活的坐骑中最高移动速度+90%。	99	0	1	1	
6101	99	2200	RideHeader2_13							0	0	0	1	0		坐骑：木牛流马。您已激活的坐骑中最高移动速度+90%。	99	0	1	1	
6102	99	2200	Ride2_6							0	0	0	1	0		坐骑：年兽。您已激活的坐骑中最高移动速度+90%。	99	0	1	1	
6103	99	2200	RideHeader4_12							0	0	0	1	0		坐骑：蹑景。您已激活的坐骑中最高移动速度+90%。	99	0	1	1	
6104	99	2200	RideHeader4_12							0	0	0	1	0		坐骑：蹑景·典藏。您已激活的坐骑中最高移动速度+90%。	99	0	1	1	
6105	99	2200	RideHeader3_9							0	0	0	1	0		坐骑：七彩鹿。您已激活的坐骑中最高移动速度+90%。	99	0	1	1	
6106	99	2200	RideHeader11_1							0	0	0	1	0		坐骑：绮梦蝶。您已激活的坐骑中最高移动速度+90%。	99	0	1	1	
6107	99	2200	RideHeader1_2							0	0	0	1	0		坐骑：青白骢马。您已激活的坐骑中最高移动速度+90%。	99	0	1	1	
6108	99	2200	RideHeader1_16							0	0	0	1	0		坐骑：青凤。您已激活的坐骑中最高移动速度+90%。	99	0	1	1	
6109	99	2200	RideHeader5_13							0	0	0	1	0		坐骑：青麟白泽。您已激活的坐骑中最高移动速度+90%。	99	0	1	1	
6110	99	2200	RideHeader3_11							0	0	0	1	0		坐骑：青牦牛。您已激活的坐骑中最高移动速度+90%。	99	0	1	1	
6111	99	2200	RideHeader6_7							0	0	0	1	0		坐骑：青翼战龙。您已激活的坐骑中最高移动速度+90%。	99	0	1	1	
6112	99	2200	RideHeader4_16							0	0	0	1	0		坐骑：清客摇。您已激活的坐骑中最高移动速度+90%。	99	0	1	1	
6113	99	2200	RideHeader3_7							0	0	0	1	0		坐骑：如意虎。您已激活的坐骑中最高移动速度+90%。	99	0	1	1	
6114	99	2200	RideHeader2_8							0	0	0	1	0		坐骑：如意熊。您已激活的坐骑中最高移动速度+90%。	99	0	1	1	
6115	99	2200	RideHeader3_6							0	0	0	1	0		坐骑：瑞莲鹤。您已激活的坐骑中最高移动速度+90%。	99	0	1	1	
6116	99	2200	RideHeader3_14							0	0	0	1	0		坐骑：闪电貂。您已激活的坐骑中最高移动速度+90%。	99	0	1	1	
6117	99	2200	RideHeader10_12							0	0	0	1	0		坐骑：圣夜巡礼花车。您已激活的坐骑中最高移动速度+90%。	99	0	1	1	
6118	99	2200	CircularTaskTool90_13							0	0	0	1	0		坐骑：圣诞驯鹿。您已激活的坐骑中最高移动速度+90%。	99	0	1	1	
6119	99	2200	RideHeader2_3							0	0	0	1	0		坐骑：狮子。您已激活的坐骑中最高移动速度+90%。	99	0	1	1	
6120	99	2200	RideHeader10_15							0	0	0	1	0		坐骑：拾光恋羽。您已激活的坐骑中最高移动速度+90%。	99	0	1	1	
6121	99	2200	RideHeader7_12							0	0	0	1	0		坐骑：曙光荧翼。您已激活的坐骑中最高移动速度+90%。	99	0	1	1	
6122	99	2200	Ride2_16							0	0	0	1	0		坐骑：冥羽。您已激活的坐骑中最高移动速度+90%。	99	0	1	1	
6123	99	2200	RideHeader6_14							0	0	0	1	0		坐骑：天河灵鹊。您已激活的坐骑中最高移动速度+90%。	99	0	1	1	
6124	99	2200	Ride2_13							0	0	0	1	0		坐骑：天马。您已激活的坐骑中最高移动速度+90%。	99	0	1	1	
6125	99	2200	Ride2_12							0	0	0	1	0		坐骑：雪羽。您已激活的坐骑中最高移动速度+90%。	99	0	1	1	
6126	99	2200	Ride2_9							0	0	0	1	0		坐骑：兔子。您已激活的坐骑中最高移动速度+90%。	99	0	1	1	
6127	99	2200	RideHeader2_11							0	0	0	1	0		坐骑：鸵鸟。您已激活的坐骑中最高移动速度+90%。	99	0	1	1	
6128	99	2200	RideHeader10_7							0	0	0	1	0		坐骑：问情鹄。您已激活的坐骑中最高移动速度+90%。	99	0	1	1	
6129	99	2200	Ride2_14							0	0	0	1	0		坐骑：舞狮。您已激活的坐骑中最高移动速度+90%。	99	0	1	1	
6130	99	2200	RideHeader3_4							0	0	0	1	0		坐骑：鹜影雕。您已激活的坐骑中最高移动速度+90%。	99	0	1	1	
6131	99	2200	RideHeader10_8							0	0	0	1	0		坐骑：衔月鹄。您已激活的坐骑中最高移动速度+90%。	99	0	1	1	
6132	99	2200	RideHeader2_6							0	0	0	1	0		坐骑：象。您已激活的坐骑中最高移动速度+90%。	99	0	1	1	
6133	99	2200	RideHeader10_13							0	0	0	1	0		坐骑：小虎嗷呜。您已激活的坐骑中最高移动速度+90%。	99	0	1	1	
6134	99	2200	RideHeader2_9							0	0	0	1	0		坐骑：熊。您已激活的坐骑中最高移动速度+90%。	99	0	1	1	
6135	99	2200	RideHeader4_6							0	0	0	1	0		坐骑：熊猫。您已激活的坐骑中最高移动速度+90%。	99	0	1	1	
6136	99	2200	RideHeader2_12							0	0	0	1	0		坐骑：玄龟。您已激活的坐骑中最高移动速度+90%。	99	0	1	1	
6137	99	2200	Ride2_8							0	0	0	1	0		坐骑：旋转木马。您已激活的坐骑中最高移动速度+90%。	99	0	1	1	
6138	99	2200	RideHeader4_2							0	0	0	1	0		坐骑：雪羚羊。您已激活的坐骑中最高移动速度+90%。	99	0	1	1	
6139	99	2200	Ride2_3							0	0	0	1	0		坐骑：雪橇。您已激活的坐骑中最高移动速度+90%。	99	0	1	1	
6140	99	2200	Ride2_10							0	0	0	1	0		坐骑：驯鹿。您已激活的坐骑中最高移动速度+90%。	99	0	1	1	
6141	99	2200	RideHeader10_3							0	0	0	1	0		坐骑：雁门风华。您已激活的坐骑中最高移动速度+90%。	99	0	1	1	
6142	99	2200	RideHeader7_2							0	0	0	1	0		坐骑：羊驼。您已激活的坐骑中最高移动速度+90%。	99	0	1	1	
6143	99	2200	RideHeader7_11							0	0	0	1	0		坐骑：夜霞赤羽。您已激活的坐骑中最高移动速度+90%。	99	0	1	1	
6144	99	2200	RideHeader10_5							0	0	0	1	0		坐骑：银汉浮梁。您已激活的坐骑中最高移动速度+90%。	99	0	1	1	
6145	99	2200	RideHeader3_8							0	0	0	1	0		坐骑：银月狼。您已激活的坐骑中最高移动速度+90%。	99	0	1	1	
6146	99	2200	RideHeader4_3							0	0	0	1	0		坐骑：幽光羚。您已激活的坐骑中最高移动速度+90%。	99	0	1	1	
6147	99	2200	RideHeader10_16							0	0	0	1	0		坐骑：玉蝶乘绡。您已激活的坐骑中最高移动速度+90%。	99	0	1	1	
6148	99	2200	RideHeader8_8							0	0	0	1	0		坐骑：云霄羽翼。您已激活的坐骑中最高移动速度+90%。	99	0	1	1	
6149	99	2200	Ride2_4							0	0	0	1	0		坐骑：紫电。您已激活的坐骑中最高移动速度+90%。	99	0	1	1	
6150	99	2200	RideHeader4_10							0	0	0	1	0		坐骑：紫魅鹰。您已激活的坐骑中最高移动速度+90%。	99	0	1	1	
6151	99	2200	RideHeader3_13							0	0	0	1	0		翅膀：幻羽。您已激活的坐骑中最高移动速度+90%。	99	0	1	1	
6152	99	2200	RideHeader7_10							0	0	0	1	0		飞龙：幽夜。您已激活的坐骑中最高移动速度+90%。	99	0	1	1	
6153	99	2200	CircularTaskTool62_11							0	0	0	1	0		坐骑：天乌骓·泣血。您已激活的坐骑中最高移动速度+10%。	99	0	1	1	
6154	99	2200	CircularTaskTool62_11							0	0	0	1	0		坐骑：天乌骓·泣血。您已激活的坐骑中最高移动速度+20%。	99	0	1	1	
6155	99	2200	CircularTaskTool62_11							0	0	0	1	0		坐骑：天乌骓·泣血。您已激活的坐骑中最高移动速度+40%。	99	0	1	1	
6156	99	2200	CircularTaskTool62_11							0	0	0	1	0		坐骑：天乌骓·泣血。您已激活的坐骑中最高移动速度+70%。	99	0	1	1	
6157	99	2200	CircularTaskTool62_11							0	0	0	1	0		坐骑：天乌骓·泣血。您已激活的坐骑中最高移动速度+75%。	99	0	1	1	
6158	99	2200	CircularTaskTool62_11							0	0	0	1	0		坐骑：天乌骓·泣血。您已激活的坐骑中最高移动速度+80%。	99	0	1	1	
6159	99	2200	CircularTaskTool62_11							0	0	0	1	0		坐骑：天乌骓·泣血。您已激活的坐骑中最高移动速度+85%。	99	0	1	1	
6160	99	2200	CircularTaskTool62_11							0	0	0	1	0		坐骑：天乌骓·泣血。您已激活的坐骑中最高移动速度+90%。	99	0	1	1	
6161	99	2200	CircularTaskTool62_12							0	0	0	1	0		坐骑：天乌骓·流光。您已激活的坐骑中最高移动速度+10%。	99	0	1	1	
6162	99	2200	CircularTaskTool62_12							0	0	0	1	0		坐骑：天乌骓·流光。您已激活的坐骑中最高移动速度+20%。	99	0	1	1	
6163	99	2200	CircularTaskTool62_12							0	0	0	1	0		坐骑：天乌骓·流光。您已激活的坐骑中最高移动速度+40%。	99	0	1	1	
6164	99	2200	CircularTaskTool62_12							0	0	0	1	0		坐骑：天乌骓·流光。您已激活的坐骑中最高移动速度+70%。	99	0	1	1	
6165	99	2200	CircularTaskTool62_12							0	0	0	1	0		坐骑：天乌骓·流光。您已激活的坐骑中最高移动速度+75%。	99	0	1	1	
6166	99	2200	CircularTaskTool62_12							0	0	0	1	0		坐骑：天乌骓·流光。您已激活的坐骑中最高移动速度+80%。	99	0	1	1	
6167	99	2200	CircularTaskTool62_12							0	0	0	1	0		坐骑：天乌骓·流光。您已激活的坐骑中最高移动速度+85%。	99	0	1	1	
6168	99	2200	CircularTaskTool62_12							0	0	0	1	0		坐骑：天乌骓·流光。您已激活的坐骑中最高移动速度+90%。	99	0	1	1	
6169	99	2200	CircularTaskTool62_15							0	0	0	1	0		坐骑：天乌骓·破浪。您已激活的坐骑中最高移动速度+10%。	99	0	1	1	
6170	99	2200	CircularTaskTool62_15							0	0	0	1	0		坐骑：天乌骓·破浪。您已激活的坐骑中最高移动速度+20%。	99	0	1	1	
6171	99	2200	CircularTaskTool62_15							0	0	0	1	0		坐骑：天乌骓·破浪。您已激活的坐骑中最高移动速度+40%。	99	0	1	1	
6172	99	2200	CircularTaskTool62_15							0	0	0	1	0		坐骑：天乌骓·破浪。您已激活的坐骑中最高移动速度+70%。	99	0	1	1	
6173	99	2200	CircularTaskTool62_15							0	0	0	1	0		坐骑：天乌骓·破浪。您已激活的坐骑中最高移动速度+75%。	99	0	1	1	
6174	99	2200	CircularTaskTool62_15							0	0	0	1	0		坐骑：天乌骓·破浪。您已激活的坐骑中最高移动速度+80%。	99	0	1	1	
6175	99	2200	CircularTaskTool62_15							0	0	0	1	0		坐骑：天乌骓·破浪。您已激活的坐骑中最高移动速度+85%。	99	0	1	1	
6176	99	2200	CircularTaskTool62_15							0	0	0	1	0		坐骑：天乌骓·破浪。您已激活的坐骑中最高移动速度+90%。	99	0	1	1	
6177	99	2200	CircularTaskTool62_16							0	0	0	1	0		坐骑：天乌骓·裂影。您已激活的坐骑中最高移动速度+10%。	99	0	1	1	
6178	99	2200	CircularTaskTool62_16							0	0	0	1	0		坐骑：天乌骓·裂影。您已激活的坐骑中最高移动速度+20%。	99	0	1	1	
6179	99	2200	CircularTaskTool62_16							0	0	0	1	0		坐骑：天乌骓·裂影。您已激活的坐骑中最高移动速度+40%。	99	0	1	1	
6180	99	2200	CircularTaskTool62_16							0	0	0	1	0		坐骑：天乌骓·裂影。您已激活的坐骑中最高移动速度+70%。	99	0	1	1	
6181	99	2200	CircularTaskTool62_16							0	0	0	1	0		坐骑：天乌骓·裂影。您已激活的坐骑中最高移动速度+75%。	99	0	1	1	
6182	99	2200	CircularTaskTool62_16							0	0	0	1	0		坐骑：天乌骓·裂影。您已激活的坐骑中最高移动速度+80%。	99	0	1	1	
6183	99	2200	CircularTaskTool62_16							0	0	0	1	0		坐骑：天乌骓·裂影。您已激活的坐骑中最高移动速度+85%。	99	0	1	1	
6184	99	2200	CircularTaskTool62_16							0	0	0	1	0		坐骑：天乌骓·裂影。您已激活的坐骑中最高移动速度+90%。	99	0	1	1	
6217	99	2200	CircularTaskTool62_13							0	0	0	1	0		坐骑：乌骓。您已激活的坐骑中最高移动速度+10%。	99	0	1	1	
6218	99	2200	CircularTaskTool62_13							0	0	0	1	0		坐骑：乌骓。您已激活的坐骑中最高移动速度+20%。	99	0	1	1	
6219	99	2200	CircularTaskTool62_13							0	0	0	1	0		坐骑：乌骓。您已激活的坐骑中最高移动速度+40%。	99	0	1	1	
6220	99	2200	CircularTaskTool62_13							0	0	0	1	0		坐骑：乌骓。您已激活的坐骑中最高移动速度+70%。	99	0	1	1	
6221	99	2200	CircularTaskTool62_13							0	0	0	1	0		坐骑：乌骓。您已激活的坐骑中最高移动速度+75%。	99	0	1	1	
6222	99	2200	CircularTaskTool62_13							0	0	0	1	0		坐骑：乌骓。您已激活的坐骑中最高移动速度+80%。	99	0	1	1	
6223	99	2200	CircularTaskTool62_13							0	0	0	1	0		坐骑：乌骓。您已激活的坐骑中最高移动速度+85%。	99	0	1	1	
6224	99	2200	CircularTaskTool62_13							0	0	0	1	0		坐骑：乌骓。您已激活的坐骑中最高移动速度+90%。	99	0	1	1	
6225	150	7600	FightSkillEMei2_4				g01_buff118_01		身体受击点	0	0	0	1	0		状态，无敌，但是无法使用门派技能	-1	0	1	1	
6226	6226	1000	Weapon2Skill2_10				SB_通用技能_释情护佑		脚下光圈点	0	0	0	1	0		护盾：吸收100%伤害	-1	0	1	1	
6227	100	1000	FightSkillGaiBang1_4				g01_buff10		脚下光圈点	0	0	0	1	0		增加移动速度	-1	0	1	1	
6228	6228	1000	Buff0_11				boss_大司命_技能2_BUFF特效		身体受击点	0	0	1	0	0		盗影横行特效	-1	0	1	1	
6229	6229	2200	Buff0_11				buff_打卡采灵_灵气状态_低		脚下光圈点	0	0	0	0	0		灵气空乏	-1	1	1	1	
6230	6230	2200	Buff0_11				buff_打卡采灵_灵气状态_中		脚下光圈点	0	0	0	0	0		灵气少许	-1	1	1	1	
6231	6231	2200	Buff0_11				buff_打卡采灵_灵气状态_高		脚下光圈点	0	0	0	0	0		灵气充盈	-1	1	1	1	
6232	99	2200	RideHeader4_1							0	0	0	1	0		坐骑：踏焰山尊。您已激活的坐骑中最高移动速度+10%。	99	0	1	1	
6233	99	2200	RideHeader4_1							0	0	0	1	0		坐骑：踏焰山尊。您已激活的坐骑中最高移动速度+20%。	99	0	1	1	
6234	99	2200	RideHeader4_1							0	0	0	1	0		坐骑：踏焰山尊。您已激活的坐骑中最高移动速度+40%。	99	0	1	1	
6235	99	2200	RideHeader4_1							0	0	0	1	0		坐骑：踏焰山尊。您已激活的坐骑中最高移动速度+70%。	99	0	1	1	
6236	99	2200	RideHeader4_1							0	0	0	1	0		坐骑：踏焰山尊。您已激活的坐骑中最高移动速度+75%。	99	0	1	1	
6237	99	2200	RideHeader4_1							0	0	0	1	0		坐骑：踏焰山尊。您已激活的坐骑中最高移动速度+80%。	99	0	1	1	
6238	99	2200	RideHeader4_1							0	0	0	1	0		坐骑：踏焰山尊。您已激活的坐骑中最高移动速度+85%。	99	0	1	1	
6239	99	2200	RideHeader4_1							0	0	0	1	0		坐骑：踏焰山尊。您已激活的坐骑中最高移动速度+90%。	99	0	1	1	
6240	99	2200	RideHeader4_1							0	0	0	1	0		坐骑：踏焰山尊·典藏。您已激活的坐骑中最高移动速度+10%。	99	0	1	1	
6241	99	2200	RideHeader4_1							0	0	0	1	0		坐骑：踏焰山尊·典藏。您已激活的坐骑中最高移动速度+20%。	99	0	1	1	
6242	99	2200	RideHeader4_1							0	0	0	1	0		坐骑：踏焰山尊·典藏。您已激活的坐骑中最高移动速度+40%。	99	0	1	1	
6243	99	2200	RideHeader4_1							0	0	0	1	0		坐骑：踏焰山尊·典藏。您已激活的坐骑中最高移动速度+70%。	99	0	1	1	
6244	99	2200	RideHeader4_1							0	0	0	1	0		坐骑：踏焰山尊·典藏。您已激活的坐骑中最高移动速度+75%。	99	0	1	1	
6245	99	2200	RideHeader4_1							0	0	0	1	0		坐骑：踏焰山尊·典藏。您已激活的坐骑中最高移动速度+80%。	99	0	1	1	
6246	99	2200	RideHeader4_1							0	0	0	1	0		坐骑：踏焰山尊·典藏。您已激活的坐骑中最高移动速度+85%。	99	0	1	1	
6247	99	2200	RideHeader4_1							0	0	0	1	0		坐骑：踏焰山尊·典藏。您已激活的坐骑中最高移动速度+90%。	99	0	1	1	
6248	269	1000	CommonNPCHeader21_19							0	0	0	1	0		换上跑堂伙计的行头，帮忙制作粽子大餐。	-1	0	1	1	
6249	6249	1000	Buff19_4				buff_端午打卡_店小二_表情_甜		身体中心点	0	0	0	0	0		白如细沙，尝起来甜甜的。	-1	0	1	1	
6250	6250	1000	Buff19_5				buff_端午打卡_店小二_表情_咸		身体中心点	0	0	0	0	0		白如细沙，尝起来咸咸的。	-1	0	1	1	
6251	6251	1000	HuoDongSkill4_5				buff_端午打卡_店小二_疾跑		脚下光圈点	0	0	0	0	0		冲刺：当前移动速增加80%	-1	1	1	1	
6252	6252	1000	Buff1_4							0	0	0	1	0		被七星蜃海击中处于减速状态。	-1	0	1	1	
6253	6253	100	HuoDongSkill4_6							0	0	0	0	0		清单剩余时间	-1	0	1	1	
6254	6254	1000	Buff16_4				buff_新杀星_残月噬光		身体中心点	0	0	0	0	0		您受到残月噬光的影响，造成的伤害降低。	-1	0	1	1	
6255	6255	9000	FightSkillXiaoYao_15							0	1	1	0	0		七伤放大	-1	0	1	1	
6256	6256	1000	Buff16_4				buff_新杀星_残星共暗		身体中心点	0	0	0	0	0		您受到残星共暗的影响，造成的伤害降低。	-1	0	1	1	
6257	6257	1450	Buff5_9							0	0	0	0	0		您受到蚀影乱心的影响，变为煞乱傀儡，无法自由行动。	-1	0	1	1	
6258	6258	1450	Buff5_9							0	0	0	1	0		心控光环	-1	0	1	1	
6259	6259	1000	Buff13_5				buff_新杀星_引雷柱连线		身体中心点	0	0	0	0	1	身体中心点	被雷嗔电怒选中，需所有被选中少侠一起前往阵法处解除	-1	0	1	1	
6260	6260	1000	Buff13_5				buff_新杀星_引雷柱连线伤害		身体中心点	0	0	0	0	1		您受到雷嗔电怒影响，正持续收到雷电伤害。	-1	0	1	1	
6261	6261	1000	Buff15_13				buff_新杀星_烈焰焚心_预警		脚下光圈点	0	1	1	0	0		您受到烈焰焚心的影响，即将被邪炎点燃，请远离队友。	-1	0	1	1	
6262	6262	1000	Buff19_10				boss_龙塔boss_天从龙愿buff		脚下光圈点	0	0	0	0	0		邪龙令使当前受到龙佑庇护免疫冰、火、毒、玄属性伤害	-1	0	1	1	
6263	6263	7600	DWJinJie01_1							0	0	0	1	0		废弃	-1	0	1	1	
6264	6264	1000	DWJinJie02_5							0	0	0	0	0		废弃	-1	0	1	1	
6265	99	2200	RideHeader11_6							0	0	0	1	0		坐骑：苍山寒梦。您已激活的坐骑中最高移动速度+10%。	99	0	1	1	
6266	99	2200	RideHeader11_6							0	0	0	1	0		坐骑：苍山寒梦。您已激活的坐骑中最高移动速度+20%。	99	0	1	1	
6267	99	2200	RideHeader11_6							0	0	0	1	0		坐骑：苍山寒梦。您已激活的坐骑中最高移动速度+40%。	99	0	1	1	
6268	99	2200	RideHeader11_6							0	0	0	1	0		坐骑：苍山寒梦。您已激活的坐骑中最高移动速度+70%。	99	0	1	1	
6269	99	2200	RideHeader11_6							0	0	0	1	0		坐骑：苍山寒梦。您已激活的坐骑中最高移动速度+75%。	99	0	1	1	
6270	99	2200	RideHeader11_6							0	0	0	1	0		坐骑：苍山寒梦。您已激活的坐骑中最高移动速度+80%。	99	0	1	1	
6271	99	2200	RideHeader11_6							0	0	0	1	0		坐骑：苍山寒梦。您已激活的坐骑中最高移动速度+85%。	99	0	1	1	
6272	99	2200	RideHeader11_6							0	0	0	1	0		坐骑：苍山寒梦。您已激活的坐骑中最高移动速度+90%。	99	0	1	1	
6273	1	1000	Buff19_11							1	0	0	0	0		您的队伍已占领战旗	-1	0	1	1	
6274	6274	1000	Buff16_4				buff_新杀星_残月噬光		身体中心点	0	0	0	0	0		您受到残月噬光的影响，造成的伤害降低。	-1	0	1	1	
6275	6275	1000	Buff16_4				buff_新杀星_残月噬光		身体中心点	0	0	0	0	0		您受到残月噬光的影响，造成的伤害降低。	-1	0	1	1	
6276	6276	1000	Buff16_4				buff_新杀星_残星共暗		身体中心点	0	0	0	0	0		您受到残星共暗的影响，造成的伤害降低。	-1	0	1	1	
6277	6277	1000	Buff16_4				buff_新杀星_残星共暗		身体中心点	0	0	0	0	0		您受到残星共暗的影响，造成的伤害降低。	-1	0	1	1	
6278	6278	1000	Buff0_16				boss_杀星副本_寒气入体buff		脚下光圈点	0	0	0	0	0		您受到暴雪侵蚀的效果，治疗效果削弱60%。	-1	0	1	1	
6279	6279	1000	Buff11_2				boss_李逵_杀气瘟疫buff6米		脚下光圈点	0	0	0	0	0		杀气瘟疫:受到伤害提升38%。范围5米内的队友以及珍兽会受到每2秒6%的伤害，并且染上杀气瘟疫。	-1	0	1	1	
6280	6280	1000	PetSkill5_16	cw_xixue		身体受击点				0	0	0	0	0		吸血：攻击时吸取对敌人造成伤害的35%转换为生命值	-1	0	1	1	
6281	6281	1000	PetSkill5_16							0	0	0	0	0		七伤：杀星的全部伤害增加。	-1	0	1	1	
6282	6282	1000	PetSkill5_16							0	0	0	0	0		七伤：杀星的全部伤害增加。	-1	0	1	1	
6283	6283	1000	PetSkill5_16							0	0	0	0	0		七伤：杀星的全部伤害增加。	-1	0	1	1	
6284	6284	2200	Buff0_11				buff_打卡采灵_采集灵气		左武器绑定点	0	0	0	0	0		灵气采集	-1	0	1	1	
6285	99	2200	RideHeader7_13							0	0	0	1	0		坐骑：驼铃声声。您已激活的坐骑中最高移动速度+10%。	99	0	1	1	
6286	99	2200	RideHeader7_13							0	0	0	1	0		坐骑：驼铃声声。您已激活的坐骑中最高移动速度+20%。	99	0	1	1	
6287	99	2200	RideHeader7_13							0	0	0	1	0		坐骑：驼铃声声。您已激活的坐骑中最高移动速度+40%。	99	0	1	1	
6288	99	2200	RideHeader7_13							0	0	0	1	0		坐骑：驼铃声声。您已激活的坐骑中最高移动速度+70%。	99	0	1	1	
6289	99	2200	RideHeader7_13							0	0	0	1	0		坐骑：驼铃声声。您已激活的坐骑中最高移动速度+75%。	99	0	1	1	
6290	99	2200	RideHeader7_13							0	0	0	1	0		坐骑：驼铃声声。您已激活的坐骑中最高移动速度+80%。	99	0	1	1	
6291	99	2200	RideHeader7_13							0	0	0	1	0		坐骑：驼铃声声。您已激活的坐骑中最高移动速度+85%。	99	0	1	1	
6292	99	2200	RideHeader7_13							0	0	0	1	0		坐骑：驼铃声声。您已激活的坐骑中最高移动速度+90%。	99	0	1	1	
6293	6293	1000	Buff13_5				buff_boss逸_阴阳无咎_红线		脚下光圈点	0	0	0	0	1	脚下光圈点	您与连线之人的阴阳状态相同，请您速速远离。	-1	1	1	1	
6294	6294	1000	Buff13_5				buff_boss逸_阴阳无咎_绿线		脚下光圈点	0	0	0	0	1	脚下光圈点	您与连线之人的阴阳状态不同，请您速速靠近。	-1	1	1	1	
6295	6295	2200	Buff26_8				HJ_buff_日常副本新机制_太阴		脚下光圈点	0	0	0	0	0		您当前被分身标记为阴状态，注意场地内其他玩家的阴阳状态。	-1	1	1	1	
6296	6296	2200	Buff26_7				HJ_buff_日常副本新机制_太阳		脚下光圈点	0	0	0	0	0		您当前被分身标记为阳状态，注意场地内其他玩家的阴阳状态。	-1	1	1	1	
6297	269	500	CommonNPCHeader53_8							0	0	0	1	0		菩提老祖都不知道谁是真唐僧。	-1	0	1	1	
6298	269	500	CommonNPCHeader53_12							0	0	0	1	0		手拎被唠叨晕了的牛先锋，本大侠正要去邀功。	-1	0	1	1	
6299	269	500	CommonNPCHeader53_13							0	0	0	1	0		手拎被唠叨晕了的牛头领，本大侠正要去邀功。	-1	0	1	1	
6300	269	500	CommonNPCHeader53_14							0	0	0	1	0		手拎被唠叨晕了的牛斥候，本大侠正要去邀功。	-1	0	1	1	
6301	6301	500	HuoDongSkill5_1				buff_2025珍兽打卡_快跑		脚下光圈点	0	0	0	0	0		快快快跑：移速提升。	-1	1	1	1	
6302	6302	9999	Buff18_16							0	0	0	0	0		在银索金玲被击中，不可移动！	-1	0	1	1	
6303	6303	9999	Buff18_16							0	0	0	0	0		天眼眩晕	-1	0	1	1	
6304	6304	9999	Buff17_16							0	0	0	0	0		您被天劫击中，已被牢牢束缚，动弹不得！	-1	0	1	1	
6305	6305	9999	Buff20_1							0	0	0	0	0		您获得菩提老祖禅力护体，行动如风！	-1	0	1	1	
6306	6306	9999	Buff20_2							0	0	0	0	0		菩提老祖为侠士开发的专属血包正在加急供应中！	-1	0	1	1	
6307	6307	9999	Buff20_3							0	0	0	0	0		天将之威，岂可撼动！杀无赦！	-1	0	1	1	
6308	6308	9999	Buff18_10							0	0	0	0	0		情挚爱深，天亦动容！赦免之！	-1	0	1	1	
6309	6309	9999	Buff20_4							0	0	0	0	0		幻影紫霞心定如铁，无懈可击。	-1	0	1	1	
6310	6310	9999	Buff20_5							0	0	0	0	0		感念紫霞苦衷，悟其情深，断其幻影。	-1	0	1	1	
6311	6311	9999	Buff20_7				大话西游_三阶段_横扫天兵		脚下光圈点	0	0	0	0	0		侠士难应群敌，葡萄特帮作弊！横扫天兵，片甲不留！	-1	0	1	1	
6312	6312	2200	HuoDongSkill6_6				buff_周年庆打卡_游神花车_花瓣		脚下光圈点	0	0	0	0	0		游神庆贺好运来	-1	0	1	1	
6313	6313	2200	HuoDongSkill6_6				buff_周年庆打卡_游神花车_花瓣		脚下光圈点	0	0	0	0	0		游神庆贺好运来	-1	0	1	1	
6314	6314	2200	HuoDongSkill6_6				buff_周年庆打卡_游神花车_花瓣		脚下光圈点	0	0	0	0	0		游神庆贺好运来	-1	0	1	1	
6315	6315	2200	HuoDongSkill6_6		interface\sound_shengji.wav		buff_周年庆打卡_游神花车_好运连连		脚下光圈点	0	0	0	0	0		好运连连	-1	0	1	1	
6316	6316	2200	CommonNPCHeader56_25	g01_buff108		脚下光圈点				0	0	0	1	0		换上了善财袍。	-1	0	1	1	
6317	6317	9999	Buff20_6				buff_大话西游主线任务三_全景风沙		脚下光圈点	0	0	0	0	0		睁不开眼，难以移动	-1	0	1	1	
6318	6318	9999	Buff9_6				boss_2023ma_雷锁_禁锢		脚下光圈点	0	0	0	0	0		雷霆雨露，皆是天恩，捆骨定身，不可抗、不可逃！不可生，不可灭！	-1	0	1	1	
6319	810	2000	Buff1_1				HJ_buff_天山_十面埋伏		脚下光圈点	0	0	0	0	0		冰风暴：降低移动速度	-1	0	1	1	
6320	100	1000	Buff28_1				boss_杀星副本_寒气入体buff		脚下光圈点	0	0	0	0	0		脚下一滑：增加移动速度	-1	0	1	1	
6321	4087	9999	CircularTaskTool145_6							1	0	0	0	0		在指定场景对玩家不可使用攻击型技能。	-1	0	1	1	
6326	4338	9995	CircularTaskTool145_11							1	0	0	0	0		在指定场景对玩家不可使用攻击型技能。	-1	0	1	1	
6327	4339	9996	CircularTaskTool145_12							1	0	0	0	0		在指定场景对玩家不可使用攻击型技能。	-1	0	1	1	
6328	4340	9997	CircularTaskTool145_13							1	0	0	0	0		在指定场景对玩家不可使用攻击型技能。	-1	0	1	1	
6329	4801	9999	Buff30_15							1	0	0	0	0		在指定场景对玩家不可使用攻击型技能。	-1	0	1	1	
6330	4802	9999	Buff30_16							1	0	0	0	0		在指定场景对玩家不可使用攻击型技能。	-1	0	1	1	
6331	4803	9999	Buff31_1							1	0	0	0	0		在指定场景对玩家不可使用攻击型技能。	-1	0	1	1	
6332	5918	399	CircularTaskTool152_1				buff_工程加工相关_获得玄武战旗特效		脚下光圈点	0	0	0	0	0		初级玄武令旗：范围内同小队少侠受到的伤害降低	-1	0	1	1	1
6333	5968	999	CircularTaskTool151_14				buff_工程加工相关_获得青龙战旗特效		脚下光圈点	0	0	0	0	0		范围内同小队少侠造成的伤害提升	-1	0	1	1	1
6334	5969	999	CircularTaskTool151_15				buff_工程加工相关_获得白虎战旗特效		脚下光圈点	0	0	0	0	0		范围内同小队少侠命中率提升	-1	0	1	1	1
6400	6400	9999	HuoDongSkill5_8				buff_大话联动12人PVP_通用技能_情思似箭		脚下光圈点	0	0	0	0	0		急速神行：距离马车30米以上时，移动速度增加20%	-1	0	1	1	
6401	6400	9999	HuoDongSkill5_5							0	0	0	0	0		无用	-1	0	1	1	
6402	6400	9999	Buff13_11							0	0	0	0	0		无用	-1	0	1	1	
6403	6403	9999	Buff13_2							0	0	0	0	0		无用	-1	0	1	1	
6404	6403	9999	Buff13_7							0	0	0	0	0		无用	-1	0	1	1	
6405	6403	9999	Buff13_12							0	0	0	0	0		无用	-1	0	1	1	
6406	6406	9999	HuoDongSkill5_5				buff_大话联动12人PVP_通用技能_连枝并进		脚下光圈点	0	0	0	0	0		连枝并进：周围同阵营的侠士越多，移动速度越高	-1	1	1	1	
6407	6407	9999	HuoDongSkill9_3				buff_12人PVP重开_阵营1技能4_花泽清露		脚下光圈点	0	0	0	0	0		花泽清露：每2秒为15米内的友方目标回复血上限1%的血量	-1	1	1	1	
6408	6407	9999	HuoDongSkill9_4				buff_12人PVP重开_阵营2技能4_箭雨飞花		脚下光圈点	0	0	0	0	0		箭雨飞花：每2秒对15米内的敌方目标造成血上限1%的伤害	-1	1	1	1	
6409	6406	9999	HuoDongSkill8_16				buff_12人PVP重开_阵营4技能4_貂影雷掣		脚下光圈点	0	0	0	0	0		貂影雷掣：周围同阵营的侠士越多，移动速度越高	-1	1	1	1	
6410	6410	9999	FightNPCHeader18_16							0	0	0	0	0		变身：化身为王语嫣，受到的所有伤害降低60%	-1	0	1	1	
6411	6410	9999	FightNPCHeader18_15							0	0	0	0	0		变身：化身为木婉清，受到的所有伤害降低50%	-1	0	1	1	
6412	6410	9999	FightNPCHeader18_17							0	0	0	0	0		变身：化身为钟灵，受到的所有伤害降低40%	-1	0	1	1	
6413	6413	9999	HuoDongSkill9_7				g01_em_buff38		头顶状态点	0	0	0	0	0		破风飞叶：眩晕，无法行动	-1	0	1	1	
6414	6414	9999	HuoDongSkill9_9				g01_buff定身		脚下光圈点	0	0	0	0	0		挽花箭毒：定身，无法移动	-1	0	1	1	
6415	6415	9999	CircularTaskTool47_2				buff_12人PVP重开_生倦散		脚下光圈点	0	0	0	0	0		生倦散：移动速度降低	-1	0	1	1	
6416	6416	9999	CircularTaskTool46_15				buff_12人PVP重开_紧箍箴言		脚下光圈点	0	0	0	0	0		缚灵绳：定身，无法移动	-1	0	1	1	
6417	6417	9999	FightSkillTianShan1_6							0	0	0	0	0		坚固：受到的伤害降低	-1	0	1	1	
6418	6418	9999	PetSkill2_2							1	0	0	0	0		战斗结束，场景即将关闭，无法进行任何行动	-1	0	1	1	
6419	6419	9999	Buff31_13				buff_12人PVP重开_嫣花旗阵营		脚下光圈点	1	0	0	0	0		嫣花旗	-1	0	1	1	
6420	6419	9999	Buff31_12				buff_12人PVP重开_清澜旗阵营		脚下光圈点	1	0	0	0	0		清澜旗	-1	0	1	1	
6421	6419	9999	Buff31_11				buff_12人PVP重开_灵川旗阵营		脚下光圈点	1	0	0	0	0		灵川旗	-1	0	1	1	
6431	269	1450	Buff5_9	g01_buff108		脚下光圈点				0	0	0	1	0		变身唐僧	-1	0	1	1	
6432	269	1450	Buff5_9	g01_buff108		脚下光圈点				0	0	0	1	0		变身孙悟空	-1	0	1	1	
6433	269	1450	Buff5_9	g01_buff108		脚下光圈点				0	0	0	1	0		变身紫霞	-1	0	1	1	
6434	269	1450	Buff5_9	g01_buff108		脚下光圈点				0	0	0	1	0		变身至尊宝	-1	0	1	1	
6435	269	1450	Buff5_9	g01_buff108		脚下光圈点				0	0	0	1	0		变身牛魔王	-1	0	1	1	
6436	269	500	HuoDongSkill4_8							0	0	0	1	0		收集日月精华：千年万年，唯爱不死。	-1	0	1	1	
6440	6440	10	FightNPCHeader17_3							0	0	0	0	0		勇气1层，牛魔王的伤害增加	-1	0	1	1	
6441	6441	20	FightNPCHeader17_3							0	0	0	0	0		勇气2层，牛魔王的伤害增加	-1	0	1	1	
6442	6442	30	FightNPCHeader17_3							0	0	0	0	0		勇气3层，牛魔王的伤害增加	-1	0	1	1	
6443	6443	40	FightNPCHeader17_3							0	0	0	0	0		勇气4层，牛魔王的伤害增加	-1	0	1	1	
6444	6444	50	FightNPCHeader17_3							0	0	0	0	0		勇气5层，牛魔王的伤害增加	-1	0	1	1	
6445	6445	60	FightNPCHeader17_3							0	0	0	0	0		勇气6层，牛魔王的伤害增加	-1	0	1	1	
6446	6446	70	FightNPCHeader17_3							0	0	0	0	0		勇气7层，牛魔王的伤害增加	-1	0	1	1	
6447	6447	80	FightNPCHeader17_3							0	0	0	0	0		勇气8层，牛魔王的伤害增加	-1	0	1	1	
6448	6448	90	FightNPCHeader17_3							0	0	0	0	0		勇气9层，牛魔王的伤害增加	-1	0	1	1	
6449	6449	100	FightNPCHeader17_3							0	0	0	0	0		勇气10层，牛魔王的伤害增加	-1	0	1	1	
6450	6450	1000	CircularTaskTool70_6				g01_buff定身		脚下光圈点	0	0	0	0	0		前3名等待领奖	-1	0	1	1	
6451	6451	1000	CircularTaskTool70_6				g01_buff定身		脚下光圈点	0	0	0	0	0		4~20名等待领奖	-1	0	1	1	
6452	6452	1000	CircularTaskTool70_6				g01_buff定身		脚下光圈点	0	0	0	0	0		21~40名等待领奖	-1	0	1	1	
6453	6453	1000	CommonNPCHeader68_19							0	0	1	0	0		战栗：被撕魂裂魄攻击到，无法动弹	-1	0	1	1	
6454	6454	1000	CommonNPCHeader68_19				boss_倩女日常本_月槐女妖_技能3_预警		脚下光圈点	0	0	1	0	0		您被噬心妖咒标记了	-1	0	1	1	
6455	6455	1000	CommonNPCHeader68_19				boss_倩女日常本_月槐女妖_技能3_光环		脚下光圈点	0	0	1	0	0		噬心妖咒：持续受到伤害，并会传染给周围半径3米的其他玩家，可以互相传染。	-1	0	1	1	
6456	6456	1000	FightNPCHeader17_3				buff_2024大话二郎神_技能3_天眼buff		背驰特效点	0	0	0	0	0		天授神目	-1	0	1	1	
6457	6457	1000	Buff0_14							0	0	1	0	0		失明：被天授神目击中	-1	0	1	1	
6458	6458	10	CircularTaskTool31_2							1	0	0	1	0		紫葡萄·血一级：血上限增加20000点	-1	0	1	1	
6459	6459	20	CircularTaskTool31_2							1	0	0	1	0		紫葡萄·血二级：血上限增加50000点	-1	0	1	1	
6460	6460	30	CircularTaskTool31_2							1	0	0	1	0		紫葡萄·血三级：血上限增加100000点	-1	0	1	1	
6461	6461	10	CircularTaskTool30_8							1	0	0	1	0		青葡萄·冰一级：冰属性攻击增加5%	-1	0	1	1	
6462	6462	20	CircularTaskTool30_8							1	0	0	1	0		青葡萄·冰二级：冰属性攻击增加10%	-1	0	1	1	
6463	6463	30	CircularTaskTool30_8							1	0	0	1	0		青葡萄·冰三级：冰属性攻击增加20%	-1	0	1	1	
6464	6464	10	CircularTaskTool30_10							1	0	0	1	0		青葡萄·火一级：火属性攻击增加5%	-1	0	1	1	
6465	6465	20	CircularTaskTool30_10							1	0	0	1	0		青葡萄·火二级：火属性攻击增加10%	-1	0	1	1	
6466	6466	30	CircularTaskTool30_10							1	0	0	1	0		青葡萄·火三级：火属性攻击增加20%	-1	0	1	1	
6467	6467	10	CircularTaskTool30_11							1	0	0	1	0		青葡萄·玄一级：玄属性攻击增加5%	-1	0	1	1	
6468	6468	20	CircularTaskTool30_11							1	0	0	1	0		青葡萄·玄二级：玄属性攻击增加10%	-1	0	1	1	
6469	6469	30	CircularTaskTool30_11							1	0	0	1	0		青葡萄·玄三级：玄属性攻击增加20%	-1	0	1	1	
6470	6470	10	CircularTaskTool30_9							1	0	0	1	0		青葡萄·毒一级：毒属性攻击增加5%	-1	0	1	1	
6471	6471	20	CircularTaskTool30_9							1	0	0	1	0		青葡萄·毒二级：毒属性攻击增加10%	-1	0	1	1	
6472	6472	30	CircularTaskTool30_9							1	0	0	1	0		青葡萄·毒三级：毒属性攻击增加20%	-1	0	1	1	
6473	6473	10	CircularTaskTool31_1							1	0	0	1	0		紫葡萄·速一级：移动速度增加10%	-1	0	1	1	
6474	6474	20	CircularTaskTool31_1							1	0	0	1	0		紫葡萄·速二级：移动速度增加30%	-1	0	1	1	
6475	6475	30	CircularTaskTool31_1							1	0	0	1	0		紫葡萄·速三级：移动速度增加50%	-1	0	1	1	
6476	6476	10	CircularTaskTool30_16							1	0	0	1	0		紫葡萄·回一级：每秒回复自身血上限和气上限1%的血量和气量	-1	0	1	1	
6477	6477	20	CircularTaskTool30_16							1	0	0	1	0		紫葡萄·回二级：每秒回复自身血上限和气上限3%的血量和气量	-1	0	1	1	
6478	6478	30	CircularTaskTool30_16							1	0	0	1	0		紫葡萄·回三级：每秒回复自身血上限和气上限5%的血量和气量	-1	0	1	1	
6479	6479	1000	CircularTaskTool30_4				buff_PVE活动道具_金箍冰		脚下光圈点	1	0	0	0	0		冰弱点：受到冰属性伤害增加	-1	0	1	1	
6480	6480	1000	CircularTaskTool30_6				buff_PVE活动道具_金箍火		脚下光圈点	1	0	0	0	0		火弱点：受到火属性伤害增加	-1	0	1	1	
6481	6481	1000	CircularTaskTool30_7				buff_PVE活动道具_金箍玄		脚下光圈点	1	0	0	0	0		玄弱点：受到玄属性伤害增加	-1	0	1	1	
6482	6482	1000	CircularTaskTool30_5				buff_PVE活动道具_金箍毒		脚下光圈点	1	0	0	0	0		毒弱点：受到毒属性伤害增加	-1	0	1	1	
6483	6483	1000	Buff13_5							1	0	0	0	0		位移后加移速（废）	-1	0	1	1	
6484	6484	1000	Buff13_5							1	0	0	0	0		恢复阵法特效（废）	-1	0	1	1	
6485	6485	1000	CircularTaskTool150_12							1	0	0	0	0		金刚经·御：无敌	-1	0	1	1	
6486	6486	1000	CircularTaskTool150_12							1	0	0	0	0		金刚经：可以抵御月槐女妖的寂灭苍生	-1	0	1	1	
6487	6487	1000	CommonNPCHeader68_19							1	0	0	0	0		无敌：可以用散魄符破除	-1	0	1	1	
6488	6488	1000	CircularTaskTool30_1							1	0	0	0	0		白骨剑阵·伤：造成的伤害增加	-1	0	1	1	
6489	6489	1000	CircularTaskTool31_8							1	0	0	0	0		隐形符·御：无敌	-1	0	1	1	
6490	6490	1000	CircularTaskTool30_12				buff_PVE活动道具_照妖镜冰		脚下光圈点	1	0	0	0	0		照妖镜·冰：大幅增加冰属性攻击	-1	0	1	1	
6491	6491	1000	CircularTaskTool30_14				buff_PVE活动道具_照妖镜火		脚下光圈点	1	0	0	0	0		照妖镜·火：大幅增加火属性攻击	-1	0	1	1	
6492	6492	1000	CircularTaskTool30_15				buff_PVE活动道具_照妖镜玄		脚下光圈点	1	0	0	0	0		照妖镜·玄：大幅增加玄属性攻击	-1	0	1	1	
6493	6493	1000	CircularTaskTool30_13				buff_PVE活动道具_照妖镜毒		脚下光圈点	1	0	0	0	0		照妖镜·毒：大幅增加毒属性攻击	-1	0	1	1	
6494	6494	1000	CircularTaskTool142_4							1	0	0	0	0		照妖镜：目标在此期间获得积分时，自身会获得对应积分的50%	-1	0	1	1	
6495	6495	1000	CircularTaskTool142_6				buff_PVE活动道具_紫金铃伤		脚下光圈点	1	0	0	0	0		紫金铃·伤：自身及3米内的玩家造成的伤害增加，周围每有1个其他玩家，自身造成的伤害额外增加3%，最多增加15%	-1	0	1	1	
6496	6496	1000	CircularTaskTool142_6							1	0	0	0	0		紫金铃·伤：造成的伤害增加10%	-1	0	1	1	
6497	6497	10	CircularTaskTool142_6							1	0	0	0	0		紫金铃·伤1层：自身造成的伤害额外增加3%	-1	0	1	1	
6498	6498	20	CircularTaskTool142_6							1	0	0	0	0		紫金铃·伤2层：自身造成的伤害额外增加6%	-1	0	1	1	
6499	6499	30	CircularTaskTool142_6							1	0	0	0	0		紫金铃·伤3层：自身造成的伤害额外增加9%	-1	0	1	1	
6500	6500	40	CircularTaskTool142_6							1	0	0	0	0		紫金铃·伤4层：自身造成的伤害额外增加12%	-1	0	1	1	
6501	6501	50	CircularTaskTool142_6							1	0	0	0	0		紫金铃·伤5层：自身造成的伤害额外增加15%	-1	0	1	1	
6502	6502	1000	CircularTaskTool31_9				buff_PVE活动道具_紫青宝剑缘		身体中心点	1	0	0	0	0		紫青宝剑·缘：您已经与异性玩家绑定	-1	0	1	1	
6503	6503	1000	Buff0_14							1	0	0	0	0		恶心：被牛魔王震山怒吼技能击中	-1	0	1	1	
6504	6504	1000	CircularTaskTool142_4							1	0	0	0	0		您对其他玩家使用了照妖镜系列道具，目标在此期间获得积分时，自身会获得对应积分的50%	-1	0	1	1	
6505	6505	1000	CircularTaskTool31_9				buff_PVE活动道具_紫青宝剑缘		身体中心点	1	0	0	0	0		紫青宝剑·缘：您已经与异性玩家绑定，目标在此期间获得积分时，自身会获得对应积分的10%	-1	0	1	1	
6506	6506	1000	Buff0_4							0	0	0	0	0		洞察入微：能够侦破隐形单位	-1	0	1	1	
6507	6507	8600	TaskTools3_3							0	0	0	1	0		无敌：使用技能或道具后保护即会消失	-1	0	1	1	
6508	6508	1000	Buff0_14							1	0	0	0	0		恐惧：随机移动，操作不能	-1	0	1	1	
6510	6510	1000	FightSkillERenGu1_10							0	0	0	0	0		拘魂·天：造成的伤害提高	-1	0	1	1	
6511	6511	1000	FightSkillERenGu1_8							0	0	0	0	0		拘魂·地：受到的伤害降低	-1	0	1	1	
6512	6512	1000	FightSkillERenGu1_9							0	0	0	0	0		拘魂·命：持续回复生命值	-1	0	1	1	
6513	6513	1000	FightSkillERenGu2_13	m01_erg_拘魂_受击		脚下光圈点	buff_erg_拘天魂_失魂天		头顶状态点	0	0	0	0	0		丧魂·天：对恶人谷造成的伤害降低	-1	0	1	1	
6514	6514	1000	FightSkillERenGu2_14	m01_erg_拘魂_受击		脚下光圈点	buff_erg_拘地魂_失魂地		头顶状态点	0	0	0	0	0		丧魂·地：受到来自恶人谷的伤害提高	-1	0	1	1	
6515	6515	1000	FightSkillERenGu2_15	m01_erg_拘魂_受击		脚下光圈点	buff_erg_拘命魂_失魂命		头顶状态点	0	0	0	0	0		丧魂·命：获得的治疗效果降低	-1	0	1	1	
6516	6516	1000	FightSkillERenGu2_13				buff_erg_拘天魂_失魂天		头顶状态点	0	0	0	0	0		丧魂·天：对恶人谷造成的伤害降低	-1	0	1	1	
6517	6517	1000	FightSkillERenGu2_14				buff_erg_拘地魂_失魂地		头顶状态点	0	0	0	0	0		丧魂·地：受到来自恶人谷的伤害提高	-1	0	1	1	
6518	6518	1000	FightSkillERenGu2_15				buff_erg_拘命魂_失魂命		头顶状态点	0	0	0	0	0		丧魂·命：获得的治疗效果降低	-1	0	1	1	
6519	6519	1000	FightSkillERenGu1_2				m01_erg_锁力寸步难行_受击		脚下光圈点	0	0	0	0	0		摧魂定魄：定身，移动不能	-1	0	1	1	
6520	6520	1000	FightSkillERenGu2_9							0	0	0	0	0		银钩走蝎：提升毒属性攻击	-1	1	1	1	
6521	6521	1000	FightSkillERenGu1_5		Skills\Erg\恶鬼踏江.mp3		buff_erg_恶鬼踏江		脚下光圈点	0	0	0	1	0		恶鬼踏江：无拘状态，无敌，无法使用任何技能，大幅增加移动速度	-1	1	1	1	
6522	6522	1000	FightSkillERenGu2_2				m01_erg_锁中枢顺从_受击		脚下光圈点	0	0	0	0	0		锁魂斩：封印，无法移动，无法施放门派技能	-1	0	1	1	
6523	6523	1000	FightSkillERenGu2_7							0	0	0	0	0		万恶同赦：增加血上限	-1	0	1	1	
6524	6524	1000	FightSkillERenGu1_7							0	0	0	0	0		惊魂：防御状态，获得怒气速度增加	-1	0	1	1	
6525	6525	1000	FightSkillERenGu2_3							0	0	0	0	0		剔魂削骨：虚弱，降低闪避	-1	0	1	1	
6526	6526	1000	FightSkillERenGu1_15							0	0	0	0	0		炉上青烟：失明，无法控制，随机移动	-1	0	1	1	
6527	6527	1000	FightSkillERenGu1_13							0	0	0	0	0		镰决：攻击状态，命中增加	-1	0	1	1	
6528	6528	1000	FightSkillERenGu2_1				buff_erg_强精魄命定_目标状态B		身体中心点	0	0	0	0	0		生死由我：当受到致命一击时，血量降低到1点，但不会死亡，最多生效4次	-1	0	1	1	
6529	6529	1000	FightSkillERenGu1_16							0	0	0	0	0		判指阴阳：麻痹，移动不能，操作不能，可被攻击，无法被打醒	-1	0	1	1	
6531	6531	1000	FightSkillERenGu2_10							0	0	0	0	0		无我三界：分裂3魂，回归本体后恢复生命值	-1	0	1	1	
6532	6532	1000	FightSkillERenGu2_10				buff_erg_强英魄不羁_自身状态特效		身体中心点	0	0	0	0	0		无我三界：免受部分控制	-1	0	1	1	
6533	6533	1000	FightSkillERenGu1_12				m01_erg_半怒解控_自身状态特效		身体中心点	0	0	0	0	0		怜骨松筋：免疫麻痹	-1	0	1	1	
6534	136	1000	TalentSkillERenGu_11				buff_dingshen		身体受击点	0	1	1	0	0		云扼寒山：封印，无法移动，无法施放门派技能	-1	0	1	1	
6535	6535	1000	TalentSkillERenGu_13				g01_buff100		脚下光圈点	0	0	1	0	0		冷镰缚影：移动速度减慢	-1	0	1	1	
6536	136	1000	TalentSkillERenGu_10				buff_dingshen		身体受击点	0	1	1	0	0		雨锁危楼：封印，无法移动，无法施放门派技能	-1	0	1	1	
6537	6537	1000	FightSkillERenGu2_1				buff_erg_强精魄命定_目标状态B		身体中心点	0	0	0	0	0		生死由我：当受到致命一击时，血量降低到1点，但不会死亡，最多生效3次	-1	0	1	1	
6538	6538	1000	FightSkillERenGu2_1				buff_erg_强精魄命定_目标状态B		身体中心点	0	0	0	0	0		生死由我：当受到致命一击时，血量降低到1点，但不会死亡，最多生效5次	-1	0	1	1	
6539	6539	1000	TalentSkillERenGu_13				g01_buff100		脚下光圈点	0	0	1	0	0		噩梦缠身：移动速度减慢	-1	0	1	1	
6540	6540	1000	FightSkillERenGu1_6							0	0	0	0	0		魂离魄散：失明，无法控制，随机移动	-1	0	1	1	
6541	6541	2200	Buff0_11							0	0	0	1	0		蓬鱼鲜美无比，鱼骨强健，鱼肉紧实，食之有强健体魄之功效。	-1	0	1	1	
6542	6542	2200	Buff0_11							0	0	0	0	0		您已吃饱，接下来30分钟内无法再次品宴。	-1	0	1	1	
6543	6543	10	Buff12_3							1	0	0	0	0		苦昼：命中目标后有几率减少对方毒抗20点和冰抗20点，可以将目标的抗性降低至负值	-1	0	1	1	
6544	6544	5010	Buff12_3							0	0	1	0	0		苦昼：降低毒抗20点和冰抗20点	-1	0	1	1	
6545	99	2200	RideHeader7_14							0	0	0	1	0		坐骑：七彩祥云。您已激活的坐骑中最高移动速度+10%。	99	0	1	1	
6546	99	2200	RideHeader7_14							0	0	0	1	0		坐骑：七彩祥云。您已激活的坐骑中最高移动速度+20%。	99	0	1	1	
6547	99	2200	RideHeader7_14							0	0	0	1	0		坐骑：七彩祥云。您已激活的坐骑中最高移动速度+40%。	99	0	1	1	
6548	99	2200	RideHeader7_14							0	0	0	1	0		坐骑：七彩祥云。您已激活的坐骑中最高移动速度+70%。	99	0	1	1	
6549	99	2200	RideHeader7_14							0	0	0	1	0		坐骑：七彩祥云。您已激活的坐骑中最高移动速度+75%。	99	0	1	1	
6550	99	2200	RideHeader7_14							0	0	0	1	0		坐骑：七彩祥云。您已激活的坐骑中最高移动速度+80%。	99	0	1	1	
6551	99	2200	RideHeader7_14							0	0	0	1	0		坐骑：七彩祥云。您已激活的坐骑中最高移动速度+85%。	99	0	1	1	
6552	99	2200	RideHeader7_14							0	0	0	1	0		坐骑：七彩祥云。您已激活的坐骑中最高移动速度+90%。	99	0	1	1	
6553	99	2200	RideHeader7_15							0	0	0	1	0		坐骑：筋斗云。您已激活的坐骑中最高移动速度+10%。	99	0	1	1	
6554	99	2200	RideHeader7_15							0	0	0	1	0		坐骑：筋斗云。您已激活的坐骑中最高移动速度+20%。	99	0	1	1	
6555	99	2200	RideHeader7_15							0	0	0	1	0		坐骑：筋斗云。您已激活的坐骑中最高移动速度+40%。	99	0	1	1	
6556	99	2200	RideHeader7_15							0	0	0	1	0		坐骑：筋斗云。您已激活的坐骑中最高移动速度+70%。	99	0	1	1	
6557	99	2200	RideHeader7_15							0	0	0	1	0		坐骑：筋斗云。您已激活的坐骑中最高移动速度+75%。	99	0	1	1	
6558	99	2200	RideHeader7_15							0	0	0	1	0		坐骑：筋斗云。您已激活的坐骑中最高移动速度+80%。	99	0	1	1	
6559	99	2200	RideHeader7_15							0	0	0	1	0		坐骑：筋斗云。您已激活的坐骑中最高移动速度+85%。	99	0	1	1	
6560	99	2200	RideHeader7_15							0	0	0	1	0		坐骑：筋斗云。您已激活的坐骑中最高移动速度+90%。	99	0	1	1	
6561	99	2200	RideHeader7_16							0	0	0	1	0		坐骑：玉团团。您已激活的坐骑中最高移动速度+10%。	99	0	1	1	
6562	99	2200	RideHeader7_16							0	0	0	1	0		坐骑：玉团团。您已激活的坐骑中最高移动速度+20%。	99	0	1	1	
6563	99	2200	RideHeader7_16							0	0	0	1	0		坐骑：玉团团。您已激活的坐骑中最高移动速度+40%。	99	0	1	1	
6564	99	2200	RideHeader7_16							0	0	0	1	0		坐骑：玉团团。您已激活的坐骑中最高移动速度+70%。	99	0	1	1	
6565	99	2200	RideHeader7_16							0	0	0	1	0		坐骑：玉团团。您已激活的坐骑中最高移动速度+75%。	99	0	1	1	
6566	99	2200	RideHeader7_16							0	0	0	1	0		坐骑：玉团团。您已激活的坐骑中最高移动速度+80%。	99	0	1	1	
6567	99	2200	RideHeader7_16							0	0	0	1	0		坐骑：玉团团。您已激活的坐骑中最高移动速度+85%。	99	0	1	1	
6568	99	2200	RideHeader7_16							0	0	0	1	0		坐骑：玉团团。您已激活的坐骑中最高移动速度+90%。	99	0	1	1	
6569	6569	1450	Buff20_8	g01_buff108						0	0	0	0	0		僵化：身体逐渐僵硬，不能造成伤害，且不会受到伤害。	-1	0	1	1	
6570	6570	1450	Buff19_16	g01_buff108						1	0	0	0	0		已选身份：破阵师	-1	0	1	1	
6571	6571	1450	Buff19_15	g01_buff108						1	0	0	0	0		已选身份：解咒师	-1	0	1	1	
6572	6572	1000	Buff22_5							0	0	0	0	0		减少当前5%最大血上限	-1	0	1	1	
6573	6573	1000	Buff22_6							0	0	0	0	0		减少当前10%最大血上限	-1	0	1	1	
6574	6574	1000	Buff22_7							0	0	0	0	0		减少当前15%最大血上限	-1	0	1	1	
6575	6575	1000	Buff22_8							0	0	0	0	0		减少当前20%最大血上限	-1	0	1	1	
6576	6576	1000	Buff20_13							0	0	0	0	0		减少当前10000点内、外防	-1	0	1	1	
6577	6577	1000	Buff20_14							0	0	0	0	0		减少当前20000点内、外防	-1	0	1	1	
6578	6578	1000	Buff20_15							0	0	0	0	0		减少当前30000点内、外防	-1	0	1	1	
6579	6579	1000	Buff20_16							0	0	0	0	0		减少当前40000点内、外防	-1	0	1	1	
6580	6580	3000	Buff22_1							0	0	0	0	0		减少当前20点会心防御	-1	0	1	1	
6581	6581	3000	Buff22_2							0	0	0	0	0		减少当前40点会心防御	-1	0	1	1	
6582	6582	3000	Buff22_3							0	0	0	0	0		减少当前60点会心防御	-1	0	1	1	
6583	6583	3000	Buff22_4							0	0	0	0	0		减少当前80点会心防御	-1	0	1	1	
6584	6584	8800	Buff22_9							0	0	0	0	0		所受伤害增加10%	-1	0	1	1	
6585	6585	8800	Buff22_10							0	0	0	0	0		所受伤害增加20%	-1	0	1	1	
6586	6586	8800	Buff22_11							0	0	0	0	0		所受伤害增加30%	-1	0	1	1	
6587	6587	8800	Buff22_12							0	0	0	0	0		所受伤害增加40%	-1	0	1	1	
6588	6588	1000	Buff20_9							0	0	0	0	0		无敌	-1	0	1	1	
6589	6589	9100	Buff22_13				boss_卢俊义_buff_2022天罡皇气		身体受击点	0	0	0	1	0		大幅度减少伤害。	-1	0	1	1	
6590	6590	8500	Buff20_10				buff_小队夺宝_不化骨_追踪玩家debuff		脚下光圈点	0	0	1	0	0		您当前为不化骨追击目标，请与不化骨保持一定距离	-1	0	1	1	
6591	6591	9100	Buff20_12				buff_小队夺宝_不化骨_唤寻生魂爆炸玩家身上debuff		脚下光圈点	0	0	0	1	0		造成的伤害降低。	-1	0	1	1	
6592	6592	2000	sickle1_4							1	0	0	0	0		大齐鸣风：有一定几率降低目标的移动速度	-1	0	1	1	
6593	6593	2000	sickle1_4							1	0	0	0	0		大齐鸣风：有一定几率吸取目标的气	-1	0	1	1	
6594	6594	2000	sickle1_4							1	0	0	0	0		大齐鸣风：有一定几率降低目标的内外功攻击	-1	0	1	1	
6595	6595	2000	sickle1_4				wq_摔绊触发01		右武器绑定点	0	0	0	1	0		大齐鸣风：已降低一个目标的移动速度40%	-1	0	1	1	
6596	6596	2000	sickle1_4				wq_吸气触发01		右武器绑定点	0	0	0	1	0		大齐鸣风：吸取目标的气	-1	0	1	1	
6597	6597	2000	sickle1_4				wq_虚弱触发01		右武器绑定点	0	0	0	1	0		大齐鸣风：已降低一个目标的内外功攻击1923	-1	0	1	1	
6598	6598	2000	sickle1_4				wq_摔绊触发01		右武器绑定点	0	0	0	1	0		大齐鸣风：已降低一个目标的移动速度45%	-1	0	1	1	
6599	6599	2000	sickle1_4				wq_虚弱触发01		右武器绑定点	0	0	0	1	0		大齐鸣风：已降低一个目标的内外功攻击2400	-1	0	1	1	
6600	6600	2000	sickle1_1							1	0	0	0	0		漆灯点花：命中敌人时有机率打出蓄力一击，额外造成伤害并在一段时间内增加自身内功攻击，减少对方内功防御	-1	0	1	1	
6601	6601	2000	sickle1_2							1	0	0	0	0		呼星泣鬼：命中敌人时有机率打出蓄力一击，额外造成伤害并在一段时间内增加自身内功攻击，减少对方内功防御	-1	0	1	1	
6602	6602	2000	sickle1_2							1	0	0	0	0		呼星泣鬼：命中敌人时有机率打出蓄力一击，额外造成伤害并在一段时间内增加自身内功攻击，减少对方内功防御	-1	0	1	1	
6603	6603	1000	HuoDongSkill5_12				buff_小队夺宝_陷阵之志		脚下光圈点	1	0	0	0	0		陷阵之志：造成的伤害增加10%	-1	0	1	1	
6604	6604	1000	HuoDongSkill5_12				buff_小队夺宝_陷阵之志		脚下光圈点	1	0	0	0	0		陷阵之志：造成的伤害增加30%	-1	0	1	1	
6605	99	2200	RideHeader11_9							0	0	0	1	0		坐骑：扶摇苍龙。您已激活的坐骑中最高移动速度+10%。	99	0	1	1	
6606	99	2200	RideHeader11_9							0	0	0	1	0		坐骑：扶摇苍龙。您已激活的坐骑中最高移动速度+20%。	99	0	1	1	
6607	99	2200	RideHeader11_9							0	0	0	1	0		坐骑：扶摇苍龙。您已激活的坐骑中最高移动速度+40%。	99	0	1	1	
6608	99	2200	RideHeader11_9							0	0	0	1	0		坐骑：扶摇苍龙。您已激活的坐骑中最高移动速度+70%。	99	0	1	1	
6609	99	2200	RideHeader11_9							0	0	0	1	0		坐骑：扶摇苍龙。您已激活的坐骑中最高移动速度+75%。	99	0	1	1	
6610	99	2200	RideHeader11_9							0	0	0	1	0		坐骑：扶摇苍龙。您已激活的坐骑中最高移动速度+80%。	99	0	1	1	
6611	99	2200	RideHeader11_9							0	0	0	1	0		坐骑：扶摇苍龙。您已激活的坐骑中最高移动速度+85%。	99	0	1	1	
6612	99	2200	RideHeader11_9							0	0	0	1	0		坐骑：扶摇苍龙。您已激活的坐骑中最高移动速度+90%。	99	0	1	1	
6613	99	2200	RideHeader11_8							0	0	0	1	0		坐骑：千峰应龙。您已激活的坐骑中最高移动速度+10%。	99	0	1	1	
6614	99	2200	RideHeader11_8							0	0	0	1	0		坐骑：千峰应龙。您已激活的坐骑中最高移动速度+20%。	99	0	1	1	
6615	99	2200	RideHeader11_8							0	0	0	1	0		坐骑：千峰应龙。您已激活的坐骑中最高移动速度+40%。	99	0	1	1	
6616	99	2200	RideHeader11_8							0	0	0	1	0		坐骑：千峰应龙。您已激活的坐骑中最高移动速度+70%。	99	0	1	1	
6617	99	2200	RideHeader11_8							0	0	0	1	0		坐骑：千峰应龙。您已激活的坐骑中最高移动速度+75%。	99	0	1	1	
6618	99	2200	RideHeader11_8							0	0	0	1	0		坐骑：千峰应龙。您已激活的坐骑中最高移动速度+80%。	99	0	1	1	
6619	99	2200	RideHeader11_8							0	0	0	1	0		坐骑：千峰应龙。您已激活的坐骑中最高移动速度+85%。	99	0	1	1	
6620	99	2200	RideHeader11_8							0	0	0	1	0		坐骑：千峰应龙。您已激活的坐骑中最高移动速度+90%。	99	0	1	1	
6621	99	2200	RideHeader11_7							0	0	0	1	0		坐骑：北冥玄龙。您已激活的坐骑中最高移动速度+10%。	99	0	1	1	
6622	99	2200	RideHeader11_7							0	0	0	1	0		坐骑：北冥玄龙。您已激活的坐骑中最高移动速度+20%。	99	0	1	1	
6623	99	2200	RideHeader11_7							0	0	0	1	0		坐骑：北冥玄龙。您已激活的坐骑中最高移动速度+40%。	99	0	1	1	
6624	99	2200	RideHeader11_7							0	0	0	1	0		坐骑：北冥玄龙。您已激活的坐骑中最高移动速度+70%。	99	0	1	1	
6625	99	2200	RideHeader11_7							0	0	0	1	0		坐骑：北冥玄龙。您已激活的坐骑中最高移动速度+75%。	99	0	1	1	
6626	99	2200	RideHeader11_7							0	0	0	1	0		坐骑：北冥玄龙。您已激活的坐骑中最高移动速度+80%。	99	0	1	1	
6627	99	2200	RideHeader11_7							0	0	0	1	0		坐骑：北冥玄龙。您已激活的坐骑中最高移动速度+85%。	99	0	1	1	
6628	99	2200	RideHeader11_7							0	0	0	1	0		坐骑：北冥玄龙。您已激活的坐骑中最高移动速度+90%。	99	0	1	1	
6629	6629	1000	Buff20_11				buff_小队夺宝_不化骨_加速buff		脚下光圈点	0	0	0	1	0		移动速度增加80%	-1	0	1	1	
6630	6630	9999	Buff22_14				buff_小队夺宝_阵营Buff_却邪		脚下光圈点	1	0	0	0	0		却邪	-1	0	1	1	
6631	6630	9999	Buff22_15				buff_小队夺宝_阵营Buff_退魔		脚下光圈点	1	0	0	0	0		退魔	-1	0	1	1	
6632	6630	9999	Buff22_16				buff_小队夺宝_阵营Buff_诛恶		脚下光圈点	1	0	0	0	0		诛恶	-1	0	1	1	
6633	6630	9999	Buff23_1				buff_小队夺宝_阵营Buff_除祟		脚下光圈点	1	0	0	0	0		除祟	-1	0	1	1	
6634	99	1400	RideHeader11_10							0	0	0	1	0		坐骑：猞猁。	99	0	1	1	
6635	99	2200	RideHeader11_10							0	0	0	1	0		坐骑：猞猁。您已激活的坐骑中最高移动速度+10%。	99	0	1	1	
6636	99	2200	RideHeader11_10							0	0	0	1	0		坐骑：猞猁。您已激活的坐骑中最高移动速度+20%。	99	0	1	1	
6637	99	2200	RideHeader11_10							0	0	0	1	0		坐骑：猞猁。您已激活的坐骑中最高移动速度+40%。	99	0	1	1	
6638	99	2200	RideHeader11_10							0	0	0	1	0		坐骑：猞猁。您已激活的坐骑中最高移动速度+70%。	99	0	1	1	
6639	99	2200	RideHeader11_10							0	0	0	1	0		坐骑：猞猁。您已激活的坐骑中最高移动速度+75%。	99	0	1	1	
6640	99	2200	RideHeader11_10							0	0	0	1	0		坐骑：猞猁。您已激活的坐骑中最高移动速度+80%。	99	0	1	1	
6641	99	2200	RideHeader11_10							0	0	0	1	0		坐骑：猞猁。您已激活的坐骑中最高移动速度+85%。	99	0	1	1	
6642	99	1400	RideHeader11_11							0	0	0	1	0		坐骑：闪电猞。	99	0	1	1	
6643	99	2200	RideHeader11_11							0	0	0	1	0		坐骑：闪电猞。您已激活的坐骑中最高移动速度+10%。	99	0	1	1	
6644	99	2200	RideHeader11_11							0	0	0	1	0		坐骑：闪电猞。您已激活的坐骑中最高移动速度+20%。	99	0	1	1	
6645	99	2200	RideHeader11_11							0	0	0	1	0		坐骑：闪电猞。您已激活的坐骑中最高移动速度+40%。	99	0	1	1	
6646	99	2200	RideHeader11_11							0	0	0	1	0		坐骑：闪电猞。您已激活的坐骑中最高移动速度+70%。	99	0	1	1	
6647	99	2200	RideHeader11_11							0	0	0	1	0		坐骑：闪电猞。您已激活的坐骑中最高移动速度+75%。	99	0	1	1	
6648	99	2200	RideHeader11_11							0	0	0	1	0		坐骑：闪电猞。您已激活的坐骑中最高移动速度+80%。	99	0	1	1	
6649	99	2200	RideHeader11_11							0	0	0	1	0		坐骑：闪电猞。您已激活的坐骑中最高移动速度+85%。	99	0	1	1	
6650	99	1400	RideHeader11_12							0	0	0	1	0		坐骑：降魔猞。	99	0	1	1	
6651	99	2200	RideHeader11_12							0	0	0	1	0		坐骑：降魔猞。您已激活的坐骑中最高移动速度+10%。	99	0	1	1	
6652	99	2200	RideHeader11_12							0	0	0	1	0		坐骑：降魔猞。您已激活的坐骑中最高移动速度+20%。	99	0	1	1	
6653	99	2200	RideHeader11_12							0	0	0	1	0		坐骑：降魔猞。您已激活的坐骑中最高移动速度+40%。	99	0	1	1	
6654	99	2200	RideHeader11_12							0	0	0	1	0		坐骑：降魔猞。您已激活的坐骑中最高移动速度+70%。	99	0	1	1	
6655	99	2200	RideHeader11_12							0	0	0	1	0		坐骑：降魔猞。您已激活的坐骑中最高移动速度+75%。	99	0	1	1	
6656	99	2200	RideHeader11_12							0	0	0	1	0		坐骑：降魔猞。您已激活的坐骑中最高移动速度+80%。	99	0	1	1	
6657	99	2200	RideHeader11_12							0	0	0	1	0		坐骑：降魔猞。您已激活的坐骑中最高移动速度+85%。	99	0	1	1	
6658	99	2200	RideHeader11_10							0	0	0	1	0		坐骑：猞猁。您已激活的坐骑中最高移动速度+90%。	99	0	1	1	
6659	99	2200	RideHeader11_12							0	0	0	1	0		坐骑：降魔猞。您已激活的坐骑中最高移动速度+90%。	99	0	1	1	
6660	99	2200	RideHeader11_11							0	0	0	1	0		坐骑：闪电猞。您已激活的坐骑中最高移动速度+90%。	99	0	1	1	
6661	6661	9999	Buff22_14				buff_小队夺宝_陷阱阵营特效_却邪		脚下光圈点	1	0	0	0	0		却邪	-1	0	1	1	
6662	6662	9999	Buff22_15				buff_小队夺宝_陷阱阵营特效_退魔		脚下光圈点	1	0	0	0	0		退魔	-1	0	1	1	
6663	6663	9999	Buff22_16				buff_小队夺宝_陷阱阵营特效_诛恶		脚下光圈点	1	0	0	0	0		诛恶	-1	0	1	1	
6664	6664	9999	Buff23_1				buff_小队夺宝_陷阱阵营特效_除祟		脚下光圈点	1	0	0	0	0		除祟	-1	0	1	1	
6665	6665	1000	Buff0_15		Skills\Sl\Sl_金刚伏魔圈_定身.wav		g01_buff27		脚下光圈点	0	1	1	0	0		被陷阱击中，不可移动	-1	0	1	1	
6666	6666	1000	CommonNPCHeader42_1				buff_红丝特效_01		脚下光圈点	0	0	0	1	0		npc不可选中	-1	0	1	1	
6667	6667	1000	CommonNPCHeader42_1				buff_金丝特效_01		脚下光圈点	0	0	0	1	0		npc不可选中	-1	0	1	1	
6668	6668	1000	CommonNPCHeader42_1				buff_银丝特效_01		脚下光圈点	0	0	0	1	0		npc不可选中	-1	0	1	1	
6669	6669	1000	Buff23_5				hj_buff_藏宝图_黄金		脚下光圈点	0	0	0	1	0		少侠可接取黄金枝与陶罐	-1	0	1	1	
6670	6670	1000	Buff23_4				hj_buff_藏宝图_翡翠		脚下光圈点	0	0	0	1	0		少侠可接取翡翠枝与陶罐	-1	0	1	1	
6671	6671	1000	Buff23_3				hj_buff_藏宝图_白玉		脚下光圈点	0	0	0	1	0		少侠可接取白玉枝与陶罐	-1	0	1	1	
6672	6672	1000	Buff23_2				hj_buff_藏宝图_生命剩余3		脚下光圈点	0	0	0	1	0		少侠还剩余3层加护	-1	0	1	1	
6673	6673	1000	Buff23_2				hj_buff_藏宝图_生命剩余2		脚下光圈点	0	0	0	1	0		少侠还剩余2层加护	-1	0	1	1	
6674	6674	1000	Buff23_2				hj_buff_藏宝图_生命剩余1		脚下光圈点	0	0	0	1	0		少侠还剩余1层加护	-1	0	1	1	
6675	6675	1000	FightSkillWuDang1_15				g01_buff38		头顶状态点	0	1	1	0	0		少侠已被淘汰，请等待队友继续挑战	-1	0	1	1	
6676	6676	1000	FightSkillTianShan_5	g01_buff42_01		身体受击点				0	1	1	0	0		boss高高跳起，投射暗器	-1	0	1	1	
6677	6677	9999	Buff28_1				buff_恶人谷场景_行走涟漪		脚下光圈点	0	0	0	0	0		江头未是风波恶，别有人间行路难。	-1	0	1	1	
6678	6678	1000	HuoDongSkill5_16							0	0	0	1	0		拘魂：造成的伤害提高	-1	0	1	1	
6679	6679	1000	HuoDongSkill5_16				buff_erg_拘天魂_失魂天		头顶状态点	0	0	0	0	0		丧魂：造成的伤害降低	-1	0	1	1	
6681	6681	1000	Buff15_6				buff_小队夺宝_紫色特效圈		脚下光圈点	0	0	0	0	0		不化骨光环：对周围3米内的目标持续造成伤害。	-1	0	1	1	
6682	6682	1000	Huodong_10_13		interface\sound_shengji.wav					0	0	0	0	0		可获取今日的财运福袋奖励！	-1	0	1	1	
6683	6683	1000	Buff17_14				hj_buff_藏宝图_可挑战		脚下光圈点	0	0	0	0	0		当前精绝禁军可被挑战	-1	0	1	1	
6684	6684	1000	Buff17_14				hj_buff_藏宝图_可挑战_高		脚下光圈点	0	0	0	0	0		当前精绝禁军可被挑战	-1	0	1	1	
6685	6685	1000	Medicine6_2							0	0	0	1	0		加强：血上限	-1	0	1	1	
6686	6686	1000	Medicine6_3							0	0	0	1	0		加强：闪避	-1	0	1	1	
6687	6687	1000	Medicine6_4							0	0	0	1	0		加强：毒攻击	-1	0	1	1	
6688	6688	1000	Medicine6_5							0	0	0	1	0		加强：冰攻击	-1	0	1	1	
6689	6689	1000	Medicine6_7							0	0	0	1	0		加强：命中	-1	0	1	1	
6690	6690	1000	Medicine6_6							0	0	0	1	0		加强：毒抗	-1	0	1	1	
6691	6691	1000	Medicine6_1							0	0	0	1	0		抵抗：封印	-1	0	1	1	
6692	6692	1000	Buff5_4				hj_buff_藏宝图_内应		脚下光圈点	0	0	0	0	0		内应标志	-1	0	1	1	
6693	6693	8500	FightSkillShaoLin2_4				buff_雕纹镌刻_御抗技_盾		脚下光圈点	0	0	0	0	0		伤害减免50%	-1	0	1	1	
6694	99	2200	RideHeader11_13							0	0	0	1	0		坐骑：墨玉麒麟。您已激活的坐骑中最高移动速度+10%。	99	0	1	1	
6695	99	2200	RideHeader11_13							0	0	0	1	0		坐骑：墨玉麒麟。您已激活的坐骑中最高移动速度+20%。	99	0	1	1	
6696	99	2200	RideHeader11_13							0	0	0	1	0		坐骑：墨玉麒麟。您已激活的坐骑中最高移动速度+40%。	99	0	1	1	
6697	99	2200	RideHeader11_13							0	0	0	1	0		坐骑：墨玉麒麟。您已激活的坐骑中最高移动速度+70%。	99	0	1	1	
6698	99	2200	RideHeader11_13							0	0	0	1	0		坐骑：墨玉麒麟。您已激活的坐骑中最高移动速度+75%。	99	0	1	1	
6699	99	2200	RideHeader11_13							0	0	0	1	0		坐骑：墨玉麒麟。您已激活的坐骑中最高移动速度+80%。	99	0	1	1	
6700	99	2200	RideHeader11_13							0	0	0	1	0		坐骑：墨玉麒麟。您已激活的坐骑中最高移动速度+85%。	99	0	1	1	
6701	99	2200	RideHeader11_13							0	0	0	1	0		坐骑：墨玉麒麟。您已激活的坐骑中最高移动速度+90%。	99	0	1	1	
6702	6702	1000	HuoDongSkill6_6		interface\sound_shengji.wav		buff_周年庆打卡成功		脚下光圈点	0	0	0	0	0		游神庆贺好运来	-1	0	1	1	
6703	6703	1000	Buff28_5				buff_冰雪节预热_沙漏交互效果		脚下光圈点	0	0	0	0	0		美丽冬雪中的欢乐时光。	-1	0	1	1	
6704	6704	1000	FightSkillTianShan_4							0	0	0	0	0		寒冰诛敌	-1	0	1	1	
6705	6705	1000	Buff8_12				buff_冰雪节副本改造_冰雪能量1豆		脚下光圈点	0	0	0	0	0		冰雪奇遇1层	-1	0	1	1	
6706	6706	1000	Buff8_13				buff_冰雪节副本改造_冰雪能量2豆		脚下光圈点	0	0	0	0	0		冰雪奇遇2层	-1	0	1	1	
6707	6707	1000	Buff8_15				buff_冰雪节副本改造_冰雪能量3豆		脚下光圈点	0	0	0	0	0		冰雪奇遇3层	-1	0	1	1	
6708	6708	1000	Buff29_16				buff_冰雪节副本改造_雪浪霜花		脚下光圈点	0	0	0	0	0		激发了雪浪霜花，获得了伤害增加。	-1	0	1	1	
6709	6709	1000	Buff17_14						身体中心点	0	0	0	0	0			-1	0	1	1	
6710	6710	1012	Buff13_17				buff_冰雪节副本改造_雪球形态		身体中心点	0	0	0	0	0		雪球形态	-1	0	1	1	
6711	6711	1000	Buff29_15				buff_冰雪节副本改造_雪怪技能2锁定		脚下光圈点	1	0	0	1	0		被憨憨锁定	-1	0	1	1	
6712	6712	1000	Buff8_10				buff_冰雪节副本改造_冰雪能量0豆		脚下光圈点	0	0	0	0	0		冰雪奇遇0层	-1	0	1	1	
6713	6713	10	CommonNPCHeader61_9							0	0	0	1	0		聪明形态大爆发：企鹅王！奇迹！进化为智慧企鹅，迎接挑战！	-1	0	1	1	
6714	6714	10	Buff28_3				buff_冻冻脑瓜_金色皇冠		头顶状态点	0	0	0	0	0		答案正确，不可思议！：什么题海之战，都是小意思啦！	-1	0	1	1	
6715	6715	10	Buff28_2				buff_冻冻脑瓜_狍子嘲笑		头顶状态点	0	0	0	0	0		答案错误，再接再厉！：居然答错了？看来我要认真起来了！	-1	0	1	1	
6716	6716	10	Buff28_4							0	0	0	0	0		立定站好：你被狍夫子定住了，宣布答案前无法进行任何动作！	-1	0	1	1	
6717	6717	10	CommonNPCHeader61_10							0	0	0	1	0		聪明形态大爆发：水豚王！奇迹！进化为智慧水豚，迎接挑战！	-1	0	1	1	
6718	6718	10	CommonNPCHeader59_9							0	0	0	1	0		聪明形态大爆发：猫猫王！奇迹！进化为智慧猫猫，迎接挑战！	-1	0	1	1	
6719	6719	10	Buff30_10							0	0	0	0	0		双倍智慧大放送：收集到了狍夫子给的好运，答对将获得双倍的答题积分。	-1	0	1	1	
6720	6720	10	Buff30_9				buff_冻冻脑瓜_答题保护		身体中心点	0	0	0	0	0		还在准备中：还没有准备就绪，不参与答题也不会受到影响。	-1	0	1	1	
6721	6721	10	CommonNPCHeader59_12							0	0	0	1	0		苞米心经：变身苞米，前往吸引黑熊。	-1	0	1	1	
6722	6722	10	Buff29_1				buff_2024拟人粘玉米_烤玉米特效		脚下光圈点	0	1	0	0	0		烤苞米：糟糕，被黑熊烤熟啦！	-1	0	1	1	
6723	6723	10	HuoDongSkill6_9				buff_冰雪节打卡_变身技能动作3		身体中心点	0	1	0	0	0		玉霸之气：可防止被其他苞米少侠换位。	-1	0	1	1	
6724	6724	10	HuoDongSkill6_9				buff_冰雪节打卡_变身技能动作3		身体中心点	0	1	0	0	0		玉霸之气：可防止被其他苞米少侠换位。	-1	0	1	1	
6725	6725	10	Buff29_12				boss_冰雪节打卡_熊瞎子_技能1_点名buff		脚下光圈点	0	0	0	0	0		萌熊特攻：小心脚下	-1	0	1	1	
6726	6726	10	Buff20_8							0	0	0	0	0		熊熊燃烧	-1	0	1	1	
6727	6727	10	Buff20_8				boss_冰雪节打卡_boss2阶段身上的火圈		脚下光圈点	0	0	0	0	0		熊熊大火	-1	0	1	1	
6728	6728	10	HuoDongSkill6_8				buff_冰雪节打卡_变身技能动作2被点名玩家buff特效		脚下光圈点	0	0	0	0	0		交换玉生：小心，你被选中了！	-1	0	1	1	
6729	6729	10	Buff29_13							0	0	0	0	0		被冻住啦：糟糕！上当啦！	-1	0	1	1	
6730	6730	10	Buff29_14							0	0	0	0	0		雪仗小能手：冬日里独有的乐趣，非其他玩乐可比。	-1	0	1	1	
6731	6731	10	CommonNPCHeader60_14							0	0	0	0	0		熊宝有点生气	-1	0	1	1	
6732	6732	10	CommonNPCHeader60_15							0	0	0	0	0		熊宝很生气	-1	0	1	1	
6733	6733	10	CommonNPCHeader60_16							0	0	0	0	0		熊宝十分生气	-1	0	1	1	
6734	6734	10	CommonNPCHeader60_10							0	0	0	0	0		兔宝有点生气	-1	0	1	1	
6735	6735	10	CommonNPCHeader60_11							0	0	0	0	0		兔宝很生气	-1	0	1	1	
6736	6736	10	CommonNPCHeader60_12							0	0	0	0	0		兔宝十分生气	-1	0	1	1	
6737	6737	10	CommonNPCHeader60_18							0	0	0	0	0		鸭宝有点生气	-1	0	1	1	
6738	6737	10	CommonNPCHeader60_19							0	0	0	0	0		鸭宝很生气	-1	0	1	1	
6739	6737	10	CommonNPCHeader60_20							0	0	0	0	0		鸭宝十分生气	-1	0	1	1	
6740	6740	1000	Buff30_12							0	0	0	0	0		梦想秧歌：您处于梦想秧歌变身状态，请围绕奇迹圣诞树扭起梦想秧歌。	-1	0	1	1	
6741	6741	1000	Buff30_14							0	0	0	0	0		腾龙戏狮舞：您处于腾龙戏狮舞变身状态，请围绕黄金宝树跳起腾龙戏狮舞。	-1	0	1	1	
6742	6742	1000	Buff30_13							0	0	0	0	0		神禄朱雀：您处于神禄朱雀变身状态，可捡回散落在雪地里的开运金币。	-1	0	1	1	
6743	6743	1000	Buff30_11							0	0	0	0	0		寻梦精灵：您处于寻梦精灵变身状态，可拾取散落在风雪里的捕梦火种。	-1	0	1	1	
6744	6744	10	Buff17_14							0	0	0	0	0		战前准备：比赛将在倒计时结束时开启，请做好参战准备。	-1	-1	1	1	
6745	6745	10	Buff17_13							0	0	0	0	0		战斗结束：倒计时结束时，将会自动当前场景。	-1	-1	1	1	
6746	6746	10	TaskTools3_3				buff_天星盘_减伤护盾A		脚下光圈点	0	0	0	0	0		复活保护：无敌。	-1	-1	1	1	
6747	6747	10	Buff29_2							0	0	0	0	0		伤害减免50%，持续20秒。	-1	-1	1	1	
6748	6748	10	Buff29_3							0	0	0	0	0		加速50%，持续20秒。	-1	-1	1	1	
6749	6749	10	Buff29_4							0	0	0	0	0		伤害增加20%，持续20秒。	-1	-1	1	1	
6750	6750	10	Buff29_5							0	0	0	0	0		每秒恢复1点受击次数，持续20秒。	-1	-1	1	1	
6751	6751	10	CommonNPCHeader58_23							0	0	0	0	0		变身buff1：钟灵。	-1	-1	1	1	
6752	6752	10	CommonNPCHeader58_24							0	0	0	0	0		变身buff2：王语嫣。	-1	-1	1	1	
6753	6753	10	CommonNPCHeader58_25							0	0	0	0	0		变身buff3：段誉。	-1	-1	1	1	
6754	6754	10	CommonNPCHeader59_1							0	0	0	0	0		变身buff4：虚竹。	-1	-1	1	1	
6755	6755	10	CommonNPCHeader59_2							0	0	0	0	0		变身buff5：乔峰。	-1	-1	1	1	
6756	6756	10	Buff23_11				buff_2025夏日光环1级		脚下光圈点	0	0	0	0	0		海豹变身1级：每秒对周围4米范围的海豹造成5点伤害。	-1	-1	1	1	
6757	6757	10	Buff23_12				buff_2025夏日光环2级		脚下光圈点	0	0	0	0	0		海豹变身2级：每秒对周围5米范围的海豹造成6点伤害。	-1	-1	1	1	
6758	6758	10	Buff23_13				buff_2025夏日光环3级		脚下光圈点	0	0	0	0	0		海豹变身3级：每秒对周围6米范围的海豹造成10点伤害。	-1	-1	1	1	
6759	6759	10	Buff23_14				buff_2025夏日光环4级		脚下光圈点	0	0	0	0	0		海豹变身4级：每秒对周围8米范围的海豹造成12点伤害。	-1	-1	1	1	
6760	6760	10	Buff23_15				buff_2025夏日光环5级		脚下光圈点	0	0	0	0	0		海豹变身5级：每秒对周围10米范围的敌人造成15点受击伤害。	-1	-1	1	1	
6761	6761	10	HuoDongSkill6_13				buff_2025夏日光环_一个豹起		脚下光圈点	0	0	0	0	0		一个豹起：每秒伤害提升50%	-1	-1	1	1	
6762	6762	10	HuoDongSkill6_13				buff_2025夏日光环_一个豹起		脚下光圈点	0	0	0	0	0		一个豹起：每秒伤害提升50%	-1	-1	1	1	
6763	6763	10	HuoDongSkill6_13				buff_2025夏日光环_一个豹起		脚下光圈点	0	0	0	0	0		一个豹起：每秒伤害提升50%	-1	-1	1	1	
6764	6764	10	HuoDongSkill6_13				buff_2025夏日光环_一个豹起		脚下光圈点	0	0	0	0	0		一个豹起：每秒伤害提升50%	-1	-1	1	1	
6765	6765	10	HuoDongSkill6_13				buff_2025夏日光环_一个豹起		脚下光圈点	0	0	0	0	0		一个豹起：每秒伤害提升50%	-1	-1	1	1	
6766	6766	10	Buff23_6							0	0	0	0	0		减伤：伤害减少	-1	-1	1	1	
6767	6767	10	Buff23_6							0	0	0	0	0		减伤：伤害减少	-1	-1	1	1	
6768	6768	10	Buff23_6							0	0	0	0	0		加速	-1	-1	1	1	
6769	6769	10	HuoDongSkill6_15				buff_2025夏日光环_爱的豹豹		脚下光圈点	0	0	0	0	0		爱的豹豹1级：每秒恢复4点生命值，持续10秒	-1	-1	1	1	
6770	6770	10	HuoDongSkill6_15				buff_2025夏日光环_爱的豹豹		脚下光圈点	0	0	0	0	0		爱的豹豹2级：每秒恢复6点生命值，持续10秒	-1	-1	1	1	
6771	6771	10	HuoDongSkill6_14				buff_2025夏日光环_弱豹了		脚下光圈点	0	0	0	0	0		狐狐缴械:光环在10秒内无法对周围玩家造成伤害。	-1	-1	1	1	
6772	6772	10	HuoDongSkill6_14				buff_2025夏日光环_弱豹了		脚下光圈点	0	0	0	0	0		狐狐缴械:光环在10秒内无法对周围玩家造成伤害。	-1	-1	1	1	
6773	6773	10	HuoDongSkill6_14				buff_2025夏日光环_弱豹了		脚下光圈点	0	0	0	0	0		狐狐缴械:光环在10秒内无法对周围玩家造成伤害。	-1	-1	1	1	
6774	6774	10	Buff23_6				buff_冰雪节割草_阵营Buff_红队		脚下光圈点	0	0	0	0	0		豹小红队伍成员	-1	-1	1	1	
6775	6775	10	Buff23_7				buff_冰雪节割草_阵营Buff_黄队		脚下光圈点	0	0	0	0	0		豹小黄队伍成员	-1	-1	1	1	
6776	6776	10	Buff23_8				buff_冰雪节割草_阵营Buff_蓝队		脚下光圈点	0	0	0	0	0		豹小蓝队伍成员	-1	-1	1	1	
6777	6777	10	Buff23_9				buff_冰雪节割草_阵营Buff_绿队		脚下光圈点	0	0	0	0	0		豹小绿队伍成员	-1	-1	1	1	
6778	6778	10	Buff23_10				buff_冰雪节割草_阵营Buff_紫队		脚下光圈点	0	0	0	0	0		豹小紫队伍成员	-1	-1	1	1	
6779	6779	10	HuoDongSkill7_3							0	0	0	0	0		废弃	-1	-1	1	1	
6780	6780	10	HuoDongSkill7_3							0	0	0	0	0		废弃	-1	-1	1	1	
6781	6781	10	HuoDongSkill7_3							0	0	0	0	0		废弃	-1	-1	1	1	
6782	6782	10	HuoDongSkill7_3							0	0	0	0	0		废弃	-1	-1	1	1	
6783	6783	10	HuoDongSkill7_3							0	0	0	0	0		废弃	-1	-1	1	1	
6784	6784	10	HuoDongSkill7_1							0	0	0	0	0		狂轰乱炸:每次爆炸造成15%生命值伤害。	-1	-1	1	1	
6785	6785	10	HuoDongSkill7_1							0	0	0	0	0		狂轰乱炸:每次爆炸造成15%生命值伤害。	-1	-1	1	1	
6786	6786	10	HuoDongSkill7_1							0	0	0	0	0		狂轰乱炸:每次爆炸造成15%生命值伤害。	-1	-1	1	1	
6787	6787	10	HuoDongSkill7_1							0	0	0	0	0		狂轰乱炸:每次爆炸造成15%生命值伤害。	-1	-1	1	1	
6788	6788	10	CommonNPCHeader57_3							0	0	0	0	0		推动小雪球中：收集小雪球可合成中型雪球！	-1	-1	1	1	
6789	6789	10	CommonNPCHeader57_4							0	0	0	0	0		推动中型雪球中：收集中型雪球可合成大雪球！	-1	-1	1	1	
6790	6790	10	CommonNPCHeader57_5							0	0	0	0	0		推动大雪球中：收集大雪球可合成巨大雪球！	-1	-1	1	1	
6791	6791	10	CommonNPCHeader57_6							0	0	0	0	0		推动巨大雪球中：收集巨大雪球可合成雪人王！	-1	-1	1	1	
6792	6792	10	CommonNPCHeader57_7							0	0	0	0	0		与雪人王并肩前行：已合成雪人王，可前往范小彪处领取奖励！	-1	-1	1	1	
6793	6793	10	Buff28_6				buff_合成雪球_加速闪电buff		脚下光圈点	0	0	0	0	0		加速：移动速度增加80%	-1	1	1	1	
6794	6794	10	Buff28_7				buff_合成雪球_减速旋涡buff		脚下光圈点	0	0	0	0	0		减速：移动速度减少80%	-1	-1	1	1	
6795	6795	10	Buff28_8				buff_合成雪球_定身网buff		脚下光圈点	0	0	0	0	0		定身：啊啊啊不能动了	-1	-1	1	1	
6796	6796	10	Buff30_1				buff_泡温泉_咔咔冷		脚下光圈点	0	0	0	0	0		咔咔冷：嘶——这也太冷了吧！	-1	-1	1	1	
6797	6797	10	Buff30_3				buff_泡温泉_持续升温		脚下光圈点	0	0	0	0	0		持续升温：呃——好像越来越热了——	-1	-1	1	1	
6798	6798	10	Buff30_4				buff_泡温泉_持续降温		脚下光圈点	0	0	0	0	0		持续降温：呼——终于能喘口气了——	-1	-1	1	1	
6799	6799	10	Buff30_6				buff_泡温泉_贼痛快		脚下光圈点	0	0	0	0	0		贼痛快：这汤泉、这温度，痛快！	-1	-1	1	1	
6800	6800	10	Buff30_8				buff_泡温泉_贼舒坦		脚下光圈点	0	0	0	0	0		舒坦：舒坦~千金不换啊~	-1	-1	1	1	
6801	6801	10	Buff30_2				buff_泡温泉_贼拉热		脚下光圈点	0	0	0	0	0		贼拉热：嘶——不行了不行了，快中暑了！	-1	-1	1	1	
6802	6802	10	Buff30_5							0	0	0	0	0		独善其身：不外界干扰，专注自身。	-1	-1	1	1	
6803	6803	10	Huodong_18_7							0	0	0	0	0		状态：温泉汤浴	-1	-1	1	1	
6804	6804	10	Huodong_18_7							0	0	0	0	0		状态：温泉汤浴	-1	-1	1	1	
6805	6805	10	Buff31_5				buff_泡温泉_光环特效		脚下光圈点	0	0	0	0	0		大火爆炒：靠近的人一定程度上会受到大火高温的影响。	-1	-1	1	1	
6806	6806	10	Buff31_6				buff_泡温泉_加分光环提示		身体中心点	0	0	0	0	0		高温烘烤：受到蛋蛋鸡厨师烹饪时大火带来的高温影响。	-1	-1	1	1	
6807	6807	10	Buff17_11							0	0	0	0	0		被恐吓！	-1	-1	1	1	
6808	6808	10	Buff30_7				buff_泡温泉_贼痛快		脚下光圈点	0	0	0	0	0		贼得劲：这汤泉、这温度，得劲！！ 	-1	-1	1	1	
6809	6809	10	Huodong_18_7							0	0	0	0	0		状态：温泉汤浴	-1	-1	1	1	
6810	6810	10	Huodong_18_7							0	0	0	0	0		状态：温泉汤浴	-1	-1	1	1	
6811	6811	10	Huodong_18_6							0	0	0	0	0		海豚冲浪板：您处于海豚冲浪板变身状态，可使用冲浪板相关道具。	-1	-1	1	1	
6812	6812	10	Buff29_7							0	0	0	0	0		起飞：狂野猛兽将飞行完成剩下的路程	-1	-1	1	1	
6813	6813	10	Buff29_11				buff_冰雪节雪橇_眩晕buff		脚下光圈点	0	0	0	0	0		停滞：狂野猛兽受到吸引不受控制	-1	1	1	1	
6814	6814	10	Buff29_8				buff_冰雪节雪橇_护盾		脚下光圈点	0	0	0	0	0		护盾：抵挡一次停滞或减速的效果	-1	1	1	1	
6815	6815	10	Buff29_9				buff_冰雪节雪橇_加速		脚下光圈点	0	0	0	0	0		加速：移动速度增加50% 	-1	1	1	1	
6816	6816	10	Buff29_9				buff_冰雪节雪橇_大加速		脚下光圈点	0	0	0	0	0		加速：移动速度增加100% 	-1	1	1	1	
6817	6817	10	Buff29_6				buff_冰雪节雪橇_反向buff		脚下光圈点	0	0	0	0	0		反向：在进行左右方向选择时，需要选择相反的方向	-1	1	1	1	
6818	6818	10	Buff18_16				buff_2024雪橇错误		脚下光圈点	0	0	0	0	0		眩晕：方向选择不一致，狂野猛兽晕头转向了。	-1	-1	1	1	
6819	6819	10	Buff29_7							0	0	0	0	0		起飞：狂野猛兽将飞行完成剩下的路程	-1	-1	1	1	
6820	6820	10	Buff29_11							0	0	0	0	0		停滞：狂野猛兽受到吸引不受控制	-1	-1	1	1	
6821	6821	10	Buff29_8							0	0	0	0	0		护盾：抵挡一次停滞或减速的效果	-1	-1	1	1	
6822	6822	10	Buff29_9							0	0	0	0	0		加速：移动速度增加50% 	-1	-1	1	1	
6823	6823	10	Buff29_9							0	0	0	0	0		加速：移动速度增加100% 	-1	-1	1	1	
6824	6824	10	Buff29_6							0	0	0	0	0		反向：在进行左右方向选择时，需要选择相反的方向	-1	-1	1	1	
6825	6825	10	Buff18_16							0	0	0	0	0		眩晕：方向选择不一致，狂野猛兽晕头转向了。	-1	-1	1	1	
6826	6826	10	Buff28_9				buff_雪人pvp_携带冰块等级1		头顶状态点	1	0	0	0	0		冰块：当前持有冰块数量为100。靠近己方冰雕后，将冰块添加至冰雕身上。	-1	0	1	1	1
6827	6827	10	Buff28_10				buff_雪人pvp_携带冰块等级2		头顶状态点	1	0	0	0	0		冰块：当前持有冰块数量为200。靠近己方冰雕后，将冰块添加至冰雕身上。	-1	0	1	1	1
6828	6828	10	Buff28_11				buff_雪人pvp_携带冰块等级3		头顶状态点	1	0	0	0	0		冰块：当前持有冰块数量为300。靠近己方冰雕后，将冰块添加至冰雕身上。	-1	0	1	1	1
6829	6829	10	Buff28_12				buff_雪人pvp_携带冰块等级4		头顶状态点	1	0	0	0	0		冰块：当前持有冰块数量为400。靠近己方冰雕后，将冰块添加至冰雕身上。	-1	0	1	1	1
6830	6830	10	Buff28_13				buff_雪人pvp_携带冰块等级5		头顶状态点	1	0	0	0	0		冰块：当前持有冰块数量为500。靠近己方冰雕后，将冰块添加至冰雕身上。	-1	0	1	1	1
6831	6831	10	Buff28_14				buff_雪人pvp_携带冰块等级6		头顶状态点	1	0	0	0	0		冰块：当前持有冰块数量为600。靠近己方冰雕后，将冰块添加至冰雕身上。	-1	0	1	1	1
6832	6832	10	Buff28_15				buff_雪人pvp_携带冰块等级7		头顶状态点	1	0	0	0	0		冰块：当前持有冰块数量为700。靠近己方冰雕后，将冰块添加至冰雕身上。	-1	0	1	1	1
6833	6833	10	Buff28_16				buff_雪人pvp_携带冰块等级8		头顶状态点	1	0	0	0	0		冰块：当前持有冰块数量为800。靠近己方冰雕后，将冰块添加至冰雕身上。	-1	0	1	1	1
6834	6834	10	Buff23_16				buff_雪人pvp_携带冰块等级9		头顶状态点	1	0	0	0	0		冰块：当前持有冰块数量为900。靠近己方冰雕后，将冰块添加至冰雕身上。	-1	0	1	1	1
6835	6835	10	Buff26_16				buff_雪人pvp_携带冰块等级10		头顶状态点	1	0	0	0	0		冰块：当前持有冰块数量为1000。靠近己方冰雕后，将冰块添加至冰雕身上。	-1	0	1	1	1
6836	6836	10	CommonNPCHeader57_16				buff_雪人pvp_等级1		头顶状态点	0	0	0	0	0		驾驶冰雕中。	-1	0	1	1	1
6837	6837	20	CommonNPCHeader57_16				buff_雪人pvp_等级2		头顶状态点	0	0	0	0	0		驾驶冰雕中。	-1	0	1	1	1
6838	6838	30	CommonNPCHeader57_16				buff_雪人pvp_等级3		头顶状态点	0	0	0	0	0		驾驶冰雕中。	-1	0	1	1	1
6839	6839	40	CommonNPCHeader57_16				buff_雪人pvp_等级4		头顶状态点	0	0	0	0	0		驾驶冰雕中。	-1	0	1	1	1
6840	6840	50	CommonNPCHeader57_16				buff_雪人pvp_等级5		头顶状态点	0	0	0	0	0		驾驶冰雕中。	-1	0	1	1	1
6841	6841	60	CommonNPCHeader57_16				buff_雪人pvp_等级6		头顶状态点	0	0	0	0	0		驾驶冰雕中。	-1	0	1	1	1
6842	6842	70	CommonNPCHeader57_16				buff_雪人pvp_等级7		头顶状态点	0	0	0	0	0		驾驶冰雕中。	-1	0	1	1	1
6843	6843	80	CommonNPCHeader57_16				buff_雪人pvp_等级8		头顶状态点	0	0	0	0	0		驾驶冰雕中。	-1	0	1	1	1
6844	6844	90	CommonNPCHeader57_16				buff_雪人pvp_等级9		头顶状态点	0	0	0	0	0		驾驶冰雕中。	-1	0	1	1	1
6845	6845	100	CommonNPCHeader57_16				buff_雪人pvp_等级10		头顶状态点	0	0	0	0	0		驾驶冰雕中。	-1	0	1	1	1
6846	6846	110	CircularTaskTool46_5							0	0	0	0	0		雪花膏：获得大量防御力与血上限，拥有强力范围攻击技能，同时移动速度提升20%。	-1	0	1	1	1
6847	6847	10	HuoDongSkill7_14							1	0	0	0	0		普通木棍：攻击力提升。	-1	0	1	1	1
6848	6848	20	HuoDongSkill7_5							1	0	0	0	0		风暴冰棍：攻击力提升。攻击时有一定概率造成会心一击。	-1	0	1	1	1
6849	6849	30	HuoDongSkill7_15							1	0	0	0	0		极光喷冰枪：攻击力提升。攻击时有一定概率造成会心一击，同时打出高额范围伤害。	-1	0	1	1	1
6850	6850	10	HuoDongSkill7_13				buff_雪人PVP_一级盾		左武器绑定点	1	0	0	0	0		普通木盾：防御力提升。	-1	1	1	1	1
6851	6851	20	HuoDongSkill7_4				buff_雪人PVP_二级盾		左武器绑定点	1	0	0	0	0		风暴冰盾：防御力提升并且在受击时有一定概率获得护盾。	-1	1	1	1	1
6852	6852	30	HuoDongSkill7_6				buff_雪人PVP_三级盾		左武器绑定点	1	0	0	0	0		极光防爆盾：防御力提升并且在受击时有一定概率获得护盾。同时额外获得主动技能，使用后将无敌5秒。	-1	1	1	1	1
6853	6853	10	HuoDongSkill8_8				buff_雪人PVP_吸附光环		脚下光圈点	0	0	0	0	0		领地标记：自动拾取附近3米的小冰块。	-1	0	1	1	1
6854	6854	10	CircularTaskTool46_6				hj_武道突破_buff		脚下光圈点	0	0	1	0	0		被砰砰弹炸到，眩晕。	-1	0	1	1	1
6855	6855	10	CircularTaskTool46_1				g01_buff27		脚下光圈点	0	0	1	0	0		被绊虎索困住，定身。	-1	0	1	1	1
6856	6856	10	CircularTaskTool46_2				HJ_boss_少林高手_技能1减速buff		脚下光圈点	0	0	1	0	0		被大金球脚链缠住，减速50%。	-1	0	1	1	1
6857	6857	1000	CommonNPCHeader72_8							0	0	0	0	0		梦想秧歌：您处于梦想秧歌变身状态，请围绕奇迹圣诞树扭起梦想秧歌。	-1	0	1	1	1
6858	6858	1000	CommonNPCHeader72_8							0	0	0	0	0		腾龙戏狮舞：您处于腾龙戏狮舞变身状态，请围绕黄金宝树跳起腾龙戏狮舞。	-1	0	1	1	1
6859	6859	10	HuoDongSkill8_5				buff_雪人PVP_加速特效		脚下光圈点	0	0	0	0	0		飞虎出击：移动速度增加50%	-1	1	1	1	1
6860	6860	10	HuoDongSkill8_5							0	0	0	0	0		飞虎出击：若撞击到敌方玩家角色，则将其冰封5秒。	-1	0	1	1	1
6861	6861	10	HuoDongSkill8_5				g01_ts_天地明灭_zdo		脚下光圈点	0	0	1	0	0		冰封：被敌方冰雕撞击，无法移动，无法使用技能。	-1	0	1	1	1
6862	6862	1000	CommonNPCHeader72_8							0	0	0	0	0		神禄朱雀：您处于神禄朱雀变身状态，可捡回散落在雪地里的开运金币。	-1	0	1	1	1
6863	6863	10	HuoDongSkill7_6				buff_雪人PVP_无敌盾		脚下光圈点	0	0	0	0	0		免疫所有伤害	-1	0	1	1	1
6864	6864	10	CommonNPCHeader57_8				buff_雪人pvp_壮壮虎阵营		头顶状态点	1	0	0	0	0		壮壮虎：您正为壮壮虎而战	-1	0	1	1	1
6865	6865	10	CommonNPCHeader57_11				buff_雪人pvp_威威虎阵营		头顶状态点	1	0	0	0	0		威威虎：您正为威威虎而战	-1	0	1	1	1
6866	6866	10	CommonNPCHeader57_10				buff_雪人pvp_蹦蹦虎阵营		头顶状态点	1	0	0	0	0		蹦蹦虎：您正为蹦蹦虎而战	-1	0	1	1	1
6867	6867	10	CommonNPCHeader57_12				buff_雪人pvp_奔奔虎阵营		头顶状态点	1	0	0	0	0		奔奔虎：您正为奔奔虎而战	-1	0	1	1	1
6868	6868	10	CommonNPCHeader57_9				buff_雪人pvp_呜呜虎阵营		头顶状态点	1	0	0	0	0		呜呜虎：您正为呜呜虎而战	-1	0	1	1	1
6869	6869	10	HuoDongSkill7_4				buff_雪人PVP_无敌盾		脚下光圈点	0	0	0	0	0		风暴冰盾：获得护盾，吸收一定量的伤害	-1	0	1	1	1
6870	6870	10	HuoDongSkill7_6				buff_雪人PVP_无敌盾		脚下光圈点	0	0	0	0	0		极光防爆盾：获得护盾，吸收一定量的伤害	-1	0	1	1	1
6871	99	2200	RideHeader11_14							0	0	0	1	0		坐骑：阿拉斯基。您已激活的坐骑中最高移动速度+10%。	99	0	1	1	
6872	99	2200	RideHeader11_14							0	0	0	1	0		坐骑：阿拉斯基。您已激活的坐骑中最高移动速度+20%。	99	0	1	1	
6873	99	2200	RideHeader11_14							0	0	0	1	0		坐骑：阿拉斯基。您已激活的坐骑中最高移动速度+40%。	99	0	1	1	
6874	99	2200	RideHeader11_14							0	0	0	1	0		坐骑：阿拉斯基。您已激活的坐骑中最高移动速度+70%。	99	0	1	1	
6875	99	2200	RideHeader11_14							0	0	0	1	0		坐骑：阿拉斯基。您已激活的坐骑中最高移动速度+75%。	99	0	1	1	
6876	99	2200	RideHeader11_14							0	0	0	1	0		坐骑：阿拉斯基。您已激活的坐骑中最高移动速度+80%。	99	0	1	1	
6877	99	2200	RideHeader11_14							0	0	0	1	0		坐骑：阿拉斯基。您已激活的坐骑中最高移动速度+85%。	99	0	1	1	
6878	99	2200	RideHeader11_14							0	0	0	1	0		坐骑：阿拉斯基。您已激活的坐骑中最高移动速度+90%。	99	0	1	1	
6879	6879	1000	Buff28_5				buff_冰雪节预热_冰冰沙道具使用		脚下光圈点	0	0	0	0	0		奇妙的相遇，独属于你的冰雪。	-1	0	1	1	
6880	6880	10	Buff28_4							0	0	0	0	0		苞米地往事：正在准备，无法行动	-1	0	1	1	
6881	6881	2160	TaskTools3_3							0	0	0	0	0		复活保护：无敌	-1	0	1	1	
6882	6882	10	CommonNPCHeader62_2							0	0	0	0	0		快快快！快把河鲤鱼拖给蛊惑猫，快呀！	-1	0	1	1	
6883	6883	10	Buff23_6							0	0	0	0	0		您获得了救助者套装，和救助者技能！请前往生肖牢房解救生肖蛇！	-1	0	1	1	
6884	6884	10	Buff23_6							0	0	0	0	0		糟糕！被抓住了！	-1	0	1	1	
6885	6885	10	Buff23_6							0	0	0	0	0		糟糕！被泥巴绊住脚了！	-1	0	1	1	
6886	6886	10	Buff31_15				buff_新生肖故事_贴福字		身体中心点	0	0	0	0	0		被贴福啦！福到好运到，福到喜事到！贴福多多，吉庆多多！	-1	1	1	1	
6887	6729	10	CommonNPCHeader60_21							0	0	0	0	0		被冻住啦：糟糕！上当啦！	-1	0	1	1	
6888	6729	10	CommonNPCHeader60_23							0	0	0	0	0		被冻住啦：糟糕！上当啦！	-1	0	1	1	
6889	9352	10	Buff23_11				buff_2025夏日光环1级红队		脚下光圈点	0	0	0	0	0		红队海豹变身1级：每秒对周围4米范围的海豹造成5点伤害。	-1	0	1	1	
6890	9353	10	Buff23_12				buff_2025夏日光环2级红队		脚下光圈点	0	0	0	0	0		红队海豹变身2级：每秒对周围5米范围的海豹造成6点伤害。	-1	0	1	1	
6891	9354	10	Buff23_13				buff_2025夏日光环3级红队		脚下光圈点	0	0	0	0	0		红队海豹变身3级：每秒对周围6米范围的海豹造成10点伤害。	-1	0	1	1	
6892	9355	10	Buff23_14				buff_2025夏日光环4级红队		脚下光圈点	0	0	0	0	0		红队海豹变身4级：每秒对周围8米范围的海豹造成10点伤害。	-1	0	1	1	
6893	9356	10	Buff23_15				buff_2025夏日光环5级红队		脚下光圈点	0	0	0	0	0		红队海豹变身5级：每秒对周围10米范围的敌人造成10点受击伤害。	-1	0	1	1	
6894	6894	10	HuoDongSkill5_1							0	0	0	0	0		豹头鼠窜，移动速度提高30%，持续10秒。	-1	0	1	1	
6895	6895	10	Buff23_11				buff_2025夏日光环1级黄队		脚下光圈点	0	0	0	0	0		黄队海豹变身1级：每秒对周围4米范围的海豹造成5点伤害。	-1	0	1	1	
6896	6896	10	Buff23_12				buff_2025夏日光环2级黄队		脚下光圈点	0	0	0	0	0		黄队海豹变身2级：每秒对周围5米范围的海豹造成6点伤害。	-1	0	1	1	
6897	6897	10	Buff23_13				buff_2025夏日光环3级黄队		脚下光圈点	0	0	0	0	0		黄队海豹变身3级：每秒对周围6米范围的海豹造成10点伤害。	-1	0	1	1	
6898	6898	10	Buff23_14				buff_2025夏日光环4级黄队		脚下光圈点	0	0	0	0	0		黄队海豹变身4级：每秒对周围8米范围的海豹造成10点伤害。	-1	0	1	1	
6899	6899	10	Buff23_15				buff_2025夏日光环5级黄队		脚下光圈点	0	0	0	0	0		黄队海豹变身5级：每秒对周围10米范围的敌人造成10点受击伤害。	-1	0	1	1	
6900	6900	10	Buff23_11				buff_2025夏日光环1级蓝队		脚下光圈点	0	0	0	0	0		蓝队海豹变身1级：每秒对周围4米范围的海豹造成5点伤害。	-1	0	1	1	
6901	6901	10	Buff23_12				buff_2025夏日光环2级蓝队		脚下光圈点	0	0	0	0	0		蓝队海豹变身2级：每秒对周围5米范围的海豹造成6点伤害。	-1	0	1	1	
6902	6902	10	Buff23_13				buff_2025夏日光环3级蓝队		脚下光圈点	0	0	0	0	0		蓝队海豹变身3级：每秒对周围6米范围的海豹造成10点伤害。	-1	0	1	1	
6903	6903	10	Buff23_14				buff_2025夏日光环4级蓝队		脚下光圈点	0	0	0	0	0		蓝队海豹变身4级：每秒对周围8米范围的海豹造成10点伤害。	-1	0	1	1	
6904	6904	10	Buff23_15				buff_2025夏日光环5级蓝队		脚下光圈点	0	0	0	0	0		蓝队海豹变身5级：每秒对周围10米范围的敌人造成10点受击伤害。	-1	0	1	1	
6905	6905	10	Buff23_11				buff_2025夏日光环1级绿队		脚下光圈点	0	0	0	0	0		绿队海豹变身1级：每秒对周围4米范围的海豹造成5点伤害。	-1	0	1	1	
6906	6906	10	Buff23_12				buff_2025夏日光环2级绿队		脚下光圈点	0	0	0	0	0		绿队海豹变身2级：每秒对周围5米范围的海豹造成6点伤害。	-1	0	1	1	
6907	6907	10	Buff23_13				buff_2025夏日光环3级绿队		脚下光圈点	0	0	0	0	0		绿队海豹变身3级：每秒对周围6米范围的海豹造成10点伤害。	-1	0	1	1	
6908	6908	10	Buff23_14				buff_2025夏日光环4级绿队		脚下光圈点	0	0	0	0	0		绿队海豹变身4级：每秒对周围8米范围的海豹造成10点伤害。	-1	0	1	1	
6909	6909	10	Buff23_15				buff_2025夏日光环5级绿队		脚下光圈点	0	0	0	0	0		绿队海豹变身5级：每秒对周围10米范围的敌人造成10点受击伤害。	-1	0	1	1	
6910	6910	10	Buff23_11				buff_2025夏日光环1级紫队		脚下光圈点	0	0	0	0	0		紫队海豹变身1级：每秒对周围4米范围的海豹造成5点伤害。	-1	0	1	1	
6911	6911	10	Buff23_12				buff_2025夏日光环2级紫队		脚下光圈点	0	0	0	0	0		紫队海豹变身2级：每秒对周围5米范围的海豹造成6点伤害。	-1	0	1	1	
6912	6912	10	Buff23_13				buff_2025夏日光环3级紫队		脚下光圈点	0	0	0	0	0		紫队海豹变身3级：每秒对周围6米范围的海豹造成10点伤害。	-1	0	1	1	
6913	6913	10	Buff23_14				buff_2025夏日光环4级紫队		脚下光圈点	0	0	0	0	0		紫队海豹变身4级：每秒对周围8米范围的海豹造成10点伤害。	-1	0	1	1	
6914	6914	10	Buff23_15				buff_2025夏日光环5级紫队		脚下光圈点	0	0	0	0	0		紫队海豹变身5级：每秒对周围10米范围的敌人造成10点受击伤害。	-1	0	1	1	
6915	6915	10	Buff31_7				buff_泡温泉_传染		脚下光圈点	0	0	0	0	0		温泉醉蛋：独晕晕不如众晕晕，怎么晕，都有蛋在晕	-1	0	1	1	
6916	6916	10	Buff31_9				buff_泡温泉_眩晕提示		脚下光圈点	0	0	0	0	0		泡晕了：温泉虽好，但是泡久了晕晕乎乎	-1	0	1	1	
6917	6917	10	Buff31_8							0	0	0	0	0		清醒：免疫醉蛋	-1	0	1	1	
6918	6918	10	Buff31_2				buff_冰雪节打卡_心型血槽1		身体受击点	0	0	0	0	0		苞米存活次数：当前剩余1次	-1	0	1	1	
6919	6918	10	Buff31_3				buff_冰雪节打卡_心型血槽2		身体受击点	0	0	0	0	0		苞米存活次数：当前剩余2次	-1	0	1	1	
6920	6918	10	Buff31_4				buff_冰雪节打卡_心型血槽3		身体受击点	0	0	0	0	0		苞米存活次数：当前剩余3次	-1	0	1	1	
6921	6921	10	HuoDongSkill8_15				buff_天星盘_减伤护盾A		脚下光圈点	0	0	0	0	0		无敌：不会受到伤害，持续6秒。	-1	0	1	1	
6922	6922	2200	Buff31_10				主角_冰雪2024时装展示buff		身体中心点	1	0	0	1	0		冰夷之力：您已受冰夷之力眷顾，于冰寒绝境之中亦不受侵扰，行动自如。施展者10米范围内的队友或团队成员均享受此特殊展示效果。	-1	0	1	1	
6923	6923	10	CommonNPCHeader62_4							0	0	0	1	0		劳动最光荣	-1	-1	1	1	
6924	6924	10	Buff31_16							0	0	0	1	0		搬起了小金砂	-1	-1	1	1	
6925	6925	10	Buff31_16							0	0	0	1	0		搬起了金石	-1	-1	1	1	
6926	6926	10	Buff31_16							0	0	0	1	0		搬起了金矿	-1	-1	1	1	
6927	23	1000	Buff31_14				g01_buff100		脚下光圈点	0	1	1	0	0		糟糕！糟糕！被泥巴绊住脚了！	-1	0	1	1	
6928	6928	1000	Buff31_15				buff_新生肖故事_贴福字		身体中心点	0	0	0	0	0		福运特效	-1	1	1	1	
6929	6929	1000	Buff8_10							0	0	0	0	0		被崩了特效	-1	0	1	1	
6930	6930	1000	Buff8_10				cj_苏州黑气2022_净化		脚下光圈点	0	0	0	0	0		救治特效	-1	0	1	1	
6931	6931	1000	Buff8_10				buff_新生肖故事_炸鱼烟		脚下光圈点	0	0	0	0	0		烟雾特效	-1	0	1	1	
6932	6932	1000	Buff8_10				buff_新生肖故事_光芒阵		脚下光圈点	0	0	0	0	0		光芒特效	-1	0	1	1	
6933	6933	1000	Buff8_10				cj_苏州黑气2022_净化		脚下光圈点	0	0	0	0	0		净化特效	-1	0	1	1	
6934	6934	1000	Buff8_10				buff_新生肖故事_花车道具		脚下光圈点	0	0	0	0	0		彩条特效	-1	0	1	1	
6935	6935	1000	Buff8_10				buff_新生肖故事_花车停靠		脚下光圈点	0	0	0	0	0		礼花特效	-1	0	1	1	
6936	6936	1000	CommonLiveSkill_16							1	0	0	0	0		出战疲劳：刚出战1只珍兽，暂时无法再次出战珍兽	-1	0	1	1	
6937	6937	1000	CircularTaskTool147_13							0	0	0	1	0		收集灵气：与昆吾兽族一同以他们喜欢的方式收集灵气，切勿分神。	-1	0	1	1	
6938	6938	1000	CircularTaskTool147_13							0	0	0	1	0		收集灵气：与昆吾兽族一同以他们喜欢的方式收集灵气，切勿分神。	-1	0	1	1	
6939	6939	1000	CircularTaskTool147_13							0	0	0	1	0		收集灵气：与昆吾兽族一同以他们喜欢的方式收集灵气，切勿分神。	-1	0	1	1	
6940	6940	1000	CircularTaskTool147_13							0	0	0	1	0		收集灵气：与昆吾兽族一同以他们喜欢的方式收集灵气，切勿分神。	-1	0	1	1	
6941	6941	1000	CircularTaskTool147_13							0	0	0	1	0		收集灵气：与昆吾兽族一同以他们喜欢的方式收集灵气，切勿分神。	-1	0	1	1	
6942	6942	1000	CircularTaskTool147_13							0	0	0	1	0		收集灵气：与昆吾兽族一同以他们喜欢的方式收集灵气，切勿分神。	-1	0	1	1	
6943	6943	10	CommonNPCHeader57_3							0	0	0	0	0		需2人搬起	-1	-1	1	1	
6944	6944	10	CommonNPCHeader57_3							0	0	0	0	0		需3人搬起	-1	-1	1	1	
6946	6946	1000	Buff8_10				buff_新生肖故事_炸鱼烟		脚下光圈点	0	0	0	0	0		烟雾特效	-1	0	1	1	
6947	99	2200	RideHeader11_16							0	0	0	1	0		坐骑：朔影天狼。骑乘后移动速度+10%。	99	0	1	1	
6948	99	2200	RideHeader11_16							0	0	0	1	0		坐骑：朔影天狼。骑乘后移动速度+20%。	99	0	1	1	
6949	99	2200	RideHeader11_16							0	0	0	1	0		坐骑：朔影天狼。骑乘后移动速度+40%。	99	0	1	1	
6950	99	2200	RideHeader11_16							0	0	0	1	0		坐骑：朔影天狼。骑乘后移动速度+70%。	99	0	1	1	
6951	99	2200	RideHeader11_16							0	0	0	1	0		坐骑：朔影天狼。骑乘后移动速度+75%。	99	0	1	1	
6952	99	2200	RideHeader11_16							0	0	0	1	0		坐骑：朔影天狼。骑乘后移动速度+80%。	99	0	1	1	
6953	99	2200	RideHeader11_16							0	0	0	1	0		坐骑：朔影天狼。骑乘后移动速度+85%。	99	0	1	1	
6954	99	2200	RideHeader11_16							0	0	0	1	0		坐骑：朔影天狼。您已激活的坐骑中最高移动速度+90%。	99	0	1	1	
6955	99	2200	RideHeader11_15							0	0	0	1	0		坐骑：啸月天狼。骑乘后移动速度+10%。	99	0	1	1	
6956	99	2200	RideHeader11_15							0	0	0	1	0		坐骑：啸月天狼。骑乘后移动速度+20%。	99	0	1	1	
6957	99	2200	RideHeader11_15							0	0	0	1	0		坐骑：啸月天狼。骑乘后移动速度+40%。	99	0	1	1	
6958	99	2200	RideHeader11_15							0	0	0	1	0		坐骑：啸月天狼。骑乘后移动速度+70%。	99	0	1	1	
6959	99	2200	RideHeader11_15							0	0	0	1	0		坐骑：啸月天狼。骑乘后移动速度+75%。	99	0	1	1	
6960	99	2200	RideHeader11_15							0	0	0	1	0		坐骑：啸月天狼。骑乘后移动速度+80%。	99	0	1	1	
6961	99	2200	RideHeader11_15							0	0	0	1	0		坐骑：啸月天狼。骑乘后移动速度+85%。	99	0	1	1	
6962	99	2200	RideHeader11_15							0	0	0	1	0		坐骑：啸月天狼。您已激活的坐骑中最高移动速度+90%。	99	0	1	1	
6963	6963	9900	Buff32_4							0	0	0	0	0		怒意灼心：	-1	0	1	1	
6964	6964	1000	CircularTaskTool46_13							0	0	0	0	0		神行令：移动速度提高30%	-1	0	1	1	
6965	6965	1000	Buff32_1				buff_珍兽2阶战斗特效_小		脚下光圈点	0	0	0	0	0		怒意二阶：兽灵属性小幅增强	-1	0	1	1	
6966	6966	1000	Buff32_4				buff_珍兽3阶战斗特效_小		脚下光圈点	0	0	0	0	0		怒意三阶：大幅减免所受伤害，被动技增强，无法恢复血量，每秒扣除血量 	-1	0	1	1	
6967	6967	1000	Buff32_1				buff_珍兽2阶战斗特效_大		脚下光圈点	0	0	0	0	0		怒意二阶：兽灵属性小幅增强	-1	0	1	1	
6968	6968	1000	Buff32_4				buff_珍兽3阶战斗特效_大		脚下光圈点	0	0	0	0	0		怒意三阶：大幅减免所受伤害，被动技增强，无法恢复血量，每秒扣除血量 	-1	0	1	1	
6969	6969	10	CommonNPCHeader57_3				buff_春节后打卡_表情包		头顶状态点	0	0	0	0	0		搬砖帮忙特效	-1	-1	1	1	
6970	6970	10	CommonNPCHeader57_3				hj_buff_藏宝图_黄金		脚下光圈点	0	0	0	0	0		金块特效	-1	-1	1	1	
6971	6971	1000	PetSkill7_7							0	0	0	0	0		极冰凝杀：增加冰攻击和减冰抗	-1	0	1	1	
6972	6972	1000	PetSkill1_8							0	0	0	0	0		劫火焚杀：增加火攻击和减火抗	-1	0	1	1	
6973	6973	1000	PetSkill7_8							0	0	0	0	0		腐毒蚀杀：增加毒攻击和减毒抗	-1	0	1	1	
6974	6974	1000	PetSkill3_4							0	0	0	0	0		玄雷击杀：增加玄攻击和减玄抗	-1	0	1	1	
6975	6975	1000	PetSkill4_7							0	1	1	0	0		冰爆：减少移动速度	-1	0	1	1	
6976	6976	1000	PetSkill5_13				g01_buff118_01		身体受击点	0	0	0	1	0		重生：无敌	-1	0	1	1	
6977	6977	1000	PetSkill1_11							0	0	0	0	0		共生：每秒恢复珍兽牺牲的血量	-1	0	1	1	
6978	6978	1000	PetSkill4_1				g01_buff118_01		身体受击点	0	0	0	0	0		神佑：无敌	-1	0	1	1	
6979	6979	1000	PetSkill4_1							0	0	0	1	0		神佑：增加移动速度	-1	0	1	1	
6980	6980	1000	PetSkill5_6							0	0	0	1	0		伪装：隐身	-1	0	1	1	
6981	6981	1000	PetSkill2_5							0	0	0	1	0		附身：隐身，受到伤害不会接触	-1	0	1	1	
6982	6982	1000	PetSkill5_9							0	0	0	0	0		寒冰咒：增加冰攻击	-1	0	1	1	
6983	6983	1000	PetSkill5_10							0	0	0	0	0		烈火咒：增加火攻击	-1	0	1	1	
6984	6984	1000	PetSkill5_11							0	0	0	0	0		血毒咒：增加毒攻击	-1	0	1	1	
6985	6985	1000	PetSkill5_12							0	0	0	0	0		玄雷咒：增加玄攻击	-1	0	1	1	
6986	6986	1000	PetSkill4_9							0	0	0	0	0		灵动：暂时减免受到的部分伤害，持续扣除血量	-1	0	1	1	
6987	6987	1000	PetSkill4_5							0	1	1	0	0		打怒：无法恢复怒气	-1	0	1	1	
6988	6988	1000	PetSkill2_15							0	0	0	0	0		猛击：无视目标部分外功防御	-1	0	1	1	
6989	6989	1000	PetSkill5_7				cw_特技霜鹤2022_寻影		脚下光圈点	0	0	0	0	0		识破：隐身失败	-1	0	1	1	
6990	6990	1000	PetSkill6_5							0	1	0	0	0		虚弱：减免部分受到的内功、外功伤害	-1	0	1	1	
6991	6991	1000	PetSkill6_7							0	1	1	0	0		破绽：减少部分内功、外功防御	-1	0	1	1	
6992	6992	1000	PetSkill6_15							0	1	1	0	0		摔绊：定身状态下可以攻击，但无法移动	-1	0	1	1	
6993	6993	7500	PetSkill6_10							0	0	0	1	0		解穴：免疫封穴	-1	0	1	1	
6994	6994	7500	PetSkill6_11							0	0	0	1	0		清醒：免疫昏睡	-1	0	1	1	
6995	6995	7500	PetSkill6_12							0	0	0	1	0		明目：免疫失明	-1	0	1	1	
6996	6996	7500	PetSkill6_13							0	0	0	1	0		轻灵：免疫僵硬	-1	0	1	1	
6997	6997	7500	PetSkill6_9							0	0	0	1	0		固元：免疫散功	-1	0	1	1	
6998	6998	7500	PetSkill6_14							0	0	0	1	0		洒脱：免疫定身	-1	0	1	1	
6999	6999	1000	MenpaiLiveSkill2_14							0	0	0	0	0		冰天雪地：增加减冰抗	-1	0	1	1	
7000	7000	1000	MenpaiLiveSkill2_13							0	0	0	0	0		烈火燎原：增加减火抗	-1	0	1	1	
7001	7001	1000	MenpaiLiveSkill2_16							0	0	0	0	0		血毒万里：增加减毒抗	-1	0	1	1	
7002	7002	1000	MenpaiLiveSkill2_15							0	0	0	0	0		五雷轰顶：增加减玄抗	-1	0	1	1	
7003	7003	1000	PetSkill6_3							0	0	0	0	0		痛击：无视目标部分内功防御	-1	0	1	1	
7004	7004	1000	PetSkill4_15							0	1	1	0	0		咆哮：持续掉血	-1	0	1	1	
7005	7005	1000	PetSkill7_4							0	1	0	0	0		冰魂：移动不能，操作不能，可被攻击，可被打醒	-1	0	1	1	
7006	7006	1000	PetSkill7_6							0	1	0	0	0		火魂：灼烧持续掉血	-1	0	1	1	
7007	7007	1000	PetSkill7_5							0	1	1	0	0		毒魂：中毒持续掉血	-1	0	1	1	
7008	7008	1000	PetSkill7_3							0	1	0	0	0		玄魂：移动不能，操作不能，可被攻击，无法被打醒	-1	0	1	1	
7009	7009	7500	PetSkill2_13							0	0	0	1	0		冰精：受到冰攻伤害减少，受到火攻击伤害增加	-1	0	1	1	
7010	7010	7500	PetSkill2_14							0	0	0	1	0		火灵：受到火攻伤害减少，受到冰攻击伤害增加	-1	0	1	1	
7011	7011	7500	PetSkill3_3							0	0	0	1	0		毒蛊：受到毒攻伤害减少，受到玄攻击伤害增加	-1	0	1	1	
7012	7012	7500	PetSkill3_8							0	0	0	1	0		玄兽：受到玄攻伤害减少，受到毒攻击伤害增加	-1	0	1	1	
7013	7013	1000	PetSkill1_7							0	1	0	1	0		迟钝：增加血上限	-1	0	1	1	
7014	7014	1000	PetSkill3_6							0	0	0	1	0		狡猾：增加命中和闪避	-1	0	1	1	
7015	7015	1000	PetSkill3_7							0	0	0	1	0		憨厚：受到的外功伤害和内功伤害降低	-1	0	1	1	
7016	7016	1000	PetSkill3_5							0	0	0	1	0		拼命：会心攻击增加	-1	0	1	1	
7017	7017	1000	PetSkill3_9							0	0	0	1	0		法魂：内功伤害增加	-1	0	1	1	
7018	7018	1000	PetSkill3_10							0	0	0	1	0		蛮力：外功伤害增加	-1	0	1	1	
7019	7019	1000	PetSkill3_13							0	0	0	1	0		借力：增加力量	-1	0	1	1	
7020	7020	1000	PetSkill1_5							0	0	0	1	0		移魂：增加定力	-1	0	1	1	
7021	7021	1000	PetSkill3_15							0	0	0	1	0		瞬影：增加身法	-1	0	1	1	
7022	7022	1000	PetSkill1_3							0	0	0	1	0		强身：增加体力	-1	0	1	1	
7023	7023	1000	PetSkill3_1							0	0	0	1	0		凝神：增加灵气	-1	0	1	1	
7024	7024	1000	PetSkill4_13							0	0	0	1	0		血爆：持续回血	-1	0	1	1	
7025	7025	1000	PetSkill4_7							0	0	0	1	0		冰爆：移动速度增加	-1	0	1	1	
7026	7026	1000	PetSkill1_15							0	0	0	1	0		净化：免疫不良效果	-1	0	1	1	
7027	7027	1000	PetSkill5_13							0	0	1	0	0		重生：伤害减少	-1	-1	1	1	
7028	7028	1000	PetSkill4_11							0	0	0	0	0		治疗：持续回血	-1	0	1	1	
7029	7029	1000	PetSkill4_1							0	0	0	1	0		神佑：概率回血	-1	0	1	1	
7030	99	1000	PetSkill5_6							0	0	0	1	0		伪装：隐身，移动速度减少，受到伤害或使用技能即会现身	-1	0	1	1	
7031	7031	1000	PetSkill2_5							0	1	0	1	0		附身：伤害增加	-1	-1	1	1	
7032	7032	1000	PetSkill5_9							0	0	0	1	0		寒冰咒：增加冰攻击和减冰抗	-1	-1	1	1	
7033	7033	1000	PetSkill5_10							0	0	0	1	0		烈火咒：增加火攻击和减火抗	-1	-1	1	1	
7034	7034	1000	PetSkill5_11							0	0	0	1	0		血毒咒：增加毒攻击和减毒抗	-1	-1	1	1	
7035	7035	1000	PetSkill5_12							0	0	0	1	0		玄雷咒：增加玄攻击和减玄抗	-1	-1	1	1	
7036	7036	1000	PetSkill1_1							0	0	0	1	0		反击：受到攻击时一定几率反击敌人	-1	0	1	1	
7037	7037	1000	PetSkill1_13							0	0	0	1	0		反震：受到攻击时一定几率反弹所受伤害	-1	0	1	1	
7038	7038	1000	PetSkill4_9							0	0	0	1	0		灵动：一定几率减少所受的伤害	-1	0	1	1	
7039	7039	1000	PetSkill2_7							0	0	0	1	0		吸气：攻击时一定几率吸走敌人的气	-1	0	1	1	
7040	7040	1000	PetSkill4_5							0	0	0	1	0		打怒：攻击时一定几率打消敌人怒气	-1	0	1	1	
7041	7041	1000	PetSkill5_1							0	0	0	1	0		忠心：受到的会心伤害降低	-1	0	1	1	
7042	7042	1000	PetSkill5_3							0	0	0	1	0		灵气：不良效果持续时间减少	-1	0	1	1	
7043	7043	1000	PetSkill2_15							0	0	0	1	0		猛击：外功伤害增加	-1	-1	1	1	
7044	7044	1000	PetSkill5_7							0	0	0	1	0		识破：对隐身和持有无法隐身状态的目标造成的伤害提高	-1	-1	1	1	
7045	7045	1000	PetSkill6_5							0	0	0	1	0		虚弱：门派普攻造成伤害时，使目标内功攻击和外功攻击降低	-1	-1	1	1	
7046	7046	1000	PetSkill6_5							0	1	1	0	0		虚弱：内功攻击和外功攻击降低	-1	0	1	1	
7047	7047	1000	PetSkill6_7							0	0	0	1	0		破绽：门派普攻造成伤害时，使目标内功防御和外功防御降低	-1	-1	1	1	
7048	7048	1000	PetSkill6_7							0	1	1	0	0		破绽：内功防御和外功防御降低	-1	0	1	1	
7049	7049	1000	PetSkill6_15							0	0	0	1	0		摔绊：门派普攻造成伤害时，有概率使目标移动速度减少，自身移动速度增加	-1	-1	1	1	
7050	7050	1000	PetSkill6_15							0	1	1	0	0		摔绊：移动速度减少	-1	0	1	1	
7051	7051	1000	PetSkill6_15							0	0	0	1	0		摔绊：移动速度增加	-1	-1	1	1	
7052	7052	1000	PetSkill6_10							0	0	0	1	0		解穴：免疫控制	-1	-1	1	1	
7053	7053	1000	PetSkill6_11							0	0	0	1	0		清醒：免疫控制	-1	-1	1	1	
7054	7054	1000	PetSkill6_12							0	0	0	1	0		明目：免疫控制	-1	-1	1	1	
7055	7055	1000	PetSkill6_13							0	0	0	1	0		轻灵：免疫控制	-1	-1	1	1	
7056	7056	1000	PetSkill6_9							0	0	0	1	0		固元：免疫控制	-1	-1	1	1	
7057	7057	1000	PetSkill6_14							0	0	0	1	0		洒脱：免疫控制	-1	-1	1	1	
7058	7058	1000	MenpaiLiveSkill2_14							0	0	0	0	0		冰天雪地：增加冰攻击	-1	-1	1	1	
7059	7059	1000	MenpaiLiveSkill2_13							0	0	0	0	0		烈火燎原：增加火攻击	-1	-1	1	1	
7060	7060	1000	MenpaiLiveSkill2_16							0	0	0	0	0		血毒万里：增加毒攻击	-1	-1	1	1	
7061	7061	1000	MenpaiLiveSkill2_15							0	0	0	0	0		五雷轰顶：增加玄攻击	-1	-1	1	1	
7062	7062	1000	PetSkill6_1							0	0	0	1	0		连击：门派普攻造成伤害时，有概率连续造成2次伤害	-1	-1	1	1	
7063	7063	1000	PetSkill6_3							0	0	0	1	0		痛击：内功伤害增加	-1	-1	1	1	
7064	7064	1000	PetSkill4_15				npc_buff_02		头顶状态点	0	0	0	1	0		咆哮：麻痹，移动不能，操作不能，可被攻击，无法被打醒	-1	0	1	1	
7065	7064	1000	PetSkill7_4							0	0	0	1	0		冰魂：增加冰抗和所有属性	-1	-1	1	1	
7066	7065	1000	PetSkill7_6							0	0	0	1	0		火魂：增加火抗和所有属性	-1	-1	1	1	
7067	7066	1000	PetSkill7_5							0	0	0	1	0		毒魂：增加毒抗和所有属性	-1	-1	1	1	
7068	7067	1000	PetSkill7_3							0	0	0	1	0		玄魂：增加玄抗和所有属性	-1	-1	1	1	
7069	7068	1000	PetSkill5_7	cw_shipo		头顶状态点				0	0	0	0	0		识破：增强侦破隐形的能力	-1	0	1	1	
7070	7070	1000	PetSkill7_4							0	0	0	1	0		冰魂：增加所有属性	-1	-1	1	1	
7071	7071	1000	PetSkill7_6							0	0	0	1	0		火魂：增加所有属性	-1	-1	1	1	
7072	7072	1000	PetSkill7_5							0	0	0	1	0		毒魂：增加所有属性	-1	-1	1	1	
7073	7073	1000	PetSkill7_3							0	0	0	1	0		玄魂：增加所有属性	-1	-1	1	1	
7074	7074	1000	PetSkill2_5				npc_buff_02		头顶状态点	0	1	1	0	0		附身：眩晕，移动不能，操作不能，可被攻击，无法被打醒	-1	0	1	1	
7075	7075	1000	PetSkill5_3							0	0	0	1	0		灵气：增加移动速度	-1	0	1	1	
7080	7080	1000	HuoDongSkill11_5				g01_buff10_01		脚下光圈点	0	0	0	1	0		凝光增辉：移动速度增加	-1	0	1	1	
7081	7081	9000	HuoDongSkill11_6							0	1	1	0	0		牛吼壮势：反弹受到的伤害	-1	0	1	1	
7082	7082	9000	HuoDongSkill11_14							0	1	1	0	0		凝光增辉：所受伤害放大	-1	0	1	1	
7083	7083	1000	HuoDongSkill11_5							0	0	0	0	0		凝光增辉：造成伤害增加	-1	0	1	1	
7084	7084	1000	HuoDongSkill10_15							0	0	0	1	0		神焰愈魂：持续回复血	-1	0	1	1	
7085	7085	1000	HuoDongSkill10_14				npc_珍兽PVP_变身呆呆牛技能2_连线		头顶状态点	0	0	0	0	1	身体中心点	贯雷之链：持续造成伤害	-1	0	1	1	
7086	7086	1001	HuoDongSkill11_4				npc_珍兽PVP_变身呆呆牛技能3_草地		脚下光圈点	0	0	0	0	0		绿野复苏：为周围队友恢复生命值	-1	0	0	0	
7087	7087	1000	HuoDongSkill11_13				boss_契丹力士_锁链_2021测试		头顶状态点	0	0	0	0	0		掷铃封魂：眩晕	-1	0	1	1	
7088	7088	1000	HuoDongSkill11_9				npc_珍兽PVP_变身通臂神猿技能1_连线		头顶状态点	0	0	0	0	1	身体中心点	神猿锁：眩晕，移动不能，操作不能，可被攻击，无法被打醒	-1	0	1	1	
7089	7089	1001	HuoDongSkill10_16				npc_珍兽PVP_变身五色神牛技能5_buff		身体中心点	0	0	0	0	0		怒兽压境：对周围敌人造成伤害和减速效果	-1	0	0	0	
7090	7090	2000	HuoDongSkill10_16	npc_all_kongzhi_zdo		身体受击点				0	0	1	0	0		怒兽压境：减速	-1	0	1	1	
7091	7091	8500	HuoDongSkill10_12				npc_珍兽PVP_变身通臂神猿技能4_buff		身体中心点	0	0	0	1	0		赤猿焚日：攻击中会提高自身的移动速度，并在接下来的攻击中伤害递增	-1	0	1	1	
7092	7092	1000	HuoDongSkill12_1				npc_珍兽PVP_变身呆呆牛_新增护盾buff		身体中心点	0	0	0	1	0		灵牧春息：护体，吸收所受伤害	-1	0	1	1	
7093	7093	9000	HuoDongSkill10_2				npc_珍兽PVP_变身小鹿呦呦技能2_buff		身体受击点	0	1	1	0	0		暗叶穿心：被会心一击的概率提升	-1	0	1	1	
7094	7094	1000	HuoDongSkill10_1							0	0	0	1	0		灵跃掩踪：隐身	-1	0	1	1	
7095	7095	1000	HuoDongSkill9_16				npc_珍兽PVP_变身小鹿呦呦技能4_buff		身体受击点	0	0	0	0	0		流光锁影：可对范围内目标连线，施加负面状态，连线持续期间不可使用技能	-1	0	1	1	
7096	7096	1000	HuoDongSkill9_16				npc_珍兽PVP_变身小鹿呦呦技能4_连线		身体受击点	0	1	1	0	1		流光锁影：每秒损失血量	-1	0	1	1	
7097	7097	1000	HuoDongSkill10_10				hj_曼陀山庄_寒江雪僵硬buff		脚下光圈点	0	1	1	0	0		翎锋绊影：移动速度减慢	-1	0	1	1	
7098	7098	1000	HuoDongSkill10_11							0	0	0	1	0		暗翼疾影：隐身并获得加速状态	-1	0	1	1	
7099	7099	8500	HuoDongSkill11_12				buff_珍兽PVP_变身九黎妖虎技能二_溅射		脚下光圈点	0	0	0	1	0		怒虎飞煞：在此状态下攻击携带范围伤害效果	-1	0	1	1	
7100	7100	1000	HuoDongSkill11_1	g01_buff42_01		身体受击点				0	1	1	0	0		厉爪连痕：定身，移动不能	-1	0	1	1	
7101	7101	1000	HuoDongSkill11_16							0	0	0	1	0		隐翼遁形：隐身	-1	0	1	1	
7102	7102	1000	HuoDongSkill10_12							0	0	0	1	0		赤猿焚日：移动速度提高	-1	0	1	1	
7103	7103	2000	HuoDongSkill9_16							0	1	1	0	0		流光锁影：移动速度降低	-1	0	1	1	
7104	7104	1000	HuoDongSkill9_16				hj_曼陀山庄_飞花乱红深处麻痹buff		脚下光圈点	0	1	1	0	0		流光锁影：眩晕，移动不能，操作不能，可被攻击，无法被打醒	-1	0	1	1	
7105	7105	10	Buff28_9							1	0	0	0	0		晶魄层数BUFF1	-1	0	1	1	
7106	7106	20	Buff28_9							1	0	0	0	0		晶魄层数BUFF2	-1	0	1	1	
7107	7107	30	Buff28_9							1	0	0	0	0		晶魄层数BUFF3	-1	0	1	1	
7108	7108	40	Buff28_9							1	0	0	0	0		晶魄层数BUFF4	-1	0	1	1	
7109	7109	50	Buff28_9							1	0	0	0	0		晶魄层数BUFF5	-1	0	1	1	
7110	7110	60	Buff28_9							1	0	0	0	0		晶魄层数BUFF6	-1	0	1	1	
7111	7111	70	Buff28_9							1	0	0	0	0		晶魄层数BUFF7	-1	0	1	1	
7112	7112	80	Buff28_9							1	0	0	0	0		晶魄层数BUFF8	-1	0	1	1	
7113	7113	90	Buff28_9							1	0	0	0	0		晶魄层数BUFF9	-1	0	1	1	
7114	7114	100	Buff28_9							1	0	0	0	0		晶魄层数BUFF10	-1	0	1	1	
7115	7115	110	Buff28_9							1	0	0	0	0		晶魄层数BUFF11	-1	0	1	1	
7116	7116	120	Buff28_9							1	0	0	0	0		晶魄层数BUFF12	-1	0	1	1	
7117	7117	130	Buff28_9							1	0	0	0	0		晶魄层数BUFF13	-1	0	1	1	
7118	7118	140	Buff28_9							1	0	0	0	0		晶魄层数BUFF14	-1	0	1	1	
7119	7119	150	Buff28_9							1	0	0	0	0		晶魄层数BUFF15	-1	0	1	1	
7120	7120	160	Buff28_9							1	0	0	0	0		晶魄层数BUFF16	-1	0	1	1	
7121	7121	170	Buff28_9							1	0	0	0	0		晶魄层数BUFF17	-1	0	1	1	
7122	7122	180	Buff28_9							1	0	0	0	0		晶魄层数BUFF18	-1	0	1	1	
7123	7123	190	Buff28_9							1	0	0	0	0		晶魄层数BUFF19	-1	0	1	1	
7124	7124	200	Buff28_9							1	0	0	0	0		晶魄层数BUFF20	-1	0	1	1	
7125	7125	210	Buff28_9							1	0	0	0	0		晶魄层数BUFF21	-1	0	1	1	
7126	7126	220	Buff28_9							1	0	0	0	0		晶魄层数BUFF22	-1	0	1	1	
7127	7127	230	Buff28_9							1	0	0	0	0		晶魄层数BUFF23	-1	0	1	1	
7128	7128	240	Buff28_9							1	0	0	0	0		晶魄层数BUFF24	-1	0	1	1	
7129	7129	250	Buff28_9							1	0	0	0	0		晶魄层数BUFF25	-1	0	1	1	
7130	7130	260	Buff28_9							1	0	0	0	0		晶魄层数BUFF26	-1	0	1	1	
7131	7131	270	Buff28_9							1	0	0	0	0		晶魄层数BUFF27	-1	0	1	1	
7132	7132	280	Buff28_9							1	0	0	0	0		晶魄层数BUFF28	-1	0	1	1	
7133	7133	290	Buff28_9							1	0	0	0	0		晶魄层数BUFF29	-1	0	1	1	
7134	7134	300	Buff28_9							1	0	0	0	0		晶魄层数BUFF30	-1	0	1	1	
7135	7135	310	Buff28_9							1	0	0	0	0		晶魄层数BUFF31	-1	0	1	1	
7136	7136	320	Buff28_9							1	0	0	0	0		晶魄层数BUFF32	-1	0	1	1	
7137	7137	330	Buff28_9							1	0	0	0	0		晶魄层数BUFF33	-1	0	1	1	
7138	7138	340	Buff28_9							1	0	0	0	0		晶魄层数BUFF34	-1	0	1	1	
7139	7139	350	Buff28_9							1	0	0	0	0		晶魄层数BUFF35	-1	0	1	1	
7140	7140	360	Buff28_9							1	0	0	0	0		晶魄层数BUFF36	-1	0	1	1	
7141	7141	370	Buff28_9							1	0	0	0	0		晶魄层数BUFF37	-1	0	1	1	
7142	7142	380	Buff28_9							1	0	0	0	0		晶魄层数BUFF38	-1	0	1	1	
7143	7143	390	Buff28_9							1	0	0	0	0		晶魄层数BUFF39	-1	0	1	1	
7144	7144	400	Buff28_9							1	0	0	0	0		晶魄层数BUFF40	-1	0	1	1	
7145	7145	410	Buff28_9							1	0	0	0	0		晶魄层数BUFF41	-1	0	1	1	
7146	7146	420	Buff28_9							1	0	0	0	0		晶魄层数BUFF42	-1	0	1	1	
7147	7147	430	Buff28_9							1	0	0	0	0		晶魄层数BUFF43	-1	0	1	1	
7148	7148	440	Buff28_9							1	0	0	0	0		晶魄层数BUFF44	-1	0	1	1	
7149	7149	450	Buff28_9							1	0	0	0	0		晶魄层数BUFF45	-1	0	1	1	
7150	7150	460	Buff28_9							1	0	0	0	0		晶魄层数BUFF46	-1	0	1	1	
7151	7151	470	Buff28_9							1	0	0	0	0		晶魄层数BUFF47	-1	0	1	1	
7152	7152	480	Buff28_9							1	0	0	0	0		晶魄层数BUFF48	-1	0	1	1	
7153	7153	490	Buff28_9							1	0	0	0	0		晶魄层数BUFF49	-1	0	1	1	
7154	7154	500	Buff28_9							1	0	0	0	0		晶魄层数BUFF50	-1	0	1	1	
7155	7155	470	Buff28_9							1	0	0	0	0		精魄层数BUFF	-1	0	1	1	
7156	7156	480	Buff19_3				buff_龙塔祥瑞_蓝		脚下光圈点	1	0	0	0	0		玩家下次提交晶魄时，提交数量升级为2倍	-1	0	1	1	
7157	7157	490	Buff19_2				buff_龙塔祥瑞_绿		脚下光圈点	1	0	0	0	0		玩家下次提交晶魄时，提交数量升级为1.5倍	-1	0	1	1	
7158	7158	500	Buff19_1				buff_龙塔祥瑞_红		脚下光圈点	1	0	0	0	0		少侠下次提交晶魄时，可立即提交	-1	0	1	1	
7160	7160	1000	Buff32_3				buff_2025珍兽打卡_失落的珍兽		脚下光圈点	0	0	0	0	0		失落的珍兽	-1	0	1	1	
7161	7161	1000	Buff32_2				buff_2025珍兽打卡_兴奋的珍兽		脚下光圈点	0	0	0	0	0		兴奋的珍兽	-1	0	1	1	
7162	7162	460	Buff32_8				buff_珍兽PVP_阵营标记_天卫盟		脚下光圈点	1	0	0	0	0		天卫盟	-1	0	1	1	
7163	7163	460	Buff32_6				buff_珍兽PVP_阵营标记_明启盟		脚下光圈点	1	0	0	0	0		明启盟	-1	0	1	1	
7164	7164	460	Buff32_7				buff_珍兽PVP_阵营标记_太衡盟		脚下光圈点	1	0	0	0	0		太衡盟	-1	0	1	1	
7165	7165	10	Buff29_2				hj_boss九尾灵狐_禁锢光球		身体中心点	0	0	0	0	0		灵护：所受伤害减少	-1	-1	1	1	
7166	7166	1000	Buff32_4				buff_珍兽伪3阶战斗特效_小		脚下光圈点	0	0	0	0	0		怒意充盈：受到伤害减少，造成伤害增加，兽灵属性大幅增强	-1	0	1	1	
7167	7167	1000	Buff32_4				buff_珍兽伪3阶战斗特效_大		脚下光圈点	0	0	0	0	0		怒意充盈：受到伤害减少，造成伤害增加，兽灵属性大幅增强	-1	0	1	1	
7168	7168	1000	Buff32_5				buff_开悟前置任务_开悟体质		脚下光圈点	0	0	0	0	0		昆吾灵气	-1	0	1	1	
7169	7169	110	Buff0_13							0	1	1	0	0		咆哮：失明：随机移动，操作不能，可被攻击，无法被打醒	-1	0	1	1	
7170	7170	10	CommonNPCHeader63_24							0	0	0	0	0		珍兽之友：得快点找到3样纪念品！	-1	-1	1	1	
7171	7171	10	CommonNPCHeader57_3				HJ_boss魔化萧峰23		头顶状态点	0	0	0	0	0		珍兽预热黑气特效	-1	-1	1	1	
7172	7172	1000	Buff4_11							0	0	0	1	0		抵抗：围困	-1	0	1	1	
7173	7173	1000	Buff29_9				buff_珍兽PVP_疾如风_大		脚下光圈点	0	0	0	1	0		移动速度增加50%。	-1	0	1	1	
7174	7174	1000	Buff29_5				buff_珍兽PVP_徐如林_大		脚下光圈点	0	0	0	1	0		治疗：持续回血	-1	0	1	1	
7175	7175	1000	Buff29_4				buff_珍兽PVP_侵如火_大		脚下光圈点	0	0	0	1	0		造成伤害增加	-1	0	1	1	
7176	7176	1000	Buff29_9				g01_buff10_01		脚下光圈点	0	0	0	1	0		整装待发，重回战场！移动速度增加50%。	-1	0	1	1	
7177	7177	1000	HuoDongSkill10_16							0	0	0	0	0		识别用buff	-1	0	1	1	
7178	7178	1000	PetSkill2_13							0	0	0	1	0		冰精：使用门派普通攻击时有概率冰冻目标	-1	-1	1	1	
7179	7179	1000	PetSkill2_13				m01_ts_冰凝霜华_持续		脚下光圈点	0	1	1	0	0		冰精：移动不能，操作不能，可被攻击，可被打醒	-1	-1	1	1	
7180	7180	1000	PetSkill2_14							0	0	0	1	0		火灵：使用门派普通攻击时有概率造成额外伤害	-1	-1	1	1	
7181	7181	1000	PetSkill2_14				m01_ts_冰凝霜华_持续		脚下光圈点	0	1	1	0	0		火灵：移动不能，操作不能，可被攻击，可被打醒	-1	-1	1	1	
7182	7182	1000	PetSkill3_3							0	0	0	1	0		毒蛊：使用门派普通攻击时有概率在目标脚下释放一个剧毒陷阱，受到门派普通攻击时有概率使对方小队成员获得减伤效果	-1	-1	1	1	
7183	7183	1000	PetSkill5_7							0	1	1	0	0		毒蛊：持续受到伤害	-1	-1	1	1	
7184	7184	1000	PetSkill5_7							0	1	1	0	0		毒蛊：命中率降低	-1	-1	1	1	
7185	7185	1000	PetSkill5_7				buff_天星盘_减伤护盾A		脚下光圈点	0	0	0	1	0		毒蛊：受到伤害降低	-1	-1	1	1	
7186	7186	1000	PetSkill3_8							0	0	0	1	0		玄兽：使用门派普通攻击时有概率使小队成员获得减伤效果，受到门派普通攻击时有概率在自己脚下释放一个归属对方的剧毒陷阱	-1	-1	1	1	
7187	7187	1000	PetSkill5_7				buff_天星盘_减伤护盾A		脚下光圈点	0	0	0	1	0		玄兽：受到伤害降低	-1	-1	1	1	
7188	7188	1000	PetSkill5_7							0	1	1	0	0		玄兽：持续受到伤害	-1	-1	1	1	
7189	7189	1000	PetSkill5_7							0	1	1	0	0		玄兽：命中率降低	-1	-1	1	1	
7190	7190	1000	PetSkill1_7				buff_珍兽战斗_冷却增加		头顶状态点	0	0	0	1	0		迟钝：第一本心法第二个技能和第二本心法第一个技能造成的伤害增加，释放后技能的冷却时间增加	-1	-1	1	1	
7191	7191	1000	PetSkill3_6							0	0	0	1	0		狡猾：增加闪避率	-1	-1	1	1	
7192	7192	1000	PetSkill3_7							0	0	0	0	0		憨厚：受到非玩家和非珍兽目标的伤害降低	-1	-1	1	1	
7193	7193	1000	PetSkill3_5							0	0	0	1	0		拼命：会心一击率增加，受到伤害增加	-1	-1	1	1	
7194	7194	1000	PetSkill3_9							0	0	0	1	0		法魂：若自身内功攻击高于敌人内功攻击，则门派普通攻击时有概率使其昏睡	-1	-1	1	1	
7195	15	1000	Buff0_11				g01_buff昏睡		身体中心点	0	1	1	0	0		法魂：昏睡，移动不能，操作不能，可被攻击，可被打醒	-1	0	1	1	
7196	7196	1000	PetSkill3_10							0	0	0	1	0		蛮力：若自身外功攻击高于敌人外功攻击，则门派普通攻击时有概率使其定身	-1	-1	1	1	
7197	19	1000	Buff0_15				g01_buff27		脚下光圈点	0	1	1	0	0		蛮力：定身状态下可以攻击，但无法移动	-1	0	1	1	
7198	7198	1000	PetSkill3_13							0	0	0	0	0		借力：外功攻击增加	-1	-1	1	1	
7199	7199	1000	PetSkill1_5							0	0	0	0	0		移魂：闪避增加	-1	-1	1	1	
7200	7200	1000	PetSkill3_15							0	0	0	0	0		瞬影：命中增加，会心增加	-1	-1	1	1	
7201	7201	1000	PetSkill1_3							0	0	0	0	0		强身：会心防御增加	-1	-1	1	1	
7202	7202	1000	PetSkill3_1							0	0	0	0	0		凝神：内功攻击增加	-1	-1	1	1	
7203	7203	1000	PetSkill7_7				buff_珍兽战斗_冷却增加		头顶状态点	0	1	1	0	0		极冰凝杀：释放有冷却时间的技能后，该技能冷却时间增加，最多生效4次	-1	-1	1	1	
7204	7204	1000	PetSkill1_8							0	1	1	0	0		劫火焚杀：脚下每2秒产生1个劫火陷阱	-1	-1	1	1	
7205	7205	1000	PetSkill7_8							0	1	1	0	0		腐毒蚀杀：受到非会心一击伤害小幅增加，受到会心一击伤害大幅增加	-1	-1	1	1	
7206	7206	1000	PetSkill3_4				buff_新杀星_引雷柱连线伤害		脚下光圈点	0	1	1	0	0		玄雷击杀：每隔2秒会使周围5米范围内同样有此状态的目标麻痹，不分敌我目标。	-1	-1	1	1	
7207	14	1000	PetSkill3_4				npc_buff_02		头顶状态点	0	1	1	0	0		玄雷击杀：移动不能，操作不能，可被攻击，无法被打醒	-1	0	1	1	
7208	7208	1000	PetSkill4_13				buff_天星盘_减伤护盾A		脚下光圈点	0	0	0	1	0		血爆：抵消伤害	-1	-1	1	1	
7209	7209	1000	PetSkill4_7				m01_ts_冰凝霜华_持续		脚下光圈点	0	1	1	0	0		冰爆：冰冻，移动不能，操作不能，可被攻击，可被打醒	-1	-1	1	1	
7210	7210	1000	PetSkill4_1							0	0	0	1	0		净化：无敌时不会受到伤害	-1	0	1	1	
7211	7211	1000	PetSkill1_11				buff_天星盘_减伤护盾A		脚下光圈点	0	0	0	1	0		共生：主人存活则不会死亡	-1	-1	1	1	
7212	7212	1000	PetSkill4_11							0	0	0	0	0		治疗：持续回血	-1	-1	1	1	
7213	7213	1000	PetSkill4_1							0	0	0	0	0		神佑	-1	0	1	1	
7214	7214	1000	PetSkill4_1				buff_雕纹镌刻_御抗技_盾		脚下光圈点	0	0	0	1	0		神祐：受到伤害降低	-1	0	1	1	
7215	7215	1000	PetSkill1_9							0	0	0	1	0		血祭：使用门派普通攻击造成伤害时附带额外伤害	-1	0	1	1	
7216	7216	1000	PetSkill5_6							0	0	0	1	0		伪装：血量显示为满	-1	0	1	1	
7217	7217	1000	PetSkill5_9							0	0	0	1	0	0	寒冰咒：增加减冰抗下限	-1	0	1	1	
7218	7218	1000	PetSkill5_10							0	0	0	1	0	0	烈火咒：增加减火抗下限	-1	0	1	1	
7219	7219	1000	PetSkill5_11							0	0	0	1	0	0	血毒咒：增加减毒抗下限	-1	0	1	1	
7220	7220	1000	PetSkill5_12							0	0	0	1	0	0	玄雷咒：增加减玄抗下限	-1	0	1	1	
7221	7221	1000	PetSkill1_1							0	0	0	1	0	0	反击：增加反击伤害	-1	0	1	1	
7222	7222	1000	PetSkill4_9							0	0	0	1	0	0	灵动：增加闪避率	-1	0	1	1	
7223	7223	1000	PetSkill2_7							0	1	1	0	0	0	吸气：吸收周围敌对目标的血气	-1	0	1	1	
7224	7224	1000	PetSkill5_1							0	0	0	1	0	0	忠心：珍兽有概率承担会心伤害	-1	0	1	1	
7225	7225	1000	PetSkill5_3							0	0	0	1	0	0	灵气：随机免疫部分控制效果	-1	0	1	1	
7226	7226	1000	PetSkill2_15							0	0	0	1	0	0	猛击：内功攻击部分转化为外功攻击，增加会心率	-1	0	1	1	
7227	7227	1000	PetSkill5_7							0	0	0	1	0	0	识破：有概率增加造成的伤害	-1	0	1	1	
7228	7228	1000	PetSkill6_5				buff_武魂虚弱		身体受击点	0	1	1	0	0	0	虚弱：降低内外攻	-1	0	1	1	
7229	7229	1000	PetSkill6_7				buff_武魂虚弱		身体受击点	0	1	1	0	0	0	破绽：降低内外防	-1	0	1	1	
7230	19	1000	PetSkill6_15				g01_buff27		脚下光圈点	0	1	1	0	0	0	摔绊：定身，可以攻击，但无法移动	-1	0	1	1	
7231	13	1000	PetSkill6_10				buff_fengxue_01		身体受击点	0	1	1	0	0	0	解穴：封穴，移动不能，操作不能，可被攻击，无法被打醒	-1	0	1	1	
7232	15	1000	Buff0_11				g01_buff昏睡		身体中心点	0	1	1	0	0	0	清醒：移动不能，操作不能，可被攻击，可被打醒	-1	0	1	1	
7233	16	1000	PetSkill6_12				g01_em_buff38		头顶状态点	0	1	1	0	0	0	明目：失明，随机移动，操作不能，可被攻击，无法被打醒	-1	0	1	1	
7234	23	1000	PetSkill6_13				g01_buff100		脚下光圈点	0	1	1	0	0	0	轻灵：僵硬，移动速度减慢	-1	0	1	1	
7235	21	1000	PetSkill6_9				buff_sangong_01		脚下光圈点	0	1	1	0	0	0	固元：散功，无法使用任何门派技能	-1	0	1	1	
7236	19	1000	Buff0_15				g01_buff27		脚下光圈点	0	1	1	0	0	0	洒脱：定身，可以攻击，但无法移动	-1	0	1	1	
7237	7237	1000	MenpaiLiveSkill2_14							0	0	0	0	0	0	冰天雪地：继承主人部分减冰抗，攻击时有概率清除冰天雪地的冷却时间	-1	0	1	1	
7238	7238	1000	MenpaiLiveSkill2_13							0	0	0	0	0	0	烈火燎原：继承主人部分减火抗，攻击时有概率清除烈火燎原的冷却时间	-1	0	1	1	
7239	7239	1000	MenpaiLiveSkill2_16							0	0	0	0	0	0	血毒万里：继承主人部分减毒抗，攻击时有概率清除血毒万里的冷却时间	-1	0	1	1	
7240	7240	1000	MenpaiLiveSkill2_15							0	0	0	0	0	0	五雷轰顶：继承主人部分减玄抗，攻击时有概率清除五雷轰顶的冷却时间	-1	0	1	1	
7241	7241	1000	PetSkill6_1							0	0	0	1	0	0	连击：使用门派普攻会心时，有概率额外造成一次会心伤害	-1	0	1	1	
7242	7242	1000	PetSkill6_3							0	0	0	1	0	0	痛击：外功攻击部分转化为内功攻击，增加会心率	-1	0	1	1	
7243	23	1000	PetSkill7_4				buff_珍兽战斗_冰盾		脚下光圈点	0	0	0	1	0	0	冰魂：受伤时对攻击者造成伤害，并有概率使其减速	-1	0	1	1	
7244	7244	1000	PetSkill7_6				buff_珍兽战斗_火盾		脚下光圈点	0	0	0	1	0	0	火魂：受伤时对攻击者造成伤害，并有概率使其灼烧	-1	0	1	1	
7245	7245	1000	PetSkill7_5				buff_珍兽战斗_毒盾		脚下光圈点	0	0	0	1	0	0	毒魂：受伤时对攻击者造成伤害，并有概率使其虚弱，减少命中率和会心率	-1	0	1	1	
7246	7246	1000	PetSkill7_3				buff_珍兽战斗_玄盾		脚下光圈点	0	0	0	1	0	0	玄魂：受伤时对攻击者造成伤害，并有概率降低其会心防御	-1	0	1	1	
7247	7247	1000	PetSkill2_9							0	0	0	0	0		肉墙：会心防御增加	-1	-1	1	1	
7248	7248	1000	PetSkill7_1							0	0	0	0	0		嗜血：使用门派普通攻击造成伤害时附带额外伤害	-1	-1	1	1	
7249	7249	1200	PetSoulSkill2_16							1	0	0	0	0		疲劳：主人无法再配合珍兽释放穷奇兽魂的炼世技能。	-1	0	1	1	
7250	7250	1200	PetSoulSkill2_1							1	0	0	0	0		疲劳：主人无法再配合珍兽释放青龙兽魂的逆鳞技能。	-1	0	1	1	
7251	7251	1200	PetSoulSkill2_12							1	0	0	0	0		疲劳：主人无法再配合珍兽释放玄武兽魂的镇伏技能。	-1	0	1	1	
7252	7252	1200	PetSoulSkill2_3							1	0	0	0	0		疲劳：主人无法再配合珍兽释放九尾兽魂的千幻技能。	-1	0	1	1	
7253	7253	1200	PetSoulSkill1_16							1	0	0	0	0		疲劳：主人无法再配合珍兽释放幻蝶兽魂的萦舞技能。	-1	0	1	1	
7254	7254	1200	PetSoulSkill2_11							1	0	0	0	0		疲劳：主人无法再配合珍兽释放霜鹤兽魂的寻影技能。	-1	0	1	1	
7255	7255	1200	PetSoulSkill1_14							1	0	0	0	0		疲劳：主人无法再配合珍兽释放鹿蜀兽魂的灵犀技能。	-1	0	1	1	
7256	23	1000	PetSkill7_4							0	1	1	0	0		冰魂：减速	-1	0	1	1	
7257	7257	1000	PetSkill7_6				g01_buff106		身体受击点	0	1	1	0	0		火魂：灼烧，持续掉血	-1	0	1	1	
7258	7258	1000	PetSkill7_5				buff_武魂虚弱		身体受击点	0	1	1	0	0		毒魂：虚弱，减少命中率和会心率	-1	0	1	1	
7259	7259	1000	PetSkill7_3							0	1	1	0	0		玄魂：降低会心防御	-1	0	1	1	
7260	99	2200	RideHeader12_1							0	0	0	1	0		坐骑：喵团团。您已激活的坐骑中最高移动速度+10%。	99	0	1	1	
7261	99	2200	RideHeader12_1							0	0	0	1	0		坐骑：喵团团。您已激活的坐骑中最高移动速度+20%。	99	0	1	1	
7262	99	2200	RideHeader12_1							0	0	0	1	0		坐骑：喵团团。您已激活的坐骑中最高移动速度+40%。	99	0	1	1	
7263	99	2200	RideHeader12_1							0	0	0	1	0		坐骑：喵团团。您已激活的坐骑中最高移动速度+70%。	99	0	1	1	
7264	99	2200	RideHeader12_1							0	0	0	1	0		坐骑：喵团团。您已激活的坐骑中最高移动速度+75%。	99	0	1	1	
7265	99	2200	RideHeader12_1							0	0	0	1	0		坐骑：喵团团。您已激活的坐骑中最高移动速度+80%。	99	0	1	1	
7266	99	2200	RideHeader12_1							0	0	0	1	0		坐骑：喵团团。您已激活的坐骑中最高移动速度+85%。	99	0	1	1	
7267	99	2200	RideHeader12_1							0	0	0	1	0		坐骑：喵团团。您已激活的坐骑中最高移动速度+90%。	99	0	1	1	
7268	7268	460	Buff32_8				buff_珍兽PVP_阵营标记_天卫盟大		脚下光圈点	1	0	0	0	0		天卫盟	-1	0	1	1	
7269	7269	460	Buff32_6				buff_珍兽PVP_阵营标记_明启盟大		脚下光圈点	1	0	0	0	0		明启盟	-1	0	1	1	
7270	7270	460	Buff32_7				buff_珍兽PVP_阵营标记_太衡盟大		脚下光圈点	1	0	0	0	0		太衡盟	-1	0	1	1	
7271	99	2200	RideHeader12_5							0	0	0	1	0		飞龙：大风·震。您已激活的坐骑中最高移动速度+10%。	99	0	1	1	
7272	99	2200	RideHeader12_5							0	0	0	1	0		飞龙：大风·震。您已激活的坐骑中最高移动速度+20%。	99	0	1	1	
7273	99	2200	RideHeader12_5							0	0	0	1	0		飞龙：大风·震。您已激活的坐骑中最高移动速度+40%。	99	0	1	1	
7274	99	2200	RideHeader12_5							0	0	0	1	0		飞龙：大风·震。您已激活的坐骑中最高移动速度+70%。	99	0	1	1	
7275	99	2200	RideHeader12_5							0	0	0	1	0		飞龙：大风·震。您已激活的坐骑中最高移动速度+75%。	99	0	1	1	
7276	99	2200	RideHeader12_5							0	0	0	1	0		飞龙：大风·震。您已激活的坐骑中最高移动速度+80%。	99	0	1	1	
7277	99	2200	RideHeader12_5							0	0	0	1	0		飞龙：大风·震。您已激活的坐骑中最高移动速度+85%。	99	0	1	1	
7278	99	2200	RideHeader12_5							0	0	0	1	0		飞龙：大风·震。您已激活的坐骑中最高移动速度+90%。	99	0	1	1	
7279	99	2200	RideHeader12_2							0	0	0	1	0		飞龙：大风·离。您已激活的坐骑中最高移动速度+10%。	99	0	1	1	
7280	99	2200	RideHeader12_2							0	0	0	1	0		飞龙：大风·离。您已激活的坐骑中最高移动速度+20%。	99	0	1	1	
7281	99	2200	RideHeader12_2							0	0	0	1	0		飞龙：大风·离。您已激活的坐骑中最高移动速度+40%。	99	0	1	1	
7282	99	2200	RideHeader12_2							0	0	0	1	0		飞龙：大风·离。您已激活的坐骑中最高移动速度+70%。	99	0	1	1	
7283	99	2200	RideHeader12_2							0	0	0	1	0		飞龙：大风·离。您已激活的坐骑中最高移动速度+75%。	99	0	1	1	
7284	99	2200	RideHeader12_2							0	0	0	1	0		飞龙：大风·离。您已激活的坐骑中最高移动速度+80%。	99	0	1	1	
7285	99	2200	RideHeader12_2							0	0	0	1	0		飞龙：大风·离。您已激活的坐骑中最高移动速度+85%。	99	0	1	1	
7286	99	2200	RideHeader12_2							0	0	0	1	0		飞龙：大风·离。您已激活的坐骑中最高移动速度+90%。	99	0	1	1	
7287	99	2200	RideHeader12_4							0	0	0	1	0		飞龙：大风·坎。您已激活的坐骑中最高移动速度+10%。	99	0	1	1	
7288	99	2200	RideHeader12_4							0	0	0	1	0		飞龙：大风·坎。您已激活的坐骑中最高移动速度+20%。	99	0	1	1	
7289	99	2200	RideHeader12_4							0	0	0	1	0		飞龙：大风·坎。您已激活的坐骑中最高移动速度+40%。	99	0	1	1	
7290	99	2200	RideHeader12_4							0	0	0	1	0		飞龙：大风·坎。您已激活的坐骑中最高移动速度+70%。	99	0	1	1	
7291	99	2200	RideHeader12_4							0	0	0	1	0		飞龙：大风·坎。您已激活的坐骑中最高移动速度+75%。	99	0	1	1	
7292	99	2200	RideHeader12_4							0	0	0	1	0		飞龙：大风·坎。您已激活的坐骑中最高移动速度+80%。	99	0	1	1	
7293	99	2200	RideHeader12_4							0	0	0	1	0		飞龙：大风·坎。您已激活的坐骑中最高移动速度+85%。	99	0	1	1	
7294	99	2200	RideHeader12_4							0	0	0	1	0		飞龙：大风·坎。您已激活的坐骑中最高移动速度+90%。	99	0	1	1	
7295	99	2200	RideHeader12_3							0	0	0	1	0		飞龙：大风·乾。您已激活的坐骑中最高移动速度+10%。	99	0	1	1	
7296	99	2200	RideHeader12_3							0	0	0	1	0		飞龙：大风·乾。您已激活的坐骑中最高移动速度+20%。	99	0	1	1	
7297	99	2200	RideHeader12_3							0	0	0	1	0		飞龙：大风·乾。您已激活的坐骑中最高移动速度+40%。	99	0	1	1	
7298	99	2200	RideHeader12_3							0	0	0	1	0		飞龙：大风·乾。您已激活的坐骑中最高移动速度+70%。	99	0	1	1	
7299	99	2200	RideHeader12_3							0	0	0	1	0		飞龙：大风·乾。您已激活的坐骑中最高移动速度+75%。	99	0	1	1	
7300	99	2200	RideHeader12_3							0	0	0	1	0		飞龙：大风·乾。您已激活的坐骑中最高移动速度+80%。	99	0	1	1	
7301	99	2200	RideHeader12_3							0	0	0	1	0		飞龙：大风·乾。您已激活的坐骑中最高移动速度+85%。	99	0	1	1	
7302	99	2200	RideHeader12_3							0	0	0	1	0		飞龙：大风·乾。您已激活的坐骑中最高移动速度+90%。	99	0	1	1	
7303	99	2200	RideHeader12_6							0	0	0	1	0		坐骑：长风。您已激活的坐骑中最高移动速度+10%。	99	0	1	1	
7304	99	2200	RideHeader12_6							0	0	0	1	0		坐骑：长风。您已激活的坐骑中最高移动速度+20%。	99	0	1	1	
7305	99	2200	RideHeader12_6							0	0	0	1	0		坐骑：长风。您已激活的坐骑中最高移动速度+40%。	99	0	1	1	
7306	99	2200	RideHeader12_6							0	0	0	1	0		坐骑：长风。您已激活的坐骑中最高移动速度+70%。	99	0	1	1	
7307	99	2200	RideHeader12_6							0	0	0	1	0		坐骑：长风。您已激活的坐骑中最高移动速度+75%。	99	0	1	1	
7308	99	2200	RideHeader12_6							0	0	0	1	0		坐骑：长风。您已激活的坐骑中最高移动速度+80%。	99	0	1	1	
7309	99	2200	RideHeader12_6							0	0	0	1	0		坐骑：长风。您已激活的坐骑中最高移动速度+85%。	99	0	1	1	
7310	99	2200	RideHeader12_6							0	0	0	1	0		坐骑：长风。您已激活的坐骑中最高移动速度+90%。	99	0	1	1	
7400	111	160	FightSkillShaoLin2_4				g01_buff7		身体中心点	0	0	0	1	0		金刚不坏体：伤害减免	-1	0	1	0	
7401	21	7010	FightSkillShaoLin1_5	g01_sl_zdo_nianhuazhi_01	Skills\Sl\Sl_拈花指_散功.wav	身体受击点	buff_sangong_01		脚下光圈点	0	1	1	0	0		拈花指：散功，可以移动，但无法使用任何技能	-1	0	1	1	
7402	110	161	FightSkillShaoLin1_4				g01_buff10		脚下光圈点	0	0	0	1	0		一苇渡江：增加移动速度	-1	0	1	1	
7403	106	11	FightSkillShaoLin1_13				g01_buff109		身体中心点	0	0	0	1	0		百无禁忌：对不良效果免疫。高于自己心法等级的不良效果无法免疫。	-1	0	1	1	
7404	103	10	FightSkillShaoLin1_9				g01_buff5		身体中心点	0	0	0	1	0		礼敬如来：反射伤害	-1	0	1	1	
7405	586	5010	FightSkillMingJiao_4							0	0	0	1	0		怒火中烧：移动速度提高	-1	0	1	1	
7406	581	7010	FightSkillMingJiao1_9				m01_mj_怒火连斩_持续		身体中心点	0	0	0	1	0		怒火连斩：攻击中会提高自身的移动速度，并在接下来的攻击中伤害递增	-1	0	1	1	
7407	13	7010	FightSkillMingJiao_5	all_bj0000		身体受击点	buff_fengxue_01		身体受击点	0	1	1	0	0		葵花点穴手：封穴，移动不能，操作不能，可被攻击，无法被打醒	-1	0	1	1	
7408	119	121	FightSkillMingJiao_4				g01_buff45_01		脚下光圈点	0	0	0	1	0		葵花逐日：增加移动速度	-1	0	1	1	
7409	510	7010	FightSkillMingJiao1_8				g01_mj_烽火连城_xinzd		身体受击点	0	0	1	0	1	左武器绑定点	烽火连城：眩晕，移动不能，操作不能，可被攻击，无法被打醒	-1	0	1	1	
7410	116	10	FightSkillMingJiao1_4				g01_mj_无中生		身体中心点	0	0	0	1	0		破釜沉舟：造成的伤害提升	-1	0	1	1	
7411	7713	10	FightSkillMingJiao_8	g01_mj_zdo_huiguangfanzhao		头顶状态点				0	0	0	1	0		李代桃僵：受到致命一击时能够回复血量	-1	0	1	1	
7412	585	10	FightSkillGaiBang_10				g01_gb_剑刃乱舞_持续		身体中心点	0	0	0	1	0		横扫乾坤：免疫控制技能，自身不能使用技能，持续对周围多个敌方目标造成伤害	-1	0	1	1	
7413	23	5008	Buff1_1	g01_yanggetianjun		身体受击点	g01_buff100		脚下光圈点	0	1	1	0	0		僵硬：移动速度减慢	-1	0	1	1	
7414	21	7010	FightSkillGaiBang1_5	g01_gb_zdo_qianlongwuyong		身体受击点	buff_sangong_01		脚下光圈点	0	1	1	0	0		雪泥鸿爪：散功，可以移动，但无法使用任何技能	-1	0	1	1	
7415	130	121	FightSkillGaiBang1_4				g01_buff10		脚下光圈点	0	0	0	1	0		八步赶蟾：增加移动速度	-1	0	1	1	
7416	232	7010	FightSkillMingJiao_5	all_bj0000		身体受击点	buff_fengxue_01		身体受击点	0	1	1	0	0		棒打狗头：封穴，移动不能，操作不能，可被攻击，无法被打醒	-1	0	1	1	
7417	131	10	FightSkillGaiBang_4				g01_gb_buff114_01		身体中心点	0	0	0	1	0		龙战于野：增加闪避	-1	0	1	1	
7418	15	7010	FightSkillWuDang2_5							0	1	1	0	0		天外飞仙：麻痹，移动不能，操作不能，可被攻击，无法被打醒	-1	0	1	1	
7419	142	161	FightSkillWuDang2_1				g01_buff119		头顶状态点	0	0	0	1	0		白鹤亮翅：造成的会心伤害提升	-1	0	1	1	
7420	507	10	FightSkillWuDang2_8							0	0	0	1	0		仙风道骨：移动不能，操作不能，无敌状态，不可被攻击，可手动取消	-1	0	1	1	
7421	17	7010	FightSkillEMei1_5				g01_em_buff38		头顶状态点	0	0	0	1	0		月落西山：失明，无法控制，随机移动	-1	0	1	1	
7422	149	5010	FightSkillEMei2_1							0	0	0	1	0		斩情诀：造成的伤害提升	-1	0	1	1	
7423	7714	10	FightSkillEMei1_11							0	0	0	1	0		回天术：持续恢复生命值	-1	0	1	1	
7424	150	2010	FightSkillEMei2_4				g01_buff118_01		身体受击点	0	0	0	1	0		呆若木鸡：状态，无敌，但是无法使用门派技能	-1	0	1	1	
7425	13	6000	FightSkillXinXiu2_8		Skills\Xx\Xx_吸星噬月_昏.wav		g01_xx_吸星噬月_zdo		身体中心点	0	1	1	0	0		含笑半步癫：间歇受到封穴效果	-1	0	1	1	
7426	122	7160	FightSkillXinXiu2_8		Skills\Xx\Xx_吸星噬月_昏.wav					0	1	1	0	0		含笑半步癫：封穴，移动不能，操作不能，可被攻击，无法被打醒	-1	0	1	1	
7427	7799	10	FightSkillXinXiu2_8							0	0	0	1	0		含笑半步癫：移动速度增加45%	-1	0	1	1	
7428	163	121	FightSkillXinXiu2_1							0	0	0	1	0		经脉逆行：全属性攻击增加	-1	0	1	1	
7429	584	5010	FightSkillXinXiu2_9				g01_xx_尸爆_持续buff		身体中心点	0	0	0	1	0		一日丧命散：20秒内目标死亡则对周围目标造成毒性伤害和失明状态，没有死亡则对周围目标造成失明状态	-1	0	1	1	
7430	17	7010	Buff0_13				g01_em_buff38		头顶状态点	0	1	1	0	0		失明：随机移动，操作不能，可被攻击，无法被打醒	-1	0	1	1	
7431	155	5010	FightSkillXinXiu1_7				g01_xx_lx_shixueyixiao		身体受击点	0	0	1	0	1	左武器绑定点	笑里藏刀：吸血	-1	0	1	1	
7432	7792	5010	FightSkillXinXiu1_7				g01_xx_lx_shixueyixiao		身体受击点	0	0	1	0	1	左武器绑定点	减速：降低移动速度30%	-1	0	1	1	
7433	7793	5010	FightSkillXinXiu1_7				g01_xx_lx_shixueyixiao		身体受击点	0	0	1	0	1	左武器绑定点	减速：降低移动速度40%	-1	0	1	1	
7434	7794	5010	FightSkillXinXiu1_7				g01_xx_lx_shixueyixiao		身体受击点	0	0	1	0	1	左武器绑定点	减速：降低移动速度50%	-1	0	1	1	
7435	7795	5010	FightSkillXinXiu1_7				g01_xx_lx_shixueyixiao		身体受击点	0	0	1	0	1	左武器绑定点	减速：降低移动速度60%	-1	0	1	1	
7436	7796	7010	FightSkillXinXiu1_7				g01_xx_lx_shixueyixiao		身体受击点	0	0	1	0	1	左武器绑定点	定身：无法移动	-1	0	1	1	
7437	36	7005	FightSkillDaLi_7							0	1	1	0	0		虚弱：所受伤害放大	-1	0	1	1	
7438	136	7010	FightSkillDaLi_5	g01_dl_zdo_bamenjinsuo		身体受击点	buff_dingshen		身体受击点	0	0	1	0	0		八门金锁：封印，无法移动，无法施放门派技能	-1	0	1	1	
7439	197	161	FightSkillDaLi1_3							0	0	0	1	0		非枯非荣：免疫散功、封穴	-1	0	1	1	
7440	198	10	FightSkillDaLi1_4				g01_buff115		头顶状态点	0	0	0	1	0		百步穿杨：技能必中，增加四属性攻	-1	0	1	1	
7441	509	5080	FightSkillDaLi1_12				g01_dl_新商阳剑buff		身体中心点	0	0	1	0	0		商阳剑：持续受到伤害。移动可以解除。	-1	0	1	0	
7442	178	10	FightSkillTianShan_8							0	0	0	1	0		移花接木：在此状态下攻击携带范围伤害效果	-1	0	1	1	
7443	13	7010	FightSkillTianShan1_5	all_bj0000		身体受击点	buff_fengxue_01		身体受击点	0	1	1	0	0		同生共死：封穴，移动不能，操作不能，可被攻击，无法被打醒	-1	0	1	1	
7444	191	161	FightSkillTianShan_4				g01_buff10_01		脚下光圈点	0	0	0	1	0		白驹过隙：移动速度增加	-1	0	1	1	
7445	99	10	FightSkillTianShan_6							0	0	0	1	0		十面埋伏：隐身	-1	0	1	1	
7446	99	99	FightSkillTianShan_13							0	0	0	1	0		踏雪无痕：隐身	-1	0	1	1	
7447	36	7010	FightSkillXiaoYao_15							0	1	1	0	0		虚弱：所受伤害放大	-1	0	1	1	
7448	11	7010	FightSkillXiaoYao_5		Skills\Xy\Xy_画地为牢_击中.wav		g01_xy_sf_zdo_画地为牢		脚下光圈点	0	1	1	0	0		画地为牢：围困，移动不能，操作不能，无敌状态，不可被攻击	-1	0	1	1	
7449	194	161	FightSkillXiaoYao_7				buff_sangong_01		脚下光圈点	0	1	1	0	0		步步生花：定身，无法移动	-1	0	1	1	
7450	21	7010	FightSkillXiaoYao1_4	g01_xy_sf_zdo_排山倒海		身体受击点	buff_sangong_01		脚下光圈点	0	0	0	1	0		惊涛骇浪：散功，无法使用门派技能	-1	0	1	1	
7451	4916	1000	FightSkillMantuo1_8							0	0	0	0	0		飞花·乱红深处：可对范围内目标连线，吸取对方血量，施加负面状态，连线持续期间不可使用技能	-1	0	1	1	
7452	13	1000	FightSkillMantuo_6				hj_曼陀山庄_醉花芳菲时麻痹buff		脚下光圈点	0	1	1	0	0		醉花·芳菲时：麻痹，移动不能，操作不能，可被攻击，无法被打醒	-1	0	1	1	
7453	4909	1000	FightSkillMantuo1_5				hj_曼陀山庄_广陵散buff		脚下光圈点	0	0	0	1	0		广陵散：使用余音袅袅攻击目标时会进行4次伤害	-1	0	1	1	
7454	1212	1000	FightSkillMantuo1_8				hj_曼陀山庄_飞花乱红深处连线		身体受击点	0	1	1	0	1		飞花·乱红深处：每秒损失血量	-1	0	1	1	
7455	1313	161	Buff0_1							0	0	0	1	0		废弃	-1	0	1	1	
7456	4914	2000	Buff1_1							0	1	1	0	0		飞花·乱红深处：移动速度降低	-1	0	1	1	
7457	4915	1000	FightSkillMantuo1_8				hj_曼陀山庄_飞花乱红深处麻痹buff		脚下光圈点	0	1	1	0	0		飞花·乱红深处：麻痹，移动不能，操作不能，可被攻击，无法被打醒	-1	0	1	1	
7458	15	7010	FightSkillEMei1_8							0	1	1	0	0		起死回生：受到致命一击时能够回复血量	-1	0	1	1	
7459	7459	8500	FightSkillXiaoYao1_9				g01_xy_步步生花_持续01		身体中心点	0	0	0	1	0		步步生花：每隔一段时间自动在脚下释放一个陷阱	-1	0	1	1	
7460	186	1000	FightSkillXiaoYao_2							1	0	0	0	0		放置陷阱	-1	0	1	1	
7461	21	7010	Buff0_16				buff_sangong_01		脚下光圈点	0	1	1	0	0		废弃	-1	0	1	1	
7462	14	7010	Buff6_13				g01_buff麻痹		身体中心点	0	1	1	0	0		废弃	-1	0	1	1	
7463	7463	110	FightSkillDaLi2_1							0	1	1	0	0		中冲剑：减少属性抗，受到伤害时有概率被赋予谒天应行状态	-1	0	1	1	
7464	7464	1000	TalentSkillTianLong2_6							0	1	1	0	0		扣冰：降低移动速度，后麻痹	-1	0	1	1	
7465	7465	1000	TalentSkillTianLong2_7							0	1	1	0	0		业火：降低四属性攻	-1	0	1	1	
7466	7466	1000	TalentSkillTianLong2_8							0	1	1	0	0		玄虚：眩晕，移动不能，操作不能，可被攻击，受击无法解除	-1	0	1	1	
7467	7467	1000	TalentSkillTianLong2_9							0	1	1	0	0		邪毒：持续减血	-1	0	1	1	
7468	7468	1000	FightSkillShaoLin1_2							0	1	1	0	0		金刚伏魔圈：减速，降低移动速度	-1	0	1	1	
7469	136	8500	FightSkillWuDang1_8				g01_wd_zhinanzhen_01		身体受击点	0	0	1	0	1	左武器绑定点	如封似闭：封印，无法移动，无法施放门派技能	-1	0	1	1	
7470	161	1000	FightSkillXinXiu1_16							0	0	0	1	0		水遁：诅咒被攻击者	-1	0	1	1	
7471	7471	1000	Buff0_3				g01_buff32		身体受击点	0	1	1	0	0		诅咒：持续掉血	-1	0	1	1	
7472	142	161	FightSkillWuDang1_9							0	0	0	1	0		梯云纵：会心增加	-1	0	1	1	
7473	7473	1000	Buff0_10							0	1	1	0	0		麻痹：移动不能，操作不能，可被攻击，受击无法解除	-1	0	1	1	
7474	8755	2000	Buff0_1							0	0	0	1	0		废弃	-1	0	1	1	
7475	8756	110	Buff0_1							0	0	0	1	0		废弃	-1	0	1	1	
7476	21	7010	Buff0_1							0	0	0	1	0		废弃	-1	0	1	1	
7477	99	99	Buff0_1							0	0	0	1	0		废弃	-1	0	1	1	
7478	8757	10	Buff0_1							0	0	0	1	0		废弃	-1	0	1	1	
7479	14	7010	Buff0_1							0	0	0	1	0		废弃	-1	0	1	1	
7480	7163	5010	Buff0_1							0	0	0	1	0		废弃	-1	0	1	0	
7481	7573	160	Buff0_1							0	0	0	1	0		废弃	-1	0	1	0	
7482	23	5008	Buff0_1							0	0	0	1	0		废弃	-1	0	1	1	
7483	7155	91	Buff0_1							0	0	0	1	0		废弃	-1	0	1	0	
7484	9093	5010	FightSkillERenGu1_8							0	1	1	0	0		拘魂·地：受到的伤害降低	-1	0	1	1	
7485	9094	7010	FightSkillERenGu2_14				buff_erg_拘地魂_失魂地		头顶状态点	0	0	1	0	0		丧魂·地：受到的伤害提高	-1	0	1	1	
7486	9100	5010	FightSkillERenGu1_10							0	1	1	0	0		拘魂·天：造成的伤害提高	-1	0	1	1	
7487	9101	7010	FightSkillERenGu2_13				buff_erg_拘天魂_失魂天		头顶状态点	0	0	1	0	0		丧魂·天：造成的伤害降低	-1	0	1	1	
7488	136	7010	FightSkillERenGu2_2				m01_erg_锁中枢顺从_受击		脚下光圈点	0	0	1	0	0		锁魂斩：封印，无法移动，无法施放门派技能	-1	0	1	1	
7489	9107	110	FightSkillERenGu1_5		Skills\Erg\恶鬼踏江.mp3		buff_erg_恶鬼踏江		脚下光圈点	0	0	0	1	0		恶鬼踏江：无拘状态，无敌，无法使用任何技能，大幅增加移动速度	-1	1	1	1	
7490	9098	5010	FightSkillERenGu1_9							0	1	1	0	0		拘魂·命：持续回复生命值	-1	0	1	1	
7491	9099	7010	FightSkillERenGu2_15				buff_erg_拘命魂_失魂命		头顶状态点	0	0	1	0	0		丧魂·命：获得的治疗效果降低	-1	0	1	1	
7492	9104	91	FightSkillCongRen3_1							0	0	0	0	0		恶行立断：免受部分控制（废弃）	-1	0	1	0	
7493	7493	91	Buff17_15				buff_2024吃鸡杀人_初		身体中心点	0	0	0	0	0		无人可挡	-1	0	1	0	
7494	7493	91	Buff17_15				buff_2024吃鸡杀人_中		身体中心点	0	0	0	0	0		勇冠三军	-1	0	1	0	
7495	7493	91	Buff17_15				buff_2024吃鸡杀人_高		身体中心点	0	0	0	0	0		绝世战神	-1	0	1	0	
7496	7496	1990	FightSkillTianShan_7							0	0	0	0	0		若隐若现：潜入藏身点，藏身点外的敌人无法发现。	-1	0	1	1	
7497	7497	1980	PetSkill5_8							0	0	0	0	0		无所遁形：在藏身点内可看到其中的敌人。	-1	0	1	1	
7498	7498	9999	Buff18_16							1	0	0	0	0		等待救援：重伤状态，无法攻击或被攻击，无法移动。状态结束后若无人救援将退出竞武场。	-1	0	1	0	
7499	7499	7010	Buff29_3							0	0	0	0	0		加速法阵：加速50%	-1	0	1	1	
7551	7551	7010	Buff13_5				boss_2025紫禁城殿前司都使_技能2链子连线A		身体中心点	0	0	0	0	1	身体中心点	铁索	-1	1	1	1	
7552	7552	10	HuoDongSkill12_5							0	0	0	1	0		动作要轻缓，身法要灵活。将珠宝运回期间，可拾取琉璃盏。	-1	-1	1	1	
7553	7553	10	HuoDongSkill12_6							0	0	0	1	0		任何细微之处都不放过！将珠宝运回期间，可收集夜明珠。	-1	-1	1	1	
7554	7554	10	HuoDongSkill12_4							0	0	0	1	0		力拔山兮——气盖世！将珠宝运回期间，可搬运珊瑚屏风。	-1	-1	1	1	
7555	7555	1000	TalentSkillShaoLin4_6				g01_buff10		脚下光圈点	0	0	0	1	0		独行三界：增加移动速度	-1	0	1	1	
7556	7555	1100	TalentSkillShaoLin4_6				g01_buff10		脚下光圈点	0	0	0	1	0		独行三界：增加移动速度	-1	0	1	1	
7557	7555	1200	TalentSkillShaoLin4_6				g01_buff10		脚下光圈点	0	0	0	1	0		独行三界：增加移动速度	-1	0	1	1	
7558	7555	1300	TalentSkillShaoLin4_6				g01_buff10		脚下光圈点	0	0	0	1	0		独行三界：增加移动速度	-1	0	1	1	
7559	7555	1400	TalentSkillShaoLin4_6				g01_buff10		脚下光圈点	0	0	0	1	0		独行三界：增加移动速度	-1	0	1	1	
7560	7560	1000	TalentSkillShaoLin4_16							0	0	0	1	0		金钟化相：增加内外功防御	-1	0	1	1	
7561	7560	1100	TalentSkillShaoLin4_16							0	0	0	1	0		金钟化相：增加内外功防御	-1	0	1	1	
7562	7560	1200	TalentSkillShaoLin4_16							0	0	0	1	0		金钟化相：增加内外功防御	-1	0	1	1	
7563	7560	1300	TalentSkillShaoLin4_16							0	0	0	1	0		金钟化相：增加内外功防御	-1	0	1	1	
7564	7560	1400	TalentSkillShaoLin4_16							0	0	0	1	0		金钟化相：增加内外功防御	-1	0	1	1	
7565	7565	1000	TalentSkillShaoLin4_7				g01_buff38		脚下光圈点	0	1	1	0	0		魔道难行：定身，可以攻击，但无法移动	-1	0	1	1	
7566	7566	1000	TalentSkillShaoLin4_5							0	1	1	0	0		恃才悲物：降低内外功攻击	-1	0	1	1	
7567	7566	1100	TalentSkillShaoLin4_5							0	1	1	0	0		恃才悲物：降低内外功攻击	-1	0	1	1	
7568	7566	1200	TalentSkillShaoLin4_5							0	1	1	0	0		恃才悲物：降低内外功攻击	-1	0	1	1	
7569	7566	1300	TalentSkillShaoLin4_5							0	1	1	0	0		恃才悲物：降低内外功攻击	-1	0	1	1	
7570	7566	1400	TalentSkillShaoLin4_5							0	1	1	0	0		恃才悲物：降低内外功攻击	-1	0	1	1	
7571	7571	1000	TalentSkillShaoLin5_7				g01_buff100		脚下光圈点	0	0	1	0	0		法界归一：减速，降低移动速度	-1	0	1	1	
7572	7572	1000	TalentSkillShaoLin4_11							0	0	0	1	0		济世有方：增加外功防御	-1	0	1	1	
7573	7572	1100	TalentSkillShaoLin4_11							0	0	0	1	0		济世有方：增加外功防御	-1	0	1	1	
7574	7572	1200	TalentSkillShaoLin4_11							0	0	0	1	0		济世有方：增加外功防御	-1	0	1	1	
7575	7572	1300	TalentSkillShaoLin4_11							0	0	0	1	0		济世有方：增加外功防御	-1	0	1	1	
7576	7572	1400	TalentSkillShaoLin4_11							0	0	0	1	0		济世有方：增加外功防御	-1	0	1	1	
7577	7577	1000	TalentSkillShaoLin4_15							0	0	0	1	0		以德报怨：造成伤害增加，同时自身所受伤害增加	-1	0	1	1	
7578	7577	1100	TalentSkillShaoLin4_15							0	0	0	1	0		以德报怨：造成伤害增加，同时自身所受伤害增加	-1	0	1	1	
7579	7577	1200	TalentSkillShaoLin4_15							0	0	0	1	0		以德报怨：造成伤害增加，同时自身所受伤害增加	-1	0	1	1	
7580	7577	1300	TalentSkillShaoLin4_15							0	0	0	1	0		以德报怨：造成伤害增加，同时自身所受伤害增加	-1	0	1	1	
7581	7577	1400	TalentSkillShaoLin4_15							0	0	0	1	0		以德报怨：造成伤害增加，同时自身所受伤害增加	-1	0	1	1	
7582	7582	1000	TalentSkillShaoLin_4				g01_buff100		脚下光圈点	0	0	1	0	0		拜请佛陀：减速，降低移动速度	-1	0	1	1	
7583	7583	1000	TalentSkillMingJiao4_4							0	0	0	1	0		赤焰连环：增加自身火攻击	-1	0	1	1	
7584	7583	1100	TalentSkillMingJiao4_4							0	0	0	1	0		赤焰连环：增加自身火攻击	-1	0	1	1	
7585	7583	1200	TalentSkillMingJiao4_4							0	0	0	1	0		赤焰连环：增加自身火攻击	-1	0	1	1	
7586	7583	1300	TalentSkillMingJiao4_4							0	0	0	1	0		赤焰连环：增加自身火攻击	-1	0	1	1	
7587	7583	1400	TalentSkillMingJiao4_4							0	0	0	1	0		赤焰连环：增加自身火攻击	-1	0	1	1	
7588	7588	1000	TalentSkillMingJiao4_10				g01_buff38		脚下光圈点	1	1	1	0	0		锁锢八门：定身，可以攻击，但无法移动	-1	0	1	1	
7589	7589	1000	TalentSkillMingJiao3_15							0	1	1	0	0		万念俱灰：无法恢复怒气	-1	0	1	1	
7590	7590	1000	TalentSkillMingJiao4_6							0	1	1	0	0		绝命破阵：受到致命伤害时，进入1滴血且无法恢复血量的3秒无敌状态，期间命中率和会心伤害增加	-1	0	1	1	
7591	7591	1000	TalentSkillMingJiao4_6							0	1	1	0	0		绝命破阵：受到致命伤害时，进入1滴血且无法恢复血量的3秒无敌状态，期间命中率和会心伤害增加	-1	0	1	1	
7592	7592	1000	TalentSkillMingJiao4_6							0	1	1	0	0		绝命破阵：受到致命伤害时，进入1滴血且无法恢复血量的3秒无敌状态，期间命中率和会心伤害增加	-1	0	1	1	
7593	7593	1000	TalentSkillMingJiao4_6							0	1	1	0	0		绝命破阵：受到致命伤害时，进入1滴血且无法恢复血量的3秒无敌状态，期间命中率和会心伤害增加	-1	0	1	1	
7594	7594	1000	TalentSkillMingJiao4_6							0	1	1	0	0		绝命破阵：受到致命伤害时，进入1滴血且无法恢复血量的3秒无敌状态，期间命中率和会心伤害增加	-1	0	1	1	
7595	7595	1000	TalentSkillMingJiao4_12							0	0	0	1	0		烬脉诀：火攻击增加、火减抗增加	-1	0	1	1	
7596	7595	1000	TalentSkillMingJiao4_12							0	0	0	1	0		烬脉诀：火攻击增加、火减抗增加	-1	0	1	1	
7597	7595	1000	TalentSkillMingJiao4_12							0	0	0	1	0		烬脉诀：火攻击增加、火减抗增加	-1	0	1	1	
7598	7595	1000	TalentSkillMingJiao4_12							0	0	0	1	0		烬脉诀：火攻击增加、火减抗增加	-1	0	1	1	
7599	7595	1000	TalentSkillMingJiao4_12							0	0	0	1	0		烬脉诀：火攻击增加、火减抗增加	-1	0	1	1	
7600	7600	1000	TalentSkillGaiBang_7							0	0	0	1	0		龙啸九天：飞龙在天造成的伤害增加	-1	-1	1	1	
7601	7600	1000	TalentSkillGaiBang_7							0	0	0	1	0		龙啸九天：飞龙在天造成的伤害增加	-1	-1	1	1	
7602	7600	1000	TalentSkillGaiBang_7							0	0	0	1	0		龙啸九天：飞龙在天造成的伤害增加	-1	-1	1	1	
7603	7600	1000	TalentSkillGaiBang_7							0	0	0	1	0		龙啸九天：飞龙在天造成的伤害增加	-1	-1	1	1	
7604	7600	1000	TalentSkillGaiBang_7							0	0	0	1	0		龙啸九天：飞龙在天造成的伤害增加	-1	-1	1	1	
7605	21	1000	TalentSkillGaiBang4_4	g01_sl_zdo_nianhuazhi_01			buff_sangong_01		脚下光圈点	0	1	1	0	0		凛霜散魂：散功，可以移动，但无法使用任何技能	-1	0	1	1	
7606	19	1000	TalentSkillGaiBang3_16				g01_buff38		脚下光圈点	0	1	1	0	0		潜龙缚步：定身，可以攻击，但无法移动	-1	0	1	1	
7607	19	1000	TalentSkillGaiBang3_16				g01_buff38		脚下光圈点	0	1	1	0	0		潜龙缚步：定身，可以攻击，但无法移动	-1	0	1	1	
7608	19	1000	TalentSkillGaiBang3_16				g01_buff38		脚下光圈点	0	1	1	0	0		潜龙缚步：定身，可以攻击，但无法移动	-1	0	1	1	
7609	19	1000	TalentSkillGaiBang3_16				g01_buff38		脚下光圈点	0	1	1	0	0		潜龙缚步：定身，可以攻击，但无法移动	-1	0	1	1	
7610	19	1000	TalentSkillGaiBang3_16				g01_buff38		脚下光圈点	0	1	1	0	0		潜龙缚步：定身，可以攻击，但无法移动	-1	0	1	1	
7611	7611	1000	TalentSkillWuDang4_10				g01_buff10		脚下光圈点	0	0	0	1	0		神骁不拘：增加移动速度	-1	0	1	1	
7612	7611	1100	TalentSkillWuDang4_10				g01_buff10		脚下光圈点	0	0	0	1	0		神骁不拘：增加移动速度	-1	0	1	1	
7613	7611	1200	TalentSkillWuDang4_10				g01_buff10		脚下光圈点	0	0	0	1	0		神骁不拘：增加移动速度	-1	0	1	1	
7614	7611	1300	TalentSkillWuDang4_10				g01_buff10		脚下光圈点	0	0	0	1	0		神骁不拘：增加移动速度	-1	0	1	1	
7615	7611	1400	TalentSkillWuDang4_10				g01_buff10		脚下光圈点	0	0	0	1	0		神骁不拘：增加移动速度	-1	0	1	1	
7616	7616	1400	TalentSkillWuDang4_9				g01_buff10		脚下光圈点	0	0	0	1	0		扼夜疾星：增加移动速度	-1	0	1	1	
7617	269	1450	CommonNPCHeader66_8				buff_端午打卡_金瓯争夺赛_阵营甜		脚下光圈点	0	0	0	1	0		西域蜜枣，江南糯米，你变成了蜜枣甜粽，咸粽的小身板可抵不住这甜蜜暴击。	-1	0	1	1	
7618	269	1450	CommonNPCHeader66_9				buff_端午打卡_金瓯争夺赛_阵营咸		脚下光圈点	0	0	0	1	0		陈年火腿，东海盐花，你变成了火腿咸粽，甜粽那几个小甜包一靠近就哭着找水喝。	-1	0	1	1	
7619	7619	1400	TalentSkillEmei4_2							0	0	0	1	0		禅骨绘春：获得护盾，吸收一定量的伤害	-1	0	1	1	
7620	7620	1000	TalentSkillEmei_6							0	0	1	0	0		声声慢：结束时使周围敌人减速	-1	0	1	1	
7621	7621	1000	TalentSkillEmei4_7				buff_wd_断臂渡生		身体中心点	0	0	0	1	0		断臂渡生：获得护盾，吸收一定量的伤害	-1	0	1	1	
7622	7621	1000	TalentSkillEmei4_7				buff_wd_断臂渡生		身体中心点	0	0	0	1	0		断臂渡生：获得护盾，吸收一定量的伤害	-1	0	1	1	
7623	7621	1000	TalentSkillEmei4_7				buff_wd_断臂渡生		身体中心点	0	0	0	1	0		断臂渡生：获得护盾，吸收一定量的伤害	-1	0	1	1	
7624	7621	1000	TalentSkillEmei4_7				buff_wd_断臂渡生		身体中心点	0	0	0	1	0		断臂渡生：获得护盾，吸收一定量的伤害	-1	0	1	1	
7625	7621	1000	TalentSkillEmei4_7				buff_wd_断臂渡生		身体中心点	0	0	0	1	0		断臂渡生：获得护盾，吸收一定量的伤害	-1	0	1	1	
7626	19	1000	TalentSkillEmei_15				g01_buff38		脚下光圈点	0	1	1	0	0		凭光罩影：定身，可以攻击，但无法移动	-1	0	1	1	
7627	7627	1400	TalentSkillEmei4_3				g01_buff10		脚下光圈点	0	0	0	1	0		揽恨攀风：增加移动速度	-1	0	1	1	
7628	19	1000	TalentSkillEmei4_6				g01_buff38		脚下光圈点	0	1	1	0	0		拂尘定月：定身，可以攻击，但无法移动	-1	0	1	1	
7629	7629	1400	TalentSkillEmei2_1				g01_buff10		脚下光圈点	0	0	0	1	0		晚来风急：增加移动速度	-1	0	1	1	
7630	19	1000	TalentSkillXingXiu3_14				g01_buff38		脚下光圈点	0	1	1	0	0		毒丝牵偶：定身，可以攻击，但无法移动	-1	0	1	1	
7631	7631	1000	TalentSkillXingXiu2_1							0	0	0	1	0		幽冥狱：增加幽冥神掌的会心一击率	-1	0	1	1	
7632	7631	1000	TalentSkillXingXiu2_1							0	0	0	1	0		幽冥狱：增加幽冥神掌的会心一击率	-1	0	1	1	
7633	7631	1000	TalentSkillXingXiu2_1							0	0	0	1	0		幽冥狱：增加幽冥神掌的会心一击率	-1	0	1	1	
7634	7631	1000	TalentSkillXingXiu2_1							0	0	0	1	0		幽冥狱：增加幽冥神掌的会心一击率	-1	0	1	1	
7635	7631	1000	TalentSkillXingXiu2_1							0	0	0	1	0		幽冥狱：增加幽冥神掌的会心一击率	-1	0	1	1	
7636	7636	1000	TalentSkillXingXiu2_11							0	1	1	0	0		固身缠毒：诅咒，持续掉血	-1	0	1	1	
7637	7637	1000	TalentSkillXingXiu3_12							0	1	1	0	0		厄运缠身：诅咒，对状态来源造成的伤害降低	-1	0	1	1	
7638	7638	1000	TalentSkillXingXiu2_16							0	1	1	0	0		蚀身蛊：无法回复血量	-1	0	1	1	
7639	7639	1000	TalentSkillXingXiu_9							0	0	1	0	0		沉疴生疫：有概率使诅咒效果扩散至周围目标	-1	0	1	1	
7640	7640	3000	TalentSkillTianLong_13							0	1	1	0	0		攻其不备：减少会心防御	-1	0	1	1	
7641	7641	1000	TalentSkillTianLong3_6							0	0	0	1	0		四象蚀甲：增加四属性减抗	-1	0	1	1	
7642	7641	1000	TalentSkillTianLong3_6							0	0	0	1	0		四象蚀甲：增加四属性减抗	-1	0	1	1	
7643	7641	1000	TalentSkillTianLong3_6							0	0	0	1	0		四象蚀甲：增加四属性减抗	-1	0	1	1	
7644	7641	1000	TalentSkillTianLong3_6							0	0	0	1	0		四象蚀甲：增加四属性减抗	-1	0	1	1	
7645	7641	1000	TalentSkillTianLong3_6							0	0	0	1	0		四象蚀甲：增加四属性减抗	-1	0	1	1	
7646	7646	1000	TalentSkillTianLong4_2							0	0	0	1	0		卧薪尝胆：正阳手触发谒天应行的概率提高	-1	0	1	1	
7647	7646	1000	TalentSkillTianLong4_2							0	0	0	1	0		卧薪尝胆：正阳手触发谒天应行的概率提高	-1	0	1	1	
7648	7646	1000	TalentSkillTianLong4_2							0	0	0	1	0		卧薪尝胆：正阳手触发谒天应行的概率提高	-1	0	1	1	
7649	7646	1000	TalentSkillTianLong4_2							0	0	0	1	0		卧薪尝胆：正阳手触发谒天应行的概率提高	-1	0	1	1	
7650	7646	1000	TalentSkillTianLong4_2							0	0	0	1	0		卧薪尝胆：正阳手触发谒天应行的概率提高	-1	0	1	1	
7651	7651	1400	TalentSkillTianShan_5				g01_buff10		脚下光圈点	0	0	0	1	0		含香疾影：增加移动速度	-1	0	1	1	
7652	19	1000	TalentSkillTianShan3_1				g01_buff38		脚下光圈点	0	1	1	0	0		寒梅缚：定身，可以攻击，但无法移动	-1	0	1	1	
7653	19	1000	TalentSkillTianShan3_1				g01_buff38		脚下光圈点	0	1	1	0	0		寒梅缚：定身，可以攻击，但无法移动	-1	0	1	1	
7654	19	1000	TalentSkillTianShan3_1				g01_buff38		脚下光圈点	0	1	1	0	0		寒梅缚：定身，可以攻击，但无法移动	-1	0	1	1	
7655	19	1000	TalentSkillTianShan3_1				g01_buff38		脚下光圈点	0	1	1	0	0		寒梅缚：定身，可以攻击，但无法移动	-1	0	1	1	
7656	19	1000	TalentSkillTianShan3_1				g01_buff38		脚下光圈点	0	1	1	0	0		寒梅缚：定身，可以攻击，但无法移动	-1	0	1	1	
7657	7657	1000	TalentSkillTianShan_12							0	0	0	1	0		寂凤复吟：会心一击率增加	-1	0	1	1	
7658	7657	1000	TalentSkillTianShan_12							0	0	0	1	0		寂凤复吟：会心一击率增加	-1	0	1	1	
7659	7657	1000	TalentSkillTianShan_12							0	0	0	1	0		寂凤复吟：会心一击率增加	-1	0	1	1	
7660	7657	1000	TalentSkillTianShan_12							0	0	0	1	0		寂凤复吟：会心一击率增加	-1	0	1	1	
7661	7657	1000	TalentSkillTianShan_12							0	0	0	1	0		寂凤复吟：会心一击率增加	-1	0	1	1	
7662	7662	1000	TalentSkillTianShan3_12							0	0	0	1	0		三叠引锋：会心一击率增加	-1	0	1	1	
7663	7662	1000	TalentSkillTianShan3_12							0	0	0	1	0		三叠引锋：会心一击率增加	-1	0	1	1	
7664	7662	1000	TalentSkillTianShan3_12							0	0	0	1	0		三叠引锋：会心一击率增加	-1	0	1	1	
7665	7662	1000	TalentSkillTianShan3_12							0	0	0	1	0		三叠引锋：会心一击率增加	-1	0	1	1	
7666	7662	1000	TalentSkillTianShan3_12							0	0	0	1	0		三叠引锋：会心一击率增加	-1	0	1	1	
7667	7667	10	Buff24_3				buff_新生肖故事_贴福字		身体中心点	0	0	0	0	0		喝醉了	-1	1	1	1	
7668	7668	1000	TalentSkillXiaoYao_3							0	0	0	1	0		虚室生白：下次溪山命中时使目标虚弱的几率增加	-1	0	1	1	
7669	7668	1000	TalentSkillXiaoYao_3							0	0	0	1	0		虚室生白：下次溪山命中时使目标虚弱的几率增加	-1	0	1	1	
7670	7668	1000	TalentSkillXiaoYao_3							0	0	0	1	0		虚室生白：下次溪山命中时使目标虚弱的几率增加	-1	0	1	1	
7671	7668	1000	TalentSkillXiaoYao_3							0	0	0	1	0		虚室生白：下次溪山命中时使目标虚弱的几率增加	-1	0	1	1	
7672	7668	1000	TalentSkillXiaoYao_3							0	0	0	1	0		虚室生白：下次溪山命中时使目标虚弱的几率增加	-1	0	1	1	
7673	7673	1000	TalentSkillXiaoYao_8							0	0	0	0	0		新花散蕊：散功，可以移动，但无法使用任何技能	-1	0	1	1	
7674	99	1000	TalentSkillXiaoYao3_14							0	0	0	1	0		花开云隐：隐身、移动速度降低	-1	0	1	1	
7675	7975	100	TalentSkillManTuo3_12							0	0	0	1	0		眉目含情：增加会心攻击	-1	0	1	1	
7676	7975	110	TalentSkillManTuo3_12							0	0	0	1	0		眉目含情：增加会心攻击	-1	0	1	1	
7677	7975	120	TalentSkillManTuo3_12							0	0	0	1	0		眉目含情：增加会心攻击	-1	0	1	1	
7678	7975	130	TalentSkillManTuo3_12							0	0	0	1	0		眉目含情：增加会心攻击	-1	0	1	1	
7679	7975	140	TalentSkillManTuo3_12							0	0	0	1	0		眉目含情：增加会心攻击	-1	0	1	1	
7680	7680	1000	TalentSkillManTuo_10							0	0	0	1	0		曲动神扬：会心一击率增加	-1	0	1	1	
7681	7680	1000	TalentSkillManTuo_10							0	0	0	1	0		曲动神扬：会心一击率增加	-1	0	1	1	
7682	7680	1000	TalentSkillManTuo_10							0	0	0	1	0		曲动神扬：会心一击率增加	-1	0	1	1	
7683	7680	1000	TalentSkillManTuo_10							0	0	0	1	0		曲动神扬：会心一击率增加	-1	0	1	1	
7684	7680	1000	TalentSkillManTuo_10							0	0	0	1	0		曲动神扬：会心一击率增加	-1	0	1	1	
7685	19	1000	TalentSkillManTuo3_11				g01_buff38		脚下光圈点	0	1	1	0	0		春水不赴：定身，可以攻击，但无法移动	-1	0	1	1	
7686	14	1000	TalentSkillManTuo4_4				npc_buff_02		脚下光圈点	0	1	1	0	0		醉花阴：麻痹，移动不能，操作不能，可被攻击，无法被打醒	-1	0	1	1	
7687	7687	1000	TalentSkillManTuo2_4							0	0	0	1	0		闻香如故：使用流芳诀技能时有概率回复自身血量	-1	0	1	1	
7688	7687	1000	TalentSkillManTuo2_4							0	0	0	1	0		闻香如故：使用流芳诀技能时有概率回复自身血量	-1	0	1	1	
7689	7687	1000	TalentSkillManTuo2_4							0	0	0	1	0		闻香如故：使用流芳诀技能时有概率回复自身血量	-1	0	1	1	
7690	7687	1000	TalentSkillManTuo2_4							0	0	0	1	0		闻香如故：使用流芳诀技能时有概率回复自身血量	-1	0	1	1	
7691	7687	1000	TalentSkillManTuo2_4							0	0	0	1	0		闻香如故：使用流芳诀技能时有概率回复自身血量	-1	0	1	1	
7692	7692	3000	TalentSkillGaiBang3_13							0	1	1	0	0		倾酒醉目：命中降低	-1	0	1	1	
7693	7692	3000	TalentSkillGaiBang3_13							0	1	1	0	0		倾酒醉目：命中降低	-1	0	1	1	
7694	7692	3000	TalentSkillGaiBang3_13							0	1	1	0	0		倾酒醉目：命中降低	-1	0	1	1	
7695	7692	3000	TalentSkillGaiBang3_13							0	1	1	0	0		倾酒醉目：命中降低	-1	0	1	1	
7696	7692	3000	TalentSkillGaiBang3_13							0	1	1	0	0		倾酒醉目：命中降低	-1	0	1	1	
7697	7697	10	Buff24_3				m01_回城聚气特效_绿色		脚下光圈点	0	0	0	0	0		遮盖物发光	-1	1	1	1	
7698	7698	10	Buff32_9							0	0	0	0	0		缴械投降吧！不要做无谓的挣扎，你的味蕾已经全部叛变！	-1	1	1	1	
7699	7699	1000	TalentSkillMingJiao4_6							0	1	1	0	0		绝命破阵：无敌，无法恢复血量，命中率和会心伤害增加	-1	0	1	1	
7700	7699	1000	TalentSkillMingJiao4_6							0	1	1	0	0		绝命破阵：无敌，无法恢复血量，命中率和会心伤害增加	-1	0	1	1	
7701	7699	1000	TalentSkillMingJiao4_6							0	1	1	0	0		绝命破阵：无敌，无法恢复血量，命中率和会心伤害增加	-1	0	1	1	
7702	7699	1000	TalentSkillMingJiao4_6							0	1	1	0	0		绝命破阵：无敌，无法恢复血量，命中率和会心伤害增加	-1	0	1	1	
7703	7699	1000	TalentSkillMingJiao4_6							0	1	1	0	0		绝命破阵：无敌，无法恢复血量，命中率和会心伤害增加	-1	0	1	1	
7704	7704	120	TalentSkillShaoLin4_3				buff_6V6冰场景玩法_回血小鹿光环A		脚下光圈点	0	0	0	0	0		玄灵光环	-1	0	1	1	
7705	7705	1000	Buff32_11							0	0	0	1	0		衔梅灵鹿：持续回复血量	-1	0	1	1	
7706	7706	1000	TalentSkillXiaoYao3_3							0	1	1	0	0		无处遁形：无法进行位移与隐身	-1	0	1	1	
7707	7707	1000	Buff32_10				g01_buff38		脚下光圈点	0	1	1	0	0		定身：受到长虹贯日影响，无法移动。	-1	0	1	1	
7708	7708	120	TalentSkillTianShan4_2							0	0	0	1	0		契影同蜕：受到的伤害降低	-1	0	1	1	
7709	7709	1000	TalentSkillTianLong3_12							0	1	0	0	0		寒刃摧月：持续减气	-1	0	1	1	
7710	7710	1000	TalentSkillMingJiao4_2							0	0	0	0	0		火烧连营：死亡时，有概率清除状态来源的烽火连城冷却时间	-1	0	1	1	
7711	7711	1100	TalentSkillMingJiao4_2							0	0	0	0	0		火烧连营：死亡时，有概率清除状态来源的烽火连城冷却时间	-1	0	1	1	
7712	7712	1200	TalentSkillMingJiao4_2							0	0	0	0	0		火烧连营：死亡时，有概率清除状态来源的烽火连城冷却时间	-1	0	1	1	
7713	7713	1300	TalentSkillMingJiao4_2							0	0	0	0	0		火烧连营：死亡时，有概率清除状态来源的烽火连城冷却时间	-1	0	1	1	
7714	7714	1400	TalentSkillMingJiao4_2							0	0	0	0	0		火烧连营：死亡时，有概率清除状态来源的烽火连城冷却时间	-1	0	1	1	
7715	7715	3000	Buff32_12							0	0	0	1	0		紫禁之力：受到紫禁的加护，造成伤害大幅提升，同时自身受到伤害会快速恢复	-1	0	1	1	
7716	7716	3000	TalentSkillWuDang2_9							0	1	1	0	0		天雷破元：会心防御降低	-1	0	1	1	
7717	7716	3000	TalentSkillWuDang2_9							0	1	1	0	0		天雷破元：会心防御降低	-1	0	1	1	
7718	7716	3000	TalentSkillWuDang2_9							0	1	1	0	0		天雷破元：会心防御降低	-1	0	1	1	
7719	7716	3000	TalentSkillWuDang2_9							0	1	1	0	0		天雷破元：会心防御降低	-1	0	1	1	
7720	7716	3000	TalentSkillWuDang2_9							0	1	1	0	0		天雷破元：会心防御降低	-1	0	1	1	
7721	1339	7000	CommonNPCHeader68_25							0	0	0	1	0		化身为宁采臣	-1	0	1	1	
7722	100	1000	HuoDongSkill5_1				buff_七夕倩女打卡_变身技能加速		脚下光圈点	0	0	0	1	0		燕行咒：使用燕行咒后获得的加速效果	-1	1	1	1	
7723	100	1000	HuoDongSkill5_1				buff_七夕倩女打卡_变身技能加速		脚下光圈点	0	0	0	1	0		心清明：玉簪在关键时刻守住了内心的一缕清明，让你破除幻境的意念更为坚定	-1	1	1	1	
7724	810	2000	HuoDongSkill12_10				buff_七夕倩女打卡_减速		脚下光圈点	0	0	1	0	0		孽缠身：因选取权柄而屠戮无辜，导致意念混沌，难以破妄	-1	0	1	1	
7725	19	1000	HuoDongSkill12_9				buff_七夕倩女打卡_定身		脚下光圈点	0	1	1	0	0		鬼手缚：潜藏在财宝中的阴魂紧紧束缚着你，让你动弹不得	-1	0	1	1	
7726	17	1000	HuoDongSkill12_12				g01_em_buff38		头顶状态点	0	1	1	0	0		痴幔遮：被美色所迷双目，于此间视物不清	-1	0	1	1	
7727	7727	10	Buff32_9				npc_2025七夕氛围秋千_A		脚下光圈点	0	0	0	1	0		正在乘坐秋千	-1	1	1	1	
7728	7728	2000	Buff16_15				buff_七夕倩女场景氛围_鬼气入体		脚下光圈点	0	0	1	0	0		鬼气森寒，行动受限，移动速度降低90%	-1	0	1	1	
7729	7729	10	CommonNPCHeader68_2							0	0	0	0	0		捧着小鱼：收集绿色贝壳可帮助美人鱼进一步恢复人形！	-1	-1	1	1	
7730	7730	10	CommonNPCHeader68_3							0	0	0	0	0		捧着中鱼：收集蓝色贝壳可帮助美人鱼进一步恢复人形！	-1	-1	1	1	
7731	7731	10	CommonNPCHeader68_4							0	0	0	0	0		捧着大鱼：收集紫色贝壳可帮助美人鱼进一步恢复人形！	-1	-1	1	1	
7732	7732	10	CommonNPCHeader68_5							0	0	0	0	0		抱着超大鱼：收集五彩贝壳可帮助美人鱼进一步恢复人形！	-1	-1	1	1	
7733	7733	10	CommonNPCHeader68_6							0	0	0	0	0		抱得美人鱼归：已帮助美人鱼恢复人形，可前往人鱼公主处领取奖励！	-1	-1	1	1	
7734	7734	10	HuoDongSkill5_1				hj_npc圣诞小人儿17_加速跑A		脚下光圈点	0	0	0	0	0		加速：移动速度增加80%	-1	1	1	1	
7735	7735	10	Buff32_14				buff_合成雪球_减速旋涡buff		脚下光圈点	0	0	0	0	0		减速：移动速度减少80%	-1	-1	1	1	
7736	7736	10	Buff32_13				buff_合成雪球_定身网buff		脚下光圈点	0	0	0	0	0		定身：啊啊啊不能动了	-1	-1	1	1	
7737	7737	1000	CircularTaskTool30_3							1	0	0	0	0		护心镜·御：无敌	-1	0	1	1	
7738	99	2200	RideHeader12_8							0	0	0	1	0		坐骑：盛夏好梦。您已激活的坐骑中最高移动速度+10%。	99	0	1	1	
7739	99	2200	RideHeader12_8							0	0	0	1	0		坐骑：盛夏好梦。您已激活的坐骑中最高移动速度+20%。	99	0	1	1	
7740	99	2200	RideHeader12_8							0	0	0	1	0		坐骑：盛夏好梦。您已激活的坐骑中最高移动速度+40%。	99	0	1	1	
7741	99	2200	RideHeader12_8							0	0	0	1	0		坐骑：盛夏好梦。您已激活的坐骑中最高移动速度+70%。	99	0	1	1	
7742	99	2200	RideHeader12_8							0	0	0	1	0		坐骑：盛夏好梦。您已激活的坐骑中最高移动速度+75%。	99	0	1	1	
7743	99	2200	RideHeader12_8							0	0	0	1	0		坐骑：盛夏好梦。您已激活的坐骑中最高移动速度+80%。	99	0	1	1	
7744	99	2200	RideHeader12_8							0	0	0	1	0		坐骑：盛夏好梦。您已激活的坐骑中最高移动速度+85%。	99	0	1	1	
7745	99	2200	RideHeader12_8							0	0	0	1	0		坐骑：盛夏好梦。您已激活的坐骑中最高移动速度+90%。	99	0	1	1	
7746	99	2200	RideHeader12_7							0	0	0	1	0		坐骑：龙骧。您已激活的坐骑中最高移动速度+10%。	99	0	1	1	
7747	99	2200	RideHeader12_7							0	0	0	1	0		坐骑：龙骧。您已激活的坐骑中最高移动速度+20%。	99	0	1	1	
7748	99	2200	RideHeader12_7							0	0	0	1	0		坐骑：龙骧。您已激活的坐骑中最高移动速度+40%。	99	0	1	1	
7749	99	2200	RideHeader12_7							0	0	0	1	0		坐骑：龙骧。您已激活的坐骑中最高移动速度+70%。	99	0	1	1	
7750	99	2200	RideHeader12_7							0	0	0	1	0		坐骑：龙骧。您已激活的坐骑中最高移动速度+75%。	99	0	1	1	
7751	99	2200	RideHeader12_7							0	0	0	1	0		坐骑：龙骧。您已激活的坐骑中最高移动速度+80%。	99	0	1	1	
7752	99	2200	RideHeader12_7							0	0	0	1	0		坐骑：龙骧。您已激活的坐骑中最高移动速度+85%。	99	0	1	1	
7753	99	2200	RideHeader12_7							0	0	0	1	0		坐骑：龙骧。您已激活的坐骑中最高移动速度+90%。	99	0	1	1	
7754	99	2200	RideHeader12_7							0	0	0	1	0		坐骑：龙骧·典藏。您已激活的坐骑中最高移动速度+10%。	99	0	1	1	
7755	99	2200	RideHeader12_7							0	0	0	1	0		坐骑：龙骧·典藏。您已激活的坐骑中最高移动速度+20%。	99	0	1	1	
7756	99	2200	RideHeader12_7							0	0	0	1	0		坐骑：龙骧·典藏。您已激活的坐骑中最高移动速度+40%。	99	0	1	1	
7757	99	2200	RideHeader12_7							0	0	0	1	0		坐骑：龙骧·典藏。您已激活的坐骑中最高移动速度+70%。	99	0	1	1	
7758	99	2200	RideHeader12_7							0	0	0	1	0		坐骑：龙骧·典藏。您已激活的坐骑中最高移动速度+75%。	99	0	1	1	
7759	99	2200	RideHeader12_7							0	0	0	1	0		坐骑：龙骧·典藏。您已激活的坐骑中最高移动速度+80%。	99	0	1	1	
7760	99	2200	RideHeader12_7							0	0	0	1	0		坐骑：龙骧·典藏。您已激活的坐骑中最高移动速度+85%。	99	0	1	1	
7761	99	2200	RideHeader12_7							0	0	0	1	0		坐骑：龙骧·典藏。您已激活的坐骑中最高移动速度+90%。	99	0	1	1	
7762	7762	10	HuoDongSkill5_1				hj_npc圣诞小人儿17_加速跑A		脚下光圈点	0	0	0	0	0		加速：移动速度增加	-1	1	1	1	
7763	7763	1000	MenpaiGoods2_23				buff_青龙阵营		身体中心点	0	0	0	1	0		等待紫电车	-1	0	1	1	
7764	7764	1000	Buff24_3				buff_npc_雪车骑乘表情包_圈圈眼		头顶状态点	0	0	0	1	0		紫电腾空一跃，全城好景尽收眼底	-1	0	1	1	
7765	7765	1000	Buff24_1				buff_npc_雪车骑乘表情包_大笑		头顶状态点	0	0	0	1	0		紫电蹄下生风，原来快乐这么简单	-1	0	1	1	
7766	7766	1000	Buff24_4				buff_npc_雪车骑乘表情包_兴奋		头顶状态点	0	0	0	1	0		紫电腾空一跃，全城好景尽收眼底	-1	0	1	1	
7767	7767	1000	Buff24_2				buff_npc_雪车骑乘表情包_吐		头顶状态点	0	0	0	1	0		当前处于乘坐紫电车状态	-1	0	1	1	
7768	7768	1000	Buff32_15				g01_buff定身		脚下光圈点	0	0	0	0	0		领奖定身buff	-1	0	1	1	
7769	7769	1000	Buff32_15				buff_七夕倩女_无碍金身		身体中心点	0	0	0	0	0		金刚护体，真身不坏，万法皆空，诸邪莫近。	-1	0	1	1	
7770	99	2200	RideHeader12_12							0	0	0	1	0		坐骑：掠千峰。您已激活的坐骑中最高移动速度+10%。	99	0	1	1	
7771	99	2200	RideHeader12_12							0	0	0	1	0		坐骑：掠千峰。您已激活的坐骑中最高移动速度+20%。	99	0	1	1	
7772	99	2200	RideHeader12_12							0	0	0	1	0		坐骑：掠千峰。您已激活的坐骑中最高移动速度+40%。	99	0	1	1	
7773	99	2200	RideHeader12_12							0	0	0	1	0		坐骑：掠千峰。您已激活的坐骑中最高移动速度+70%。	99	0	1	1	
7774	99	2200	RideHeader12_12							0	0	0	1	0		坐骑：掠千峰。您已激活的坐骑中最高移动速度+75%。	99	0	1	1	
7775	99	2200	RideHeader12_12							0	0	0	1	0		坐骑：掠千峰。您已激活的坐骑中最高移动速度+80%。	99	0	1	1	
7776	99	2200	RideHeader12_12							0	0	0	1	0		坐骑：掠千峰。您已激活的坐骑中最高移动速度+85%。	99	0	1	1	
7777	99	2200	RideHeader12_13							0	0	0	1	0		坐骑：惊流云。您已激活的坐骑中最高移动速度+10%。	99	0	1	1	
7778	99	2200	RideHeader12_13							0	0	0	1	0		坐骑：惊流云。您已激活的坐骑中最高移动速度+20%。	99	0	1	1	
7779	99	2200	RideHeader12_13							0	0	0	1	0		坐骑：惊流云。您已激活的坐骑中最高移动速度+40%。	99	0	1	1	
7780	99	2200	RideHeader12_13							0	0	0	1	0		坐骑：惊流云。您已激活的坐骑中最高移动速度+70%。	99	0	1	1	
7781	99	2200	RideHeader12_13							0	0	0	1	0		坐骑：惊流云。您已激活的坐骑中最高移动速度+75%。	99	0	1	1	
7782	99	2200	RideHeader12_13							0	0	0	1	0		坐骑：惊流云。您已激活的坐骑中最高移动速度+80%。	99	0	1	1	
7783	99	2200	RideHeader12_13							0	0	0	1	0		坐骑：惊流云。您已激活的坐骑中最高移动速度+85%。	99	0	1	1	
7784	99	2200	RideHeader12_12							0	0	0	1	0		坐骑：掠千峰。您已激活的坐骑中最高移动速度+90%。	99	0	1	1	
7785	99	2200	RideHeader12_13							0	0	0	1	0		坐骑：惊流云。您已激活的坐骑中最高移动速度+90%。	99	0	1	1	
7786	99	2200	RideHeader12_11							0	0	0	1	0		坐骑：绘影墨龙。您已激活的坐骑中最高移动速度+10%。	99	0	1	1	
7787	99	2200	RideHeader12_11							0	0	0	1	0		坐骑：绘影墨龙。您已激活的坐骑中最高移动速度+20%。	99	0	1	1	
7788	99	2200	RideHeader12_11							0	0	0	1	0		坐骑：绘影墨龙。您已激活的坐骑中最高移动速度+40%。	99	0	1	1	
7789	99	2200	RideHeader12_11							0	0	0	1	0		坐骑：绘影墨龙。您已激活的坐骑中最高移动速度+70%。	99	0	1	1	
7790	99	2200	RideHeader12_11							0	0	0	1	0		坐骑：绘影墨龙。您已激活的坐骑中最高移动速度+75%。	99	0	1	1	
7791	99	2200	RideHeader12_11							0	0	0	1	0		坐骑：绘影墨龙。您已激活的坐骑中最高移动速度+80%。	99	0	1	1	
7792	99	2200	RideHeader12_11							0	0	0	1	0		坐骑：绘影墨龙。您已激活的坐骑中最高移动速度+85%。	99	0	1	1	
7793	99	2200	RideHeader12_11							0	0	0	1	0		坐骑：绘影墨龙。您已激活的坐骑中最高移动速度+90%。	99	0	1	1	
7794	99	2200	RideHeader12_10							0	0	0	1	0		坐骑：玉霄云龙。您已激活的坐骑中最高移动速度+10%。	99	0	1	1	
7795	99	2200	RideHeader12_10							0	0	0	1	0		坐骑：玉霄云龙。您已激活的坐骑中最高移动速度+20%。	99	0	1	1	
7796	99	2200	RideHeader12_10							0	0	0	1	0		坐骑：玉霄云龙。您已激活的坐骑中最高移动速度+40%。	99	0	1	1	
7797	99	2200	RideHeader12_10							0	0	0	1	0		坐骑：玉霄云龙。您已激活的坐骑中最高移动速度+70%。	99	0	1	1	
7798	99	2200	RideHeader12_10							0	0	0	1	0		坐骑：玉霄云龙。您已激活的坐骑中最高移动速度+75%。	99	0	1	1	
7799	99	2200	RideHeader12_10							0	0	0	1	0		坐骑：玉霄云龙。您已激活的坐骑中最高移动速度+80%。	99	0	1	1	
7800	99	2200	RideHeader12_10							0	0	0	1	0		坐骑：玉霄云龙。您已激活的坐骑中最高移动速度+85%。	99	0	1	1	
7801	99	2200	RideHeader12_10							0	0	0	1	0		坐骑：玉霄云龙。您已激活的坐骑中最高移动速度+90%。	99	0	1	1	
7802	99	2200	RideHeader12_9							0	0	0	1	0		坐骑：归墟神龙。您已激活的坐骑中最高移动速度+10%。	99	0	1	1	
7803	99	2200	RideHeader12_9							0	0	0	1	0		坐骑：归墟神龙。您已激活的坐骑中最高移动速度+20%。	99	0	1	1	
7804	99	2200	RideHeader12_9							0	0	0	1	0		坐骑：归墟神龙。您已激活的坐骑中最高移动速度+40%。	99	0	1	1	
7805	99	2200	RideHeader12_9							0	0	0	1	0		坐骑：归墟神龙。您已激活的坐骑中最高移动速度+70%。	99	0	1	1	
7806	99	2200	RideHeader12_9							0	0	0	1	0		坐骑：归墟神龙。您已激活的坐骑中最高移动速度+75%。	99	0	1	1	
7807	99	2200	RideHeader12_9							0	0	0	1	0		坐骑：归墟神龙。您已激活的坐骑中最高移动速度+80%。	99	0	1	1	
7808	99	2200	RideHeader12_9							0	0	0	1	0		坐骑：归墟神龙。您已激活的坐骑中最高移动速度+85%。	99	0	1	1	
7809	99	2200	RideHeader12_9							0	0	0	1	0		坐骑：归墟神龙。您已激活的坐骑中最高移动速度+90%。	99	0	1	1	
7810	7810	7000	CircularTaskTool32_7							1	0	0	0	0		武境灵丹：1小时内任务获得经验、武境经验变为平常的2倍。此时使用天灵丹，可使人物获得经验变为平常的4倍；此时使用小灵丹可使人物获得经验变为平常的3倍。#r武境灵丹不会影响珍兽获得经验的效率，若武境经验获取达到上限，则武境灵丹将失去效益。	-1	0	1	1	1
7811	7811	1000	Buff0_14							0	0	0	0	0		恶心：口臭使人眼晕	-1	0	1	1	
7812	7812	10	CommonNPCHeader69_19							0	0	0	1	0		变身为龙龙，以果断的攻势捉住天天。	-1	-1	1	1	1
7813	7813	10	CommonNPCHeader69_15							0	0	0	1	0		变身为天天，用灵巧的身法运送秘籍。	-1	-1	1	1	1
7814	7814	10	HuoDongSkill5_1				npc_2025打卡天天_加速		脚下光圈点	0	0	0	1	0		步履如飞：竹影步期间内大幅提升移动速度。	-1	1	1	1	1
7815	7815	10	HuoDongSkill4_16							0	1	1	0	0		寸步难行：被竹叶镖的竹叶大幅减缓移动速度。	-1	-1	1	1	1
7816	7816	10	Buff18_16				npc_Q3打卡_天天眩晕buff		脚下光圈点	0	1	1	0	0		晕头转向：被竹敲阵击中导致的眩晕。	-1	-1	1	1	1
7817	7817	1000	Buff24_1				buff_npc_雪车骑乘表情包_大笑		头顶状态点	0	0	0	1	0		同门之谊：同门之间点到为止，在此期间内不会再次被技能影响。	-1	0	1	1	1
7818	7818	10	Buff4_16				npc_2025打卡天天_无敌		脚下光圈点	0	0	0	0	0		固若金汤：被坚硬的竹筒保护，不会受到任何技能影响。	-1	1	1	1	1
7819	7819	10	FightNPCHeader20_1				buff_雪人PVP倩女版本_哀鬼队		头顶状态点	1	0	0	0	0		哀鬼队：您正为哀鬼队而战	-1	0	1	1	
7820	7820	1000	Buff0_13				hj_boss艾虎呆呆牛_冲击		脚下光圈点	0	0	0	0	0		红BUFF	-1	0	1	1	1
7821	7821	1000	Buff0_13				hj_boss艾虎呆呆牛_冲击		脚下光圈点	0	0	0	0	0		黄BUFF	-1	0	1	1	1
7822	7822	1000	Buff0_13				hj_boss艾虎呆呆牛_冲击		脚下光圈点	0	0	0	0	0		蓝BUFF	-1	0	1	1	1
7823	7823	1000	Buff0_13				hj_boss艾虎呆呆牛_冲击		脚下光圈点	0	0	0	0	0		绿BUFF	-1	0	1	1	1
7824	7824	1000	Buff5_11							0	0	0	0	0		困于虫壳：铁丑此人阴晴不定，你仅是答错了一句话，便遭他狠辣报复。	-1	0	1	1	1
7825	7825	1000	Buff16_11				HJ_boss黑雾怪24_自身_身体烟		身体中心点	0	0	0	0	0		凡体难渡：凡胎难解身困，已阵亡。	-1	0	1	1	1
7826	7826	1000	CommonNPCHeader68_5							0	0	0	0	0		屏蔽技能	-1	0	1	1	1
7827	7827	10	CommonNPCHeader69_16							0	0	0	1	0		变身为天天，用灵巧的身法运送秘籍。	-1	-1	1	1	1
7828	7828	1000	FightNPCHeader17_12				boss_2025野外精英辽军都头_技能1三令无赦选中玩家		脚下光圈点	0	0	1	0	0		您被噬心妖咒标记了	-1	0	1	1	0
7829	7829	10	CommonNPCHeader69_17							0	0	0	1	0		变身为天天，用灵巧的身法运送秘籍。	-1	-1	1	1	1
7830	7830	1000	Buff34_3							0	0	0	0	0		当前秘境中存在多个队伍，经验获取衰减80%，击退其他队伍可消除此状态	-1	0	1	1	1
7836	7836	10	CommonNPCHeader69_17							0	0	0	1	0		变身为天天，用灵巧的身法运送秘籍。	-1	-1	1	1	1
7837	7837	1990	Buff33_11							0	0	0	0	0		进入敌军视线盲区，隐蔽身形，不会被敌人发现	-1	0	1	1	
7838	7838	1990	Buff33_10							0	0	0	0	0		受到攻击，暂时无法移动。	-1	0	1	1	
7839	7838	1000	Buff8_12				npc_Q3预热_通用自身buff_有毒		脚下光圈点	0	0	0	0	0		毒阵激发中，被困之人在其中无法移动。	-1	0	1	1	
7840	7840	1000	Buff8_12				boss_2025野外精英辽军都头_技能1三令无赦选中玩家		脚下光圈点	0	0	0	0	0		被标记	-1	0	1	1	
7841	7841	1000	CommonLiveSkill2_4				g01_buff普通挂机		脚下光圈点	0	0	0	1	0		预热打坐	-1	0	1	1	
7842	7842	1000	CommonLiveSkill2_4							0	0	0	0	0		身形已被察觉，请尽快进入“草丛”获取隐蔽身形效果，否则将彻底被敌军发现！	-1	0	1	1	
7843	7843	1000	CommonLiveSkill2_4							0	0	0	0	0		转移buff	-1	0	1	1	
7844	7844	1000	CommonLiveSkill2_4				boss_小队夺宝_禁军_赤杀箭雨圆形预警		脚下光圈点	0	0	0	1	0		预热小怪察区buff	-1	0	1	1	
7845	269	1450	Buff5_9	g01_buff108		脚下光圈点				0	0	0	0	0		当前可操作角色互换，暂时成为灵灵铃。	-1	0	1	1	
7846	7846	1000	CommonLiveSkill2_4				boss_冰雪节打卡_boss2阶段身上的火圈		脚下光圈点	0	0	0	1	0		粮草堆正在燃烧。	-1	0	1	1	
7847	7847	1000	Buff34_2							0	0	0	1	0		血咒蚀心：邪咒入心，心脉崩离，血流不止。	-1	0	1	1	1
7848	7848	100	Buff33_12				buff_Q3预热_感悟_高		身体中心点	0	0	0	0	0		“万事皆有规律，找到规律，遵循规律，方能长久。”有所感悟，伤害提升35%	-1	0	1	1	
7849	7848	200	Buff33_13				buff_Q3预热_感悟_高		身体中心点	0	0	0	0	0		“虚妄所想非真实存在，并无实体，有何可惧？”触及到了神功的真谛，内力逐渐充盈！伤害提升75%	-1	0	1	1	
7850	7848	300	Buff33_14				buff_Q3预热_感悟_高		身体中心点	0	0	0	0	0		“即破除我，无视外在，在天地见证下突破自我，证悟无我智慧。”临时感悟了巅峰等级的真谛，所向披靡，战无不胜，伤害提升100%	-1	0	1	1	
7851	7851	1000	Buff33_10							0	0	0	0	0		遭受到毒物的侵袭，心中暗影复现，需静心沉思，在得悟前暂时无法移动。	-1	0	1	1	
7852	7852	1000	Buff5_1				HJ_boss黑雾怪24_自身_身体烟		脚下光圈点	0	0	1	0	0		毒发僵体：一时大意，竟遭暗毒。体重如石，不能行动。	-1	0	1	1	1
7853	7853	1000	Buff0_15				buff_金刚之躯		脚下光圈点	0	0	1	0	0		金刚护体：玄智法师护佑少侠归还至宝时不被恶煞所害，望尽快行动。	-1	0	1	1	0
7854	7854	1000	Buff0_15							0	0	1	0	0		金刚渡煞：金刚渡煞，恶灵归真。	-1	0	1	1	0
7855	7855	1000	Buff26_13							0	0	0	1	0		保护：暂时不会被技能干扰。	-1	0	1	1	1
7856	7856	1000	Buff5_1							0	0	0	1	0		隐匿：为了防止被人跟踪，暂时隐匿了身形。	-1	0	1	1	1
7857	7857	1000	Buff34_1							0	0	0	1	0		耳鸣：六律失调，万籁俱无，唯余耳鸣。	-1	0	1	1	1
7858	99	2200	RideHeader12_14							0	0	0	1	0		坐骑：昭华金乌。您已激活的坐骑中最高移动速度+10%。	99	0	1	1	1
7859	99	2200	RideHeader12_14							0	0	0	1	0		坐骑：昭华金乌。您已激活的坐骑中最高移动速度+20%。	99	0	1	1	1
7860	99	2200	RideHeader12_14							0	0	0	1	0		坐骑：昭华金乌。您已激活的坐骑中最高移动速度+40%。	99	0	1	1	1
7861	99	2200	RideHeader12_14							0	0	0	1	0		坐骑：昭华金乌。您已激活的坐骑中最高移动速度+70%。	99	0	1	1	1
7862	99	2200	RideHeader12_14							0	0	0	1	0		坐骑：昭华金乌。您已激活的坐骑中最高移动速度+75%。	99	0	1	1	1
7863	99	2200	RideHeader12_14							0	0	0	1	0		坐骑：昭华金乌。您已激活的坐骑中最高移动速度+80%。	99	0	1	1	1
7864	99	2200	RideHeader12_14							0	0	0	1	0		坐骑：昭华金乌。您已激活的坐骑中最高移动速度+85%。	99	0	1	1	1
7865	99	2200	RideHeader12_14							0	0	0	1	0		坐骑：昭华金乌。您已激活的坐骑中最高移动速度+90%。	99	0	1	1	1
7866	269	700	Buff34_9				buff_冰雪节假面舞会_抓鼠人_捕捉		脚下光圈点	0	0	0	0	0		盗亦有道？没门！	-1	-1	1	1	1
7867	7867	700	Buff34_8				buff_冰雪节假面舞会_鼠阵营_血量0		脚下光圈点	0	0	0	0	0		体力不支，无法继续盗取宝石，但可助阵我方队友。	-1	-1	1	1	1
7868	7867	700	Buff34_4				buff_冰雪节假面舞会_鼠阵营_血量1		脚下光圈点	0	0	0	0	0		君子爱财，取之！	-1	-1	1	1	1
7869	7867	700	Buff34_4				buff_冰雪节假面舞会_鼠阵营_血量2		脚下光圈点	0	0	0	0	0		君子爱财，取之！	-1	-1	1	1	1
7870	7867	700	Buff34_4				buff_冰雪节假面舞会_鼠阵营_血量3		脚下光圈点	0	0	0	0	0		君子爱财，取之！	-1	-1	1	1	1
7871	7871	1000	Buff26_13				buff_冰雪节假面舞会_琉璃灯可食		身体中心点	0	0	0	0	0		油灯发光	-1	0	1	1	0
7872	7872	1000	Buff26_13							0	0	0	0	0		夹板金币标记	-1	0	1	1	0
7873	7873	1000	Buff26_13							0	0	0	0	0		捕捉	-1	0	1	1	0
7874	7874	10	Buff34_12				buff_七夕倩女打卡_变身技能加速		脚下光圈点	0	0	0	0	0		爱财如命，危险越大，钱越多！为自身以及周围队友获得加速效果。	-1	1	1	1	1
7875	99	1000	Buff34_11							0	0	0	0	0		摇身一变：大隐隐于市。	-1	0	1	1	1
7876	7876	10	Buff34_16				m01_ts_冰凝霜华_持续		脚下光圈点	0	0	1	0	0		闪得睁不开眼！定身，无法移动。	-1	-1	1	1	1
7877	7877	10	Buff4_16				buff_珍兽战斗_冰盾		脚下光圈点	0	0	0	0	0		祖师爷救我，干完这一票就收手！获得无敌状态5秒，暂时不受他人攻击。	-1	1	1	1	1
7878	7878	5010	Buff35_3				HJ_boss_武当_三环套月_debuff		脚下光圈点	0	0	1	0	0		减速：降低移动速度	-1	0	1	1	1
7880	7880	1000	Buff35_1							0	0	0	1	0		天衣无缝：非骑乘状态下受到伤害降低0.5%	-1	0	1	1	1
7881	7880	1000	Buff35_1							0	0	0	1	0		天衣无缝：非骑乘状态下受到伤害降低1%	-1	0	1	1	1
7882	7880	1000	Buff35_1							0	0	0	1	0		天衣无缝：非骑乘状态下受到伤害降低1.5%	-1	0	1	1	1
7883	7880	1000	Buff35_1							0	0	0	1	0		天衣无缝：非骑乘状态下受到伤害降低2%	-1	0	1	1	1
7884	7880	1000	Buff35_1							0	0	0	1	0		天衣无缝：非骑乘状态下受到伤害降低2.5%	-1	0	1	1	1
7885	7880	1000	Buff35_1							0	0	0	1	0		天衣无缝：非骑乘状态下受到伤害降低3%	-1	0	1	1	1
7886	7880	1000	Buff35_1							0	0	0	1	0		天衣无缝：非骑乘状态下受到伤害降低3.5%	-1	0	1	1	1
7887	7880	1000	Buff35_1							0	0	0	1	0		天衣无缝：非骑乘状态下受到伤害降低4%	-1	0	1	1	1
7888	7880	1000	Buff35_1							0	0	0	1	0		天衣无缝：非骑乘状态下受到伤害降低4.5%	-1	0	1	1	1
7889	7880	1000	Buff35_1							0	0	0	1	0		天衣无缝：非骑乘状态下受到伤害降低5%	-1	0	1	1	1
7890	7890	10	HuoDongSkill5_1				buff_七夕倩女打卡_变身技能加速		脚下光圈点	0	0	0	0	0		足下生风，我要比光更快，全体神偷手获得30秒加速，加速30%	-1	1	1	1	1
7891	99	1000	Buff5_1							0	0	0	0	0		全体鬼怪获得30秒隐身效果	-1	0	1	1	1
7892	7892	10	HuoDongSkill5_1				buff_七夕倩女打卡_变身技能加速		脚下光圈点	0	0	0	0	0		逃之夭夭，不好意思我有点事要先走了。受到攻击，一定时间内逃跑速度提升。	-1	1	1	1	1
7893	7893	2200	Buff35_2				主角_2025蚩尤时装_全景展示buff		脚下光圈点	1	0	0	1	0		蚩尤之力：蚩尤之力在您周身缠绕，顷刻间血脉翻涌、气势若炎，似有无穷力量在体内奔腾。	-1	0	1	1	1
7894	7894	1000	Buff26_13				buff_冰雪节假面舞会_留痕		脚下光圈点	0	0	0	0	0		痕迹	-1	0	1	1	0
7895	7895	1980	PetSkill5_8				buff_冰雪节假面舞会_眼前一亮		脚下光圈点	0	0	0	0	0		眼前一亮，真相，我全明白了！护卫队成员20秒内能够看到隐身的对象。	-1	0	1	1	1
7896	7896	10	Buff34_16				buff_冰雪节割草_狐狐缴械		脚下光圈点	0	0	1	0	0		请有序入场，不要引起恐慌。	-1	-1	1	1	1
#坐骑：火云邪兽
8001	99	2200	JD_RideHeader4_12							0	0	0	1	0		坐骑：火云邪兽。您已激活的坐骑中最高移动速度+10%。	99	0	1	18
8002	99	2200	JD_RideHeader4_12							0	0	0	1	0		坐骑：火云邪兽。您已激活的坐骑中最高移动速度+20%。	99	0	1	18
8003	99	2200	JD_RideHeader4_12							0	0	0	1	0		坐骑：火云邪兽。您已激活的坐骑中最高移动速度+40%。	99	0	1	18
8004	99	2200	JD_RideHeader4_12							0	0	0	1	0		坐骑：火云邪兽。您已激活的坐骑中最高移动速度+70%。	99	0	1	18
8005	99	2200	JD_RideHeader4_12							0	0	0	1	0		坐骑：火云邪兽。您已激活的坐骑中最高移动速度+75%。	99	0	1	18
8006	99	2200	JD_RideHeader4_12							0	0	0	1	0		坐骑：火云邪兽。您已激活的坐骑中最高移动速度+80%。	99	0	1	18
8007	99	2200	JD_RideHeader4_12							0	0	0	1	0		坐骑：火云邪兽。您已激活的坐骑中最高移动速度+85%。	99	0	1	18
8008	99	2200	JD_RideHeader4_12							0	0	0	1	0		坐骑：火云邪兽。您已激活的坐骑中最高移动速度+90%。	99	0	1	18
#坐骑：玄天雷兽
8009	99	2200	JD_RideHeader4_13							0	0	0	1	0		坐骑：玄天雷兽。您已激活的坐骑中最高移动速度+10%。	99	0	1	18
8010	99	2200	JD_RideHeader4_13							0	0	0	1	0		坐骑：玄天雷兽。您已激活的坐骑中最高移动速度+20%。	99	0	1	18
8011	99	2200	JD_RideHeader4_13							0	0	0	1	0		坐骑：玄天雷兽。您已激活的坐骑中最高移动速度+40%。	99	0	1	18
8012	99	2200	JD_RideHeader4_13							0	0	0	1	0		坐骑：玄天雷兽。您已激活的坐骑中最高移动速度+70%。	99	0	1	18
8013	99	2200	JD_RideHeader4_13							0	0	0	1	0		坐骑：玄天雷兽。您已激活的坐骑中最高移动速度+75%。	99	0	1	18
8014	99	2200	JD_RideHeader4_13							0	0	0	1	0		坐骑：玄天雷兽。您已激活的坐骑中最高移动速度+80%。	99	0	1	18
8015	99	2200	JD_RideHeader4_13							0	0	0	1	0		坐骑：玄天雷兽。您已激活的坐骑中最高移动速度+85%。	99	0	1	18
8016	99	2200	JD_RideHeader4_13							0	0	0	1	0		坐骑：玄天雷兽。您已激活的坐骑中最高移动速度+90%。	99	0	1	18
#坐骑：枯木傀儡
8017	99	2200	JD_RideHeader4_11							0	0	0	1	0		坐骑：枯木傀儡。您已激活的坐骑中最高移动速度+10%。	99	0	1	18
8018	99	2200	JD_RideHeader4_11							0	0	0	1	0		坐骑：枯木傀儡。您已激活的坐骑中最高移动速度+20%。	99	0	1	18
8019	99	2200	JD_RideHeader4_11							0	0	0	1	0		坐骑：枯木傀儡。您已激活的坐骑中最高移动速度+40%。	99	0	1	18
8020	99	2200	JD_RideHeader4_11							0	0	0	1	0		坐骑：枯木傀儡。您已激活的坐骑中最高移动速度+70%。	99	0	1	18
8021	99	2200	JD_RideHeader4_11							0	0	0	1	0		坐骑：枯木傀儡。您已激活的坐骑中最高移动速度+75%。	99	0	1	18
8022	99	2200	JD_RideHeader4_11							0	0	0	1	0		坐骑：枯木傀儡。您已激活的坐骑中最高移动速度+80%。	99	0	1	18
8023	99	2200	JD_RideHeader4_11							0	0	0	1	0		坐骑：枯木傀儡。您已激活的坐骑中最高移动速度+85%。	99	0	1	18
8024	99	2200	JD_RideHeader4_11							0	0	0	1	0		坐骑：枯木傀儡。您已激活的坐骑中最高移动速度+90%。	99	0	1	18
#坐骑：九州神龙
8025	99	2200	JD_RideHeader4_14							0	0	0	1	0		坐骑：九州神龙。您已激活的坐骑中最高移动速度+10%。	99	0	1	18
8026	99	2200	JD_RideHeader4_14							0	0	0	1	0		坐骑：九州神龙。您已激活的坐骑中最高移动速度+20%。	99	0	1	18
8027	99	2200	JD_RideHeader4_14							0	0	0	1	0		坐骑：九州神龙。您已激活的坐骑中最高移动速度+40%。	99	0	1	18
8028	99	2200	JD_RideHeader4_14							0	0	0	1	0		坐骑：九州神龙。您已激活的坐骑中最高移动速度+70%。	99	0	1	18
8029	99	2200	JD_RideHeader4_14							0	0	0	1	0		坐骑：九州神龙。您已激活的坐骑中最高移动速度+75%。	99	0	1	18
8030	99	2200	JD_RideHeader4_14							0	0	0	1	0		坐骑：九州神龙。您已激活的坐骑中最高移动速度+80%。	99	0	1	18
8031	99	2200	JD_RideHeader4_14							0	0	0	1	0		坐骑：九州神龙。您已激活的坐骑中最高移动速度+85%。	99	0	1	18
8032	99	2200	JD_RideHeader4_14							0	0	0	1	0		坐骑：九州神龙。您已激活的坐骑中最高移动速度+90%。	99	0	1	18
#坐骑：月兔
8033	99	2200	JD_RideHeader4_15							0	0	0	1	0		坐骑：月兔。您已激活的坐骑中最高移动速度+10%。	99	0	1	18
8034	99	2200	JD_RideHeader4_15							0	0	0	1	0		坐骑：月兔。您已激活的坐骑中最高移动速度+20%。	99	0	1	18
8035	99	2200	JD_RideHeader4_15							0	0	0	1	0		坐骑：月兔。您已激活的坐骑中最高移动速度+40%。	99	0	1	18
8036	99	2200	JD_RideHeader4_15							0	0	0	1	0		坐骑：月兔。您已激活的坐骑中最高移动速度+70%。	99	0	1	18
8037	99	2200	JD_RideHeader4_15							0	0	0	1	0		坐骑：月兔。您已激活的坐骑中最高移动速度+75%。	99	0	1	18
8038	99	2200	JD_RideHeader4_15							0	0	0	1	0		坐骑：月兔。您已激活的坐骑中最高移动速度+80%。	99	0	1	18
8039	99	2200	JD_RideHeader4_15							0	0	0	1	0		坐骑：月兔。您已激活的坐骑中最高移动速度+85%。	99	0	1	18
8040	99	2200	JD_RideHeader4_15							0	0	0	1	0		坐骑：月兔。您已激活的坐骑中最高移动速度+90%。	99	0	1	18
#坐骑：陆行鸟
8041	99	2200	JD_RideHeader5_8							0	0	0	1	0		坐骑：陆行鸟。您已激活的坐骑中最高移动速度+10%。	99	0	1	18
8042	99	2200	JD_RideHeader5_8							0	0	0	1	0		坐骑：陆行鸟。您已激活的坐骑中最高移动速度+20%。	99	0	1	18
8043	99	2200	JD_RideHeader5_8							0	0	0	1	0		坐骑：陆行鸟。您已激活的坐骑中最高移动速度+40%。	99	0	1	18
8044	99	2200	JD_RideHeader5_8							0	0	0	1	0		坐骑：陆行鸟。您已激活的坐骑中最高移动速度+70%。	99	0	1	18
8045	99	2200	JD_RideHeader5_8							0	0	0	1	0		坐骑：陆行鸟。您已激活的坐骑中最高移动速度+75%。	99	0	1	18
8046	99	2200	JD_RideHeader5_8							0	0	0	1	0		坐骑：陆行鸟。您已激活的坐骑中最高移动速度+80%。	99	0	1	18
8047	99	2200	JD_RideHeader5_8							0	0	0	1	0		坐骑：陆行鸟。您已激活的坐骑中最高移动速度+85%。	99	0	1	18
8048	99	2200	JD_RideHeader5_8							0	0	0	1	0		坐骑：陆行鸟。您已激活的坐骑中最高移动速度+90%。	99	0	1	18
#坐骑：烟雨清荷
8049	99	2200	JD_RideHeader5_3							0	0	0	1	0		坐骑：烟雨清荷。您已激活的坐骑中最高移动速度+10%。	99	0	1	18
8050	99	2200	JD_RideHeader5_3							0	0	0	1	0		坐骑：烟雨清荷。您已激活的坐骑中最高移动速度+20%。	99	0	1	18
8051	99	2200	JD_RideHeader5_3							0	0	0	1	0		坐骑：烟雨清荷。您已激活的坐骑中最高移动速度+40%。	99	0	1	18
8052	99	2200	JD_RideHeader5_3							0	0	0	1	0		坐骑：烟雨清荷。您已激活的坐骑中最高移动速度+70%。	99	0	1	18
8053	99	2200	JD_RideHeader5_3							0	0	0	1	0		坐骑：烟雨清荷。您已激活的坐骑中最高移动速度+75%。	99	0	1	18
8054	99	2200	JD_RideHeader5_3							0	0	0	1	0		坐骑：烟雨清荷。您已激活的坐骑中最高移动速度+80%。	99	0	1	18
8055	99	2200	JD_RideHeader5_3							0	0	0	1	0		坐骑：烟雨清荷。您已激活的坐骑中最高移动速度+85%。	99	0	1	18
8056	99	2200	JD_RideHeader5_3							0	0	0	1	0		坐骑：烟雨清荷。您已激活的坐骑中最高移动速度+90%。	99	0	1	18
#坐骑：幻火赤麟兽
8057	99	2200	JD_RideHeader5_5							0	0	0	1	0		坐骑：幻火赤麟兽。您已激活的坐骑中最高移动速度+10%。	99	0	1	18
8058	99	2200	JD_RideHeader5_5							0	0	0	1	0		坐骑：幻火赤麟兽。您已激活的坐骑中最高移动速度+20%。	99	0	1	18
8059	99	2200	JD_RideHeader5_5							0	0	0	1	0		坐骑：幻火赤麟兽。您已激活的坐骑中最高移动速度+40%。	99	0	1	18
8060	99	2200	JD_RideHeader5_5							0	0	0	1	0		坐骑：幻火赤麟兽。您已激活的坐骑中最高移动速度+70%。	99	0	1	18
8061	99	2200	JD_RideHeader5_5							0	0	0	1	0		坐骑：幻火赤麟兽。您已激活的坐骑中最高移动速度+75%。	99	0	1	18
8062	99	2200	JD_RideHeader5_5							0	0	0	1	0		坐骑：幻火赤麟兽。您已激活的坐骑中最高移动速度+80%。	99	0	1	18
8063	99	2200	JD_RideHeader5_5							0	0	0	1	0		坐骑：幻火赤麟兽。您已激活的坐骑中最高移动速度+85%。	99	0	1	18
8064	99	2200	JD_RideHeader5_5							0	0	0	1	0		坐骑：幻火赤麟兽。您已激活的坐骑中最高移动速度+90%。	99	0	1	18
#坐骑：天工玲珑鼠
8065	99	2200	JD_RideHeader5_7							0	0	0	1	0		坐骑：天工玲珑鼠。您已激活的坐骑中最高移动速度+10%。	99	0	1	18
8066	99	2200	JD_RideHeader5_7							0	0	0	1	0		坐骑：天工玲珑鼠。您已激活的坐骑中最高移动速度+20%。	99	0	1	18
8067	99	2200	JD_RideHeader5_7							0	0	0	1	0		坐骑：天工玲珑鼠。您已激活的坐骑中最高移动速度+40%。	99	0	1	18
8068	99	2200	JD_RideHeader5_7							0	0	0	1	0		坐骑：天工玲珑鼠。您已激活的坐骑中最高移动速度+70%。	99	0	1	18
8069	99	2200	JD_RideHeader5_7							0	0	0	1	0		坐骑：天工玲珑鼠。您已激活的坐骑中最高移动速度+75%。	99	0	1	18
8070	99	2200	JD_RideHeader5_7							0	0	0	1	0		坐骑：天工玲珑鼠。您已激活的坐骑中最高移动速度+80%。	99	0	1	18
8071	99	2200	JD_RideHeader5_7							0	0	0	1	0		坐骑：天工玲珑鼠。您已激活的坐骑中最高移动速度+85%。	99	0	1	18
8072	99	2200	JD_RideHeader5_7							0	0	0	1	0		坐骑：天工玲珑鼠。您已激活的坐骑中最高移动速度+90%。	99	0	1	18
#坐骑：添福锦鳞
8073	99	2200	JD_RideHeader5_6							0	0	0	1	0		坐骑：添福锦鳞。您已激活的坐骑中最高移动速度+10%。	99	0	1	18
8074	99	2200	JD_RideHeader5_6							0	0	0	1	0		坐骑：添福锦鳞。您已激活的坐骑中最高移动速度+20%。	99	0	1	18
8075	99	2200	JD_RideHeader5_6							0	0	0	1	0		坐骑：添福锦鳞。您已激活的坐骑中最高移动速度+40%。	99	0	1	18
8076	99	2200	JD_RideHeader5_6							0	0	0	1	0		坐骑：添福锦鳞。您已激活的坐骑中最高移动速度+70%。	99	0	1	18
8077	99	2200	JD_RideHeader5_6							0	0	0	1	0		坐骑：添福锦鳞。您已激活的坐骑中最高移动速度+75%。	99	0	1	18
8078	99	2200	JD_RideHeader5_6							0	0	0	1	0		坐骑：添福锦鳞。您已激活的坐骑中最高移动速度+80%。	99	0	1	18
8079	99	2200	JD_RideHeader5_6							0	0	0	1	0		坐骑：添福锦鳞。您已激活的坐骑中最高移动速度+85%。	99	0	1	18
8080	99	2200	JD_RideHeader5_6							0	0	0	1	0		坐骑：添福锦鳞。您已激活的坐骑中最高移动速度+90%。	99	0	1	18
#坐骑：炙足鬼马
8081	99	2200	JD_RideHeader5_4							0	0	0	1	0		坐骑：炙足鬼马。您已激活的坐骑中最高移动速度+10%。	99	0	1	18
8082	99	2200	JD_RideHeader5_4							0	0	0	1	0		坐骑：炙足鬼马。您已激活的坐骑中最高移动速度+20%。	99	0	1	18
8083	99	2200	JD_RideHeader5_4							0	0	0	1	0		坐骑：炙足鬼马。您已激活的坐骑中最高移动速度+40%。	99	0	1	18
8084	99	2200	JD_RideHeader5_4							0	0	0	1	0		坐骑：炙足鬼马。您已激活的坐骑中最高移动速度+70%。	99	0	1	18
8085	99	2200	JD_RideHeader5_4							0	0	0	1	0		坐骑：炙足鬼马。您已激活的坐骑中最高移动速度+75%。	99	0	1	18
8086	99	2200	JD_RideHeader5_4							0	0	0	1	0		坐骑：炙足鬼马。您已激活的坐骑中最高移动速度+80%。	99	0	1	18
8087	99	2200	JD_RideHeader5_4							0	0	0	1	0		坐骑：炙足鬼马。您已激活的坐骑中最高移动速度+85%。	99	0	1	18
8088	99	2200	JD_RideHeader5_4							0	0	0	1	0		坐骑：炙足鬼马。您已激活的坐骑中最高移动速度+90%。	99	0	1	18
#坐骑：金麟舞狮
8089	99	2200	JD_RideHeader5_9							0	0	0	1	0		坐骑：金麟舞狮。您已激活的坐骑中最高移动速度+10%。	99	0	1	18
8090	99	2200	JD_RideHeader5_9							0	0	0	1	0		坐骑：金麟舞狮。您已激活的坐骑中最高移动速度+20%。	99	0	1	18
8091	99	2200	JD_RideHeader5_9							0	0	0	1	0		坐骑：金麟舞狮。您已激活的坐骑中最高移动速度+40%。	99	0	1	18
8092	99	2200	JD_RideHeader5_9							0	0	0	1	0		坐骑：金麟舞狮。您已激活的坐骑中最高移动速度+70%。	99	0	1	18
8093	99	2200	JD_RideHeader5_9							0	0	0	1	0		坐骑：金麟舞狮。您已激活的坐骑中最高移动速度+75%。	99	0	1	18
8094	99	2200	JD_RideHeader5_9							0	0	0	1	0		坐骑：金麟舞狮。您已激活的坐骑中最高移动速度+80%。	99	0	1	18
8095	99	2200	JD_RideHeader5_9							0	0	0	1	0		坐骑：金麟舞狮。您已激活的坐骑中最高移动速度+85%。	99	0	1	18
8096	99	2200	JD_RideHeader5_9							0	0	0	1	0		坐骑：金麟舞狮。您已激活的坐骑中最高移动速度+90%。	99	0	1	18
#坐骑：金翼龙兽
8097	99	2200	JD_RideHeader5_14							0	0	0	1	0		坐骑：金翼龙兽。您已激活的坐骑中最高移动速度+10%。	99	0	1	18
8098	99	2200	JD_RideHeader5_14							0	0	0	1	0		坐骑：金翼龙兽。您已激活的坐骑中最高移动速度+20%。	99	0	1	18
8099	99	2200	JD_RideHeader5_14							0	0	0	1	0		坐骑：金翼龙兽。您已激活的坐骑中最高移动速度+40%。	99	0	1	18
8100	99	2200	JD_RideHeader5_14							0	0	0	1	0		坐骑：金翼龙兽。您已激活的坐骑中最高移动速度+70%。	99	0	1	18
8101	99	2200	JD_RideHeader5_14							0	0	0	1	0		坐骑：金翼龙兽。您已激活的坐骑中最高移动速度+75%。	99	0	1	18
8102	99	2200	JD_RideHeader5_14							0	0	0	1	0		坐骑：金翼龙兽。您已激活的坐骑中最高移动速度+80%。	99	0	1	18
8103	99	2200	JD_RideHeader5_14							0	0	0	1	0		坐骑：金翼龙兽。您已激活的坐骑中最高移动速度+85%。	99	0	1	18
8104	99	2200	JD_RideHeader5_14							0	0	0	1	0		坐骑：金翼龙兽。您已激活的坐骑中最高移动速度+90%。	99	0	1	18
#坐骑：七宝莲座
8105	99	2200	JD_RideHeader5_11							0	0	0	1	0		坐骑：七宝莲座。您已激活的坐骑中最高移动速度+10%。	99	0	1	18
8106	99	2200	JD_RideHeader5_11							0	0	0	1	0		坐骑：七宝莲座。您已激活的坐骑中最高移动速度+20%。	99	0	1	18
8107	99	2200	JD_RideHeader5_11							0	0	0	1	0		坐骑：七宝莲座。您已激活的坐骑中最高移动速度+40%。	99	0	1	18
8108	99	2200	JD_RideHeader5_11							0	0	0	1	0		坐骑：七宝莲座。您已激活的坐骑中最高移动速度+70%。	99	0	1	18
8109	99	2200	JD_RideHeader5_11							0	0	0	1	0		坐骑：七宝莲座。您已激活的坐骑中最高移动速度+75%。	99	0	1	18
8110	99	2200	JD_RideHeader5_11							0	0	0	1	0		坐骑：七宝莲座。您已激活的坐骑中最高移动速度+80%。	99	0	1	18
8111	99	2200	JD_RideHeader5_11							0	0	0	1	0		坐骑：七宝莲座。您已激活的坐骑中最高移动速度+85%。	99	0	1	18
8112	99	2200	JD_RideHeader5_11							0	0	0	1	0		坐骑：七宝莲座。您已激活的坐骑中最高移动速度+90%。	99	0	1	18
#坐骑：熔岩魔犀
8113	99	2200	JD_RideHeader6_2							0	0	0	1	0		坐骑：熔岩魔犀。您已激活的坐骑中最高移动速度+10%。	99	0	1	18
8114	99	2200	JD_RideHeader6_2							0	0	0	1	0		坐骑：熔岩魔犀。您已激活的坐骑中最高移动速度+20%。	99	0	1	18
8115	99	2200	JD_RideHeader6_2							0	0	0	1	0		坐骑：熔岩魔犀。您已激活的坐骑中最高移动速度+40%。	99	0	1	18
8116	99	2200	JD_RideHeader6_2							0	0	0	1	0		坐骑：熔岩魔犀。您已激活的坐骑中最高移动速度+70%。	99	0	1	18
8117	99	2200	JD_RideHeader6_2							0	0	0	1	0		坐骑：熔岩魔犀。您已激活的坐骑中最高移动速度+75%。	99	0	1	18
8118	99	2200	JD_RideHeader6_2							0	0	0	1	0		坐骑：熔岩魔犀。您已激活的坐骑中最高移动速度+80%。	99	0	1	18
8119	99	2200	JD_RideHeader6_2							0	0	0	1	0		坐骑：熔岩魔犀。您已激活的坐骑中最高移动速度+85%。	99	0	1	18
8120	99	2200	JD_RideHeader6_2							0	0	0	1	0		坐骑：熔岩魔犀。您已激活的坐骑中最高移动速度+90%。	99	0	1	18
#坐骑：四喜送鲤台
8121	99	2200	JD_RideHeader6_3							0	0	0	1	0		坐骑：四喜送鲤台。您已激活的坐骑中最高移动速度+10%。	99	0	1	18
8122	99	2200	JD_RideHeader6_3							0	0	0	1	0		坐骑：四喜送鲤台。您已激活的坐骑中最高移动速度+20%。	99	0	1	18
8123	99	2200	JD_RideHeader6_3							0	0	0	1	0		坐骑：四喜送鲤台。您已激活的坐骑中最高移动速度+40%。	99	0	1	18
8124	99	2200	JD_RideHeader6_3							0	0	0	1	0		坐骑：四喜送鲤台。您已激活的坐骑中最高移动速度+70%。	99	0	1	18
8125	99	2200	JD_RideHeader6_3							0	0	0	1	0		坐骑：四喜送鲤台。您已激活的坐骑中最高移动速度+75%。	99	0	1	18
8126	99	2200	JD_RideHeader6_3							0	0	0	1	0		坐骑：四喜送鲤台。您已激活的坐骑中最高移动速度+80%。	99	0	1	18
8127	99	2200	JD_RideHeader6_3							0	0	0	1	0		坐骑：四喜送鲤台。您已激活的坐骑中最高移动速度+85%。	99	0	1	18
8128	99	2200	JD_RideHeader6_3							0	0	0	1	0		坐骑：四喜送鲤台。您已激活的坐骑中最高移动速度+90%。	99	0	1	18
#坐骑：月白龙马
8129	99	2200	JD_RideHeader6_4							0	0	0	1	0		坐骑：月白龙马。您已激活的坐骑中最高移动速度+10%。	99	0	1	18
8130	99	2200	JD_RideHeader6_4							0	0	0	1	0		坐骑：月白龙马。您已激活的坐骑中最高移动速度+20%。	99	0	1	18
8131	99	2200	JD_RideHeader6_4							0	0	0	1	0		坐骑：月白龙马。您已激活的坐骑中最高移动速度+40%。	99	0	1	18
8132	99	2200	JD_RideHeader6_4							0	0	0	1	0		坐骑：月白龙马。您已激活的坐骑中最高移动速度+70%。	99	0	1	18
8133	99	2200	JD_RideHeader6_4							0	0	0	1	0		坐骑：月白龙马。您已激活的坐骑中最高移动速度+75%。	99	0	1	18
8134	99	2200	JD_RideHeader6_4							0	0	0	1	0		坐骑：月白龙马。您已激活的坐骑中最高移动速度+80%。	99	0	1	18
8135	99	2200	JD_RideHeader6_4							0	0	0	1	0		坐骑：月白龙马。您已激活的坐骑中最高移动速度+85%。	99	0	1	18
8136	99	2200	JD_RideHeader6_4							0	0	0	1	0		坐骑：月白龙马。您已激活的坐骑中最高移动速度+90%。	99	0	1	18
#坐骑：翡翠御驾
8137	99	2200	JD_RideHeader6_1							0	0	0	1	0		坐骑：翡翠御驾。您已激活的坐骑中最高移动速度+10%。	99	0	1	18
8138	99	2200	JD_RideHeader6_1							0	0	0	1	0		坐骑：翡翠御驾。您已激活的坐骑中最高移动速度+20%。	99	0	1	18
8139	99	2200	JD_RideHeader6_1							0	0	0	1	0		坐骑：翡翠御驾。您已激活的坐骑中最高移动速度+40%。	99	0	1	18
8140	99	2200	JD_RideHeader6_1							0	0	0	1	0		坐骑：翡翠御驾。您已激活的坐骑中最高移动速度+70%。	99	0	1	18
8141	99	2200	JD_RideHeader6_1							0	0	0	1	0		坐骑：翡翠御驾。您已激活的坐骑中最高移动速度+75%。	99	0	1	18
8142	99	2200	JD_RideHeader6_1							0	0	0	1	0		坐骑：翡翠御驾。您已激活的坐骑中最高移动速度+80%。	99	0	1	18
8143	99	2200	JD_RideHeader6_1							0	0	0	1	0		坐骑：翡翠御驾。您已激活的坐骑中最高移动速度+85%。	99	0	1	18
8144	99	2200	JD_RideHeader6_1							0	0	0	1	0		坐骑：翡翠御驾。您已激活的坐骑中最高移动速度+90%。	99	0	1	18
#坐骑：蓝翼龙兽
8145	99	2200	JD_RideHeader5_15							0	0	0	1	0		坐骑：蓝翼龙兽。您已激活的坐骑中最高移动速度+10%。	99	0	1	18
8146	99	2200	JD_RideHeader5_15							0	0	0	1	0		坐骑：蓝翼龙兽。您已激活的坐骑中最高移动速度+20%。	99	0	1	18
8147	99	2200	JD_RideHeader5_15							0	0	0	1	0		坐骑：蓝翼龙兽。您已激活的坐骑中最高移动速度+40%。	99	0	1	18
8148	99	2200	JD_RideHeader5_15							0	0	0	1	0		坐骑：蓝翼龙兽。您已激活的坐骑中最高移动速度+70%。	99	0	1	18
8149	99	2200	JD_RideHeader5_15							0	0	0	1	0		坐骑：蓝翼龙兽。您已激活的坐骑中最高移动速度+75%。	99	0	1	18
8150	99	2200	JD_RideHeader5_15							0	0	0	1	0		坐骑：蓝翼龙兽。您已激活的坐骑中最高移动速度+80%。	99	0	1	18
8151	99	2200	JD_RideHeader5_15							0	0	0	1	0		坐骑：蓝翼龙兽。您已激活的坐骑中最高移动速度+85%。	99	0	1	18
8152	99	2200	JD_RideHeader5_15							0	0	0	1	0		坐骑：蓝翼龙兽。您已激活的坐骑中最高移动速度+90%。	99	0	1	18
#坐骑：青翼龙兽
8153	99	2200	JD_RideHeader5_16							0	0	0	1	0		坐骑：青翼龙兽。您已激活的坐骑中最高移动速度+10%。	99	0	1	18
8154	99	2200	JD_RideHeader5_16							0	0	0	1	0		坐骑：青翼龙兽。您已激活的坐骑中最高移动速度+20%。	99	0	1	18
8155	99	2200	JD_RideHeader5_16							0	0	0	1	0		坐骑：青翼龙兽。您已激活的坐骑中最高移动速度+40%。	99	0	1	18
8156	99	2200	JD_RideHeader5_16							0	0	0	1	0		坐骑：青翼龙兽。您已激活的坐骑中最高移动速度+70%。	99	0	1	18
8157	99	2200	JD_RideHeader5_16							0	0	0	1	0		坐骑：青翼龙兽。您已激活的坐骑中最高移动速度+75%。	99	0	1	18
8158	99	2200	JD_RideHeader5_16							0	0	0	1	0		坐骑：青翼龙兽。您已激活的坐骑中最高移动速度+80%。	99	0	1	18
8159	99	2200	JD_RideHeader5_16							0	0	0	1	0		坐骑：青翼龙兽。您已激活的坐骑中最高移动速度+85%。	99	0	1	18
8160	99	2200	JD_RideHeader5_16							0	0	0	1	0		坐骑：青翼龙兽。您已激活的坐骑中最高移动速度+90%。	99	0	1	18
#坐骑：傲雪灵狮
8161	99	2200	JD_RideHeader6_5							0	0	0	1	0		坐骑：傲雪灵狮。您已激活的坐骑中最高移动速度+10%。	99	0	1	18
8162	99	2200	JD_RideHeader6_5							0	0	0	1	0		坐骑：傲雪灵狮。您已激活的坐骑中最高移动速度+20%。	99	0	1	18
8163	99	2200	JD_RideHeader6_5							0	0	0	1	0		坐骑：傲雪灵狮。您已激活的坐骑中最高移动速度+40%。	99	0	1	18
8164	99	2200	JD_RideHeader6_5							0	0	0	1	0		坐骑：傲雪灵狮。您已激活的坐骑中最高移动速度+70%。	99	0	1	18
8165	99	2200	JD_RideHeader6_5							0	0	0	1	0		坐骑：傲雪灵狮。您已激活的坐骑中最高移动速度+75%。	99	0	1	18
8166	99	2200	JD_RideHeader6_5							0	0	0	1	0		坐骑：傲雪灵狮。您已激活的坐骑中最高移动速度+80%。	99	0	1	18
8167	99	2200	JD_RideHeader6_5							0	0	0	1	0		坐骑：傲雪灵狮。您已激活的坐骑中最高移动速度+85%。	99	0	1	18
8168	99	2200	JD_RideHeader6_5							0	0	0	1	0		坐骑：傲雪灵狮。您已激活的坐骑中最高移动速度+90%。	99	0	1	18
#坐骑：福瑞雪貂
8169	99	2200	JD_RideHeader6_9							0	0	0	1	0		坐骑：福瑞雪貂。您已激活的坐骑中最高移动速度+10%。	99	0	1	18
8170	99	2200	JD_RideHeader6_9							0	0	0	1	0		坐骑：福瑞雪貂。您已激活的坐骑中最高移动速度+20%。	99	0	1	18
8171	99	2200	JD_RideHeader6_9							0	0	0	1	0		坐骑：福瑞雪貂。您已激活的坐骑中最高移动速度+40%。	99	0	1	18
8172	99	2200	JD_RideHeader6_9							0	0	0	1	0		坐骑：福瑞雪貂。您已激活的坐骑中最高移动速度+70%。	99	0	1	18
8173	99	2200	JD_RideHeader6_9							0	0	0	1	0		坐骑：福瑞雪貂。您已激活的坐骑中最高移动速度+75%。	99	0	1	18
8174	99	2200	JD_RideHeader6_9							0	0	0	1	0		坐骑：福瑞雪貂。您已激活的坐骑中最高移动速度+80%。	99	0	1	18
8175	99	2200	JD_RideHeader6_9							0	0	0	1	0		坐骑：福瑞雪貂。您已激活的坐骑中最高移动速度+85%。	99	0	1	18
8176	99	2200	JD_RideHeader6_9							0	0	0	1	0		坐骑：福瑞雪貂。您已激活的坐骑中最高移动速度+90%。	99	0	1	18
#坐骑：红梅软驾
8177	99	2200	JD_RideHeader6_10							0	0	0	1	0		坐骑：红梅软驾。您已激活的坐骑中最高移动速度+10%。	99	0	1	18
8178	99	2200	JD_RideHeader6_10							0	0	0	1	0		坐骑：红梅软驾。您已激活的坐骑中最高移动速度+20%。	99	0	1	18
8179	99	2200	JD_RideHeader6_10							0	0	0	1	0		坐骑：红梅软驾。您已激活的坐骑中最高移动速度+40%。	99	0	1	18
8180	99	2200	JD_RideHeader6_10							0	0	0	1	0		坐骑：红梅软驾。您已激活的坐骑中最高移动速度+70%。	99	0	1	18
8181	99	2200	JD_RideHeader6_10							0	0	0	1	0		坐骑：红梅软驾。您已激活的坐骑中最高移动速度+75%。	99	0	1	18
8182	99	2200	JD_RideHeader6_10							0	0	0	1	0		坐骑：红梅软驾。您已激活的坐骑中最高移动速度+80%。	99	0	1	18
8183	99	2200	JD_RideHeader6_10							0	0	0	1	0		坐骑：红梅软驾。您已激活的坐骑中最高移动速度+85%。	99	0	1	18
8184	99	2200	JD_RideHeader6_10							0	0	0	1	0		坐骑：红梅软驾。您已激活的坐骑中最高移动速度+90%。	99	0	1	18
#坐骑：金羽
8185	99	2200	JD_ThaiIcons1_7							0	0	0	1	0		坐骑：金羽。您已激活的坐骑中最高移动速度+10%。	99	0	1	18
8186	99	2200	JD_ThaiIcons1_7							0	0	0	1	0		坐骑：金羽。您已激活的坐骑中最高移动速度+20%。	99	0	1	18
8187	99	2200	JD_ThaiIcons1_7							0	0	0	1	0		坐骑：金羽。您已激活的坐骑中最高移动速度+40%。	99	0	1	18
8188	99	2200	JD_ThaiIcons1_7							0	0	0	1	0		坐骑：金羽。您已激活的坐骑中最高移动速度+70%。	99	0	1	18
8189	99	2200	JD_ThaiIcons1_7							0	0	0	1	0		坐骑：金羽。您已激活的坐骑中最高移动速度+75%。	99	0	1	18
8190	99	2200	JD_ThaiIcons1_7							0	0	0	1	0		坐骑：金羽。您已激活的坐骑中最高移动速度+80%。	99	0	1	18
8191	99	2200	JD_ThaiIcons1_7							0	0	0	1	0		坐骑：金羽。您已激活的坐骑中最高移动速度+85%。	99	0	1	18
8192	99	2200	JD_ThaiIcons1_7							0	0	0	1	0		坐骑：金羽。您已激活的坐骑中最高移动速度+90%。	99	0	1	18
#坐骑：冥邪兽
8193	99	2200	JD_RideHeader4_16							0	0	0	1	0		坐骑：冥邪兽。您已激活的坐骑中最高移动速度+10%。	99	0	1	18
8194	99	2200	JD_RideHeader4_16							0	0	0	1	0		坐骑：冥邪兽。您已激活的坐骑中最高移动速度+20%。	99	0	1	18
8195	99	2200	JD_RideHeader4_16							0	0	0	1	0		坐骑：冥邪兽。您已激活的坐骑中最高移动速度+40%。	99	0	1	18
8196	99	2200	JD_RideHeader4_16							0	0	0	1	0		坐骑：冥邪兽。您已激活的坐骑中最高移动速度+70%。	99	0	1	18
8197	99	2200	JD_RideHeader4_16							0	0	0	1	0		坐骑：冥邪兽。您已激活的坐骑中最高移动速度+75%。	99	0	1	18
8198	99	2200	JD_RideHeader4_16							0	0	0	1	0		坐骑：冥邪兽。您已激活的坐骑中最高移动速度+80%。	99	0	1	18
8199	99	2200	JD_RideHeader4_16							0	0	0	1	0		坐骑：冥邪兽。您已激活的坐骑中最高移动速度+85%。	99	0	1	18
8200	99	2200	JD_RideHeader4_16							0	0	0	1	0		坐骑：冥邪兽。您已激活的坐骑中最高移动速度+90%。	99	0	1	18
#坐骑：烈火金刚
8201	99	2200	JD_RideHeader6_11							0	0	0	1	0		坐骑：烈火金刚。您已激活的坐骑中最高移动速度+10%。	99	0	1	18
8202	99	2200	JD_RideHeader6_11							0	0	0	1	0		坐骑：烈火金刚。您已激活的坐骑中最高移动速度+20%。	99	0	1	18
8203	99	2200	JD_RideHeader6_11							0	0	0	1	0		坐骑：烈火金刚。您已激活的坐骑中最高移动速度+40%。	99	0	1	18
8204	99	2200	JD_RideHeader6_11							0	0	0	1	0		坐骑：烈火金刚。您已激活的坐骑中最高移动速度+70%。	99	0	1	18
8205	99	2200	JD_RideHeader6_11							0	0	0	1	0		坐骑：烈火金刚。您已激活的坐骑中最高移动速度+75%。	99	0	1	18
8206	99	2200	JD_RideHeader6_11							0	0	0	1	0		坐骑：烈火金刚。您已激活的坐骑中最高移动速度+80%。	99	0	1	18
8207	99	2200	JD_RideHeader6_11							0	0	0	1	0		坐骑：烈火金刚。您已激活的坐骑中最高移动速度+85%。	99	0	1	18
8208	99	2200	JD_RideHeader6_11							0	0	0	1	0		坐骑：烈火金刚。您已激活的坐骑中最高移动速度+90%。	99	0	1	18
#坐骑：赤霄炎狼
8209	99	2200	JD_RideHeader6_12							0	0	0	1	0		坐骑：赤霄炎狼。您已激活的坐骑中最高移动速度+10%。	99	0	1	18
8210	99	2200	JD_RideHeader6_12							0	0	0	1	0		坐骑：赤霄炎狼。您已激活的坐骑中最高移动速度+20%。	99	0	1	18
8211	99	2200	JD_RideHeader6_12							0	0	0	1	0		坐骑：赤霄炎狼。您已激活的坐骑中最高移动速度+40%。	99	0	1	18
8212	99	2200	JD_RideHeader6_12							0	0	0	1	0		坐骑：赤霄炎狼。您已激活的坐骑中最高移动速度+70%。	99	0	1	18
8213	99	2200	JD_RideHeader6_12							0	0	0	1	0		坐骑：赤霄炎狼。您已激活的坐骑中最高移动速度+75%。	99	0	1	18
8214	99	2200	JD_RideHeader6_12							0	0	0	1	0		坐骑：赤霄炎狼。您已激活的坐骑中最高移动速度+80%。	99	0	1	18
8215	99	2200	JD_RideHeader6_12							0	0	0	1	0		坐骑：赤霄炎狼。您已激活的坐骑中最高移动速度+85%。	99	0	1	18
8216	99	2200	JD_RideHeader6_12							0	0	0	1	0		坐骑：赤霄炎狼。您已激活的坐骑中最高移动速度+90%。	99	0	1	18
#坐骑：魅羽
8217	99	2200	JD_RideHeader6_13							0	0	0	1	0		坐骑：魅羽。您已激活的坐骑中最高移动速度+10%。	99	0	1	18
8218	99	2200	JD_RideHeader6_13							0	0	0	1	0		坐骑：魅羽。您已激活的坐骑中最高移动速度+20%。	99	0	1	18
8219	99	2200	JD_RideHeader6_13							0	0	0	1	0		坐骑：魅羽。您已激活的坐骑中最高移动速度+40%。	99	0	1	18
8220	99	2200	JD_RideHeader6_13							0	0	0	1	0		坐骑：魅羽。您已激活的坐骑中最高移动速度+70%。	99	0	1	18
8221	99	2200	JD_RideHeader6_13							0	0	0	1	0		坐骑：魅羽。您已激活的坐骑中最高移动速度+75%。	99	0	1	18
8222	99	2200	JD_RideHeader6_13							0	0	0	1	0		坐骑：魅羽。您已激活的坐骑中最高移动速度+80%。	99	0	1	18
8223	99	2200	JD_RideHeader6_13							0	0	0	1	0		坐骑：魅羽。您已激活的坐骑中最高移动速度+85%。	99	0	1	18
8224	99	2200	JD_RideHeader6_13							0	0	0	1	0		坐骑：魅羽。您已激活的坐骑中最高移动速度+90%。	99	0	1	18
#坐骑：云水金睛兽
8225	99	2200	JD_RideHeader6_15							0	0	0	1	0		坐骑：云水金睛兽。您已激活的坐骑中最高移动速度+10%。	99	0	1	18
8226	99	2200	JD_RideHeader6_15							0	0	0	1	0		坐骑：云水金睛兽。您已激活的坐骑中最高移动速度+20%。	99	0	1	18
8227	99	2200	JD_RideHeader6_15							0	0	0	1	0		坐骑：云水金睛兽。您已激活的坐骑中最高移动速度+40%。	99	0	1	18
8228	99	2200	JD_RideHeader6_15							0	0	0	1	0		坐骑：云水金睛兽。您已激活的坐骑中最高移动速度+70%。	99	0	1	18
8229	99	2200	JD_RideHeader6_15							0	0	0	1	0		坐骑：云水金睛兽。您已激活的坐骑中最高移动速度+75%。	99	0	1	18
8230	99	2200	JD_RideHeader6_15							0	0	0	1	0		坐骑：云水金睛兽。您已激活的坐骑中最高移动速度+80%。	99	0	1	18
8231	99	2200	JD_RideHeader6_15							0	0	0	1	0		坐骑：云水金睛兽。您已激活的坐骑中最高移动速度+85%。	99	0	1	18
8232	99	2200	JD_RideHeader6_15							0	0	0	1	0		坐骑：云水金睛兽。您已激活的坐骑中最高移动速度+90%。	99	0	1	18
#坐骑：幽蓝海龙
8233	99	2200	JD_RideHeader7_2							0	0	0	1	0		坐骑：幽蓝海龙。您已激活的坐骑中最高移动速度+10%。	99	0	1	18
8234	99	2200	JD_RideHeader7_2							0	0	0	1	0		坐骑：幽蓝海龙。您已激活的坐骑中最高移动速度+20%。	99	0	1	18
8235	99	2200	JD_RideHeader7_2							0	0	0	1	0		坐骑：幽蓝海龙。您已激活的坐骑中最高移动速度+40%。	99	0	1	18
8236	99	2200	JD_RideHeader7_2							0	0	0	1	0		坐骑：幽蓝海龙。您已激活的坐骑中最高移动速度+70%。	99	0	1	18
8237	99	2200	JD_RideHeader7_2							0	0	0	1	0		坐骑：幽蓝海龙。您已激活的坐骑中最高移动速度+75%。	99	0	1	18
8238	99	2200	JD_RideHeader7_2							0	0	0	1	0		坐骑：幽蓝海龙。您已激活的坐骑中最高移动速度+80%。	99	0	1	18
8239	99	2200	JD_RideHeader7_2							0	0	0	1	0		坐骑：幽蓝海龙。您已激活的坐骑中最高移动速度+85%。	99	0	1	18
8240	99	2200	JD_RideHeader7_2							0	0	0	1	0		坐骑：幽蓝海龙。您已激活的坐骑中最高移动速度+90%。	99	0	1	18
#坐骑：玄彤海龙
8241	99	2200	JD_RideHeader7_1							0	0	0	1	0		坐骑：玄彤海龙。您已激活的坐骑中最高移动速度+10%。	99	0	1	18
8242	99	2200	JD_RideHeader7_1							0	0	0	1	0		坐骑：玄彤海龙。您已激活的坐骑中最高移动速度+20%。	99	0	1	18
8243	99	2200	JD_RideHeader7_1							0	0	0	1	0		坐骑：玄彤海龙。您已激活的坐骑中最高移动速度+40%。	99	0	1	18
8244	99	2200	JD_RideHeader7_1							0	0	0	1	0		坐骑：玄彤海龙。您已激活的坐骑中最高移动速度+70%。	99	0	1	18
8245	99	2200	JD_RideHeader7_1							0	0	0	1	0		坐骑：玄彤海龙。您已激活的坐骑中最高移动速度+75%。	99	0	1	18
8246	99	2200	JD_RideHeader7_1							0	0	0	1	0		坐骑：玄彤海龙。您已激活的坐骑中最高移动速度+80%。	99	0	1	18
8247	99	2200	JD_RideHeader7_1							0	0	0	1	0		坐骑：玄彤海龙。您已激活的坐骑中最高移动速度+85%。	99	0	1	18
8248	99	2200	JD_RideHeader7_1							0	0	0	1	0		坐骑：玄彤海龙。您已激活的坐骑中最高移动速度+90%。	99	0	1	18
#坐骑：暗炎开明兽
8249	99	2200	JD_RideHeader7_3							0	0	0	1	0		坐骑：暗炎开明兽。您已激活的坐骑中最高移动速度+10%。	99	0	1	18
8250	99	2200	JD_RideHeader7_3							0	0	0	1	0		坐骑：暗炎开明兽。您已激活的坐骑中最高移动速度+20%。	99	0	1	18
8251	99	2200	JD_RideHeader7_3							0	0	0	1	0		坐骑：暗炎开明兽。您已激活的坐骑中最高移动速度+40%。	99	0	1	18
8252	99	2200	JD_RideHeader7_3							0	0	0	1	0		坐骑：暗炎开明兽。您已激活的坐骑中最高移动速度+70%。	99	0	1	18
8253	99	2200	JD_RideHeader7_3							0	0	0	1	0		坐骑：暗炎开明兽。您已激活的坐骑中最高移动速度+75%。	99	0	1	18
8254	99	2200	JD_RideHeader7_3							0	0	0	1	0		坐骑：暗炎开明兽。您已激活的坐骑中最高移动速度+80%。	99	0	1	18
8255	99	2200	JD_RideHeader7_3							0	0	0	1	0		坐骑：暗炎开明兽。您已激活的坐骑中最高移动速度+85%。	99	0	1	18
8256	99	2200	JD_RideHeader7_3							0	0	0	1	0		坐骑：暗炎开明兽。您已激活的坐骑中最高移动速度+90%。	99	0	1	18
#坐骑：瑶光开明兽
8257	99	2200	JD_RideHeader7_4							0	0	0	1	0		坐骑：瑶光开明兽。您已激活的坐骑中最高移动速度+10%。	99	0	1	18
8258	99	2200	JD_RideHeader7_4							0	0	0	1	0		坐骑：瑶光开明兽。您已激活的坐骑中最高移动速度+20%。	99	0	1	18
8259	99	2200	JD_RideHeader7_4							0	0	0	1	0		坐骑：瑶光开明兽。您已激活的坐骑中最高移动速度+40%。	99	0	1	18
8260	99	2200	JD_RideHeader7_4							0	0	0	1	0		坐骑：瑶光开明兽。您已激活的坐骑中最高移动速度+70%。	99	0	1	18
8261	99	2200	JD_RideHeader7_4							0	0	0	1	0		坐骑：瑶光开明兽。您已激活的坐骑中最高移动速度+75%。	99	0	1	18
8262	99	2200	JD_RideHeader7_4							0	0	0	1	0		坐骑：瑶光开明兽。您已激活的坐骑中最高移动速度+80%。	99	0	1	18
8263	99	2200	JD_RideHeader7_4							0	0	0	1	0		坐骑：瑶光开明兽。您已激活的坐骑中最高移动速度+85%。	99	0	1	18
8264	99	2200	JD_RideHeader7_4							0	0	0	1	0		坐骑：瑶光开明兽。您已激活的坐骑中最高移动速度+90%。	99	0	1	18
#坐骑：星虹云舟
8265	99	2200	JD_RideHeader7_5							0	0	0	1	0		坐骑：星虹云舟。您已激活的坐骑中最高移动速度+10%。	99	0	1	18
8266	99	2200	JD_RideHeader7_5							0	0	0	1	0		坐骑：星虹云舟。您已激活的坐骑中最高移动速度+20%。	99	0	1	18
8267	99	2200	JD_RideHeader7_5							0	0	0	1	0		坐骑：星虹云舟。您已激活的坐骑中最高移动速度+40%。	99	0	1	18
8268	99	2200	JD_RideHeader7_5							0	0	0	1	0		坐骑：星虹云舟。您已激活的坐骑中最高移动速度+70%。	99	0	1	18
8269	99	2200	JD_RideHeader7_5							0	0	0	1	0		坐骑：星虹云舟。您已激活的坐骑中最高移动速度+75%。	99	0	1	18
8270	99	2200	JD_RideHeader7_5							0	0	0	1	0		坐骑：星虹云舟。您已激活的坐骑中最高移动速度+80%。	99	0	1	18
8271	99	2200	JD_RideHeader7_5							0	0	0	1	0		坐骑：星虹云舟。您已激活的坐骑中最高移动速度+85%。	99	0	1	18
8272	99	2200	JD_RideHeader7_5							0	0	0	1	0		坐骑：星虹云舟。您已激活的坐骑中最高移动速度+90%。	99	0	1	18
#坐骑：暗炎冥狮
8273	99	2200	JD_RideHeader7_6							0	0	0	1	0		坐骑：暗炎冥狮。您已激活的坐骑中最高移动速度+10%。	99	0	1	18
8274	99	2200	JD_RideHeader7_6							0	0	0	1	0		坐骑：暗炎冥狮。您已激活的坐骑中最高移动速度+20%。	99	0	1	18
8275	99	2200	JD_RideHeader7_6							0	0	0	1	0		坐骑：暗炎冥狮。您已激活的坐骑中最高移动速度+40%。	99	0	1	18
8276	99	2200	JD_RideHeader7_6							0	0	0	1	0		坐骑：暗炎冥狮。您已激活的坐骑中最高移动速度+70%。	99	0	1	18
8277	99	2200	JD_RideHeader7_6							0	0	0	1	0		坐骑：暗炎冥狮。您已激活的坐骑中最高移动速度+75%。	99	0	1	18
8278	99	2200	JD_RideHeader7_6							0	0	0	1	0		坐骑：暗炎冥狮。您已激活的坐骑中最高移动速度+80%。	99	0	1	18
8279	99	2200	JD_RideHeader7_6							0	0	0	1	0		坐骑：暗炎冥狮。您已激活的坐骑中最高移动速度+85%。	99	0	1	18
8280	99	2200	JD_RideHeader7_6							0	0	0	1	0		坐骑：暗炎冥狮。您已激活的坐骑中最高移动速度+90%。	99	0	1	18
#坐骑：虚空熊魂
8281	99	2200	JD_RideHeader7_8							0	0	0	1	0		坐骑：虚空熊魂。您已激活的坐骑中最高移动速度+10%。	99	0	1	18
8282	99	2200	JD_RideHeader7_8							0	0	0	1	0		坐骑：虚空熊魂。您已激活的坐骑中最高移动速度+20%。	99	0	1	18
8283	99	2200	JD_RideHeader7_8							0	0	0	1	0		坐骑：虚空熊魂。您已激活的坐骑中最高移动速度+40%。	99	0	1	18
8284	99	2200	JD_RideHeader7_8							0	0	0	1	0		坐骑：虚空熊魂。您已激活的坐骑中最高移动速度+70%。	99	0	1	18
8285	99	2200	JD_RideHeader7_8							0	0	0	1	0		坐骑：虚空熊魂。您已激活的坐骑中最高移动速度+75%。	99	0	1	18
8286	99	2200	JD_RideHeader7_8							0	0	0	1	0		坐骑：虚空熊魂。您已激活的坐骑中最高移动速度+80%。	99	0	1	18
8287	99	2200	JD_RideHeader7_8							0	0	0	1	0		坐骑：虚空熊魂。您已激活的坐骑中最高移动速度+85%。	99	0	1	18
8288	99	2200	JD_RideHeader7_8							0	0	0	1	0		坐骑：虚空熊魂。您已激活的坐骑中最高移动速度+90%。	99	0	1	18
#坐骑：祥云鹤
8289	99	2200	JD_RideHeader7_7							0	0	0	1	0		坐骑：祥云鹤。您已激活的坐骑中最高移动速度+10%。	99	0	1	18
8290	99	2200	JD_RideHeader7_7							0	0	0	1	0		坐骑：祥云鹤。您已激活的坐骑中最高移动速度+20%。	99	0	1	18
8291	99	2200	JD_RideHeader7_7							0	0	0	1	0		坐骑：祥云鹤。您已激活的坐骑中最高移动速度+40%。	99	0	1	18
8292	99	2200	JD_RideHeader7_7							0	0	0	1	0		坐骑：祥云鹤。您已激活的坐骑中最高移动速度+70%。	99	0	1	18
8293	99	2200	JD_RideHeader7_7							0	0	0	1	0		坐骑：祥云鹤。您已激活的坐骑中最高移动速度+75%。	99	0	1	18
8294	99	2200	JD_RideHeader7_7							0	0	0	1	0		坐骑：祥云鹤。您已激活的坐骑中最高移动速度+80%。	99	0	1	18
8295	99	2200	JD_RideHeader7_7							0	0	0	1	0		坐骑：祥云鹤。您已激活的坐骑中最高移动速度+85%。	99	0	1	18
8296	99	2200	JD_RideHeader7_7							0	0	0	1	0		坐骑：祥云鹤。您已激活的坐骑中最高移动速度+90%。	99	0	1	18
#坐骑：金钱豹
8297	99	2200	JD_RideHeader7_9							0	0	0	1	0		坐骑：金钱豹。您已激活的坐骑中最高移动速度+10%。	99	0	1	18
8298	99	2200	JD_RideHeader7_9							0	0	0	1	0		坐骑：金钱豹。您已激活的坐骑中最高移动速度+20%。	99	0	1	18
8299	99	2200	JD_RideHeader7_9							0	0	0	1	0		坐骑：金钱豹。您已激活的坐骑中最高移动速度+40%。	99	0	1	18
8300	99	2200	JD_RideHeader7_9							0	0	0	1	0		坐骑：金钱豹。您已激活的坐骑中最高移动速度+70%。	99	0	1	18
8301	99	2200	JD_RideHeader7_9							0	0	0	1	0		坐骑：金钱豹。您已激活的坐骑中最高移动速度+75%。	99	0	1	18
8302	99	2200	JD_RideHeader7_9							0	0	0	1	0		坐骑：金钱豹。您已激活的坐骑中最高移动速度+80%。	99	0	1	18
8303	99	2200	JD_RideHeader7_9							0	0	0	1	0		坐骑：金钱豹。您已激活的坐骑中最高移动速度+85%。	99	0	1	18
8304	99	2200	JD_RideHeader7_9							0	0	0	1	0		坐骑：金钱豹。您已激活的坐骑中最高移动速度+90%。	99	0	1	18
#坐骑：云雪豹
8305	99	2200	JD_RideHeader7_10							0	0	0	1	0		坐骑：云雪豹。您已激活的坐骑中最高移动速度+10%。	99	0	1	18
8306	99	2200	JD_RideHeader7_10							0	0	0	1	0		坐骑：云雪豹。您已激活的坐骑中最高移动速度+20%。	99	0	1	18
8307	99	2200	JD_RideHeader7_10							0	0	0	1	0		坐骑：云雪豹。您已激活的坐骑中最高移动速度+40%。	99	0	1	18
8308	99	2200	JD_RideHeader7_10							0	0	0	1	0		坐骑：云雪豹。您已激活的坐骑中最高移动速度+70%。	99	0	1	18
8309	99	2200	JD_RideHeader7_10							0	0	0	1	0		坐骑：云雪豹。您已激活的坐骑中最高移动速度+75%。	99	0	1	18
8310	99	2200	JD_RideHeader7_10							0	0	0	1	0		坐骑：云雪豹。您已激活的坐骑中最高移动速度+80%。	99	0	1	18
8311	99	2200	JD_RideHeader7_10							0	0	0	1	0		坐骑：云雪豹。您已激活的坐骑中最高移动速度+85%。	99	0	1	18
8312	99	2200	JD_RideHeader7_10							0	0	0	1	0		坐骑：云雪豹。您已激活的坐骑中最高移动速度+90%。	99	0	1	18
#坐骑：幽冥豹
8313	99	2200	JD_RideHeader7_11							0	0	0	1	0		坐骑：幽冥豹。您已激活的坐骑中最高移动速度+10%。	99	0	1	18
8314	99	2200	JD_RideHeader7_11							0	0	0	1	0		坐骑：幽冥豹。您已激活的坐骑中最高移动速度+20%。	99	0	1	18
8315	99	2200	JD_RideHeader7_11							0	0	0	1	0		坐骑：幽冥豹。您已激活的坐骑中最高移动速度+40%。	99	0	1	18
8316	99	2200	JD_RideHeader7_11							0	0	0	1	0		坐骑：幽冥豹。您已激活的坐骑中最高移动速度+70%。	99	0	1	18
8317	99	2200	JD_RideHeader7_11							0	0	0	1	0		坐骑：幽冥豹。您已激活的坐骑中最高移动速度+75%。	99	0	1	18
8318	99	2200	JD_RideHeader7_11							0	0	0	1	0		坐骑：幽冥豹。您已激活的坐骑中最高移动速度+80%。	99	0	1	18
8319	99	2200	JD_RideHeader7_11							0	0	0	1	0		坐骑：幽冥豹。您已激活的坐骑中最高移动速度+85%。	99	0	1	18
8320	99	2200	JD_RideHeader7_11							0	0	0	1	0		坐骑：幽冥豹。您已激活的坐骑中最高移动速度+90%。	99	0	1	18
#坐骑：应龙幻魂
8321	99	2200	JD_RideHeader7_13							0	0	0	1	0		坐骑：应龙幻魂。您已激活的坐骑中最高移动速度+10%。	99	0	1	18
8322	99	2200	JD_RideHeader7_13							0	0	0	1	0		坐骑：应龙幻魂。您已激活的坐骑中最高移动速度+20%。	99	0	1	18
8323	99	2200	JD_RideHeader7_13							0	0	0	1	0		坐骑：应龙幻魂。您已激活的坐骑中最高移动速度+40%。	99	0	1	18
8324	99	2200	JD_RideHeader7_13							0	0	0	1	0		坐骑：应龙幻魂。您已激活的坐骑中最高移动速度+70%。	99	0	1	18
8325	99	2200	JD_RideHeader7_13							0	0	0	1	0		坐骑：应龙幻魂。您已激活的坐骑中最高移动速度+75%。	99	0	1	18
8326	99	2200	JD_RideHeader7_13							0	0	0	1	0		坐骑：应龙幻魂。您已激活的坐骑中最高移动速度+80%。	99	0	1	18
8327	99	2200	JD_RideHeader7_13							0	0	0	1	0		坐骑：应龙幻魂。您已激活的坐骑中最高移动速度+85%。	99	0	1	18
8328	99	2200	JD_RideHeader7_13							0	0	0	1	0		坐骑：应龙幻魂。您已激活的坐骑中最高移动速度+90%。	99	0	1	18
#坐骑：炎羽
8329	99	2200	JD_RideHeader7_12							0	0	0	1	0		坐骑：炎羽。您已激活的坐骑中最高移动速度+10%。	99	0	1	18
8330	99	2200	JD_RideHeader7_12							0	0	0	1	0		坐骑：炎羽。您已激活的坐骑中最高移动速度+20%。	99	0	1	18
8331	99	2200	JD_RideHeader7_12							0	0	0	1	0		坐骑：炎羽。您已激活的坐骑中最高移动速度+40%。	99	0	1	18
8332	99	2200	JD_RideHeader7_12							0	0	0	1	0		坐骑：炎羽。您已激活的坐骑中最高移动速度+70%。	99	0	1	18
8333	99	2200	JD_RideHeader7_12							0	0	0	1	0		坐骑：炎羽。您已激活的坐骑中最高移动速度+75%。	99	0	1	18
8334	99	2200	JD_RideHeader7_12							0	0	0	1	0		坐骑：炎羽。您已激活的坐骑中最高移动速度+80%。	99	0	1	18
8335	99	2200	JD_RideHeader7_12							0	0	0	1	0		坐骑：炎羽。您已激活的坐骑中最高移动速度+85%。	99	0	1	18
8336	99	2200	JD_RideHeader7_12							0	0	0	1	0		坐骑：炎羽。您已激活的坐骑中最高移动速度+90%。	99	0	1	18
#坐骑：黑玫瑰
8337	99	2200	JD_RideHeader7_14							0	0	0	1	0		坐骑：黑玫瑰。您已激活的坐骑中最高移动速度+10%。	99	0	1	18
8338	99	2200	JD_RideHeader7_14							0	0	0	1	0		坐骑：黑玫瑰。您已激活的坐骑中最高移动速度+20%。	99	0	1	18
8339	99	2200	JD_RideHeader7_14							0	0	0	1	0		坐骑：黑玫瑰。您已激活的坐骑中最高移动速度+40%。	99	0	1	18
8340	99	2200	JD_RideHeader7_14							0	0	0	1	0		坐骑：黑玫瑰。您已激活的坐骑中最高移动速度+70%。	99	0	1	18
8341	99	2200	JD_RideHeader7_14							0	0	0	1	0		坐骑：黑玫瑰。您已激活的坐骑中最高移动速度+75%。	99	0	1	18
8342	99	2200	JD_RideHeader7_14							0	0	0	1	0		坐骑：黑玫瑰。您已激活的坐骑中最高移动速度+80%。	99	0	1	18
8343	99	2200	JD_RideHeader7_14							0	0	0	1	0		坐骑：黑玫瑰。您已激活的坐骑中最高移动速度+85%。	99	0	1	18
8344	99	2200	JD_RideHeader7_14							0	0	0	1	0		坐骑：黑玫瑰。您已激活的坐骑中最高移动速度+90%。	99	0	1	18
#坐骑：绒雪神牛
8345	99	2200	JD_RideHeader7_15							0	0	0	1	0		坐骑：绒雪神牛。您已激活的坐骑中最高移动速度+10%。	99	0	1	18
8346	99	2200	JD_RideHeader7_15							0	0	0	1	0		坐骑：绒雪神牛。您已激活的坐骑中最高移动速度+20%。	99	0	1	18
8347	99	2200	JD_RideHeader7_15							0	0	0	1	0		坐骑：绒雪神牛。您已激活的坐骑中最高移动速度+40%。	99	0	1	18
8348	99	2200	JD_RideHeader7_15							0	0	0	1	0		坐骑：绒雪神牛。您已激活的坐骑中最高移动速度+70%。	99	0	1	18
8349	99	2200	JD_RideHeader7_15							0	0	0	1	0		坐骑：绒雪神牛。您已激活的坐骑中最高移动速度+75%。	99	0	1	18
8350	99	2200	JD_RideHeader7_15							0	0	0	1	0		坐骑：绒雪神牛。您已激活的坐骑中最高移动速度+80%。	99	0	1	18
8351	99	2200	JD_RideHeader7_15							0	0	0	1	0		坐骑：绒雪神牛。您已激活的坐骑中最高移动速度+85%。	99	0	1	18
8352	99	2200	JD_RideHeader7_15							0	0	0	1	0		坐骑：绒雪神牛。您已激活的坐骑中最高移动速度+90%。	99	0	1	18
#坐骑：沧海龙驹
8353	99	2200	JD_RideHeader8_1							0	0	0	1	0		坐骑：沧海龙驹。您已激活的坐骑中最高移动速度+10%。	99	0	1	18
8354	99	2200	JD_RideHeader8_1							0	0	0	1	0		坐骑：沧海龙驹。您已激活的坐骑中最高移动速度+20%。	99	0	1	18
8355	99	2200	JD_RideHeader8_1							0	0	0	1	0		坐骑：沧海龙驹。您已激活的坐骑中最高移动速度+40%。	99	0	1	18
8356	99	2200	JD_RideHeader8_1							0	0	0	1	0		坐骑：沧海龙驹。您已激活的坐骑中最高移动速度+70%。	99	0	1	18
8357	99	2200	JD_RideHeader8_1							0	0	0	1	0		坐骑：沧海龙驹。您已激活的坐骑中最高移动速度+75%。	99	0	1	18
8358	99	2200	JD_RideHeader8_1							0	0	0	1	0		坐骑：沧海龙驹。您已激活的坐骑中最高移动速度+80%。	99	0	1	18
8359	99	2200	JD_RideHeader8_1							0	0	0	1	0		坐骑：沧海龙驹。您已激活的坐骑中最高移动速度+85%。	99	0	1	18
8360	99	2200	JD_RideHeader8_1							0	0	0	1	0		坐骑：沧海龙驹。您已激活的坐骑中最高移动速度+90%。	99	0	1	18
#坐骑：百变金刚
8361	99	2200	JD_RideHeader8_2							0	0	0	1	0		坐骑：百变金刚。您已激活的坐骑中最高移动速度+10%。	99	0	1	18
8362	99	2200	JD_RideHeader8_2							0	0	0	1	0		坐骑：百变金刚。您已激活的坐骑中最高移动速度+20%。	99	0	1	18
8363	99	2200	JD_RideHeader8_2							0	0	0	1	0		坐骑：百变金刚。您已激活的坐骑中最高移动速度+40%。	99	0	1	18
8364	99	2200	JD_RideHeader8_2							0	0	0	1	0		坐骑：百变金刚。您已激活的坐骑中最高移动速度+70%。	99	0	1	18
8365	99	2200	JD_RideHeader8_2							0	0	0	1	0		坐骑：百变金刚。您已激活的坐骑中最高移动速度+75%。	99	0	1	18
8366	99	2200	JD_RideHeader8_2							0	0	0	1	0		坐骑：百变金刚。您已激活的坐骑中最高移动速度+80%。	99	0	1	18
8367	99	2200	JD_RideHeader8_2							0	0	0	1	0		坐骑：百变金刚。您已激活的坐骑中最高移动速度+85%。	99	0	1	18
8368	99	2200	JD_RideHeader8_2							0	0	0	1	0		坐骑：百变金刚。您已激活的坐骑中最高移动速度+90%。	99	0	1	18
#坐骑：豆豆雪橇
8369	99	2200	JD_RideHeader7_16							0	0	0	1	0		坐骑：豆豆雪橇。您已激活的坐骑中最高移动速度+10%。	99	0	1	18
8370	99	2200	JD_RideHeader7_16							0	0	0	1	0		坐骑：豆豆雪橇。您已激活的坐骑中最高移动速度+20%。	99	0	1	18
8371	99	2200	JD_RideHeader7_16							0	0	0	1	0		坐骑：豆豆雪橇。您已激活的坐骑中最高移动速度+40%。	99	0	1	18
8372	99	2200	JD_RideHeader7_16							0	0	0	1	0		坐骑：豆豆雪橇。您已激活的坐骑中最高移动速度+70%。	99	0	1	18
8373	99	2200	JD_RideHeader7_16							0	0	0	1	0		坐骑：豆豆雪橇。您已激活的坐骑中最高移动速度+75%。	99	0	1	18
8374	99	2200	JD_RideHeader7_16							0	0	0	1	0		坐骑：豆豆雪橇。您已激活的坐骑中最高移动速度+80%。	99	0	1	18
8375	99	2200	JD_RideHeader7_16							0	0	0	1	0		坐骑：豆豆雪橇。您已激活的坐骑中最高移动速度+85%。	99	0	1	18
8376	99	2200	JD_RideHeader7_16							0	0	0	1	0		坐骑：豆豆雪橇。您已激活的坐骑中最高移动速度+90%。	99	0	1	18
#坐骑：月马香驹
8377	99	2200	JD_RideHeader8_3							0	0	0	1	0		坐骑：月马香驹。您已激活的坐骑中最高移动速度+10%。	99	0	1	18
8378	99	2200	JD_RideHeader8_3							0	0	0	1	0		坐骑：月马香驹。您已激活的坐骑中最高移动速度+20%。	99	0	1	18
8379	99	2200	JD_RideHeader8_3							0	0	0	1	0		坐骑：月马香驹。您已激活的坐骑中最高移动速度+40%。	99	0	1	18
8380	99	2200	JD_RideHeader8_3							0	0	0	1	0		坐骑：月马香驹。您已激活的坐骑中最高移动速度+70%。	99	0	1	18
8381	99	2200	JD_RideHeader8_3							0	0	0	1	0		坐骑：月马香驹。您已激活的坐骑中最高移动速度+75%。	99	0	1	18
8382	99	2200	JD_RideHeader8_3							0	0	0	1	0		坐骑：月马香驹。您已激活的坐骑中最高移动速度+80%。	99	0	1	18
8383	99	2200	JD_RideHeader8_3							0	0	0	1	0		坐骑：月马香驹。您已激活的坐骑中最高移动速度+85%。	99	0	1	18
8384	99	2200	JD_RideHeader8_3							0	0	0	1	0		坐骑：月马香驹。您已激活的坐骑中最高移动速度+90%。	99	0	1	18
#坐骑：赤炼驹
8385	99	2200	JD_RideHeader8_4							0	0	0	1	0		坐骑：赤炼驹。您已激活的坐骑中最高移动速度+10%。	99	0	1	18
8386	99	2200	JD_RideHeader8_4							0	0	0	1	0		坐骑：赤炼驹。您已激活的坐骑中最高移动速度+20%。	99	0	1	18
8387	99	2200	JD_RideHeader8_4							0	0	0	1	0		坐骑：赤炼驹。您已激活的坐骑中最高移动速度+40%。	99	0	1	18
8388	99	2200	JD_RideHeader8_4							0	0	0	1	0		坐骑：赤炼驹。您已激活的坐骑中最高移动速度+70%。	99	0	1	18
8389	99	2200	JD_RideHeader8_4							0	0	0	1	0		坐骑：赤炼驹。您已激活的坐骑中最高移动速度+75%。	99	0	1	18
8390	99	2200	JD_RideHeader8_4							0	0	0	1	0		坐骑：赤炼驹。您已激活的坐骑中最高移动速度+80%。	99	0	1	18
8391	99	2200	JD_RideHeader8_4							0	0	0	1	0		坐骑：赤炼驹。您已激活的坐骑中最高移动速度+85%。	99	0	1	18
8392	99	2200	JD_RideHeader8_4							0	0	0	1	0		坐骑：赤炼驹。您已激活的坐骑中最高移动速度+90%。	99	0	1	18
#坐骑：碧甲玄龟
8393	99	2200	JD_RideHeader8_5							0	0	0	1	0		坐骑：碧甲玄龟。您已激活的坐骑中最高移动速度+10%。	99	0	1	18
8394	99	2200	JD_RideHeader8_5							0	0	0	1	0		坐骑：碧甲玄龟。您已激活的坐骑中最高移动速度+20%。	99	0	1	18
8395	99	2200	JD_RideHeader8_5							0	0	0	1	0		坐骑：碧甲玄龟。您已激活的坐骑中最高移动速度+40%。	99	0	1	18
8396	99	2200	JD_RideHeader8_5							0	0	0	1	0		坐骑：碧甲玄龟。您已激活的坐骑中最高移动速度+70%。	99	0	1	18
8397	99	2200	JD_RideHeader8_5							0	0	0	1	0		坐骑：碧甲玄龟。您已激活的坐骑中最高移动速度+75%。	99	0	1	18
8398	99	2200	JD_RideHeader8_5							0	0	0	1	0		坐骑：碧甲玄龟。您已激活的坐骑中最高移动速度+80%。	99	0	1	18
8399	99	2200	JD_RideHeader8_5							0	0	0	1	0		坐骑：碧甲玄龟。您已激活的坐骑中最高移动速度+85%。	99	0	1	18
8400	99	2200	JD_RideHeader8_5							0	0	0	1	0		坐骑：碧甲玄龟。您已激活的坐骑中最高移动速度+90%。	99	0	1	18
#坐骑：星羽游龙
8401	99	2200	JD_RideHeader8_6							0	0	0	1	0		坐骑：星羽游龙。您已激活的坐骑中最高移动速度+10%。	99	0	1	18
8402	99	2200	JD_RideHeader8_6							0	0	0	1	0		坐骑：星羽游龙。您已激活的坐骑中最高移动速度+20%。	99	0	1	18
8403	99	2200	JD_RideHeader8_6							0	0	0	1	0		坐骑：星羽游龙。您已激活的坐骑中最高移动速度+40%。	99	0	1	18
8404	99	2200	JD_RideHeader8_6							0	0	0	1	0		坐骑：星羽游龙。您已激活的坐骑中最高移动速度+70%。	99	0	1	18
8405	99	2200	JD_RideHeader8_6							0	0	0	1	0		坐骑：星羽游龙。您已激活的坐骑中最高移动速度+75%。	99	0	1	18
8406	99	2200	JD_RideHeader8_6							0	0	0	1	0		坐骑：星羽游龙。您已激活的坐骑中最高移动速度+80%。	99	0	1	18
8407	99	2200	JD_RideHeader8_6							0	0	0	1	0		坐骑：星羽游龙。您已激活的坐骑中最高移动速度+85%。	99	0	1	18
8408	99	2200	JD_RideHeader8_6							0	0	0	1	0		坐骑：星羽游龙。您已激活的坐骑中最高移动速度+90%。	99	0	1	18
#坐骑：沧澜羽翼
8409	99	2200	JD_RideHeader8_7							0	0	0	1	0		坐骑：沧澜羽翼。您已激活的坐骑中最高移动速度+10%。	99	0	1	18
8410	99	2200	JD_RideHeader8_7							0	0	0	1	0		坐骑：沧澜羽翼。您已激活的坐骑中最高移动速度+20%。	99	0	1	18
8411	99	2200	JD_RideHeader8_7							0	0	0	1	0		坐骑：沧澜羽翼。您已激活的坐骑中最高移动速度+40%。	99	0	1	18
8412	99	2200	JD_RideHeader8_7							0	0	0	1	0		坐骑：沧澜羽翼。您已激活的坐骑中最高移动速度+70%。	99	0	1	18
8413	99	2200	JD_RideHeader8_7							0	0	0	1	0		坐骑：沧澜羽翼。您已激活的坐骑中最高移动速度+75%。	99	0	1	18
8414	99	2200	JD_RideHeader8_7							0	0	0	1	0		坐骑：沧澜羽翼。您已激活的坐骑中最高移动速度+80%。	99	0	1	18
8415	99	2200	JD_RideHeader8_7							0	0	0	1	0		坐骑：沧澜羽翼。您已激活的坐骑中最高移动速度+85%。	99	0	1	18
8416	99	2200	JD_RideHeader8_7							0	0	0	1	0		坐骑：沧澜羽翼。您已激活的坐骑中最高移动速度+90%。	99	0	1	18
#坐骑：团羊羊
8417	99	2200	JD_RideHeader8_9							0	0	0	1	0		坐骑：团羊羊。您已激活的坐骑中最高移动速度+10%。	99	0	1	18
8418	99	2200	JD_RideHeader8_9							0	0	0	1	0		坐骑：团羊羊。您已激活的坐骑中最高移动速度+20%。	99	0	1	18
8419	99	2200	JD_RideHeader8_9							0	0	0	1	0		坐骑：团羊羊。您已激活的坐骑中最高移动速度+40%。	99	0	1	18
8420	99	2200	JD_RideHeader8_9							0	0	0	1	0		坐骑：团羊羊。您已激活的坐骑中最高移动速度+70%。	99	0	1	18
8421	99	2200	JD_RideHeader8_9							0	0	0	1	0		坐骑：团羊羊。您已激活的坐骑中最高移动速度+75%。	99	0	1	18
8422	99	2200	JD_RideHeader8_9							0	0	0	1	0		坐骑：团羊羊。您已激活的坐骑中最高移动速度+80%。	99	0	1	18
8423	99	2200	JD_RideHeader8_9							0	0	0	1	0		坐骑：团羊羊。您已激活的坐骑中最高移动速度+85%。	99	0	1	18
8424	99	2200	JD_RideHeader8_9							0	0	0	1	0		坐骑：团羊羊。您已激活的坐骑中最高移动速度+90%。	99	0	1	18
#坐骑：裂海魔龙
8425	99	2200	JD_RideHeader8_11							0	0	0	1	0		坐骑：裂海魔龙。您已激活的坐骑中最高移动速度+10%。	99	0	1	18
8426	99	2200	JD_RideHeader8_11							0	0	0	1	0		坐骑：裂海魔龙。您已激活的坐骑中最高移动速度+20%。	99	0	1	18
8427	99	2200	JD_RideHeader8_11							0	0	0	1	0		坐骑：裂海魔龙。您已激活的坐骑中最高移动速度+40%。	99	0	1	18
8428	99	2200	JD_RideHeader8_11							0	0	0	1	0		坐骑：裂海魔龙。您已激活的坐骑中最高移动速度+70%。	99	0	1	18
8429	99	2200	JD_RideHeader8_11							0	0	0	1	0		坐骑：裂海魔龙。您已激活的坐骑中最高移动速度+75%。	99	0	1	18
8430	99	2200	JD_RideHeader8_11							0	0	0	1	0		坐骑：裂海魔龙。您已激活的坐骑中最高移动速度+80%。	99	0	1	18
8431	99	2200	JD_RideHeader8_11							0	0	0	1	0		坐骑：裂海魔龙。您已激活的坐骑中最高移动速度+85%。	99	0	1	18
8432	99	2200	JD_RideHeader8_11							0	0	0	1	0		坐骑：裂海魔龙。您已激活的坐骑中最高移动速度+90%。	99	0	1	18
#坐骑：灭世火凤
8433	99	2200	JD_RideHeader8_10							0	0	0	1	0		坐骑：灭世火凤。您已激活的坐骑中最高移动速度+10%。	99	0	1	18
8434	99	2200	JD_RideHeader8_10							0	0	0	1	0		坐骑：灭世火凤。您已激活的坐骑中最高移动速度+20%。	99	0	1	18
8435	99	2200	JD_RideHeader8_10							0	0	0	1	0		坐骑：灭世火凤。您已激活的坐骑中最高移动速度+40%。	99	0	1	18
8436	99	2200	JD_RideHeader8_10							0	0	0	1	0		坐骑：灭世火凤。您已激活的坐骑中最高移动速度+70%。	99	0	1	18
8437	99	2200	JD_RideHeader8_10							0	0	0	1	0		坐骑：灭世火凤。您已激活的坐骑中最高移动速度+75%。	99	0	1	18
8438	99	2200	JD_RideHeader8_10							0	0	0	1	0		坐骑：灭世火凤。您已激活的坐骑中最高移动速度+80%。	99	0	1	18
8439	99	2200	JD_RideHeader8_10							0	0	0	1	0		坐骑：灭世火凤。您已激活的坐骑中最高移动速度+85%。	99	0	1	18
8440	99	2200	JD_RideHeader8_10							0	0	0	1	0		坐骑：灭世火凤。您已激活的坐骑中最高移动速度+90%。	99	0	1	18
#坐骑：摄灵蛊花
8441	99	2200	JD_RideHeader8_12							0	0	0	1	0		坐骑：摄灵蛊花。您已激活的坐骑中最高移动速度+10%。	99	0	1	18
8442	99	2200	JD_RideHeader8_12							0	0	0	1	0		坐骑：摄灵蛊花。您已激活的坐骑中最高移动速度+20%。	99	0	1	18
8443	99	2200	JD_RideHeader8_12							0	0	0	1	0		坐骑：摄灵蛊花。您已激活的坐骑中最高移动速度+40%。	99	0	1	18
8444	99	2200	JD_RideHeader8_12							0	0	0	1	0		坐骑：摄灵蛊花。您已激活的坐骑中最高移动速度+70%。	99	0	1	18
8445	99	2200	JD_RideHeader8_12							0	0	0	1	0		坐骑：摄灵蛊花。您已激活的坐骑中最高移动速度+75%。	99	0	1	18
8446	99	2200	JD_RideHeader8_12							0	0	0	1	0		坐骑：摄灵蛊花。您已激活的坐骑中最高移动速度+80%。	99	0	1	18
8447	99	2200	JD_RideHeader8_12							0	0	0	1	0		坐骑：摄灵蛊花。您已激活的坐骑中最高移动速度+85%。	99	0	1	18
8448	99	2200	JD_RideHeader8_12							0	0	0	1	0		坐骑：摄灵蛊花。您已激活的坐骑中最高移动速度+90%。	99	0	1	18
#坐骑：云水青荷
8449	99	2200	JD_RideHeader8_13							0	0	0	1	0		坐骑：云水青荷。您已激活的坐骑中最高移动速度+10%。	99	0	1	18
8450	99	2200	JD_RideHeader8_13							0	0	0	1	0		坐骑：云水青荷。您已激活的坐骑中最高移动速度+20%。	99	0	1	18
8451	99	2200	JD_RideHeader8_13							0	0	0	1	0		坐骑：云水青荷。您已激活的坐骑中最高移动速度+40%。	99	0	1	18
8452	99	2200	JD_RideHeader8_13							0	0	0	1	0		坐骑：云水青荷。您已激活的坐骑中最高移动速度+70%。	99	0	1	18
8453	99	2200	JD_RideHeader8_13							0	0	0	1	0		坐骑：云水青荷。您已激活的坐骑中最高移动速度+75%。	99	0	1	18
8454	99	2200	JD_RideHeader8_13							0	0	0	1	0		坐骑：云水青荷。您已激活的坐骑中最高移动速度+80%。	99	0	1	18
8455	99	2200	JD_RideHeader8_13							0	0	0	1	0		坐骑：云水青荷。您已激活的坐骑中最高移动速度+85%。	99	0	1	18
8456	99	2200	JD_RideHeader8_13							0	0	0	1	0		坐骑：云水青荷。您已激活的坐骑中最高移动速度+90%。	99	0	1	18
#坐骑：水碧飞鸢
8457	99	2200	JD_RideHeader8_14							0	0	0	1	0		坐骑：水碧飞鸢。您已激活的坐骑中最高移动速度+10%。	99	0	1	18
8458	99	2200	JD_RideHeader8_14							0	0	0	1	0		坐骑：水碧飞鸢。您已激活的坐骑中最高移动速度+20%。	99	0	1	18
8459	99	2200	JD_RideHeader8_14							0	0	0	1	0		坐骑：水碧飞鸢。您已激活的坐骑中最高移动速度+40%。	99	0	1	18
8460	99	2200	JD_RideHeader8_14							0	0	0	1	0		坐骑：水碧飞鸢。您已激活的坐骑中最高移动速度+70%。	99	0	1	18
8461	99	2200	JD_RideHeader8_14							0	0	0	1	0		坐骑：水碧飞鸢。您已激活的坐骑中最高移动速度+75%。	99	0	1	18
8462	99	2200	JD_RideHeader8_14							0	0	0	1	0		坐骑：水碧飞鸢。您已激活的坐骑中最高移动速度+80%。	99	0	1	18
8463	99	2200	JD_RideHeader8_14							0	0	0	1	0		坐骑：水碧飞鸢。您已激活的坐骑中最高移动速度+85%。	99	0	1	18
8464	99	2200	JD_RideHeader8_14							0	0	0	1	0		坐骑：水碧飞鸢。您已激活的坐骑中最高移动速度+90%。	99	0	1	18
#坐骑：绛紫飞鸢
8465	99	2200	JD_RideHeader8_15							0	0	0	1	0		坐骑：绛紫飞鸢。您已激活的坐骑中最高移动速度+10%。	99	0	1	18
8466	99	2200	JD_RideHeader8_15							0	0	0	1	0		坐骑：绛紫飞鸢。您已激活的坐骑中最高移动速度+20%。	99	0	1	18
8467	99	2200	JD_RideHeader8_15							0	0	0	1	0		坐骑：绛紫飞鸢。您已激活的坐骑中最高移动速度+40%。	99	0	1	18
8468	99	2200	JD_RideHeader8_15							0	0	0	1	0		坐骑：绛紫飞鸢。您已激活的坐骑中最高移动速度+70%。	99	0	1	18
8469	99	2200	JD_RideHeader8_15							0	0	0	1	0		坐骑：绛紫飞鸢。您已激活的坐骑中最高移动速度+75%。	99	0	1	18
8470	99	2200	JD_RideHeader8_15							0	0	0	1	0		坐骑：绛紫飞鸢。您已激活的坐骑中最高移动速度+80%。	99	0	1	18
8471	99	2200	JD_RideHeader8_15							0	0	0	1	0		坐骑：绛紫飞鸢。您已激活的坐骑中最高移动速度+85%。	99	0	1	18
8472	99	2200	JD_RideHeader8_15							0	0	0	1	0		坐骑：绛紫飞鸢。您已激活的坐骑中最高移动速度+90%。	99	0	1	18
#坐骑：钢鬃兽
8473	99	2200	JD_RideHeader8_16							0	0	0	1	0		坐骑：钢鬃兽。您已激活的坐骑中最高移动速度+10%。	99	0	1	18
8474	99	2200	JD_RideHeader8_16							0	0	0	1	0		坐骑：钢鬃兽。您已激活的坐骑中最高移动速度+20%。	99	0	1	18
8475	99	2200	JD_RideHeader8_16							0	0	0	1	0		坐骑：钢鬃兽。您已激活的坐骑中最高移动速度+40%。	99	0	1	18
8476	99	2200	JD_RideHeader8_16							0	0	0	1	0		坐骑：钢鬃兽。您已激活的坐骑中最高移动速度+70%。	99	0	1	18
8477	99	2200	JD_RideHeader8_16							0	0	0	1	0		坐骑：钢鬃兽。您已激活的坐骑中最高移动速度+75%。	99	0	1	18
8478	99	2200	JD_RideHeader8_16							0	0	0	1	0		坐骑：钢鬃兽。您已激活的坐骑中最高移动速度+80%。	99	0	1	18
8479	99	2200	JD_RideHeader8_16							0	0	0	1	0		坐骑：钢鬃兽。您已激活的坐骑中最高移动速度+85%。	99	0	1	18
8480	99	2200	JD_RideHeader8_16							0	0	0	1	0		坐骑：钢鬃兽。您已激活的坐骑中最高移动速度+90%。	99	0	1	18
#坐骑：望月龙驹
8481	99	2200	JD_RideHeader9_2							0	0	0	1	0		坐骑：望月龙驹。您已激活的坐骑中最高移动速度+10%。	99	0	1	18
8482	99	2200	JD_RideHeader9_2							0	0	0	1	0		坐骑：望月龙驹。您已激活的坐骑中最高移动速度+20%。	99	0	1	18
8483	99	2200	JD_RideHeader9_2							0	0	0	1	0		坐骑：望月龙驹。您已激活的坐骑中最高移动速度+40%。	99	0	1	18
8484	99	2200	JD_RideHeader9_2							0	0	0	1	0		坐骑：望月龙驹。您已激活的坐骑中最高移动速度+70%。	99	0	1	18
8485	99	2200	JD_RideHeader9_2							0	0	0	1	0		坐骑：望月龙驹。您已激活的坐骑中最高移动速度+75%。	99	0	1	18
8486	99	2200	JD_RideHeader9_2							0	0	0	1	0		坐骑：望月龙驹。您已激活的坐骑中最高移动速度+80%。	99	0	1	18
8487	99	2200	JD_RideHeader9_2							0	0	0	1	0		坐骑：望月龙驹。您已激活的坐骑中最高移动速度+85%。	99	0	1	18
8488	99	2200	JD_RideHeader9_2							0	0	0	1	0		坐骑：望月龙驹。您已激活的坐骑中最高移动速度+90%。	99	0	1	18
#坐骑：踏雪乌骓
8489	99	2200	JD_RideHeader9_3							0	0	0	1	0		坐骑：踏雪乌骓。您已激活的坐骑中最高移动速度+10%。	99	0	1	18
8490	99	2200	JD_RideHeader9_3							0	0	0	1	0		坐骑：踏雪乌骓。您已激活的坐骑中最高移动速度+20%。	99	0	1	18
8491	99	2200	JD_RideHeader9_3							0	0	0	1	0		坐骑：踏雪乌骓。您已激活的坐骑中最高移动速度+40%。	99	0	1	18
8492	99	2200	JD_RideHeader9_3							0	0	0	1	0		坐骑：踏雪乌骓。您已激活的坐骑中最高移动速度+70%。	99	0	1	18
8493	99	2200	JD_RideHeader9_3							0	0	0	1	0		坐骑：踏雪乌骓。您已激活的坐骑中最高移动速度+75%。	99	0	1	18
8494	99	2200	JD_RideHeader9_3							0	0	0	1	0		坐骑：踏雪乌骓。您已激活的坐骑中最高移动速度+80%。	99	0	1	18
8495	99	2200	JD_RideHeader9_3							0	0	0	1	0		坐骑：踏雪乌骓。您已激活的坐骑中最高移动速度+85%。	99	0	1	18
8496	99	2200	JD_RideHeader9_3							0	0	0	1	0		坐骑：踏雪乌骓。您已激活的坐骑中最高移动速度+90%。	99	0	1	18
#坐骑：鬼马龙舟
8497	99	2200	JD_RideHeader9_1							0	0	0	1	0		坐骑：鬼马龙舟。您已激活的坐骑中最高移动速度+10%。	99	0	1	18
8498	99	2200	JD_RideHeader9_1							0	0	0	1	0		坐骑：鬼马龙舟。您已激活的坐骑中最高移动速度+20%。	99	0	1	18
8499	99	2200	JD_RideHeader9_1							0	0	0	1	0		坐骑：鬼马龙舟。您已激活的坐骑中最高移动速度+40%。	99	0	1	18
8500	99	2200	JD_RideHeader9_1							0	0	0	1	0		坐骑：鬼马龙舟。您已激活的坐骑中最高移动速度+70%。	99	0	1	18
8501	99	2200	JD_RideHeader9_1							0	0	0	1	0		坐骑：鬼马龙舟。您已激活的坐骑中最高移动速度+75%。	99	0	1	18
8502	99	2200	JD_RideHeader9_1							0	0	0	1	0		坐骑：鬼马龙舟。您已激活的坐骑中最高移动速度+80%。	99	0	1	18
8503	99	2200	JD_RideHeader9_1							0	0	0	1	0		坐骑：鬼马龙舟。您已激活的坐骑中最高移动速度+85%。	99	0	1	18
8504	99	2200	JD_RideHeader9_1							0	0	0	1	0		坐骑：鬼马龙舟。您已激活的坐骑中最高移动速度+90%。	99	0	1	18
#坐骑：玉麟龙
8505	99	2200	JD_RideHeader9_4							0	0	0	1	0		坐骑：玉麟龙。您已激活的坐骑中最高移动速度+10%。	99	0	1	18
8506	99	2200	JD_RideHeader9_4							0	0	0	1	0		坐骑：玉麟龙。您已激活的坐骑中最高移动速度+20%。	99	0	1	18
8507	99	2200	JD_RideHeader9_4							0	0	0	1	0		坐骑：玉麟龙。您已激活的坐骑中最高移动速度+40%。	99	0	1	18
8508	99	2200	JD_RideHeader9_4							0	0	0	1	0		坐骑：玉麟龙。您已激活的坐骑中最高移动速度+70%。	99	0	1	18
8509	99	2200	JD_RideHeader9_4							0	0	0	1	0		坐骑：玉麟龙。您已激活的坐骑中最高移动速度+75%。	99	0	1	18
8510	99	2200	JD_RideHeader9_4							0	0	0	1	0		坐骑：玉麟龙。您已激活的坐骑中最高移动速度+80%。	99	0	1	18
8511	99	2200	JD_RideHeader9_4							0	0	0	1	0		坐骑：玉麟龙。您已激活的坐骑中最高移动速度+85%。	99	0	1	18
8512	99	2200	JD_RideHeader9_4							0	0	0	1	0		坐骑：玉麟龙。您已激活的坐骑中最高移动速度+90%。	99	0	1	18
#坐骑：梦幻仙驹
8513	99	2200	JD_RideHeader9_6							0	0	0	1	0		坐骑：梦幻仙驹。您已激活的坐骑中最高移动速度+10%。	99	0	1	18
8514	99	2200	JD_RideHeader9_6							0	0	0	1	0		坐骑：梦幻仙驹。您已激活的坐骑中最高移动速度+20%。	99	0	1	18
8515	99	2200	JD_RideHeader9_6							0	0	0	1	0		坐骑：梦幻仙驹。您已激活的坐骑中最高移动速度+40%。	99	0	1	18
8516	99	2200	JD_RideHeader9_6							0	0	0	1	0		坐骑：梦幻仙驹。您已激活的坐骑中最高移动速度+70%。	99	0	1	18
8517	99	2200	JD_RideHeader9_6							0	0	0	1	0		坐骑：梦幻仙驹。您已激活的坐骑中最高移动速度+75%。	99	0	1	18
8518	99	2200	JD_RideHeader9_6							0	0	0	1	0		坐骑：梦幻仙驹。您已激活的坐骑中最高移动速度+80%。	99	0	1	18
8519	99	2200	JD_RideHeader9_6							0	0	0	1	0		坐骑：梦幻仙驹。您已激活的坐骑中最高移动速度+85%。	99	0	1	18
8520	99	2200	JD_RideHeader9_6							0	0	0	1	0		坐骑：梦幻仙驹。您已激活的坐骑中最高移动速度+90%。	99	0	1	18
#坐骑：云鹄锦车
8521	99	2200	JD_RideHeader9_7							0	0	0	1	0		坐骑：云鹄锦车。您已激活的坐骑中最高移动速度+10%。	99	0	1	18
8522	99	2200	JD_RideHeader9_7							0	0	0	1	0		坐骑：云鹄锦车。您已激活的坐骑中最高移动速度+20%。	99	0	1	18
8523	99	2200	JD_RideHeader9_7							0	0	0	1	0		坐骑：云鹄锦车。您已激活的坐骑中最高移动速度+40%。	99	0	1	18
8524	99	2200	JD_RideHeader9_7							0	0	0	1	0		坐骑：云鹄锦车。您已激活的坐骑中最高移动速度+70%。	99	0	1	18
8525	99	2200	JD_RideHeader9_7							0	0	0	1	0		坐骑：云鹄锦车。您已激活的坐骑中最高移动速度+75%。	99	0	1	18
8526	99	2200	JD_RideHeader9_7							0	0	0	1	0		坐骑：云鹄锦车。您已激活的坐骑中最高移动速度+80%。	99	0	1	18
8527	99	2200	JD_RideHeader9_7							0	0	0	1	0		坐骑：云鹄锦车。您已激活的坐骑中最高移动速度+85%。	99	0	1	18
8528	99	2200	JD_RideHeader9_7							0	0	0	1	0		坐骑：云鹄锦车。您已激活的坐骑中最高移动速度+90%。	99	0	1	18
#坐骑：碧水灵君
8529	99	2200	JD_RideHeader9_8							0	0	0	1	0		坐骑：碧水灵君。您已激活的坐骑中最高移动速度+10%。	99	0	1	18
8530	99	2200	JD_RideHeader9_8							0	0	0	1	0		坐骑：碧水灵君。您已激活的坐骑中最高移动速度+20%。	99	0	1	18
8531	99	2200	JD_RideHeader9_8							0	0	0	1	0		坐骑：碧水灵君。您已激活的坐骑中最高移动速度+40%。	99	0	1	18
8532	99	2200	JD_RideHeader9_8							0	0	0	1	0		坐骑：碧水灵君。您已激活的坐骑中最高移动速度+70%。	99	0	1	18
8533	99	2200	JD_RideHeader9_8							0	0	0	1	0		坐骑：碧水灵君。您已激活的坐骑中最高移动速度+75%。	99	0	1	18
8534	99	2200	JD_RideHeader9_8							0	0	0	1	0		坐骑：碧水灵君。您已激活的坐骑中最高移动速度+80%。	99	0	1	18
8535	99	2200	JD_RideHeader9_8							0	0	0	1	0		坐骑：碧水灵君。您已激活的坐骑中最高移动速度+85%。	99	0	1	18
8536	99	2200	JD_RideHeader9_8							0	0	0	1	0		坐骑：碧水灵君。您已激活的坐骑中最高移动速度+90%。	99	0	1	18
#坐骑：紫玉灵猫
8537	99	2200	JD_RideHeader9_9							0	0	0	1	0		坐骑：紫玉灵猫。您已激活的坐骑中最高移动速度+10%。	99	0	1	18
8538	99	2200	JD_RideHeader9_9							0	0	0	1	0		坐骑：紫玉灵猫。您已激活的坐骑中最高移动速度+20%。	99	0	1	18
8539	99	2200	JD_RideHeader9_9							0	0	0	1	0		坐骑：紫玉灵猫。您已激活的坐骑中最高移动速度+40%。	99	0	1	18
8540	99	2200	JD_RideHeader9_9							0	0	0	1	0		坐骑：紫玉灵猫。您已激活的坐骑中最高移动速度+70%。	99	0	1	18
8541	99	2200	JD_RideHeader9_9							0	0	0	1	0		坐骑：紫玉灵猫。您已激活的坐骑中最高移动速度+75%。	99	0	1	18
8542	99	2200	JD_RideHeader9_9							0	0	0	1	0		坐骑：紫玉灵猫。您已激活的坐骑中最高移动速度+80%。	99	0	1	18
8543	99	2200	JD_RideHeader9_9							0	0	0	1	0		坐骑：紫玉灵猫。您已激活的坐骑中最高移动速度+85%。	99	0	1	18
8544	99	2200	JD_RideHeader9_9							0	0	0	1	0		坐骑：紫玉灵猫。您已激活的坐骑中最高移动速度+90%。	99	0	1	18
#坐骑：素雪灵猫
8545	99	2200	JD_RideHeader9_10							0	0	0	1	0		坐骑：素雪灵猫。您已激活的坐骑中最高移动速度+10%。	99	0	1	18
8546	99	2200	JD_RideHeader9_10							0	0	0	1	0		坐骑：素雪灵猫。您已激活的坐骑中最高移动速度+20%。	99	0	1	18
8547	99	2200	JD_RideHeader9_10							0	0	0	1	0		坐骑：素雪灵猫。您已激活的坐骑中最高移动速度+40%。	99	0	1	18
8548	99	2200	JD_RideHeader9_10							0	0	0	1	0		坐骑：素雪灵猫。您已激活的坐骑中最高移动速度+70%。	99	0	1	18
8549	99	2200	JD_RideHeader9_10							0	0	0	1	0		坐骑：素雪灵猫。您已激活的坐骑中最高移动速度+75%。	99	0	1	18
8550	99	2200	JD_RideHeader9_10							0	0	0	1	0		坐骑：素雪灵猫。您已激活的坐骑中最高移动速度+80%。	99	0	1	18
8551	99	2200	JD_RideHeader9_10							0	0	0	1	0		坐骑：素雪灵猫。您已激活的坐骑中最高移动速度+85%。	99	0	1	18
8552	99	2200	JD_RideHeader9_10							0	0	0	1	0		坐骑：素雪灵猫。您已激活的坐骑中最高移动速度+90%。	99	0	1	18
#坐骑：红薇梦椅
8553	99	2200	JD_RideHeader9_12							0	0	0	1	0		坐骑：红薇梦椅。您已激活的坐骑中最高移动速度+10%。	99	0	1	18
8554	99	2200	JD_RideHeader9_12							0	0	0	1	0		坐骑：红薇梦椅。您已激活的坐骑中最高移动速度+20%。	99	0	1	18
8555	99	2200	JD_RideHeader9_12							0	0	0	1	0		坐骑：红薇梦椅。您已激活的坐骑中最高移动速度+40%。	99	0	1	18
8556	99	2200	JD_RideHeader9_12							0	0	0	1	0		坐骑：红薇梦椅。您已激活的坐骑中最高移动速度+70%。	99	0	1	18
8557	99	2200	JD_RideHeader9_12							0	0	0	1	0		坐骑：红薇梦椅。您已激活的坐骑中最高移动速度+75%。	99	0	1	18
8558	99	2200	JD_RideHeader9_12							0	0	0	1	0		坐骑：红薇梦椅。您已激活的坐骑中最高移动速度+80%。	99	0	1	18
8559	99	2200	JD_RideHeader9_12							0	0	0	1	0		坐骑：红薇梦椅。您已激活的坐骑中最高移动速度+85%。	99	0	1	18
8560	99	2200	JD_RideHeader9_12							0	0	0	1	0		坐骑：红薇梦椅。您已激活的坐骑中最高移动速度+90%。	99	0	1	18
#坐骑：灵薇梦椅
8561	99	2200	JD_RideHeader9_13							0	0	0	1	0		坐骑：灵薇梦椅。您已激活的坐骑中最高移动速度+10%。	99	0	1	18
8562	99	2200	JD_RideHeader9_13							0	0	0	1	0		坐骑：灵薇梦椅。您已激活的坐骑中最高移动速度+20%。	99	0	1	18
8563	99	2200	JD_RideHeader9_13							0	0	0	1	0		坐骑：灵薇梦椅。您已激活的坐骑中最高移动速度+40%。	99	0	1	18
8564	99	2200	JD_RideHeader9_13							0	0	0	1	0		坐骑：灵薇梦椅。您已激活的坐骑中最高移动速度+70%。	99	0	1	18
8565	99	2200	JD_RideHeader9_13							0	0	0	1	0		坐骑：灵薇梦椅。您已激活的坐骑中最高移动速度+75%。	99	0	1	18
8566	99	2200	JD_RideHeader9_13							0	0	0	1	0		坐骑：灵薇梦椅。您已激活的坐骑中最高移动速度+80%。	99	0	1	18
8567	99	2200	JD_RideHeader9_13							0	0	0	1	0		坐骑：灵薇梦椅。您已激活的坐骑中最高移动速度+85%。	99	0	1	18
8568	99	2200	JD_RideHeader9_13							0	0	0	1	0		坐骑：灵薇梦椅。您已激活的坐骑中最高移动速度+90%。	99	0	1	18
#坐骑：琉璃雀羽
8569	99	2200	JD_RideHeader9_15							0	0	0	1	0		坐骑：琉璃雀羽。您已激活的坐骑中最高移动速度+10%。	99	0	1	18
8570	99	2200	JD_RideHeader9_15							0	0	0	1	0		坐骑：琉璃雀羽。您已激活的坐骑中最高移动速度+20%。	99	0	1	18
8571	99	2200	JD_RideHeader9_15							0	0	0	1	0		坐骑：琉璃雀羽。您已激活的坐骑中最高移动速度+40%。	99	0	1	18
8572	99	2200	JD_RideHeader9_15							0	0	0	1	0		坐骑：琉璃雀羽。您已激活的坐骑中最高移动速度+70%。	99	0	1	18
8573	99	2200	JD_RideHeader9_15							0	0	0	1	0		坐骑：琉璃雀羽。您已激活的坐骑中最高移动速度+75%。	99	0	1	18
8574	99	2200	JD_RideHeader9_15							0	0	0	1	0		坐骑：琉璃雀羽。您已激活的坐骑中最高移动速度+80%。	99	0	1	18
8575	99	2200	JD_RideHeader9_15							0	0	0	1	0		坐骑：琉璃雀羽。您已激活的坐骑中最高移动速度+85%。	99	0	1	18
8576	99	2200	JD_RideHeader9_15							0	0	0	1	0		坐骑：琉璃雀羽。您已激活的坐骑中最高移动速度+90%。	99	0	1	18
#坐骑：灵巫雀羽
8577	99	2200	JD_RideHeader9_14							0	0	0	1	0		坐骑：灵巫雀羽。您已激活的坐骑中最高移动速度+10%。	99	0	1	18
8578	99	2200	JD_RideHeader9_14							0	0	0	1	0		坐骑：灵巫雀羽。您已激活的坐骑中最高移动速度+20%。	99	0	1	18
8579	99	2200	JD_RideHeader9_14							0	0	0	1	0		坐骑：灵巫雀羽。您已激活的坐骑中最高移动速度+40%。	99	0	1	18
8580	99	2200	JD_RideHeader9_14							0	0	0	1	0		坐骑：灵巫雀羽。您已激活的坐骑中最高移动速度+70%。	99	0	1	18
8581	99	2200	JD_RideHeader9_14							0	0	0	1	0		坐骑：灵巫雀羽。您已激活的坐骑中最高移动速度+75%。	99	0	1	18
8582	99	2200	JD_RideHeader9_14							0	0	0	1	0		坐骑：灵巫雀羽。您已激活的坐骑中最高移动速度+80%。	99	0	1	18
8583	99	2200	JD_RideHeader9_14							0	0	0	1	0		坐骑：灵巫雀羽。您已激活的坐骑中最高移动速度+85%。	99	0	1	18
8584	99	2200	JD_RideHeader9_14							0	0	0	1	0		坐骑：灵巫雀羽。您已激活的坐骑中最高移动速度+90%。	99	0	1	18
#坐骑：喜庆熊猫
8585	99	2200	JD_RideHeader4_6							0	0	0	1	0		坐骑：喜庆熊猫。您已激活的坐骑中最高移动速度+10%。	99	0	1	18
8586	99	2200	JD_RideHeader4_6							0	0	0	1	0		坐骑：喜庆熊猫。您已激活的坐骑中最高移动速度+20%。	99	0	1	18
8587	99	2200	JD_RideHeader4_6							0	0	0	1	0		坐骑：喜庆熊猫。您已激活的坐骑中最高移动速度+40%。	99	0	1	18
8588	99	2200	JD_RideHeader4_6							0	0	0	1	0		坐骑：喜庆熊猫。您已激活的坐骑中最高移动速度+70%。	99	0	1	18
8589	99	2200	JD_RideHeader4_6							0	0	0	1	0		坐骑：喜庆熊猫。您已激活的坐骑中最高移动速度+75%。	99	0	1	18
8590	99	2200	JD_RideHeader4_6							0	0	0	1	0		坐骑：喜庆熊猫。您已激活的坐骑中最高移动速度+80%。	99	0	1	18
8591	99	2200	JD_RideHeader4_6							0	0	0	1	0		坐骑：喜庆熊猫。您已激活的坐骑中最高移动速度+85%。	99	0	1	18
8592	99	2200	JD_RideHeader4_6							0	0	0	1	0		坐骑：喜庆熊猫。您已激活的坐骑中最高移动速度+90%。	99	0	1	18
#坐骑：地火离炎兽
8593	99	2200	JD_RideHeader10_1							0	0	0	1	0		坐骑：地火离炎兽。您已激活的坐骑中最高移动速度+10%。	99	0	1	18
8594	99	2200	JD_RideHeader10_1							0	0	0	1	0		坐骑：地火离炎兽。您已激活的坐骑中最高移动速度+20%。	99	0	1	18
8595	99	2200	JD_RideHeader10_1							0	0	0	1	0		坐骑：地火离炎兽。您已激活的坐骑中最高移动速度+40%。	99	0	1	18
8596	99	2200	JD_RideHeader10_1							0	0	0	1	0		坐骑：地火离炎兽。您已激活的坐骑中最高移动速度+70%。	99	0	1	18
8597	99	2200	JD_RideHeader10_1							0	0	0	1	0		坐骑：地火离炎兽。您已激活的坐骑中最高移动速度+75%。	99	0	1	18
8598	99	2200	JD_RideHeader10_1							0	0	0	1	0		坐骑：地火离炎兽。您已激活的坐骑中最高移动速度+80%。	99	0	1	18
8599	99	2200	JD_RideHeader10_1							0	0	0	1	0		坐骑：地火离炎兽。您已激活的坐骑中最高移动速度+85%。	99	0	1	18
8600	99	2200	JD_RideHeader10_1							0	0	0	1	0		坐骑：地火离炎兽。您已激活的坐骑中最高移动速度+90%。	99	0	1	18
#坐骑：布丁甜心
8601	99	2200	JD_RideHeader10_2							0	0	0	1	0		坐骑：布丁甜心。您已激活的坐骑中最高移动速度+10%。	99	0	1	18
8602	99	2200	JD_RideHeader10_2							0	0	0	1	0		坐骑：布丁甜心。您已激活的坐骑中最高移动速度+20%。	99	0	1	18
8603	99	2200	JD_RideHeader10_2							0	0	0	1	0		坐骑：布丁甜心。您已激活的坐骑中最高移动速度+40%。	99	0	1	18
8604	99	2200	JD_RideHeader10_2							0	0	0	1	0		坐骑：布丁甜心。您已激活的坐骑中最高移动速度+70%。	99	0	1	18
8605	99	2200	JD_RideHeader10_2							0	0	0	1	0		坐骑：布丁甜心。您已激活的坐骑中最高移动速度+75%。	99	0	1	18
8606	99	2200	JD_RideHeader10_2							0	0	0	1	0		坐骑：布丁甜心。您已激活的坐骑中最高移动速度+80%。	99	0	1	18
8607	99	2200	JD_RideHeader10_2							0	0	0	1	0		坐骑：布丁甜心。您已激活的坐骑中最高移动速度+85%。	99	0	1	18
8608	99	2200	JD_RideHeader10_2							0	0	0	1	0		坐骑：布丁甜心。您已激活的坐骑中最高移动速度+90%。	99	0	1	18
#坐骑：灵狐
8609	99	2200	JD_RideHeader10_3							0	0	0	1	0		坐骑：灵狐。您已激活的坐骑中最高移动速度+10%。	99	0	1	18
8610	99	2200	JD_RideHeader10_3							0	0	0	1	0		坐骑：灵狐。您已激活的坐骑中最高移动速度+20%。	99	0	1	18
8611	99	2200	JD_RideHeader10_3							0	0	0	1	0		坐骑：灵狐。您已激活的坐骑中最高移动速度+40%。	99	0	1	18
8612	99	2200	JD_RideHeader10_3							0	0	0	1	0		坐骑：灵狐。您已激活的坐骑中最高移动速度+70%。	99	0	1	18
8613	99	2200	JD_RideHeader10_3							0	0	0	1	0		坐骑：灵狐。您已激活的坐骑中最高移动速度+75%。	99	0	1	18
8614	99	2200	JD_RideHeader10_3							0	0	0	1	0		坐骑：灵狐。您已激活的坐骑中最高移动速度+80%。	99	0	1	18
8615	99	2200	JD_RideHeader10_3							0	0	0	1	0		坐骑：灵狐。您已激活的坐骑中最高移动速度+85%。	99	0	1	18
8616	99	2200	JD_RideHeader10_3							0	0	0	1	0		坐骑：灵狐。您已激活的坐骑中最高移动速度+90%。	99	0	1	18
#坐骑：赤尾狐
8617	99	2200	JD_RideHeader10_4							0	0	0	1	0		坐骑：赤尾狐。您已激活的坐骑中最高移动速度+10%。	99	0	1	18
8618	99	2200	JD_RideHeader10_4							0	0	0	1	0		坐骑：赤尾狐。您已激活的坐骑中最高移动速度+20%。	99	0	1	18
8619	99	2200	JD_RideHeader10_4							0	0	0	1	0		坐骑：赤尾狐。您已激活的坐骑中最高移动速度+40%。	99	0	1	18
8620	99	2200	JD_RideHeader10_4							0	0	0	1	0		坐骑：赤尾狐。您已激活的坐骑中最高移动速度+70%。	99	0	1	18
8621	99	2200	JD_RideHeader10_4							0	0	0	1	0		坐骑：赤尾狐。您已激活的坐骑中最高移动速度+75%。	99	0	1	18
8622	99	2200	JD_RideHeader10_4							0	0	0	1	0		坐骑：赤尾狐。您已激活的坐骑中最高移动速度+80%。	99	0	1	18
8623	99	2200	JD_RideHeader10_4							0	0	0	1	0		坐骑：赤尾狐。您已激活的坐骑中最高移动速度+85%。	99	0	1	18
8624	99	2200	JD_RideHeader10_4							0	0	0	1	0		坐骑：赤尾狐。您已激活的坐骑中最高移动速度+90%。	99	0	1	18
#坐骑：玄天狐
8625	99	2200	JD_RideHeader10_5							0	0	0	1	0		坐骑：玄天狐。您已激活的坐骑中最高移动速度+10%。	99	0	1	18
8626	99	2200	JD_RideHeader10_5							0	0	0	1	0		坐骑：玄天狐。您已激活的坐骑中最高移动速度+20%。	99	0	1	18
8627	99	2200	JD_RideHeader10_5							0	0	0	1	0		坐骑：玄天狐。您已激活的坐骑中最高移动速度+40%。	99	0	1	18
8628	99	2200	JD_RideHeader10_5							0	0	0	1	0		坐骑：玄天狐。您已激活的坐骑中最高移动速度+70%。	99	0	1	18
8629	99	2200	JD_RideHeader10_5							0	0	0	1	0		坐骑：玄天狐。您已激活的坐骑中最高移动速度+75%。	99	0	1	18
8630	99	2200	JD_RideHeader10_5							0	0	0	1	0		坐骑：玄天狐。您已激活的坐骑中最高移动速度+80%。	99	0	1	18
8631	99	2200	JD_RideHeader10_5							0	0	0	1	0		坐骑：玄天狐。您已激活的坐骑中最高移动速度+85%。	99	0	1	18
8632	99	2200	JD_RideHeader10_5							0	0	0	1	0		坐骑：玄天狐。您已激活的坐骑中最高移动速度+90%。	99	0	1	18
#坐骑：仿·玄天狐
8633	99	2200	JD_RideHeader10_5							0	0	0	1	0		坐骑：仿·玄天狐。您已激活的坐骑中最高移动速度+10%。	99	0	1	18
8634	99	2200	JD_RideHeader10_5							0	0	0	1	0		坐骑：仿·玄天狐。您已激活的坐骑中最高移动速度+20%。	99	0	1	18
8635	99	2200	JD_RideHeader10_5							0	0	0	1	0		坐骑：仿·玄天狐。您已激活的坐骑中最高移动速度+40%。	99	0	1	18
8636	99	2200	JD_RideHeader10_5							0	0	0	1	0		坐骑：仿·玄天狐。您已激活的坐骑中最高移动速度+70%。	99	0	1	18
8637	99	2200	JD_RideHeader10_5							0	0	0	1	0		坐骑：仿·玄天狐。您已激活的坐骑中最高移动速度+75%。	99	0	1	18
8638	99	2200	JD_RideHeader10_5							0	0	0	1	0		坐骑：仿·玄天狐。您已激活的坐骑中最高移动速度+80%。	99	0	1	18
8639	99	2200	JD_RideHeader10_5							0	0	0	1	0		坐骑：仿·玄天狐。您已激活的坐骑中最高移动速度+85%。	99	0	1	18
8640	99	2200	JD_RideHeader10_5							0	0	0	1	0		坐骑：仿·玄天狐。您已激活的坐骑中最高移动速度+90%。	99	0	1	18
#坐骑：战天狼
8641	99	2200	JD_RideHeader10_6							0	0	0	1	0		坐骑：战天狼。您已激活的坐骑中最高移动速度+10%。	99	0	1	18
8642	99	2200	JD_RideHeader10_6							0	0	0	1	0		坐骑：战天狼。您已激活的坐骑中最高移动速度+20%。	99	0	1	18
8643	99	2200	JD_RideHeader10_6							0	0	0	1	0		坐骑：战天狼。您已激活的坐骑中最高移动速度+40%。	99	0	1	18
8644	99	2200	JD_RideHeader10_6							0	0	0	1	0		坐骑：战天狼。您已激活的坐骑中最高移动速度+70%。	99	0	1	18
8645	99	2200	JD_RideHeader10_6							0	0	0	1	0		坐骑：战天狼。您已激活的坐骑中最高移动速度+75%。	99	0	1	18
8646	99	2200	JD_RideHeader10_6							0	0	0	1	0		坐骑：战天狼。您已激活的坐骑中最高移动速度+80%。	99	0	1	18
8647	99	2200	JD_RideHeader10_6							0	0	0	1	0		坐骑：战天狼。您已激活的坐骑中最高移动速度+85%。	99	0	1	18
8648	99	2200	JD_RideHeader10_6							0	0	0	1	0		坐骑：战天狼。您已激活的坐骑中最高移动速度+90%。	99	0	1	18
#坐骑：雪鹿橇
8649	99	2200	JD_RideHeader10_8							0	0	0	1	0		坐骑：雪鹿橇。您已激活的坐骑中最高移动速度+10%。	99	0	1	18
8650	99	2200	JD_RideHeader10_8							0	0	0	1	0		坐骑：雪鹿橇。您已激活的坐骑中最高移动速度+20%。	99	0	1	18
8651	99	2200	JD_RideHeader10_8							0	0	0	1	0		坐骑：雪鹿橇。您已激活的坐骑中最高移动速度+40%。	99	0	1	18
8652	99	2200	JD_RideHeader10_8							0	0	0	1	0		坐骑：雪鹿橇。您已激活的坐骑中最高移动速度+70%。	99	0	1	18
8653	99	2200	JD_RideHeader10_8							0	0	0	1	0		坐骑：雪鹿橇。您已激活的坐骑中最高移动速度+75%。	99	0	1	18
8654	99	2200	JD_RideHeader10_8							0	0	0	1	0		坐骑：雪鹿橇。您已激活的坐骑中最高移动速度+80%。	99	0	1	18
8655	99	2200	JD_RideHeader10_8							0	0	0	1	0		坐骑：雪鹿橇。您已激活的坐骑中最高移动速度+85%。	99	0	1	18
8656	99	2200	JD_RideHeader10_8							0	0	0	1	0		坐骑：雪鹿橇。您已激活的坐骑中最高移动速度+90%。	99	0	1	18
#坐骑：福瑞锦龙
8657	99	2200	JD_RideHeader10_9							0	0	0	1	0		坐骑：福瑞锦龙。您已激活的坐骑中最高移动速度+10%。	99	0	1	18
8658	99	2200	JD_RideHeader10_9							0	0	0	1	0		坐骑：福瑞锦龙。您已激活的坐骑中最高移动速度+20%。	99	0	1	18
8659	99	2200	JD_RideHeader10_9							0	0	0	1	0		坐骑：福瑞锦龙。您已激活的坐骑中最高移动速度+40%。	99	0	1	18
8660	99	2200	JD_RideHeader10_9							0	0	0	1	0		坐骑：福瑞锦龙。您已激活的坐骑中最高移动速度+70%。	99	0	1	18
8661	99	2200	JD_RideHeader10_9							0	0	0	1	0		坐骑：福瑞锦龙。您已激活的坐骑中最高移动速度+75%。	99	0	1	18
8662	99	2200	JD_RideHeader10_9							0	0	0	1	0		坐骑：福瑞锦龙。您已激活的坐骑中最高移动速度+80%。	99	0	1	18
8663	99	2200	JD_RideHeader10_9							0	0	0	1	0		坐骑：福瑞锦龙。您已激活的坐骑中最高移动速度+85%。	99	0	1	18
8664	99	2200	JD_RideHeader10_9							0	0	0	1	0		坐骑：福瑞锦龙。您已激活的坐骑中最高移动速度+90%。	99	0	1	18
#坐骑：岐首龙君
8665	99	2200	JD_RideHeader10_10							0	0	0	1	0		坐骑：岐首龙君。您已激活的坐骑中最高移动速度+10%。	99	0	1	18
8666	99	2200	JD_RideHeader10_10							0	0	0	1	0		坐骑：岐首龙君。您已激活的坐骑中最高移动速度+20%。	99	0	1	18
8667	99	2200	JD_RideHeader10_10							0	0	0	1	0		坐骑：岐首龙君。您已激活的坐骑中最高移动速度+40%。	99	0	1	18
8668	99	2200	JD_RideHeader10_10							0	0	0	1	0		坐骑：岐首龙君。您已激活的坐骑中最高移动速度+70%。	99	0	1	18
8669	99	2200	JD_RideHeader10_10							0	0	0	1	0		坐骑：岐首龙君。您已激活的坐骑中最高移动速度+75%。	99	0	1	18
8670	99	2200	JD_RideHeader10_10							0	0	0	1	0		坐骑：岐首龙君。您已激活的坐骑中最高移动速度+80%。	99	0	1	18
8671	99	2200	JD_RideHeader10_10							0	0	0	1	0		坐骑：岐首龙君。您已激活的坐骑中最高移动速度+85%。	99	0	1	18
8672	99	2200	JD_RideHeader10_10							0	0	0	1	0		坐骑：岐首龙君。您已激活的坐骑中最高移动速度+90%。	99	0	1	18
#坐骑：青霄
8673	99	2200	JD_RideHeader10_12							0	0	0	1	0		坐骑：青霄。您已激活的坐骑中最高移动速度+10%。	99	0	1	18
8674	99	2200	JD_RideHeader10_12							0	0	0	1	0		坐骑：青霄。您已激活的坐骑中最高移动速度+20%。	99	0	1	18
8675	99	2200	JD_RideHeader10_12							0	0	0	1	0		坐骑：青霄。您已激活的坐骑中最高移动速度+40%。	99	0	1	18
8676	99	2200	JD_RideHeader10_12							0	0	0	1	0		坐骑：青霄。您已激活的坐骑中最高移动速度+70%。	99	0	1	18
8677	99	2200	JD_RideHeader10_12							0	0	0	1	0		坐骑：青霄。您已激活的坐骑中最高移动速度+75%。	99	0	1	18
8678	99	2200	JD_RideHeader10_12							0	0	0	1	0		坐骑：青霄。您已激活的坐骑中最高移动速度+80%。	99	0	1	18
8679	99	2200	JD_RideHeader10_12							0	0	0	1	0		坐骑：青霄。您已激活的坐骑中最高移动速度+85%。	99	0	1	18
8680	99	2200	JD_RideHeader10_12							0	0	0	1	0		坐骑：青霄。您已激活的坐骑中最高移动速度+90%。	99	0	1	18
#坐骑：云霞
8681	99	2200	JD_RideHeader10_11							0	0	0	1	0		坐骑：云霞。您已激活的坐骑中最高移动速度+10%。	99	0	1	18
8682	99	2200	JD_RideHeader10_11							0	0	0	1	0		坐骑：云霞。您已激活的坐骑中最高移动速度+20%。	99	0	1	18
8683	99	2200	JD_RideHeader10_11							0	0	0	1	0		坐骑：云霞。您已激活的坐骑中最高移动速度+40%。	99	0	1	18
8684	99	2200	JD_RideHeader10_11							0	0	0	1	0		坐骑：云霞。您已激活的坐骑中最高移动速度+70%。	99	0	1	18
8685	99	2200	JD_RideHeader10_11							0	0	0	1	0		坐骑：云霞。您已激活的坐骑中最高移动速度+75%。	99	0	1	18
8686	99	2200	JD_RideHeader10_11							0	0	0	1	0		坐骑：云霞。您已激活的坐骑中最高移动速度+80%。	99	0	1	18
8687	99	2200	JD_RideHeader10_11							0	0	0	1	0		坐骑：云霞。您已激活的坐骑中最高移动速度+85%。	99	0	1	18
8688	99	2200	JD_RideHeader10_11							0	0	0	1	0		坐骑：云霞。您已激活的坐骑中最高移动速度+90%。	99	0	1	18
#坐骑：玉雪青萍
8689	99	2200	JD_RideHeader10_13							0	0	0	1	0		坐骑：玉雪青萍。您已激活的坐骑中最高移动速度+10%。	99	0	1	18
8690	99	2200	JD_RideHeader10_13							0	0	0	1	0		坐骑：玉雪青萍。您已激活的坐骑中最高移动速度+20%。	99	0	1	18
8691	99	2200	JD_RideHeader10_13							0	0	0	1	0		坐骑：玉雪青萍。您已激活的坐骑中最高移动速度+40%。	99	0	1	18
8692	99	2200	JD_RideHeader10_13							0	0	0	1	0		坐骑：玉雪青萍。您已激活的坐骑中最高移动速度+70%。	99	0	1	18
8693	99	2200	JD_RideHeader10_13							0	0	0	1	0		坐骑：玉雪青萍。您已激活的坐骑中最高移动速度+75%。	99	0	1	18
8694	99	2200	JD_RideHeader10_13							0	0	0	1	0		坐骑：玉雪青萍。您已激活的坐骑中最高移动速度+80%。	99	0	1	18
8695	99	2200	JD_RideHeader10_13							0	0	0	1	0		坐骑：玉雪青萍。您已激活的坐骑中最高移动速度+85%。	99	0	1	18
8696	99	2200	JD_RideHeader10_13							0	0	0	1	0		坐骑：玉雪青萍。您已激活的坐骑中最高移动速度+90%。	99	0	1	18
#坐骑：极光羽翼
8697	99	2200	JD_RideHeader10_16							0	0	0	1	0		坐骑：极光羽翼。您已激活的坐骑中最高移动速度+10%。	99	0	1	18
8698	99	2200	JD_RideHeader10_16							0	0	0	1	0		坐骑：极光羽翼。您已激活的坐骑中最高移动速度+20%。	99	0	1	18
8699	99	2200	JD_RideHeader10_16							0	0	0	1	0		坐骑：极光羽翼。您已激活的坐骑中最高移动速度+40%。	99	0	1	18
8700	99	2200	JD_RideHeader10_16							0	0	0	1	0		坐骑：极光羽翼。您已激活的坐骑中最高移动速度+70%。	99	0	1	18
8701	99	2200	JD_RideHeader10_16							0	0	0	1	0		坐骑：极光羽翼。您已激活的坐骑中最高移动速度+75%。	99	0	1	18
8702	99	2200	JD_RideHeader10_16							0	0	0	1	0		坐骑：极光羽翼。您已激活的坐骑中最高移动速度+80%。	99	0	1	18
8703	99	2200	JD_RideHeader10_16							0	0	0	1	0		坐骑：极光羽翼。您已激活的坐骑中最高移动速度+85%。	99	0	1	18
8704	99	2200	JD_RideHeader10_16							0	0	0	1	0		坐骑：极光羽翼。您已激活的坐骑中最高移动速度+90%。	99	0	1	18
#坐骑：霜翎明王雀
8705	99	2200	JD_RideHeader11_1							0	0	0	1	0		坐骑：霜翎明王雀。您已激活的坐骑中最高移动速度+10%。	99	0	1	18
8706	99	2200	JD_RideHeader11_1							0	0	0	1	0		坐骑：霜翎明王雀。您已激活的坐骑中最高移动速度+20%。	99	0	1	18
8707	99	2200	JD_RideHeader11_1							0	0	0	1	0		坐骑：霜翎明王雀。您已激活的坐骑中最高移动速度+40%。	99	0	1	18
8708	99	2200	JD_RideHeader11_1							0	0	0	1	0		坐骑：霜翎明王雀。您已激活的坐骑中最高移动速度+70%。	99	0	1	18
8709	99	2200	JD_RideHeader11_1							0	0	0	1	0		坐骑：霜翎明王雀。您已激活的坐骑中最高移动速度+75%。	99	0	1	18
8710	99	2200	JD_RideHeader11_1							0	0	0	1	0		坐骑：霜翎明王雀。您已激活的坐骑中最高移动速度+80%。	99	0	1	18
8711	99	2200	JD_RideHeader11_1							0	0	0	1	0		坐骑：霜翎明王雀。您已激活的坐骑中最高移动速度+85%。	99	0	1	18
8712	99	2200	JD_RideHeader11_1							0	0	0	1	0		坐骑：霜翎明王雀。您已激活的坐骑中最高移动速度+90%。	99	0	1	18
#坐骑：长歌行
8713	99	2200	JD_RideHeader11_2							0	0	0	1	0		坐骑：长歌行。您已激活的坐骑中最高移动速度+10%。	99	0	1	18
8714	99	2200	JD_RideHeader11_2							0	0	0	1	0		坐骑：长歌行。您已激活的坐骑中最高移动速度+20%。	99	0	1	18
8715	99	2200	JD_RideHeader11_2							0	0	0	1	0		坐骑：长歌行。您已激活的坐骑中最高移动速度+40%。	99	0	1	18
8716	99	2200	JD_RideHeader11_2							0	0	0	1	0		坐骑：长歌行。您已激活的坐骑中最高移动速度+70%。	99	0	1	18
8717	99	2200	JD_RideHeader11_2							0	0	0	1	0		坐骑：长歌行。您已激活的坐骑中最高移动速度+75%。	99	0	1	18
8718	99	2200	JD_RideHeader11_2							0	0	0	1	0		坐骑：长歌行。您已激活的坐骑中最高移动速度+80%。	99	0	1	18
8719	99	2200	JD_RideHeader11_2							0	0	0	1	0		坐骑：长歌行。您已激活的坐骑中最高移动速度+85%。	99	0	1	18
8720	99	2200	JD_RideHeader11_2							0	0	0	1	0		坐骑：长歌行。您已激活的坐骑中最高移动速度+90%。	99	0	1	18
#坐骑：鹊歌锦羽
8721	99	2200	JD_RideHeader11_3							0	0	0	1	0		坐骑：鹊歌锦羽。您已激活的坐骑中最高移动速度+10%。	99	0	1	18
8722	99	2200	JD_RideHeader11_3							0	0	0	1	0		坐骑：鹊歌锦羽。您已激活的坐骑中最高移动速度+20%。	99	0	1	18
8723	99	2200	JD_RideHeader11_3							0	0	0	1	0		坐骑：鹊歌锦羽。您已激活的坐骑中最高移动速度+40%。	99	0	1	18
8724	99	2200	JD_RideHeader11_3							0	0	0	1	0		坐骑：鹊歌锦羽。您已激活的坐骑中最高移动速度+70%。	99	0	1	18
8725	99	2200	JD_RideHeader11_3							0	0	0	1	0		坐骑：鹊歌锦羽。您已激活的坐骑中最高移动速度+75%。	99	0	1	18
8726	99	2200	JD_RideHeader11_3							0	0	0	1	0		坐骑：鹊歌锦羽。您已激活的坐骑中最高移动速度+80%。	99	0	1	18
8727	99	2200	JD_RideHeader11_3							0	0	0	1	0		坐骑：鹊歌锦羽。您已激活的坐骑中最高移动速度+85%。	99	0	1	18
8728	99	2200	JD_RideHeader11_3							0	0	0	1	0		坐骑：鹊歌锦羽。您已激活的坐骑中最高移动速度+90%。	99	0	1	18
#坐骑：鹊暝墨羽
8729	99	2200	JD_RideHeader11_4							0	0	0	1	0		坐骑：鹊暝墨羽。您已激活的坐骑中最高移动速度+10%。	99	0	1	18
8730	99	2200	JD_RideHeader11_4							0	0	0	1	0		坐骑：鹊暝墨羽。您已激活的坐骑中最高移动速度+20%。	99	0	1	18
8731	99	2200	JD_RideHeader11_4							0	0	0	1	0		坐骑：鹊暝墨羽。您已激活的坐骑中最高移动速度+40%。	99	0	1	18
8732	99	2200	JD_RideHeader11_4							0	0	0	1	0		坐骑：鹊暝墨羽。您已激活的坐骑中最高移动速度+70%。	99	0	1	18
8733	99	2200	JD_RideHeader11_4							0	0	0	1	0		坐骑：鹊暝墨羽。您已激活的坐骑中最高移动速度+75%。	99	0	1	18
8734	99	2200	JD_RideHeader11_4							0	0	0	1	0		坐骑：鹊暝墨羽。您已激活的坐骑中最高移动速度+80%。	99	0	1	18
8735	99	2200	JD_RideHeader11_4							0	0	0	1	0		坐骑：鹊暝墨羽。您已激活的坐骑中最高移动速度+85%。	99	0	1	18
8736	99	2200	JD_RideHeader11_4							0	0	0	1	0		坐骑：鹊暝墨羽。您已激活的坐骑中最高移动速度+90%。	99	0	1	18
#坐骑：花月引
8737	99	2200	JD_RideHeader11_5							0	0	0	1	0		坐骑：花月引。您已激活的坐骑中最高移动速度+10%。	99	0	1	18
8738	99	2200	JD_RideHeader11_5							0	0	0	1	0		坐骑：花月引。您已激活的坐骑中最高移动速度+20%。	99	0	1	18
8739	99	2200	JD_RideHeader11_5							0	0	0	1	0		坐骑：花月引。您已激活的坐骑中最高移动速度+40%。	99	0	1	18
8740	99	2200	JD_RideHeader11_5							0	0	0	1	0		坐骑：花月引。您已激活的坐骑中最高移动速度+70%。	99	0	1	18
8741	99	2200	JD_RideHeader11_5							0	0	0	1	0		坐骑：花月引。您已激活的坐骑中最高移动速度+75%。	99	0	1	18
8742	99	2200	JD_RideHeader11_5							0	0	0	1	0		坐骑：花月引。您已激活的坐骑中最高移动速度+80%。	99	0	1	18
8743	99	2200	JD_RideHeader11_5							0	0	0	1	0		坐骑：花月引。您已激活的坐骑中最高移动速度+85%。	99	0	1	18
8744	99	2200	JD_RideHeader11_5							0	0	0	1	0		坐骑：花月引。您已激活的坐骑中最高移动速度+90%。	99	0	1	18
#坐骑：御锋行
8745	99	2200	JD_RideHeader11_6							0	0	0	1	0		坐骑：御锋行。您已激活的坐骑中最高移动速度+10%。	99	0	1	18
8746	99	2200	JD_RideHeader11_6							0	0	0	1	0		坐骑：御锋行。您已激活的坐骑中最高移动速度+20%。	99	0	1	18
8747	99	2200	JD_RideHeader11_6							0	0	0	1	0		坐骑：御锋行。您已激活的坐骑中最高移动速度+40%。	99	0	1	18
8748	99	2200	JD_RideHeader11_6							0	0	0	1	0		坐骑：御锋行。您已激活的坐骑中最高移动速度+70%。	99	0	1	18
8749	99	2200	JD_RideHeader11_6							0	0	0	1	0		坐骑：御锋行。您已激活的坐骑中最高移动速度+75%。	99	0	1	18
8750	99	2200	JD_RideHeader11_6							0	0	0	1	0		坐骑：御锋行。您已激活的坐骑中最高移动速度+80%。	99	0	1	18
8751	99	2200	JD_RideHeader11_6							0	0	0	1	0		坐骑：御锋行。您已激活的坐骑中最高移动速度+85%。	99	0	1	18
8752	99	2200	JD_RideHeader11_6							0	0	0	1	0		坐骑：御锋行。您已激活的坐骑中最高移动速度+90%。	99	0	1	18
#坐骑：栖凤歌
8753	99	2200	JD_RideHeader11_7							0	0	0	1	0		坐骑：栖凤歌。您已激活的坐骑中最高移动速度+10%。	99	0	1	18
8754	99	2200	JD_RideHeader11_7							0	0	0	1	0		坐骑：栖凤歌。您已激活的坐骑中最高移动速度+20%。	99	0	1	18
8755	99	2200	JD_RideHeader11_7							0	0	0	1	0		坐骑：栖凤歌。您已激活的坐骑中最高移动速度+40%。	99	0	1	18
8756	99	2200	JD_RideHeader11_7							0	0	0	1	0		坐骑：栖凤歌。您已激活的坐骑中最高移动速度+70%。	99	0	1	18
8757	99	2200	JD_RideHeader11_7							0	0	0	1	0		坐骑：栖凤歌。您已激活的坐骑中最高移动速度+75%。	99	0	1	18
8758	99	2200	JD_RideHeader11_7							0	0	0	1	0		坐骑：栖凤歌。您已激活的坐骑中最高移动速度+80%。	99	0	1	18
8759	99	2200	JD_RideHeader11_7							0	0	0	1	0		坐骑：栖凤歌。您已激活的坐骑中最高移动速度+85%。	99	0	1	18
8760	99	2200	JD_RideHeader11_7							0	0	0	1	0		坐骑：栖凤歌。您已激活的坐骑中最高移动速度+90%。	99	0	1	18
#坐骑：霞上仙
8761	99	2200	JD_RideHeader11_8							0	0	0	1	0		坐骑：霞上仙。您已激活的坐骑中最高移动速度+10%。	99	0	1	18
8762	99	2200	JD_RideHeader11_8							0	0	0	1	0		坐骑：霞上仙。您已激活的坐骑中最高移动速度+20%。	99	0	1	18
8763	99	2200	JD_RideHeader11_8							0	0	0	1	0		坐骑：霞上仙。您已激活的坐骑中最高移动速度+40%。	99	0	1	18
8764	99	2200	JD_RideHeader11_8							0	0	0	1	0		坐骑：霞上仙。您已激活的坐骑中最高移动速度+70%。	99	0	1	18
8765	99	2200	JD_RideHeader11_8							0	0	0	1	0		坐骑：霞上仙。您已激活的坐骑中最高移动速度+75%。	99	0	1	18
8766	99	2200	JD_RideHeader11_8							0	0	0	1	0		坐骑：霞上仙。您已激活的坐骑中最高移动速度+80%。	99	0	1	18
8767	99	2200	JD_RideHeader11_8							0	0	0	1	0		坐骑：霞上仙。您已激活的坐骑中最高移动速度+85%。	99	0	1	18
8768	99	2200	JD_RideHeader11_8							0	0	0	1	0		坐骑：霞上仙。您已激活的坐骑中最高移动速度+90%。	99	0	1	18
#坐骑：木鸢
8769	99	2200	JD_RideHeader11_9							0	0	0	1	0		坐骑：木鸢。您已激活的坐骑中最高移动速度+10%。	99	0	1	18
8770	99	2200	JD_RideHeader11_9							0	0	0	1	0		坐骑：木鸢。您已激活的坐骑中最高移动速度+20%。	99	0	1	18
8771	99	2200	JD_RideHeader11_9							0	0	0	1	0		坐骑：木鸢。您已激活的坐骑中最高移动速度+40%。	99	0	1	18
8772	99	2200	JD_RideHeader11_9							0	0	0	1	0		坐骑：木鸢。您已激活的坐骑中最高移动速度+70%。	99	0	1	18
8773	99	2200	JD_RideHeader11_9							0	0	0	1	0		坐骑：木鸢。您已激活的坐骑中最高移动速度+75%。	99	0	1	18
8774	99	2200	JD_RideHeader11_9							0	0	0	1	0		坐骑：木鸢。您已激活的坐骑中最高移动速度+80%。	99	0	1	18
8775	99	2200	JD_RideHeader11_9							0	0	0	1	0		坐骑：木鸢。您已激活的坐骑中最高移动速度+85%。	99	0	1	18
8776	99	2200	JD_RideHeader11_9							0	0	0	1	0		坐骑：木鸢。您已激活的坐骑中最高移动速度+90%。	99	0	1	18
#坐骑：晴风鸢
8777	99	2200	JD_RideHeader11_10							0	0	0	1	0		坐骑：晴风鸢。您已激活的坐骑中最高移动速度+10%。	99	0	1	18
8778	99	2200	JD_RideHeader11_10							0	0	0	1	0		坐骑：晴风鸢。您已激活的坐骑中最高移动速度+20%。	99	0	1	18
8779	99	2200	JD_RideHeader11_10							0	0	0	1	0		坐骑：晴风鸢。您已激活的坐骑中最高移动速度+40%。	99	0	1	18
8780	99	2200	JD_RideHeader11_10							0	0	0	1	0		坐骑：晴风鸢。您已激活的坐骑中最高移动速度+70%。	99	0	1	18
8781	99	2200	JD_RideHeader11_10							0	0	0	1	0		坐骑：晴风鸢。您已激活的坐骑中最高移动速度+75%。	99	0	1	18
8782	99	2200	JD_RideHeader11_10							0	0	0	1	0		坐骑：晴风鸢。您已激活的坐骑中最高移动速度+80%。	99	0	1	18
8783	99	2200	JD_RideHeader11_10							0	0	0	1	0		坐骑：晴风鸢。您已激活的坐骑中最高移动速度+85%。	99	0	1	18
8784	99	2200	JD_RideHeader11_10							0	0	0	1	0		坐骑：晴风鸢。您已激活的坐骑中最高移动速度+90%。	99	0	1	18
#坐骑：辞云鸢
8785	99	2200	JD_RideHeader11_11							0	0	0	1	0		坐骑：辞云鸢。您已激活的坐骑中最高移动速度+10%。	99	0	1	18
8786	99	2200	JD_RideHeader11_11							0	0	0	1	0		坐骑：辞云鸢。您已激活的坐骑中最高移动速度+20%。	99	0	1	18
8787	99	2200	JD_RideHeader11_11							0	0	0	1	0		坐骑：辞云鸢。您已激活的坐骑中最高移动速度+40%。	99	0	1	18
8788	99	2200	JD_RideHeader11_11							0	0	0	1	0		坐骑：辞云鸢。您已激活的坐骑中最高移动速度+70%。	99	0	1	18
8789	99	2200	JD_RideHeader11_11							0	0	0	1	0		坐骑：辞云鸢。您已激活的坐骑中最高移动速度+75%。	99	0	1	18
8790	99	2200	JD_RideHeader11_11							0	0	0	1	0		坐骑：辞云鸢。您已激活的坐骑中最高移动速度+80%。	99	0	1	18
8791	99	2200	JD_RideHeader11_11							0	0	0	1	0		坐骑：辞云鸢。您已激活的坐骑中最高移动速度+85%。	99	0	1	18
8792	99	2200	JD_RideHeader11_11							0	0	0	1	0		坐骑：辞云鸢。您已激活的坐骑中最高移动速度+90%。	99	0	1	18
#坐骑：乌夜兮游缰
8793	99	2200	JD_RideHeader11_13							0	0	0	1	0		坐骑：乌夜兮游缰。您已激活的坐骑中最高移动速度+10%。	99	0	1	18
8794	99	2200	JD_RideHeader11_13							0	0	0	1	0		坐骑：乌夜兮游缰。您已激活的坐骑中最高移动速度+20%。	99	0	1	18
8795	99	2200	JD_RideHeader11_13							0	0	0	1	0		坐骑：乌夜兮游缰。您已激活的坐骑中最高移动速度+40%。	99	0	1	18
8796	99	2200	JD_RideHeader11_13							0	0	0	1	0		坐骑：乌夜兮游缰。您已激活的坐骑中最高移动速度+70%。	99	0	1	18
8797	99	2200	JD_RideHeader11_13							0	0	0	1	0		坐骑：乌夜兮游缰。您已激活的坐骑中最高移动速度+75%。	99	0	1	18
8798	99	2200	JD_RideHeader11_13							0	0	0	1	0		坐骑：乌夜兮游缰。您已激活的坐骑中最高移动速度+80%。	99	0	1	18
8799	99	2200	JD_RideHeader11_13							0	0	0	1	0		坐骑：乌夜兮游缰。您已激活的坐骑中最高移动速度+85%。	99	0	1	18
8800	99	2200	JD_RideHeader11_13							0	0	0	1	0		坐骑：乌夜兮游缰。您已激活的坐骑中最高移动速度+90%。	99	0	1	18
#坐骑：水客乘鲤去
8801	99	2200	JD_RideHeader11_14							0	0	0	1	0		坐骑：水客乘鲤去。您已激活的坐骑中最高移动速度+10%。	99	0	1	18
8802	99	2200	JD_RideHeader11_14							0	0	0	1	0		坐骑：水客乘鲤去。您已激活的坐骑中最高移动速度+20%。	99	0	1	18
8803	99	2200	JD_RideHeader11_14							0	0	0	1	0		坐骑：水客乘鲤去。您已激活的坐骑中最高移动速度+40%。	99	0	1	18
8804	99	2200	JD_RideHeader11_14							0	0	0	1	0		坐骑：水客乘鲤去。您已激活的坐骑中最高移动速度+70%。	99	0	1	18
8805	99	2200	JD_RideHeader11_14							0	0	0	1	0		坐骑：水客乘鲤去。您已激活的坐骑中最高移动速度+75%。	99	0	1	18
8806	99	2200	JD_RideHeader11_14							0	0	0	1	0		坐骑：水客乘鲤去。您已激活的坐骑中最高移动速度+80%。	99	0	1	18
8807	99	2200	JD_RideHeader11_14							0	0	0	1	0		坐骑：水客乘鲤去。您已激活的坐骑中最高移动速度+85%。	99	0	1	18
8808	99	2200	JD_RideHeader11_14							0	0	0	1	0		坐骑：水客乘鲤去。您已激活的坐骑中最高移动速度+90%。	99	0	1	18
#坐骑：蔓萝纤
8809	99	2200	JD_RideHeader11_12							0	0	0	1	0		坐骑：蔓萝纤。您已激活的坐骑中最高移动速度+10%。	99	0	1	18
8810	99	2200	JD_RideHeader11_12							0	0	0	1	0		坐骑：蔓萝纤。您已激活的坐骑中最高移动速度+20%。	99	0	1	18
8811	99	2200	JD_RideHeader11_12							0	0	0	1	0		坐骑：蔓萝纤。您已激活的坐骑中最高移动速度+40%。	99	0	1	18
8812	99	2200	JD_RideHeader11_12							0	0	0	1	0		坐骑：蔓萝纤。您已激活的坐骑中最高移动速度+70%。	99	0	1	18
8813	99	2200	JD_RideHeader11_12							0	0	0	1	0		坐骑：蔓萝纤。您已激活的坐骑中最高移动速度+75%。	99	0	1	18
8814	99	2200	JD_RideHeader11_12							0	0	0	1	0		坐骑：蔓萝纤。您已激活的坐骑中最高移动速度+80%。	99	0	1	18
8815	99	2200	JD_RideHeader11_12							0	0	0	1	0		坐骑：蔓萝纤。您已激活的坐骑中最高移动速度+85%。	99	0	1	18
8816	99	2200	JD_RideHeader11_12							0	0	0	1	0		坐骑：蔓萝纤。您已激活的坐骑中最高移动速度+90%。	99	0	1	18
#坐骑：坠风莲
8817	99	2200	JD_RideHeader11_16							0	0	0	1	0		坐骑：坠风莲。您已激活的坐骑中最高移动速度+10%。	99	0	1	18
8818	99	2200	JD_RideHeader11_16							0	0	0	1	0		坐骑：坠风莲。您已激活的坐骑中最高移动速度+20%。	99	0	1	18
8819	99	2200	JD_RideHeader11_16							0	0	0	1	0		坐骑：坠风莲。您已激活的坐骑中最高移动速度+40%。	99	0	1	18
8820	99	2200	JD_RideHeader11_16							0	0	0	1	0		坐骑：坠风莲。您已激活的坐骑中最高移动速度+70%。	99	0	1	18
8821	99	2200	JD_RideHeader11_16							0	0	0	1	0		坐骑：坠风莲。您已激活的坐骑中最高移动速度+75%。	99	0	1	18
8822	99	2200	JD_RideHeader11_16							0	0	0	1	0		坐骑：坠风莲。您已激活的坐骑中最高移动速度+80%。	99	0	1	18
8823	99	2200	JD_RideHeader11_16							0	0	0	1	0		坐骑：坠风莲。您已激活的坐骑中最高移动速度+85%。	99	0	1	18
8824	99	2200	JD_RideHeader11_16							0	0	0	1	0		坐骑：坠风莲。您已激活的坐骑中最高移动速度+90%。	99	0	1	18
#坐骑：云水叠
8825	99	2200	JD_RideHeader12_1							0	0	0	1	0		坐骑：云水叠。您已激活的坐骑中最高移动速度+10%。	99	0	1	18
8826	99	2200	JD_RideHeader12_1							0	0	0	1	0		坐骑：云水叠。您已激活的坐骑中最高移动速度+20%。	99	0	1	18
8827	99	2200	JD_RideHeader12_1							0	0	0	1	0		坐骑：云水叠。您已激活的坐骑中最高移动速度+40%。	99	0	1	18
8828	99	2200	JD_RideHeader12_1							0	0	0	1	0		坐骑：云水叠。您已激活的坐骑中最高移动速度+70%。	99	0	1	18
8829	99	2200	JD_RideHeader12_1							0	0	0	1	0		坐骑：云水叠。您已激活的坐骑中最高移动速度+75%。	99	0	1	18
8830	99	2200	JD_RideHeader12_1							0	0	0	1	0		坐骑：云水叠。您已激活的坐骑中最高移动速度+80%。	99	0	1	18
8831	99	2200	JD_RideHeader12_1							0	0	0	1	0		坐骑：云水叠。您已激活的坐骑中最高移动速度+85%。	99	0	1	18
8832	99	2200	JD_RideHeader12_1							0	0	0	1	0		坐骑：云水叠。您已激活的坐骑中最高移动速度+90%。	99	0	1	18
#坐骑：照夜白
8833	99	2200	JD_RideHeader12_3							0	0	0	1	0		坐骑：照夜白。您已激活的坐骑中最高移动速度+10%。	99	0	1	18
8834	99	2200	JD_RideHeader12_3							0	0	0	1	0		坐骑：照夜白。您已激活的坐骑中最高移动速度+20%。	99	0	1	18
8835	99	2200	JD_RideHeader12_3							0	0	0	1	0		坐骑：照夜白。您已激活的坐骑中最高移动速度+40%。	99	0	1	18
8836	99	2200	JD_RideHeader12_3							0	0	0	1	0		坐骑：照夜白。您已激活的坐骑中最高移动速度+70%。	99	0	1	18
8837	99	2200	JD_RideHeader12_3							0	0	0	1	0		坐骑：照夜白。您已激活的坐骑中最高移动速度+75%。	99	0	1	18
8838	99	2200	JD_RideHeader12_3							0	0	0	1	0		坐骑：照夜白。您已激活的坐骑中最高移动速度+80%。	99	0	1	18
8839	99	2200	JD_RideHeader12_3							0	0	0	1	0		坐骑：照夜白。您已激活的坐骑中最高移动速度+85%。	99	0	1	18
8840	99	2200	JD_RideHeader12_3							0	0	0	1	0		坐骑：照夜白。您已激活的坐骑中最高移动速度+90%。	99	0	1	18
#坐骑：香鬃乌
8841	99	2200	JD_RideHeader12_4							0	0	0	1	0		坐骑：香鬃乌。您已激活的坐骑中最高移动速度+10%。	99	0	1	18
8842	99	2200	JD_RideHeader12_4							0	0	0	1	0		坐骑：香鬃乌。您已激活的坐骑中最高移动速度+20%。	99	0	1	18
8843	99	2200	JD_RideHeader12_4							0	0	0	1	0		坐骑：香鬃乌。您已激活的坐骑中最高移动速度+40%。	99	0	1	18
8844	99	2200	JD_RideHeader12_4							0	0	0	1	0		坐骑：香鬃乌。您已激活的坐骑中最高移动速度+70%。	99	0	1	18
8845	99	2200	JD_RideHeader12_4							0	0	0	1	0		坐骑：香鬃乌。您已激活的坐骑中最高移动速度+75%。	99	0	1	18
8846	99	2200	JD_RideHeader12_4							0	0	0	1	0		坐骑：香鬃乌。您已激活的坐骑中最高移动速度+80%。	99	0	1	18
8847	99	2200	JD_RideHeader12_4							0	0	0	1	0		坐骑：香鬃乌。您已激活的坐骑中最高移动速度+85%。	99	0	1	18
8848	99	2200	JD_RideHeader12_4							0	0	0	1	0		坐骑：香鬃乌。您已激活的坐骑中最高移动速度+90%。	99	0	1	18
#坐骑：金鞍映雪
8849	99	2200	JD_RideHeader12_2							0	0	0	1	0		坐骑：金鞍映雪。您已激活的坐骑中最高移动速度+10%。	99	0	1	18
8850	99	2200	JD_RideHeader12_2							0	0	0	1	0		坐骑：金鞍映雪。您已激活的坐骑中最高移动速度+20%。	99	0	1	18
8851	99	2200	JD_RideHeader12_2							0	0	0	1	0		坐骑：金鞍映雪。您已激活的坐骑中最高移动速度+40%。	99	0	1	18
8852	99	2200	JD_RideHeader12_2							0	0	0	1	0		坐骑：金鞍映雪。您已激活的坐骑中最高移动速度+70%。	99	0	1	18
8853	99	2200	JD_RideHeader12_2							0	0	0	1	0		坐骑：金鞍映雪。您已激活的坐骑中最高移动速度+75%。	99	0	1	18
8854	99	2200	JD_RideHeader12_2							0	0	0	1	0		坐骑：金鞍映雪。您已激活的坐骑中最高移动速度+80%。	99	0	1	18
8855	99	2200	JD_RideHeader12_2							0	0	0	1	0		坐骑：金鞍映雪。您已激活的坐骑中最高移动速度+85%。	99	0	1	18
8856	99	2200	JD_RideHeader12_2							0	0	0	1	0		坐骑：金鞍映雪。您已激活的坐骑中最高移动速度+90%。	99	0	1	18
#坐骑：碧海照玉阶
8857	99	2200	JD_RideHeader12_6							0	0	0	1	0		坐骑：碧海照玉阶。您已激活的坐骑中最高移动速度+10%。	99	0	1	18
8858	99	2200	JD_RideHeader12_6							0	0	0	1	0		坐骑：碧海照玉阶。您已激活的坐骑中最高移动速度+20%。	99	0	1	18
8859	99	2200	JD_RideHeader12_6							0	0	0	1	0		坐骑：碧海照玉阶。您已激活的坐骑中最高移动速度+40%。	99	0	1	18
8860	99	2200	JD_RideHeader12_6							0	0	0	1	0		坐骑：碧海照玉阶。您已激活的坐骑中最高移动速度+70%。	99	0	1	18
8861	99	2200	JD_RideHeader12_6							0	0	0	1	0		坐骑：碧海照玉阶。您已激活的坐骑中最高移动速度+75%。	99	0	1	18
8862	99	2200	JD_RideHeader12_6							0	0	0	1	0		坐骑：碧海照玉阶。您已激活的坐骑中最高移动速度+80%。	99	0	1	18
8863	99	2200	JD_RideHeader12_6							0	0	0	1	0		坐骑：碧海照玉阶。您已激活的坐骑中最高移动速度+85%。	99	0	1	18
8864	99	2200	JD_RideHeader12_6							0	0	0	1	0		坐骑：碧海照玉阶。您已激活的坐骑中最高移动速度+90%。	99	0	1	18
#坐骑：寒宫倚桂枝
8865	99	2200	JD_RideHeader12_7							0	0	0	1	0		坐骑：寒宫倚桂枝。您已激活的坐骑中最高移动速度+10%。	99	0	1	18
8866	99	2200	JD_RideHeader12_7							0	0	0	1	0		坐骑：寒宫倚桂枝。您已激活的坐骑中最高移动速度+20%。	99	0	1	18
8867	99	2200	JD_RideHeader12_7							0	0	0	1	0		坐骑：寒宫倚桂枝。您已激活的坐骑中最高移动速度+40%。	99	0	1	18
8868	99	2200	JD_RideHeader12_7							0	0	0	1	0		坐骑：寒宫倚桂枝。您已激活的坐骑中最高移动速度+70%。	99	0	1	18
8869	99	2200	JD_RideHeader12_7							0	0	0	1	0		坐骑：寒宫倚桂枝。您已激活的坐骑中最高移动速度+75%。	99	0	1	18
8870	99	2200	JD_RideHeader12_7							0	0	0	1	0		坐骑：寒宫倚桂枝。您已激活的坐骑中最高移动速度+80%。	99	0	1	18
8871	99	2200	JD_RideHeader12_7							0	0	0	1	0		坐骑：寒宫倚桂枝。您已激活的坐骑中最高移动速度+85%。	99	0	1	18
8872	99	2200	JD_RideHeader12_7							0	0	0	1	0		坐骑：寒宫倚桂枝。您已激活的坐骑中最高移动速度+90%。	99	0	1	18
#坐骑：与春归
8873	99	2200	JD_RideHeader12_8							0	0	0	1	0		坐骑：与春归。您已激活的坐骑中最高移动速度+10%。	99	0	1	18
8874	99	2200	JD_RideHeader12_8							0	0	0	1	0		坐骑：与春归。您已激活的坐骑中最高移动速度+20%。	99	0	1	18
8875	99	2200	JD_RideHeader12_8							0	0	0	1	0		坐骑：与春归。您已激活的坐骑中最高移动速度+40%。	99	0	1	18
8876	99	2200	JD_RideHeader12_8							0	0	0	1	0		坐骑：与春归。您已激活的坐骑中最高移动速度+70%。	99	0	1	18
8877	99	2200	JD_RideHeader12_8							0	0	0	1	0		坐骑：与春归。您已激活的坐骑中最高移动速度+75%。	99	0	1	18
8878	99	2200	JD_RideHeader12_8							0	0	0	1	0		坐骑：与春归。您已激活的坐骑中最高移动速度+80%。	99	0	1	18
8879	99	2200	JD_RideHeader12_8							0	0	0	1	0		坐骑：与春归。您已激活的坐骑中最高移动速度+85%。	99	0	1	18
8880	99	2200	JD_RideHeader12_8							0	0	0	1	0		坐骑：与春归。您已激活的坐骑中最高移动速度+90%。	99	0	1	18
#坐骑：福魁狻猊
8881	99	2200	JD_RideHeader12_5							0	0	0	1	0		坐骑：福魁狻猊。您已激活的坐骑中最高移动速度+10%。	99	0	1	18
8882	99	2200	JD_RideHeader12_5							0	0	0	1	0		坐骑：福魁狻猊。您已激活的坐骑中最高移动速度+20%。	99	0	1	18
8883	99	2200	JD_RideHeader12_5							0	0	0	1	0		坐骑：福魁狻猊。您已激活的坐骑中最高移动速度+40%。	99	0	1	18
8884	99	2200	JD_RideHeader12_5							0	0	0	1	0		坐骑：福魁狻猊。您已激活的坐骑中最高移动速度+70%。	99	0	1	18
8885	99	2200	JD_RideHeader12_5							0	0	0	1	0		坐骑：福魁狻猊。您已激活的坐骑中最高移动速度+75%。	99	0	1	18
8886	99	2200	JD_RideHeader12_5							0	0	0	1	0		坐骑：福魁狻猊。您已激活的坐骑中最高移动速度+80%。	99	0	1	18
8887	99	2200	JD_RideHeader12_5							0	0	0	1	0		坐骑：福魁狻猊。您已激活的坐骑中最高移动速度+85%。	99	0	1	18
8888	99	2200	JD_RideHeader12_5							0	0	0	1	0		坐骑：福魁狻猊。您已激活的坐骑中最高移动速度+90%。	99	0	1	18
#坐骑：踏兰山
8889	99	2200	JD_RideHeader12_9							0	0	0	1	0		坐骑：踏兰山。您已激活的坐骑中最高移动速度+10%。	99	0	1	18
8890	99	2200	JD_RideHeader12_9							0	0	0	1	0		坐骑：踏兰山。您已激活的坐骑中最高移动速度+20%。	99	0	1	18
8891	99	2200	JD_RideHeader12_9							0	0	0	1	0		坐骑：踏兰山。您已激活的坐骑中最高移动速度+40%。	99	0	1	18
8892	99	2200	JD_RideHeader12_9							0	0	0	1	0		坐骑：踏兰山。您已激活的坐骑中最高移动速度+70%。	99	0	1	18
8893	99	2200	JD_RideHeader12_9							0	0	0	1	0		坐骑：踏兰山。您已激活的坐骑中最高移动速度+75%。	99	0	1	18
8894	99	2200	JD_RideHeader12_9							0	0	0	1	0		坐骑：踏兰山。您已激活的坐骑中最高移动速度+80%。	99	0	1	18
8895	99	2200	JD_RideHeader12_9							0	0	0	1	0		坐骑：踏兰山。您已激活的坐骑中最高移动速度+85%。	99	0	1	18
8896	99	2200	JD_RideHeader12_9							0	0	0	1	0		坐骑：踏兰山。您已激活的坐骑中最高移动速度+90%。	99	0	1	18
#坐骑：芳遥天坠
8897	99	2200	JD_RideHeader12_10							0	0	0	1	0		坐骑：芳遥天坠。您已激活的坐骑中最高移动速度+10%。	99	0	1	18
8898	99	2200	JD_RideHeader12_10							0	0	0	1	0		坐骑：芳遥天坠。您已激活的坐骑中最高移动速度+20%。	99	0	1	18
8899	99	2200	JD_RideHeader12_10							0	0	0	1	0		坐骑：芳遥天坠。您已激活的坐骑中最高移动速度+40%。	99	0	1	18
8900	99	2200	JD_RideHeader12_10							0	0	0	1	0		坐骑：芳遥天坠。您已激活的坐骑中最高移动速度+70%。	99	0	1	18
8901	99	2200	JD_RideHeader12_10							0	0	0	1	0		坐骑：芳遥天坠。您已激活的坐骑中最高移动速度+75%。	99	0	1	18
8902	99	2200	JD_RideHeader12_10							0	0	0	1	0		坐骑：芳遥天坠。您已激活的坐骑中最高移动速度+80%。	99	0	1	18
8903	99	2200	JD_RideHeader12_10							0	0	0	1	0		坐骑：芳遥天坠。您已激活的坐骑中最高移动速度+85%。	99	0	1	18
8904	99	2200	JD_RideHeader12_10							0	0	0	1	0		坐骑：芳遥天坠。您已激活的坐骑中最高移动速度+90%。	99	0	1	18
#坐骑：玉枕兰舟
8905	99	2200	JD_RideHeader12_11							0	0	0	1	0		坐骑：玉枕兰舟。您已激活的坐骑中最高移动速度+10%。	99	0	1	18
8906	99	2200	JD_RideHeader12_11							0	0	0	1	0		坐骑：玉枕兰舟。您已激活的坐骑中最高移动速度+20%。	99	0	1	18
8907	99	2200	JD_RideHeader12_11							0	0	0	1	0		坐骑：玉枕兰舟。您已激活的坐骑中最高移动速度+40%。	99	0	1	18
8908	99	2200	JD_RideHeader12_11							0	0	0	1	0		坐骑：玉枕兰舟。您已激活的坐骑中最高移动速度+70%。	99	0	1	18
8909	99	2200	JD_RideHeader12_11							0	0	0	1	0		坐骑：玉枕兰舟。您已激活的坐骑中最高移动速度+75%。	99	0	1	18
8910	99	2200	JD_RideHeader12_11							0	0	0	1	0		坐骑：玉枕兰舟。您已激活的坐骑中最高移动速度+80%。	99	0	1	18
8911	99	2200	JD_RideHeader12_11							0	0	0	1	0		坐骑：玉枕兰舟。您已激活的坐骑中最高移动速度+85%。	99	0	1	18
8912	99	2200	JD_RideHeader12_11							0	0	0	1	0		坐骑：玉枕兰舟。您已激活的坐骑中最高移动速度+90%。	99	0	1	18
#坐骑：青荷易梦
8913	99	2200	JD_RideHeader12_12							0	0	0	1	0		坐骑：青荷易梦。您已激活的坐骑中最高移动速度+10%。	99	0	1	18
8914	99	2200	JD_RideHeader12_12							0	0	0	1	0		坐骑：青荷易梦。您已激活的坐骑中最高移动速度+20%。	99	0	1	18
8915	99	2200	JD_RideHeader12_12							0	0	0	1	0		坐骑：青荷易梦。您已激活的坐骑中最高移动速度+40%。	99	0	1	18
8916	99	2200	JD_RideHeader12_12							0	0	0	1	0		坐骑：青荷易梦。您已激活的坐骑中最高移动速度+70%。	99	0	1	18
8917	99	2200	JD_RideHeader12_12							0	0	0	1	0		坐骑：青荷易梦。您已激活的坐骑中最高移动速度+75%。	99	0	1	18
8918	99	2200	JD_RideHeader12_12							0	0	0	1	0		坐骑：青荷易梦。您已激活的坐骑中最高移动速度+80%。	99	0	1	18
8919	99	2200	JD_RideHeader12_12							0	0	0	1	0		坐骑：青荷易梦。您已激活的坐骑中最高移动速度+85%。	99	0	1	18
8920	99	2200	JD_RideHeader12_12							0	0	0	1	0		坐骑：青荷易梦。您已激活的坐骑中最高移动速度+90%。	99	0	1	18
#坐骑：炎乌
8921	99	2200	JD_RideHeader12_13							0	0	0	1	0		坐骑：炎乌。您已激活的坐骑中最高移动速度+10%。	99	0	1	18
8922	99	2200	JD_RideHeader12_13							0	0	0	1	0		坐骑：炎乌。您已激活的坐骑中最高移动速度+20%。	99	0	1	18
8923	99	2200	JD_RideHeader12_13							0	0	0	1	0		坐骑：炎乌。您已激活的坐骑中最高移动速度+40%。	99	0	1	18
8924	99	2200	JD_RideHeader12_13							0	0	0	1	0		坐骑：炎乌。您已激活的坐骑中最高移动速度+70%。	99	0	1	18
8925	99	2200	JD_RideHeader12_13							0	0	0	1	0		坐骑：炎乌。您已激活的坐骑中最高移动速度+75%。	99	0	1	18
8926	99	2200	JD_RideHeader12_13							0	0	0	1	0		坐骑：炎乌。您已激活的坐骑中最高移动速度+80%。	99	0	1	18
8927	99	2200	JD_RideHeader12_13							0	0	0	1	0		坐骑：炎乌。您已激活的坐骑中最高移动速度+85%。	99	0	1	18
8928	99	2200	JD_RideHeader12_13							0	0	0	1	0		坐骑：炎乌。您已激活的坐骑中最高移动速度+90%。	99	0	1	18
#坐骑：焰翎乌
8929	99	2200	JD_RideHeader12_14							0	0	0	1	0		坐骑：焰翎乌。您已激活的坐骑中最高移动速度+10%。	99	0	1	18
8930	99	2200	JD_RideHeader12_14							0	0	0	1	0		坐骑：焰翎乌。您已激活的坐骑中最高移动速度+20%。	99	0	1	18
8931	99	2200	JD_RideHeader12_14							0	0	0	1	0		坐骑：焰翎乌。您已激活的坐骑中最高移动速度+40%。	99	0	1	18
8932	99	2200	JD_RideHeader12_14							0	0	0	1	0		坐骑：焰翎乌。您已激活的坐骑中最高移动速度+70%。	99	0	1	18
8933	99	2200	JD_RideHeader12_14							0	0	0	1	0		坐骑：焰翎乌。您已激活的坐骑中最高移动速度+75%。	99	0	1	18
8934	99	2200	JD_RideHeader12_14							0	0	0	1	0		坐骑：焰翎乌。您已激活的坐骑中最高移动速度+80%。	99	0	1	18
8935	99	2200	JD_RideHeader12_14							0	0	0	1	0		坐骑：焰翎乌。您已激活的坐骑中最高移动速度+85%。	99	0	1	18
8936	99	2200	JD_RideHeader12_14							0	0	0	1	0		坐骑：焰翎乌。您已激活的坐骑中最高移动速度+90%。	99	0	1	18
#坐骑：熔枫乌
8937	99	2200	JD_RideHeader12_15							0	0	0	1	0		坐骑：熔枫乌。您已激活的坐骑中最高移动速度+10%。	99	0	1	18
8938	99	2200	JD_RideHeader12_15							0	0	0	1	0		坐骑：熔枫乌。您已激活的坐骑中最高移动速度+20%。	99	0	1	18
8939	99	2200	JD_RideHeader12_15							0	0	0	1	0		坐骑：熔枫乌。您已激活的坐骑中最高移动速度+40%。	99	0	1	18
8940	99	2200	JD_RideHeader12_15							0	0	0	1	0		坐骑：熔枫乌。您已激活的坐骑中最高移动速度+70%。	99	0	1	18
8941	99	2200	JD_RideHeader12_15							0	0	0	1	0		坐骑：熔枫乌。您已激活的坐骑中最高移动速度+75%。	99	0	1	18
8942	99	2200	JD_RideHeader12_15							0	0	0	1	0		坐骑：熔枫乌。您已激活的坐骑中最高移动速度+80%。	99	0	1	18
8943	99	2200	JD_RideHeader12_15							0	0	0	1	0		坐骑：熔枫乌。您已激活的坐骑中最高移动速度+85%。	99	0	1	18
8944	99	2200	JD_RideHeader12_15							0	0	0	1	0		坐骑：熔枫乌。您已激活的坐骑中最高移动速度+90%。	99	0	1	18
#坐骑：暖茸茸
8945	99	2200	JD_RideHeader12_16							0	0	0	1	0		坐骑：暖茸茸。您已激活的坐骑中最高移动速度+10%。	99	0	1	18
8946	99	2200	JD_RideHeader12_16							0	0	0	1	0		坐骑：暖茸茸。您已激活的坐骑中最高移动速度+20%。	99	0	1	18
8947	99	2200	JD_RideHeader12_16							0	0	0	1	0		坐骑：暖茸茸。您已激活的坐骑中最高移动速度+40%。	99	0	1	18
8948	99	2200	JD_RideHeader12_16							0	0	0	1	0		坐骑：暖茸茸。您已激活的坐骑中最高移动速度+70%。	99	0	1	18
8949	99	2200	JD_RideHeader12_16							0	0	0	1	0		坐骑：暖茸茸。您已激活的坐骑中最高移动速度+75%。	99	0	1	18
8950	99	2200	JD_RideHeader12_16							0	0	0	1	0		坐骑：暖茸茸。您已激活的坐骑中最高移动速度+80%。	99	0	1	18
8951	99	2200	JD_RideHeader12_16							0	0	0	1	0		坐骑：暖茸茸。您已激活的坐骑中最高移动速度+85%。	99	0	1	18
8952	99	2200	JD_RideHeader12_16							0	0	0	1	0		坐骑：暖茸茸。您已激活的坐骑中最高移动速度+90%。	99	0	1	18
#坐骑：鲤灯游
8953	99	2200	JD_RideHeader13_1							0	0	0	1	0		坐骑：鲤灯游。您已激活的坐骑中最高移动速度+10%。	99	0	1	18
8954	99	2200	JD_RideHeader13_1							0	0	0	1	0		坐骑：鲤灯游。您已激活的坐骑中最高移动速度+20%。	99	0	1	18
8955	99	2200	JD_RideHeader13_1							0	0	0	1	0		坐骑：鲤灯游。您已激活的坐骑中最高移动速度+40%。	99	0	1	18
8956	99	2200	JD_RideHeader13_1							0	0	0	1	0		坐骑：鲤灯游。您已激活的坐骑中最高移动速度+70%。	99	0	1	18
8957	99	2200	JD_RideHeader13_1							0	0	0	1	0		坐骑：鲤灯游。您已激活的坐骑中最高移动速度+75%。	99	0	1	18
8958	99	2200	JD_RideHeader13_1							0	0	0	1	0		坐骑：鲤灯游。您已激活的坐骑中最高移动速度+80%。	99	0	1	18
8959	99	2200	JD_RideHeader13_1							0	0	0	1	0		坐骑：鲤灯游。您已激活的坐骑中最高移动速度+85%。	99	0	1	18
8960	99	2200	JD_RideHeader13_1							0	0	0	1	0		坐骑：鲤灯游。您已激活的坐骑中最高移动速度+90%。	99	0	1	18
#坐骑：邀月
8961	99	2200	JD_RideHeader13_4							0	0	0	1	0		坐骑：邀月。您已激活的坐骑中最高移动速度+10%。	99	0	1	18
8962	99	2200	JD_RideHeader13_4							0	0	0	1	0		坐骑：邀月。您已激活的坐骑中最高移动速度+20%。	99	0	1	18
8963	99	2200	JD_RideHeader13_4							0	0	0	1	0		坐骑：邀月。您已激活的坐骑中最高移动速度+40%。	99	0	1	18
8964	99	2200	JD_RideHeader13_4							0	0	0	1	0		坐骑：邀月。您已激活的坐骑中最高移动速度+70%。	99	0	1	18
8965	99	2200	JD_RideHeader13_4							0	0	0	1	0		坐骑：邀月。您已激活的坐骑中最高移动速度+75%。	99	0	1	18
8966	99	2200	JD_RideHeader13_4							0	0	0	1	0		坐骑：邀月。您已激活的坐骑中最高移动速度+80%。	99	0	1	18
8967	99	2200	JD_RideHeader13_4							0	0	0	1	0		坐骑：邀月。您已激活的坐骑中最高移动速度+85%。	99	0	1	18
8968	99	2200	JD_RideHeader13_4							0	0	0	1	0		坐骑：邀月。您已激活的坐骑中最高移动速度+90%。	99	0	1	18
#坐骑：濯蓝之翼
8969	99	2200	JD_RideHeader13_3							0	0	0	1	0		坐骑：濯蓝之翼。您已激活的坐骑中最高移动速度+10%。	99	0	1	18
8970	99	2200	JD_RideHeader13_3							0	0	0	1	0		坐骑：濯蓝之翼。您已激活的坐骑中最高移动速度+20%。	99	0	1	18
8971	99	2200	JD_RideHeader13_3							0	0	0	1	0		坐骑：濯蓝之翼。您已激活的坐骑中最高移动速度+40%。	99	0	1	18
8972	99	2200	JD_RideHeader13_3							0	0	0	1	0		坐骑：濯蓝之翼。您已激活的坐骑中最高移动速度+70%。	99	0	1	18
8973	99	2200	JD_RideHeader13_3							0	0	0	1	0		坐骑：濯蓝之翼。您已激活的坐骑中最高移动速度+75%。	99	0	1	18
8974	99	2200	JD_RideHeader13_3							0	0	0	1	0		坐骑：濯蓝之翼。您已激活的坐骑中最高移动速度+80%。	99	0	1	18
8975	99	2200	JD_RideHeader13_3							0	0	0	1	0		坐骑：濯蓝之翼。您已激活的坐骑中最高移动速度+85%。	99	0	1	18
8976	99	2200	JD_RideHeader13_3							0	0	0	1	0		坐骑：濯蓝之翼。您已激活的坐骑中最高移动速度+90%。	99	0	1	18
#坐骑：纯白金翼
8977	99	2200	JD_RideHeader13_2							0	0	0	1	0		坐骑：纯白金翼。您已激活的坐骑中最高移动速度+10%。	99	0	1	18
8978	99	2200	JD_RideHeader13_2							0	0	0	1	0		坐骑：纯白金翼。您已激活的坐骑中最高移动速度+20%。	99	0	1	18
8979	99	2200	JD_RideHeader13_2							0	0	0	1	0		坐骑：纯白金翼。您已激活的坐骑中最高移动速度+40%。	99	0	1	18
8980	99	2200	JD_RideHeader13_2							0	0	0	1	0		坐骑：纯白金翼。您已激活的坐骑中最高移动速度+70%。	99	0	1	18
8981	99	2200	JD_RideHeader13_2							0	0	0	1	0		坐骑：纯白金翼。您已激活的坐骑中最高移动速度+75%。	99	0	1	18
8982	99	2200	JD_RideHeader13_2							0	0	0	1	0		坐骑：纯白金翼。您已激活的坐骑中最高移动速度+80%。	99	0	1	18
8983	99	2200	JD_RideHeader13_2							0	0	0	1	0		坐骑：纯白金翼。您已激活的坐骑中最高移动速度+85%。	99	0	1	18
8984	99	2200	JD_RideHeader13_2							0	0	0	1	0		坐骑：纯白金翼。您已激活的坐骑中最高移动速度+90%。	99	0	1	18
#坐骑：春风灼华
8985	99	2200	JD_RideHeader13_6							0	0	0	1	0		坐骑：春风灼华。您已激活的坐骑中最高移动速度+10%。	99	0	1	18
8986	99	2200	JD_RideHeader13_6							0	0	0	1	0		坐骑：春风灼华。您已激活的坐骑中最高移动速度+20%。	99	0	1	18
8987	99	2200	JD_RideHeader13_6							0	0	0	1	0		坐骑：春风灼华。您已激活的坐骑中最高移动速度+40%。	99	0	1	18
8988	99	2200	JD_RideHeader13_6							0	0	0	1	0		坐骑：春风灼华。您已激活的坐骑中最高移动速度+70%。	99	0	1	18
8989	99	2200	JD_RideHeader13_6							0	0	0	1	0		坐骑：春风灼华。您已激活的坐骑中最高移动速度+75%。	99	0	1	18
8990	99	2200	JD_RideHeader13_6							0	0	0	1	0		坐骑：春风灼华。您已激活的坐骑中最高移动速度+80%。	99	0	1	18
8991	99	2200	JD_RideHeader13_6							0	0	0	1	0		坐骑：春风灼华。您已激活的坐骑中最高移动速度+85%。	99	0	1	18
8992	99	2200	JD_RideHeader13_6							0	0	0	1	0		坐骑：春风灼华。您已激活的坐骑中最高移动速度+90%。	99	0	1	18
#坐骑：武陵故梦
8993	99	2200	JD_RideHeader13_5							0	0	0	1	0		坐骑：武陵故梦。您已激活的坐骑中最高移动速度+10%。	99	0	1	18
8994	99	2200	JD_RideHeader13_5							0	0	0	1	0		坐骑：武陵故梦。您已激活的坐骑中最高移动速度+20%。	99	0	1	18
8995	99	2200	JD_RideHeader13_5							0	0	0	1	0		坐骑：武陵故梦。您已激活的坐骑中最高移动速度+40%。	99	0	1	18
8996	99	2200	JD_RideHeader13_5							0	0	0	1	0		坐骑：武陵故梦。您已激活的坐骑中最高移动速度+70%。	99	0	1	18
8997	99	2200	JD_RideHeader13_5							0	0	0	1	0		坐骑：武陵故梦。您已激活的坐骑中最高移动速度+75%。	99	0	1	18
8998	99	2200	JD_RideHeader13_5							0	0	0	1	0		坐骑：武陵故梦。您已激活的坐骑中最高移动速度+80%。	99	0	1	18
8999	99	2200	JD_RideHeader13_5							0	0	0	1	0		坐骑：武陵故梦。您已激活的坐骑中最高移动速度+85%。	99	0	1	18
9000	99	2200	JD_RideHeader13_5							0	0	0	1	0		坐骑：武陵故梦。您已激活的坐骑中最高移动速度+90%。	99	0	1	18
#坐骑：幽竹乘风
9001	99	2200	JD_RideHeader13_7							0	0	0	1	0		坐骑：幽竹乘风。您已激活的坐骑中最高移动速度+10%。	99	0	1	18
9002	99	2200	JD_RideHeader13_7							0	0	0	1	0		坐骑：幽竹乘风。您已激活的坐骑中最高移动速度+20%。	99	0	1	18
9003	99	2200	JD_RideHeader13_7							0	0	0	1	0		坐骑：幽竹乘风。您已激活的坐骑中最高移动速度+40%。	99	0	1	18
9004	99	2200	JD_RideHeader13_7							0	0	0	1	0		坐骑：幽竹乘风。您已激活的坐骑中最高移动速度+70%。	99	0	1	18
9005	99	2200	JD_RideHeader13_7							0	0	0	1	0		坐骑：幽竹乘风。您已激活的坐骑中最高移动速度+75%。	99	0	1	18
9006	99	2200	JD_RideHeader13_7							0	0	0	1	0		坐骑：幽竹乘风。您已激活的坐骑中最高移动速度+80%。	99	0	1	18
9007	99	2200	JD_RideHeader13_7							0	0	0	1	0		坐骑：幽竹乘风。您已激活的坐骑中最高移动速度+85%。	99	0	1	18
9008	99	2200	JD_RideHeader13_7							0	0	0	1	0		坐骑：幽竹乘风。您已激活的坐骑中最高移动速度+90%。	99	0	1	18
#坐骑：扁舟梦蜀
9009	99	2200	JD_RideHeader13_8							0	0	0	1	0		坐骑：扁舟梦蜀。您已激活的坐骑中最高移动速度+10%。	99	0	1	18
9010	99	2200	JD_RideHeader13_8							0	0	0	1	0		坐骑：扁舟梦蜀。您已激活的坐骑中最高移动速度+20%。	99	0	1	18
9011	99	2200	JD_RideHeader13_8							0	0	0	1	0		坐骑：扁舟梦蜀。您已激活的坐骑中最高移动速度+40%。	99	0	1	18
9012	99	2200	JD_RideHeader13_8							0	0	0	1	0		坐骑：扁舟梦蜀。您已激活的坐骑中最高移动速度+70%。	99	0	1	18
9013	99	2200	JD_RideHeader13_8							0	0	0	1	0		坐骑：扁舟梦蜀。您已激活的坐骑中最高移动速度+75%。	99	0	1	18
9014	99	2200	JD_RideHeader13_8							0	0	0	1	0		坐骑：扁舟梦蜀。您已激活的坐骑中最高移动速度+80%。	99	0	1	18
9015	99	2200	JD_RideHeader13_8							0	0	0	1	0		坐骑：扁舟梦蜀。您已激活的坐骑中最高移动速度+85%。	99	0	1	18
9016	99	2200	JD_RideHeader13_8							0	0	0	1	0		坐骑：扁舟梦蜀。您已激活的坐骑中最高移动速度+90%。	99	0	1	18
#坐骑：重明玉凰
9017	99	2200	JD_RideHeader13_9							0	0	0	1	0		坐骑：重明玉凰。您已激活的坐骑中最高移动速度+10%。	99	0	1	18
9018	99	2200	JD_RideHeader13_9							0	0	0	1	0		坐骑：重明玉凰。您已激活的坐骑中最高移动速度+20%。	99	0	1	18
9019	99	2200	JD_RideHeader13_9							0	0	0	1	0		坐骑：重明玉凰。您已激活的坐骑中最高移动速度+40%。	99	0	1	18
9020	99	2200	JD_RideHeader13_9							0	0	0	1	0		坐骑：重明玉凰。您已激活的坐骑中最高移动速度+70%。	99	0	1	18
9021	99	2200	JD_RideHeader13_9							0	0	0	1	0		坐骑：重明玉凰。您已激活的坐骑中最高移动速度+75%。	99	0	1	18
9022	99	2200	JD_RideHeader13_9							0	0	0	1	0		坐骑：重明玉凰。您已激活的坐骑中最高移动速度+80%。	99	0	1	18
9023	99	2200	JD_RideHeader13_9							0	0	0	1	0		坐骑：重明玉凰。您已激活的坐骑中最高移动速度+85%。	99	0	1	18
9024	99	2200	JD_RideHeader13_9							0	0	0	1	0		坐骑：重明玉凰。您已激活的坐骑中最高移动速度+90%。	99	0	1	18
#坐骑：苍澜元圣
9025	99	2200	JD_RideHeader13_10							0	0	0	1	0		坐骑：苍澜元圣。您已激活的坐骑中最高移动速度+10%。	99	0	1	18
9026	99	2200	JD_RideHeader13_10							0	0	0	1	0		坐骑：苍澜元圣。您已激活的坐骑中最高移动速度+20%。	99	0	1	18
9027	99	2200	JD_RideHeader13_10							0	0	0	1	0		坐骑：苍澜元圣。您已激活的坐骑中最高移动速度+40%。	99	0	1	18
9028	99	2200	JD_RideHeader13_10							0	0	0	1	0		坐骑：苍澜元圣。您已激活的坐骑中最高移动速度+70%。	99	0	1	18
9029	99	2200	JD_RideHeader13_10							0	0	0	1	0		坐骑：苍澜元圣。您已激活的坐骑中最高移动速度+75%。	99	0	1	18
9030	99	2200	JD_RideHeader13_10							0	0	0	1	0		坐骑：苍澜元圣。您已激活的坐骑中最高移动速度+80%。	99	0	1	18
9031	99	2200	JD_RideHeader13_10							0	0	0	1	0		坐骑：苍澜元圣。您已激活的坐骑中最高移动速度+85%。	99	0	1	18
9032	99	2200	JD_RideHeader13_10							0	0	0	1	0		坐骑：苍澜元圣。您已激活的坐骑中最高移动速度+90%。	99	0	1	18
#坐骑：幽澜夜潜
9033	99	2200	JD_RideHeader13_12							0	0	0	1	0		坐骑：幽澜夜潜。您已激活的坐骑中最高移动速度+10%。	99	0	1	18
9034	99	2200	JD_RideHeader13_12							0	0	0	1	0		坐骑：幽澜夜潜。您已激活的坐骑中最高移动速度+20%。	99	0	1	18
9035	99	2200	JD_RideHeader13_12							0	0	0	1	0		坐骑：幽澜夜潜。您已激活的坐骑中最高移动速度+40%。	99	0	1	18
9036	99	2200	JD_RideHeader13_12							0	0	0	1	0		坐骑：幽澜夜潜。您已激活的坐骑中最高移动速度+70%。	99	0	1	18
9037	99	2200	JD_RideHeader13_12							0	0	0	1	0		坐骑：幽澜夜潜。您已激活的坐骑中最高移动速度+75%。	99	0	1	18
9038	99	2200	JD_RideHeader13_12							0	0	0	1	0		坐骑：幽澜夜潜。您已激活的坐骑中最高移动速度+80%。	99	0	1	18
9039	99	2200	JD_RideHeader13_12							0	0	0	1	0		坐骑：幽澜夜潜。您已激活的坐骑中最高移动速度+85%。	99	0	1	18
9040	99	2200	JD_RideHeader13_12							0	0	0	1	0		坐骑：幽澜夜潜。您已激活的坐骑中最高移动速度+90%。	99	0	1	18
#坐骑：烈炎乌照
9041	99	2200	JD_RideHeader13_11							0	0	0	1	0		坐骑：烈炎乌照。您已激活的坐骑中最高移动速度+10%。	99	0	1	18
9042	99	2200	JD_RideHeader13_11							0	0	0	1	0		坐骑：烈炎乌照。您已激活的坐骑中最高移动速度+20%。	99	0	1	18
9043	99	2200	JD_RideHeader13_11							0	0	0	1	0		坐骑：烈炎乌照。您已激活的坐骑中最高移动速度+40%。	99	0	1	18
9044	99	2200	JD_RideHeader13_11							0	0	0	1	0		坐骑：烈炎乌照。您已激活的坐骑中最高移动速度+70%。	99	0	1	18
9045	99	2200	JD_RideHeader13_11							0	0	0	1	0		坐骑：烈炎乌照。您已激活的坐骑中最高移动速度+75%。	99	0	1	18
9046	99	2200	JD_RideHeader13_11							0	0	0	1	0		坐骑：烈炎乌照。您已激活的坐骑中最高移动速度+80%。	99	0	1	18
9047	99	2200	JD_RideHeader13_11							0	0	0	1	0		坐骑：烈炎乌照。您已激活的坐骑中最高移动速度+85%。	99	0	1	18
9048	99	2200	JD_RideHeader13_11							0	0	0	1	0		坐骑：烈炎乌照。您已激活的坐骑中最高移动速度+90%。	99	0	1	18
#坐骑：淡月笼香
9049	99	2200	JD_RideHeader13_15							0	0	0	1	0		坐骑：淡月笼香。您已激活的坐骑中最高移动速度+10%。	99	0	1	18
9050	99	2200	JD_RideHeader13_15							0	0	0	1	0		坐骑：淡月笼香。您已激活的坐骑中最高移动速度+20%。	99	0	1	18
9051	99	2200	JD_RideHeader13_15							0	0	0	1	0		坐骑：淡月笼香。您已激活的坐骑中最高移动速度+40%。	99	0	1	18
9052	99	2200	JD_RideHeader13_15							0	0	0	1	0		坐骑：淡月笼香。您已激活的坐骑中最高移动速度+70%。	99	0	1	18
9053	99	2200	JD_RideHeader13_15							0	0	0	1	0		坐骑：淡月笼香。您已激活的坐骑中最高移动速度+75%。	99	0	1	18
9054	99	2200	JD_RideHeader13_15							0	0	0	1	0		坐骑：淡月笼香。您已激活的坐骑中最高移动速度+80%。	99	0	1	18
9055	99	2200	JD_RideHeader13_15							0	0	0	1	0		坐骑：淡月笼香。您已激活的坐骑中最高移动速度+85%。	99	0	1	18
9056	99	2200	JD_RideHeader13_15							0	0	0	1	0		坐骑：淡月笼香。您已激活的坐骑中最高移动速度+90%。	99	0	1	18
#坐骑：映月华川
9057	99	2200	JD_RideHeader13_16							0	0	0	1	0		坐骑：映月华川。您已激活的坐骑中最高移动速度+10%。	99	0	1	18
9058	99	2200	JD_RideHeader13_16							0	0	0	1	0		坐骑：映月华川。您已激活的坐骑中最高移动速度+20%。	99	0	1	18
9059	99	2200	JD_RideHeader13_16							0	0	0	1	0		坐骑：映月华川。您已激活的坐骑中最高移动速度+40%。	99	0	1	18
9060	99	2200	JD_RideHeader13_16							0	0	0	1	0		坐骑：映月华川。您已激活的坐骑中最高移动速度+70%。	99	0	1	18
9061	99	2200	JD_RideHeader13_16							0	0	0	1	0		坐骑：映月华川。您已激活的坐骑中最高移动速度+75%。	99	0	1	18
9062	99	2200	JD_RideHeader13_16							0	0	0	1	0		坐骑：映月华川。您已激活的坐骑中最高移动速度+80%。	99	0	1	18
9063	99	2200	JD_RideHeader13_16							0	0	0	1	0		坐骑：映月华川。您已激活的坐骑中最高移动速度+85%。	99	0	1	18
9064	99	2200	JD_RideHeader13_16							0	0	0	1	0		坐骑：映月华川。您已激活的坐骑中最高移动速度+90%。	99	0	1	18
#坐骑：锦绣星乘
9065	99	2200	JD_RideHeader14_1							0	0	0	1	0		坐骑：锦绣星乘。您已激活的坐骑中最高移动速度+10%。	99	0	1	18
9066	99	2200	JD_RideHeader14_1							0	0	0	1	0		坐骑：锦绣星乘。您已激活的坐骑中最高移动速度+20%。	99	0	1	18
9067	99	2200	JD_RideHeader14_1							0	0	0	1	0		坐骑：锦绣星乘。您已激活的坐骑中最高移动速度+40%。	99	0	1	18
9068	99	2200	JD_RideHeader14_1							0	0	0	1	0		坐骑：锦绣星乘。您已激活的坐骑中最高移动速度+70%。	99	0	1	18
9069	99	2200	JD_RideHeader14_1							0	0	0	1	0		坐骑：锦绣星乘。您已激活的坐骑中最高移动速度+75%。	99	0	1	18
9070	99	2200	JD_RideHeader14_1							0	0	0	1	0		坐骑：锦绣星乘。您已激活的坐骑中最高移动速度+80%。	99	0	1	18
9071	99	2200	JD_RideHeader14_1							0	0	0	1	0		坐骑：锦绣星乘。您已激活的坐骑中最高移动速度+85%。	99	0	1	18
9072	99	2200	JD_RideHeader14_1							0	0	0	1	0		坐骑：锦绣星乘。您已激活的坐骑中最高移动速度+90%。	99	0	1	18
#坐骑：银鞍弄月
9073	99	2200	JD_RideHeader14_2							0	0	0	1	0		坐骑：银鞍弄月。您已激活的坐骑中最高移动速度+10%。	99	0	1	18
9074	99	2200	JD_RideHeader14_2							0	0	0	1	0		坐骑：银鞍弄月。您已激活的坐骑中最高移动速度+20%。	99	0	1	18
9075	99	2200	JD_RideHeader14_2							0	0	0	1	0		坐骑：银鞍弄月。您已激活的坐骑中最高移动速度+40%。	99	0	1	18
9076	99	2200	JD_RideHeader14_2							0	0	0	1	0		坐骑：银鞍弄月。您已激活的坐骑中最高移动速度+70%。	99	0	1	18
9077	99	2200	JD_RideHeader14_2							0	0	0	1	0		坐骑：银鞍弄月。您已激活的坐骑中最高移动速度+75%。	99	0	1	18
9078	99	2200	JD_RideHeader14_2							0	0	0	1	0		坐骑：银鞍弄月。您已激活的坐骑中最高移动速度+80%。	99	0	1	18
9079	99	2200	JD_RideHeader14_2							0	0	0	1	0		坐骑：银鞍弄月。您已激活的坐骑中最高移动速度+85%。	99	0	1	18
9080	99	2200	JD_RideHeader14_2							0	0	0	1	0		坐骑：银鞍弄月。您已激活的坐骑中最高移动速度+90%。	99	0	1	18
#坐骑：寒星灵驹
9081	99	2200	JD_RideHeader14_4							0	0	0	1	0		坐骑：寒星灵驹。您已激活的坐骑中最高移动速度+10%。	99	0	1	18
9082	99	2200	JD_RideHeader14_4							0	0	0	1	0		坐骑：寒星灵驹。您已激活的坐骑中最高移动速度+20%。	99	0	1	18
9083	99	2200	JD_RideHeader14_4							0	0	0	1	0		坐骑：寒星灵驹。您已激活的坐骑中最高移动速度+40%。	99	0	1	18
9084	99	2200	JD_RideHeader14_4							0	0	0	1	0		坐骑：寒星灵驹。您已激活的坐骑中最高移动速度+70%。	99	0	1	18
9085	99	2200	JD_RideHeader14_4							0	0	0	1	0		坐骑：寒星灵驹。您已激活的坐骑中最高移动速度+75%。	99	0	1	18
9086	99	2200	JD_RideHeader14_4							0	0	0	1	0		坐骑：寒星灵驹。您已激活的坐骑中最高移动速度+80%。	99	0	1	18
9087	99	2200	JD_RideHeader14_4							0	0	0	1	0		坐骑：寒星灵驹。您已激活的坐骑中最高移动速度+85%。	99	0	1	18
9088	99	2200	JD_RideHeader14_4							0	0	0	1	0		坐骑：寒星灵驹。您已激活的坐骑中最高移动速度+90%。	99	0	1	18
#坐骑：紫薇雪
9089	99	2200	JD_RideHeader14_5							0	0	0	1	0		坐骑：紫薇雪。您已激活的坐骑中最高移动速度+10%。	99	0	1	18
9090	99	2200	JD_RideHeader14_5							0	0	0	1	0		坐骑：紫薇雪。您已激活的坐骑中最高移动速度+20%。	99	0	1	18
9091	99	2200	JD_RideHeader14_5							0	0	0	1	0		坐骑：紫薇雪。您已激活的坐骑中最高移动速度+40%。	99	0	1	18
9092	99	2200	JD_RideHeader14_5							0	0	0	1	0		坐骑：紫薇雪。您已激活的坐骑中最高移动速度+70%。	99	0	1	18
9093	99	2200	JD_RideHeader14_5							0	0	0	1	0		坐骑：紫薇雪。您已激活的坐骑中最高移动速度+75%。	99	0	1	18
9094	99	2200	JD_RideHeader14_5							0	0	0	1	0		坐骑：紫薇雪。您已激活的坐骑中最高移动速度+80%。	99	0	1	18
9095	99	2200	JD_RideHeader14_5							0	0	0	1	0		坐骑：紫薇雪。您已激活的坐骑中最高移动速度+85%。	99	0	1	18
9096	99	2200	JD_RideHeader14_5							0	0	0	1	0		坐骑：紫薇雪。您已激活的坐骑中最高移动速度+90%。	99	0	1	18
#坐骑：幽荧夜羽
9097	99	2200	JD_RideHeader14_11							0	0	0	1	0		坐骑：幽荧夜羽。您已激活的坐骑中最高移动速度+10%。	99	0	1	18
9098	99	2200	JD_RideHeader14_11							0	0	0	1	0		坐骑：幽荧夜羽。您已激活的坐骑中最高移动速度+20%。	99	0	1	18
9099	99	2200	JD_RideHeader14_11							0	0	0	1	0		坐骑：幽荧夜羽。您已激活的坐骑中最高移动速度+40%。	99	0	1	18
9100	99	2200	JD_RideHeader14_11							0	0	0	1	0		坐骑：幽荧夜羽。您已激活的坐骑中最高移动速度+70%。	99	0	1	18
9101	99	2200	JD_RideHeader14_11							0	0	0	1	0		坐骑：幽荧夜羽。您已激活的坐骑中最高移动速度+75%。	99	0	1	18
9102	99	2200	JD_RideHeader14_11							0	0	0	1	0		坐骑：幽荧夜羽。您已激活的坐骑中最高移动速度+80%。	99	0	1	18
9103	99	2200	JD_RideHeader14_11							0	0	0	1	0		坐骑：幽荧夜羽。您已激活的坐骑中最高移动速度+85%。	99	0	1	18
9104	99	2200	JD_RideHeader14_11							0	0	0	1	0		坐骑：幽荧夜羽。您已激活的坐骑中最高移动速度+90%。	99	0	1	18
#坐骑：赤炎燃疆
9105	99	2200	JD_RideHeader14_10							0	0	0	1	0		坐骑：赤炎燃疆。您已激活的坐骑中最高移动速度+10%。	99	0	1	18
9106	99	2200	JD_RideHeader14_10							0	0	0	1	0		坐骑：赤炎燃疆。您已激活的坐骑中最高移动速度+20%。	99	0	1	18
9107	99	2200	JD_RideHeader14_10							0	0	0	1	0		坐骑：赤炎燃疆。您已激活的坐骑中最高移动速度+40%。	99	0	1	18
9108	99	2200	JD_RideHeader14_10							0	0	0	1	0		坐骑：赤炎燃疆。您已激活的坐骑中最高移动速度+70%。	99	0	1	18
9109	99	2200	JD_RideHeader14_10							0	0	0	1	0		坐骑：赤炎燃疆。您已激活的坐骑中最高移动速度+75%。	99	0	1	18
9110	99	2200	JD_RideHeader14_10							0	0	0	1	0		坐骑：赤炎燃疆。您已激活的坐骑中最高移动速度+80%。	99	0	1	18
9111	99	2200	JD_RideHeader14_10							0	0	0	1	0		坐骑：赤炎燃疆。您已激活的坐骑中最高移动速度+85%。	99	0	1	18
9112	99	2200	JD_RideHeader14_10							0	0	0	1	0		坐骑：赤炎燃疆。您已激活的坐骑中最高移动速度+90%。	99	0	1	18
#坐骑：烛照龙魂
9113	99	2200	JD_RideHeader14_9							0	0	0	1	0		坐骑：烛照龙魂。您已激活的坐骑中最高移动速度+10%。	99	0	1	18
9114	99	2200	JD_RideHeader14_9							0	0	0	1	0		坐骑：烛照龙魂。您已激活的坐骑中最高移动速度+20%。	99	0	1	18
9115	99	2200	JD_RideHeader14_9							0	0	0	1	0		坐骑：烛照龙魂。您已激活的坐骑中最高移动速度+40%。	99	0	1	18
9116	99	2200	JD_RideHeader14_9							0	0	0	1	0		坐骑：烛照龙魂。您已激活的坐骑中最高移动速度+70%。	99	0	1	18
9117	99	2200	JD_RideHeader14_9							0	0	0	1	0		坐骑：烛照龙魂。您已激活的坐骑中最高移动速度+75%。	99	0	1	18
9118	99	2200	JD_RideHeader14_9							0	0	0	1	0		坐骑：烛照龙魂。您已激活的坐骑中最高移动速度+80%。	99	0	1	18
9119	99	2200	JD_RideHeader14_9							0	0	0	1	0		坐骑：烛照龙魂。您已激活的坐骑中最高移动速度+85%。	99	0	1	18
9120	99	2200	JD_RideHeader14_9							0	0	0	1	0		坐骑：烛照龙魂。您已激活的坐骑中最高移动速度+90%。	99	0	1	18
#坐骑：灵隐虎
9121	99	2200	JD_RideHeader14_12							0	0	0	1	0		坐骑：灵隐虎。您已激活的坐骑中最高移动速度+10%。	99	0	1	18
9122	99	2200	JD_RideHeader14_12							0	0	0	1	0		坐骑：灵隐虎。您已激活的坐骑中最高移动速度+20%。	99	0	1	18
9123	99	2200	JD_RideHeader14_12							0	0	0	1	0		坐骑：灵隐虎。您已激活的坐骑中最高移动速度+40%。	99	0	1	18
9124	99	2200	JD_RideHeader14_12							0	0	0	1	0		坐骑：灵隐虎。您已激活的坐骑中最高移动速度+70%。	99	0	1	18
9125	99	2200	JD_RideHeader14_12							0	0	0	1	0		坐骑：灵隐虎。您已激活的坐骑中最高移动速度+75%。	99	0	1	18
9126	99	2200	JD_RideHeader14_12							0	0	0	1	0		坐骑：灵隐虎。您已激活的坐骑中最高移动速度+80%。	99	0	1	18
9127	99	2200	JD_RideHeader14_12							0	0	0	1	0		坐骑：灵隐虎。您已激活的坐骑中最高移动速度+85%。	99	0	1	18
9128	99	2200	JD_RideHeader14_12							0	0	0	1	0		坐骑：灵隐虎。您已激活的坐骑中最高移动速度+90%。	99	0	1	18
#坐骑：圣火狮
9129	99	2200	JD_RideHeader14_13							0	0	0	1	0		坐骑：圣火狮。您已激活的坐骑中最高移动速度+10%。	99	0	1	18
9130	99	2200	JD_RideHeader14_13							0	0	0	1	0		坐骑：圣火狮。您已激活的坐骑中最高移动速度+20%。	99	0	1	18
9131	99	2200	JD_RideHeader14_13							0	0	0	1	0		坐骑：圣火狮。您已激活的坐骑中最高移动速度+40%。	99	0	1	18
9132	99	2200	JD_RideHeader14_13							0	0	0	1	0		坐骑：圣火狮。您已激活的坐骑中最高移动速度+70%。	99	0	1	18
9133	99	2200	JD_RideHeader14_13							0	0	0	1	0		坐骑：圣火狮。您已激活的坐骑中最高移动速度+75%。	99	0	1	18
9134	99	2200	JD_RideHeader14_13							0	0	0	1	0		坐骑：圣火狮。您已激活的坐骑中最高移动速度+80%。	99	0	1	18
9135	99	2200	JD_RideHeader14_13							0	0	0	1	0		坐骑：圣火狮。您已激活的坐骑中最高移动速度+85%。	99	0	1	18
9136	99	2200	JD_RideHeader14_13							0	0	0	1	0		坐骑：圣火狮。您已激活的坐骑中最高移动速度+90%。	99	0	1	18
#坐骑：忠义狼
9137	99	2200	JD_RideHeader14_14							0	0	0	1	0		坐骑：忠义狼。您已激活的坐骑中最高移动速度+10%。	99	0	1	18
9138	99	2200	JD_RideHeader14_14							0	0	0	1	0		坐骑：忠义狼。您已激活的坐骑中最高移动速度+20%。	99	0	1	18
9139	99	2200	JD_RideHeader14_14							0	0	0	1	0		坐骑：忠义狼。您已激活的坐骑中最高移动速度+40%。	99	0	1	18
9140	99	2200	JD_RideHeader14_14							0	0	0	1	0		坐骑：忠义狼。您已激活的坐骑中最高移动速度+70%。	99	0	1	18
9141	99	2200	JD_RideHeader14_14							0	0	0	1	0		坐骑：忠义狼。您已激活的坐骑中最高移动速度+75%。	99	0	1	18
9142	99	2200	JD_RideHeader14_14							0	0	0	1	0		坐骑：忠义狼。您已激活的坐骑中最高移动速度+80%。	99	0	1	18
9143	99	2200	JD_RideHeader14_14							0	0	0	1	0		坐骑：忠义狼。您已激活的坐骑中最高移动速度+85%。	99	0	1	18
9144	99	2200	JD_RideHeader14_14							0	0	0	1	0		坐骑：忠义狼。您已激活的坐骑中最高移动速度+90%。	99	0	1	18
#坐骑：上清鹤
9145	99	2200	JD_RideHeader14_15							0	0	0	1	0		坐骑：上清鹤。您已激活的坐骑中最高移动速度+10%。	99	0	1	18
9146	99	2200	JD_RideHeader14_15							0	0	0	1	0		坐骑：上清鹤。您已激活的坐骑中最高移动速度+20%。	99	0	1	18
9147	99	2200	JD_RideHeader14_15							0	0	0	1	0		坐骑：上清鹤。您已激活的坐骑中最高移动速度+40%。	99	0	1	18
9148	99	2200	JD_RideHeader14_15							0	0	0	1	0		坐骑：上清鹤。您已激活的坐骑中最高移动速度+70%。	99	0	1	18
9149	99	2200	JD_RideHeader14_15							0	0	0	1	0		坐骑：上清鹤。您已激活的坐骑中最高移动速度+75%。	99	0	1	18
9150	99	2200	JD_RideHeader14_15							0	0	0	1	0		坐骑：上清鹤。您已激活的坐骑中最高移动速度+80%。	99	0	1	18
9151	99	2200	JD_RideHeader14_15							0	0	0	1	0		坐骑：上清鹤。您已激活的坐骑中最高移动速度+85%。	99	0	1	18
9152	99	2200	JD_RideHeader14_15							0	0	0	1	0		坐骑：上清鹤。您已激活的坐骑中最高移动速度+90%。	99	0	1	18
#坐骑：息心凤
9153	99	2200	JD_RideHeader14_16							0	0	0	1	0		坐骑：息心凤。您已激活的坐骑中最高移动速度+10%。	99	0	1	18
9154	99	2200	JD_RideHeader14_16							0	0	0	1	0		坐骑：息心凤。您已激活的坐骑中最高移动速度+20%。	99	0	1	18
9155	99	2200	JD_RideHeader14_16							0	0	0	1	0		坐骑：息心凤。您已激活的坐骑中最高移动速度+40%。	99	0	1	18
9156	99	2200	JD_RideHeader14_16							0	0	0	1	0		坐骑：息心凤。您已激活的坐骑中最高移动速度+70%。	99	0	1	18
9157	99	2200	JD_RideHeader14_16							0	0	0	1	0		坐骑：息心凤。您已激活的坐骑中最高移动速度+75%。	99	0	1	18
9158	99	2200	JD_RideHeader14_16							0	0	0	1	0		坐骑：息心凤。您已激活的坐骑中最高移动速度+80%。	99	0	1	18
9159	99	2200	JD_RideHeader14_16							0	0	0	1	0		坐骑：息心凤。您已激活的坐骑中最高移动速度+85%。	99	0	1	18
9160	99	2200	JD_RideHeader14_16							0	0	0	1	0		坐骑：息心凤。您已激活的坐骑中最高移动速度+90%。	99	0	1	18
#坐骑：紫云牛
9161	99	2200	JD_RideHeader15_1							0	0	0	1	0		坐骑：紫云牛。您已激活的坐骑中最高移动速度+10%。	99	0	1	18
9162	99	2200	JD_RideHeader15_1							0	0	0	1	0		坐骑：紫云牛。您已激活的坐骑中最高移动速度+20%。	99	0	1	18
9163	99	2200	JD_RideHeader15_1							0	0	0	1	0		坐骑：紫云牛。您已激活的坐骑中最高移动速度+40%。	99	0	1	18
9164	99	2200	JD_RideHeader15_1							0	0	0	1	0		坐骑：紫云牛。您已激活的坐骑中最高移动速度+70%。	99	0	1	18
9165	99	2200	JD_RideHeader15_1							0	0	0	1	0		坐骑：紫云牛。您已激活的坐骑中最高移动速度+75%。	99	0	1	18
9166	99	2200	JD_RideHeader15_1							0	0	0	1	0		坐骑：紫云牛。您已激活的坐骑中最高移动速度+80%。	99	0	1	18
9167	99	2200	JD_RideHeader15_1							0	0	0	1	0		坐骑：紫云牛。您已激活的坐骑中最高移动速度+85%。	99	0	1	18
9168	99	2200	JD_RideHeader15_1							0	0	0	1	0		坐骑：紫云牛。您已激活的坐骑中最高移动速度+90%。	99	0	1	18
#坐骑：远禅马
9169	99	2200	JD_RideHeader15_2							0	0	0	1	0		坐骑：远禅马。您已激活的坐骑中最高移动速度+10%。	99	0	1	18
9170	99	2200	JD_RideHeader15_2							0	0	0	1	0		坐骑：远禅马。您已激活的坐骑中最高移动速度+20%。	99	0	1	18
9171	99	2200	JD_RideHeader15_2							0	0	0	1	0		坐骑：远禅马。您已激活的坐骑中最高移动速度+40%。	99	0	1	18
9172	99	2200	JD_RideHeader15_2							0	0	0	1	0		坐骑：远禅马。您已激活的坐骑中最高移动速度+70%。	99	0	1	18
9173	99	2200	JD_RideHeader15_2							0	0	0	1	0		坐骑：远禅马。您已激活的坐骑中最高移动速度+75%。	99	0	1	18
9174	99	2200	JD_RideHeader15_2							0	0	0	1	0		坐骑：远禅马。您已激活的坐骑中最高移动速度+80%。	99	0	1	18
9175	99	2200	JD_RideHeader15_2							0	0	0	1	0		坐骑：远禅马。您已激活的坐骑中最高移动速度+85%。	99	0	1	18
9176	99	2200	JD_RideHeader15_2							0	0	0	1	0		坐骑：远禅马。您已激活的坐骑中最高移动速度+90%。	99	0	1	18
#坐骑：雪海雕
9177	99	2200	JD_RideHeader15_3							0	0	0	1	0		坐骑：雪海雕。您已激活的坐骑中最高移动速度+10%。	99	0	1	18
9178	99	2200	JD_RideHeader15_3							0	0	0	1	0		坐骑：雪海雕。您已激活的坐骑中最高移动速度+20%。	99	0	1	18
9179	99	2200	JD_RideHeader15_3							0	0	0	1	0		坐骑：雪海雕。您已激活的坐骑中最高移动速度+40%。	99	0	1	18
9180	99	2200	JD_RideHeader15_3							0	0	0	1	0		坐骑：雪海雕。您已激活的坐骑中最高移动速度+70%。	99	0	1	18
9181	99	2200	JD_RideHeader15_3							0	0	0	1	0		坐骑：雪海雕。您已激活的坐骑中最高移动速度+75%。	99	0	1	18
9182	99	2200	JD_RideHeader15_3							0	0	0	1	0		坐骑：雪海雕。您已激活的坐骑中最高移动速度+80%。	99	0	1	18
9183	99	2200	JD_RideHeader15_3							0	0	0	1	0		坐骑：雪海雕。您已激活的坐骑中最高移动速度+85%。	99	0	1	18
9184	99	2200	JD_RideHeader15_3							0	0	0	1	0		坐骑：雪海雕。您已激活的坐骑中最高移动速度+90%。	99	0	1	18
#坐骑：北冥鹿
9185	99	2200	JD_RideHeader15_4							0	0	0	1	0		坐骑：北冥鹿。您已激活的坐骑中最高移动速度+10%。	99	0	1	18
9186	99	2200	JD_RideHeader15_4							0	0	0	1	0		坐骑：北冥鹿。您已激活的坐骑中最高移动速度+20%。	99	0	1	18
9187	99	2200	JD_RideHeader15_4							0	0	0	1	0		坐骑：北冥鹿。您已激活的坐骑中最高移动速度+40%。	99	0	1	18
9188	99	2200	JD_RideHeader15_4							0	0	0	1	0		坐骑：北冥鹿。您已激活的坐骑中最高移动速度+70%。	99	0	1	18
9189	99	2200	JD_RideHeader15_4							0	0	0	1	0		坐骑：北冥鹿。您已激活的坐骑中最高移动速度+75%。	99	0	1	18
9190	99	2200	JD_RideHeader15_4							0	0	0	1	0		坐骑：北冥鹿。您已激活的坐骑中最高移动速度+80%。	99	0	1	18
9191	99	2200	JD_RideHeader15_4							0	0	0	1	0		坐骑：北冥鹿。您已激活的坐骑中最高移动速度+85%。	99	0	1	18
9192	99	2200	JD_RideHeader15_4							0	0	0	1	0		坐骑：北冥鹿。您已激活的坐骑中最高移动速度+90%。	99	0	1	18
#坐骑：三燕羊
9193	99	2200	JD_RideHeader15_5							0	0	0	1	0		坐骑：三燕羊。您已激活的坐骑中最高移动速度+10%。	99	0	1	18
9194	99	2200	JD_RideHeader15_5							0	0	0	1	0		坐骑：三燕羊。您已激活的坐骑中最高移动速度+20%。	99	0	1	18
9195	99	2200	JD_RideHeader15_5							0	0	0	1	0		坐骑：三燕羊。您已激活的坐骑中最高移动速度+40%。	99	0	1	18
9196	99	2200	JD_RideHeader15_5							0	0	0	1	0		坐骑：三燕羊。您已激活的坐骑中最高移动速度+70%。	99	0	1	18
9197	99	2200	JD_RideHeader15_5							0	0	0	1	0		坐骑：三燕羊。您已激活的坐骑中最高移动速度+75%。	99	0	1	18
9198	99	2200	JD_RideHeader15_5							0	0	0	1	0		坐骑：三燕羊。您已激活的坐骑中最高移动速度+80%。	99	0	1	18
9199	99	2200	JD_RideHeader15_5							0	0	0	1	0		坐骑：三燕羊。您已激活的坐骑中最高移动速度+85%。	99	0	1	18
9200	99	2200	JD_RideHeader15_5							0	0	0	1	0		坐骑：三燕羊。您已激活的坐骑中最高移动速度+90%。	99	0	1	18
#坐骑：瑶山豹
9201	99	2200	JD_RideHeader15_6							0	0	0	1	0		坐骑：瑶山豹。您已激活的坐骑中最高移动速度+10%。	99	0	1	18
9202	99	2200	JD_RideHeader15_6							0	0	0	1	0		坐骑：瑶山豹。您已激活的坐骑中最高移动速度+20%。	99	0	1	18
9203	99	2200	JD_RideHeader15_6							0	0	0	1	0		坐骑：瑶山豹。您已激活的坐骑中最高移动速度+40%。	99	0	1	18
9204	99	2200	JD_RideHeader15_6							0	0	0	1	0		坐骑：瑶山豹。您已激活的坐骑中最高移动速度+70%。	99	0	1	18
9205	99	2200	JD_RideHeader15_6							0	0	0	1	0		坐骑：瑶山豹。您已激活的坐骑中最高移动速度+75%。	99	0	1	18
9206	99	2200	JD_RideHeader15_6							0	0	0	1	0		坐骑：瑶山豹。您已激活的坐骑中最高移动速度+80%。	99	0	1	18
9207	99	2200	JD_RideHeader15_6							0	0	0	1	0		坐骑：瑶山豹。您已激活的坐骑中最高移动速度+85%。	99	0	1	18
9208	99	2200	JD_RideHeader15_6							0	0	0	1	0		坐骑：瑶山豹。您已激活的坐骑中最高移动速度+90%。	99	0	1	18
#坐骑：云梦狐
9209	99	2200	JD_RideHeader15_7							0	0	0	1	0		坐骑：云梦狐。您已激活的坐骑中最高移动速度+10%。	99	0	1	18
9210	99	2200	JD_RideHeader15_7							0	0	0	1	0		坐骑：云梦狐。您已激活的坐骑中最高移动速度+20%。	99	0	1	18
9211	99	2200	JD_RideHeader15_7							0	0	0	1	0		坐骑：云梦狐。您已激活的坐骑中最高移动速度+40%。	99	0	1	18
9212	99	2200	JD_RideHeader15_7							0	0	0	1	0		坐骑：云梦狐。您已激活的坐骑中最高移动速度+70%。	99	0	1	18
9213	99	2200	JD_RideHeader15_7							0	0	0	1	0		坐骑：云梦狐。您已激活的坐骑中最高移动速度+75%。	99	0	1	18
9214	99	2200	JD_RideHeader15_7							0	0	0	1	0		坐骑：云梦狐。您已激活的坐骑中最高移动速度+80%。	99	0	1	18
9215	99	2200	JD_RideHeader15_7							0	0	0	1	0		坐骑：云梦狐。您已激活的坐骑中最高移动速度+85%。	99	0	1	18
9216	99	2200	JD_RideHeader15_7							0	0	0	1	0		坐骑：云梦狐。您已激活的坐骑中最高移动速度+90%。	99	0	1	18
#坐骑：桃影鸢
9217	99	2200	JD_RideHeader15_8							0	0	0	1	0		坐骑：桃影鸢。您已激活的坐骑中最高移动速度+10%。	99	0	1	18
9218	99	2200	JD_RideHeader15_8							0	0	0	1	0		坐骑：桃影鸢。您已激活的坐骑中最高移动速度+20%。	99	0	1	18
9219	99	2200	JD_RideHeader15_8							0	0	0	1	0		坐骑：桃影鸢。您已激活的坐骑中最高移动速度+40%。	99	0	1	18
9220	99	2200	JD_RideHeader15_8							0	0	0	1	0		坐骑：桃影鸢。您已激活的坐骑中最高移动速度+70%。	99	0	1	18
9221	99	2200	JD_RideHeader15_8							0	0	0	1	0		坐骑：桃影鸢。您已激活的坐骑中最高移动速度+75%。	99	0	1	18
9222	99	2200	JD_RideHeader15_8							0	0	0	1	0		坐骑：桃影鸢。您已激活的坐骑中最高移动速度+80%。	99	0	1	18
9223	99	2200	JD_RideHeader15_8							0	0	0	1	0		坐骑：桃影鸢。您已激活的坐骑中最高移动速度+85%。	99	0	1	18
9224	99	2200	JD_RideHeader15_8							0	0	0	1	0		坐骑：桃影鸢。您已激活的坐骑中最高移动速度+90%。	99	0	1	18
#坐骑：忘情乌
9225	99	2200	JD_RideHeader15_9							0	0	0	1	0		坐骑：忘情乌。您已激活的坐骑中最高移动速度+10%。	99	0	1	18
9226	99	2200	JD_RideHeader15_9							0	0	0	1	0		坐骑：忘情乌。您已激活的坐骑中最高移动速度+20%。	99	0	1	18
9227	99	2200	JD_RideHeader15_9							0	0	0	1	0		坐骑：忘情乌。您已激活的坐骑中最高移动速度+40%。	99	0	1	18
9228	99	2200	JD_RideHeader15_9							0	0	0	1	0		坐骑：忘情乌。您已激活的坐骑中最高移动速度+70%。	99	0	1	18
9229	99	2200	JD_RideHeader15_9							0	0	0	1	0		坐骑：忘情乌。您已激活的坐骑中最高移动速度+75%。	99	0	1	18
9230	99	2200	JD_RideHeader15_9							0	0	0	1	0		坐骑：忘情乌。您已激活的坐骑中最高移动速度+80%。	99	0	1	18
9231	99	2200	JD_RideHeader15_9							0	0	0	1	0		坐骑：忘情乌。您已激活的坐骑中最高移动速度+85%。	99	0	1	18
9232	99	2200	JD_RideHeader15_9							0	0	0	1	0		坐骑：忘情乌。您已激活的坐骑中最高移动速度+90%。	99	0	1	18
#坐骑：哈基米
9233	99	2200	JD_RideHeader15_10							0	0	0	1	0		坐骑：哈基米。您已激活的坐骑中最高移动速度+10%。	99	0	1	18
9234	99	2200	JD_RideHeader15_10							0	0	0	1	0		坐骑：哈基米。您已激活的坐骑中最高移动速度+20%。	99	0	1	18
9235	99	2200	JD_RideHeader15_10							0	0	0	1	0		坐骑：哈基米。您已激活的坐骑中最高移动速度+40%。	99	0	1	18
9236	99	2200	JD_RideHeader15_10							0	0	0	1	0		坐骑：哈基米。您已激活的坐骑中最高移动速度+70%。	99	0	1	18
9237	99	2200	JD_RideHeader15_10							0	0	0	1	0		坐骑：哈基米。您已激活的坐骑中最高移动速度+75%。	99	0	1	18
9238	99	2200	JD_RideHeader15_10							0	0	0	1	0		坐骑：哈基米。您已激活的坐骑中最高移动速度+80%。	99	0	1	18
9239	99	2200	JD_RideHeader15_10							0	0	0	1	0		坐骑：哈基米。您已激活的坐骑中最高移动速度+85%。	99	0	1	18
9240	99	2200	JD_RideHeader15_10							0	0	0	1	0		坐骑：哈基米。您已激活的坐骑中最高移动速度+90%。	99	0	1	18
#坐骑：御宝天禄
9241	99	2200	JD_RideHeader15_14							0	0	0	1	0		坐骑：御宝天禄。您已激活的坐骑中最高移动速度+10%。	99	0	1	18
9242	99	2200	JD_RideHeader15_14							0	0	0	1	0		坐骑：御宝天禄。您已激活的坐骑中最高移动速度+20%。	99	0	1	18
9243	99	2200	JD_RideHeader15_14							0	0	0	1	0		坐骑：御宝天禄。您已激活的坐骑中最高移动速度+40%。	99	0	1	18
9244	99	2200	JD_RideHeader15_14							0	0	0	1	0		坐骑：御宝天禄。您已激活的坐骑中最高移动速度+70%。	99	0	1	18
9245	99	2200	JD_RideHeader15_14							0	0	0	1	0		坐骑：御宝天禄。您已激活的坐骑中最高移动速度+75%。	99	0	1	18
9246	99	2200	JD_RideHeader15_14							0	0	0	1	0		坐骑：御宝天禄。您已激活的坐骑中最高移动速度+80%。	99	0	1	18
9247	99	2200	JD_RideHeader15_14							0	0	0	1	0		坐骑：御宝天禄。您已激活的坐骑中最高移动速度+85%。	99	0	1	18
9248	99	2200	JD_RideHeader15_14							0	0	0	1	0		坐骑：御宝天禄。您已激活的坐骑中最高移动速度+90%。	99	0	1	18
#坐骑：飒露紫
9249	99	2200	JD_RideHeader15_16							0	0	0	1	0		坐骑：飒露紫。您已激活的坐骑中最高移动速度+10%。	99	0	1	18
9250	99	2200	JD_RideHeader15_16							0	0	0	1	0		坐骑：飒露紫。您已激活的坐骑中最高移动速度+20%。	99	0	1	18
9251	99	2200	JD_RideHeader15_16							0	0	0	1	0		坐骑：飒露紫。您已激活的坐骑中最高移动速度+40%。	99	0	1	18
9252	99	2200	JD_RideHeader15_16							0	0	0	1	0		坐骑：飒露紫。您已激活的坐骑中最高移动速度+70%。	99	0	1	18
9253	99	2200	JD_RideHeader15_16							0	0	0	1	0		坐骑：飒露紫。您已激活的坐骑中最高移动速度+75%。	99	0	1	18
9254	99	2200	JD_RideHeader15_16							0	0	0	1	0		坐骑：飒露紫。您已激活的坐骑中最高移动速度+80%。	99	0	1	18
9255	99	2200	JD_RideHeader15_16							0	0	0	1	0		坐骑：飒露紫。您已激活的坐骑中最高移动速度+85%。	99	0	1	18
9256	99	2200	JD_RideHeader15_16							0	0	0	1	0		坐骑：飒露紫。您已激活的坐骑中最高移动速度+90%。	99	0	1	18
#坐骑：蛋蛋鸡飞椅
9257	99	2200	JD_RideHeader15_15							0	0	0	1	0		坐骑：蛋蛋鸡飞椅。您已激活的坐骑中最高移动速度+10%。	99	0	1	18
9258	99	2200	JD_RideHeader15_15							0	0	0	1	0		坐骑：蛋蛋鸡飞椅。您已激活的坐骑中最高移动速度+20%。	99	0	1	18
9259	99	2200	JD_RideHeader15_15							0	0	0	1	0		坐骑：蛋蛋鸡飞椅。您已激活的坐骑中最高移动速度+40%。	99	0	1	18
9260	99	2200	JD_RideHeader15_15							0	0	0	1	0		坐骑：蛋蛋鸡飞椅。您已激活的坐骑中最高移动速度+70%。	99	0	1	18
9261	99	2200	JD_RideHeader15_15							0	0	0	1	0		坐骑：蛋蛋鸡飞椅。您已激活的坐骑中最高移动速度+75%。	99	0	1	18
9262	99	2200	JD_RideHeader15_15							0	0	0	1	0		坐骑：蛋蛋鸡飞椅。您已激活的坐骑中最高移动速度+80%。	99	0	1	18
9263	99	2200	JD_RideHeader15_15							0	0	0	1	0		坐骑：蛋蛋鸡飞椅。您已激活的坐骑中最高移动速度+85%。	99	0	1	18
9264	99	2200	JD_RideHeader15_15							0	0	0	1	0		坐骑：蛋蛋鸡飞椅。您已激活的坐骑中最高移动速度+90%。	99	0	1	18
#坐骑：碧海苍龙
9265	99	2200	JD_RideHeader16_1							0	0	0	1	0		坐骑：碧海苍龙。您已激活的坐骑中最高移动速度+10%。	99	0	1	18
9266	99	2200	JD_RideHeader16_1							0	0	0	1	0		坐骑：碧海苍龙。您已激活的坐骑中最高移动速度+20%。	99	0	1	18
9267	99	2200	JD_RideHeader16_1							0	0	0	1	0		坐骑：碧海苍龙。您已激活的坐骑中最高移动速度+40%。	99	0	1	18
9268	99	2200	JD_RideHeader16_1							0	0	0	1	0		坐骑：碧海苍龙。您已激活的坐骑中最高移动速度+70%。	99	0	1	18
9269	99	2200	JD_RideHeader16_1							0	0	0	1	0		坐骑：碧海苍龙。您已激活的坐骑中最高移动速度+75%。	99	0	1	18
9270	99	2200	JD_RideHeader16_1							0	0	0	1	0		坐骑：碧海苍龙。您已激活的坐骑中最高移动速度+80%。	99	0	1	18
9271	99	2200	JD_RideHeader16_1							0	0	0	1	0		坐骑：碧海苍龙。您已激活的坐骑中最高移动速度+85%。	99	0	1	18
9272	99	2200	JD_RideHeader16_1							0	0	0	1	0		坐骑：碧海苍龙。您已激活的坐骑中最高移动速度+90%。	99	0	1	18
#坐骑：山外猞
9273	99	2200	JD_RideHeader16_12							0	0	0	1	0		坐骑：山外猞。您已激活的坐骑中最高移动速度+10%。	99	0	1	18
9274	99	2200	JD_RideHeader16_12							0	0	0	1	0		坐骑：山外猞。您已激活的坐骑中最高移动速度+20%。	99	0	1	18
9275	99	2200	JD_RideHeader16_12							0	0	0	1	0		坐骑：山外猞。您已激活的坐骑中最高移动速度+40%。	99	0	1	18
9276	99	2200	JD_RideHeader16_12							0	0	0	1	0		坐骑：山外猞。您已激活的坐骑中最高移动速度+70%。	99	0	1	18
9277	99	2200	JD_RideHeader16_12							0	0	0	1	0		坐骑：山外猞。您已激活的坐骑中最高移动速度+75%。	99	0	1	18
9278	99	2200	JD_RideHeader16_12							0	0	0	1	0		坐骑：山外猞。您已激活的坐骑中最高移动速度+80%。	99	0	1	18
9279	99	2200	JD_RideHeader16_12							0	0	0	1	0		坐骑：山外猞。您已激活的坐骑中最高移动速度+85%。	99	0	1	18
9280	99	2200	JD_RideHeader16_12							0	0	0	1	0		坐骑：山外猞。您已激活的坐骑中最高移动速度+90%。	99	0	1	18
#坐骑：瑶池金鲤
9281	99	2200	JD_RideHeader16_14							0	0	0	1	0		坐骑：瑶池金鲤。您已激活的坐骑中最高移动速度+10%。	99	0	1	18
9282	99	2200	JD_RideHeader16_14							0	0	0	1	0		坐骑：瑶池金鲤。您已激活的坐骑中最高移动速度+20%。	99	0	1	18
9283	99	2200	JD_RideHeader16_14							0	0	0	1	0		坐骑：瑶池金鲤。您已激活的坐骑中最高移动速度+40%。	99	0	1	18
9284	99	2200	JD_RideHeader16_14							0	0	0	1	0		坐骑：瑶池金鲤。您已激活的坐骑中最高移动速度+70%。	99	0	1	18
9285	99	2200	JD_RideHeader16_14							0	0	0	1	0		坐骑：瑶池金鲤。您已激活的坐骑中最高移动速度+75%。	99	0	1	18
9286	99	2200	JD_RideHeader16_14							0	0	0	1	0		坐骑：瑶池金鲤。您已激活的坐骑中最高移动速度+80%。	99	0	1	18
9287	99	2200	JD_RideHeader16_14							0	0	0	1	0		坐骑：瑶池金鲤。您已激活的坐骑中最高移动速度+85%。	99	0	1	18
9288	99	2200	JD_RideHeader16_14							0	0	0	1	0		坐骑：瑶池金鲤。您已激活的坐骑中最高移动速度+90%。	99	0	1	18
#坐骑：九尾神狐
9289	99	2200	JD_RideHeader17_1							0	0	0	1	0		坐骑：九尾神狐。您已激活的坐骑中最高移动速度+10%。	99	0	1	18
9290	99	2200	JD_RideHeader17_1							0	0	0	1	0		坐骑：九尾神狐。您已激活的坐骑中最高移动速度+20%。	99	0	1	18
9291	99	2200	JD_RideHeader17_1							0	0	0	1	0		坐骑：九尾神狐。您已激活的坐骑中最高移动速度+40%。	99	0	1	18
9292	99	2200	JD_RideHeader17_1							0	0	0	1	0		坐骑：九尾神狐。您已激活的坐骑中最高移动速度+70%。	99	0	1	18
9293	99	2200	JD_RideHeader17_1							0	0	0	1	0		坐骑：九尾神狐。您已激活的坐骑中最高移动速度+75%。	99	0	1	18
9294	99	2200	JD_RideHeader17_1							0	0	0	1	0		坐骑：九尾神狐。您已激活的坐骑中最高移动速度+80%。	99	0	1	18
9295	99	2200	JD_RideHeader17_1							0	0	0	1	0		坐骑：九尾神狐。您已激活的坐骑中最高移动速度+85%。	99	0	1	18
9296	99	2200	JD_RideHeader17_1							0	0	0	1	0		坐骑：九尾神狐。您已激活的坐骑中最高移动速度+90%。	99	0	1	18
#坐骑：赤焰宝驹
9297	99	2200	JD_RideHeader17_2							0	0	0	1	0		坐骑：赤焰宝驹。您已激活的坐骑中最高移动速度+10%。	99	0	1	18
9298	99	2200	JD_RideHeader17_2							0	0	0	1	0		坐骑：赤焰宝驹。您已激活的坐骑中最高移动速度+20%。	99	0	1	18
9299	99	2200	JD_RideHeader17_2							0	0	0	1	0		坐骑：赤焰宝驹。您已激活的坐骑中最高移动速度+40%。	99	0	1	18
9300	99	2200	JD_RideHeader17_2							0	0	0	1	0		坐骑：赤焰宝驹。您已激活的坐骑中最高移动速度+70%。	99	0	1	18
9301	99	2200	JD_RideHeader17_2							0	0	0	1	0		坐骑：赤焰宝驹。您已激活的坐骑中最高移动速度+75%。	99	0	1	18
9302	99	2200	JD_RideHeader17_2							0	0	0	1	0		坐骑：赤焰宝驹。您已激活的坐骑中最高移动速度+80%。	99	0	1	18
9303	99	2200	JD_RideHeader17_2							0	0	0	1	0		坐骑：赤焰宝驹。您已激活的坐骑中最高移动速度+85%。	99	0	1	18
9304	99	2200	JD_RideHeader17_2							0	0	0	1	0		坐骑：赤焰宝驹。您已激活的坐骑中最高移动速度+90%。	99	0	1	18
#坐骑：苍雪领主
9305	99	2200	JD_RideHeader17_8							0	0	0	1	0		坐骑：苍雪领主。您已激活的坐骑中最高移动速度+10%。	99	0	1	18
9306	99	2200	JD_RideHeader17_8							0	0	0	1	0		坐骑：苍雪领主。您已激活的坐骑中最高移动速度+20%。	99	0	1	18
9307	99	2200	JD_RideHeader17_8							0	0	0	1	0		坐骑：苍雪领主。您已激活的坐骑中最高移动速度+40%。	99	0	1	18
9308	99	2200	JD_RideHeader17_8							0	0	0	1	0		坐骑：苍雪领主。您已激活的坐骑中最高移动速度+70%。	99	0	1	18
9309	99	2200	JD_RideHeader17_8							0	0	0	1	0		坐骑：苍雪领主。您已激活的坐骑中最高移动速度+75%。	99	0	1	18
9310	99	2200	JD_RideHeader17_8							0	0	0	1	0		坐骑：苍雪领主。您已激活的坐骑中最高移动速度+80%。	99	0	1	18
9311	99	2200	JD_RideHeader17_8							0	0	0	1	0		坐骑：苍雪领主。您已激活的坐骑中最高移动速度+85%。	99	0	1	18
9312	99	2200	JD_RideHeader17_8							0	0	0	1	0		坐骑：苍雪领主。您已激活的坐骑中最高移动速度+90%。	99	0	1	18
#坐骑：金辉领主
9313	99	2200	JD_RideHeader17_9							0	0	0	1	0		坐骑：金辉领主。您已激活的坐骑中最高移动速度+10%。	99	0	1	18
9314	99	2200	JD_RideHeader17_9							0	0	0	1	0		坐骑：金辉领主。您已激活的坐骑中最高移动速度+20%。	99	0	1	18
9315	99	2200	JD_RideHeader17_9							0	0	0	1	0		坐骑：金辉领主。您已激活的坐骑中最高移动速度+40%。	99	0	1	18
9316	99	2200	JD_RideHeader17_9							0	0	0	1	0		坐骑：金辉领主。您已激活的坐骑中最高移动速度+70%。	99	0	1	18
9317	99	2200	JD_RideHeader17_9							0	0	0	1	0		坐骑：金辉领主。您已激活的坐骑中最高移动速度+75%。	99	0	1	18
9318	99	2200	JD_RideHeader17_9							0	0	0	1	0		坐骑：金辉领主。您已激活的坐骑中最高移动速度+80%。	99	0	1	18
9319	99	2200	JD_RideHeader17_9							0	0	0	1	0		坐骑：金辉领主。您已激活的坐骑中最高移动速度+85%。	99	0	1	18
9320	99	2200	JD_RideHeader17_9							0	0	0	1	0		坐骑：金辉领主。您已激活的坐骑中最高移动速度+90%。	99	0	1	18
#坐骑：聚财貔貅
9321	99	2200	JD_RideHeader17_11							0	0	0	1	0		坐骑：聚财貔貅。您已激活的坐骑中最高移动速度+10%。	99	0	1	18
9322	99	2200	JD_RideHeader17_11							0	0	0	1	0		坐骑：聚财貔貅。您已激活的坐骑中最高移动速度+20%。	99	0	1	18
9323	99	2200	JD_RideHeader17_11							0	0	0	1	0		坐骑：聚财貔貅。您已激活的坐骑中最高移动速度+40%。	99	0	1	18
9324	99	2200	JD_RideHeader17_11							0	0	0	1	0		坐骑：聚财貔貅。您已激活的坐骑中最高移动速度+70%。	99	0	1	18
9325	99	2200	JD_RideHeader17_11							0	0	0	1	0		坐骑：聚财貔貅。您已激活的坐骑中最高移动速度+75%。	99	0	1	18
9326	99	2200	JD_RideHeader17_11							0	0	0	1	0		坐骑：聚财貔貅。您已激活的坐骑中最高移动速度+80%。	99	0	1	18
9327	99	2200	JD_RideHeader17_11							0	0	0	1	0		坐骑：聚财貔貅。您已激活的坐骑中最高移动速度+85%。	99	0	1	18
9328	99	2200	JD_RideHeader17_11							0	0	0	1	0		坐骑：聚财貔貅。您已激活的坐骑中最高移动速度+90%。	99	0	1	18
