INT	INT	INT	INT	INT	INT	INT	INT	INT	INT	INT	INT	INT	INT	INT
INT	INT	INT	INT	INT	INT	INT	INT	INT	INT	INT	INT	INT	INT	INT
0	0	1	2	3	4	5	6	4	4	7	7	0	-1	-1
1	0	0	0	0	0	0	0	0	0	8	8	0	-1	-1
2	9	9	9	9	9	9	9	9	9	10	10	0	-1	-1
3	10	11	11	12	13	14	15	13	13	10	10	0	-1	-1
4	7	7	7	7	7	7	7	7	7	7	7	0	-1	-1
5	16	17	18	19	20	21	22	20	20	7	7	0	-1	-1
6	10	10	10	10	10	10	10	10	10	10	10	0	-1	-1
7	23	24	25	26	27	28	29	27	27	30	30	0	-1	-1
8	31	31	31	31	31	31	31	31	31	32	32	0	-1	-1
9	33	33	33	33	33	33	33	33	33	33	33	0	-1	-1
10	9	9	9	9	9	9	9	9	9	9	9	0	-1	-1
11	34	35	35	36	37	38	39	37	37	10	10	0	-1	-1
12	40	40	40	40	40	40	40	40	40	40	40	0	-1	-1
13	41	41	41	41	41	41	41	41	41	41	41	0	-1	-1
14	42	42	42	42	42	42	42	42	42	42	42	0	-1	-1
15	43	43	43	43	43	43	43	43	43	43	43	0	-1	-1
16	44	44	44	44	44	44	44	44	44	44	44	0	-1	-1
17	43	45	45	46	43	43	46	43	43	47	47	0	-1	-1
18	43	48	48	49	50	50	49	50	50	47	47	0	-1	-1
19	51	51	51	51	51	51	51	51	51	47	47	0	-1	-1
20	52	52	52	52	52	52	52	52	52	47	47	0	-1	-1
21	43	53	53	54	55	55	54	55	55	47	47	0	-1	-1
22	43	56	56	57	58	58	57	58	58	47	47	0	-1	-1
23	43	59	59	60	61	61	60	61	61	47	47	0	-1	-1
24	62	63	64	65	66	67	68	66	66	47	47	0	-1	-1
25	62	63	69	3	4	5	6	4	4	47	47	0	-1	-1
26	62	63	2	3	4	70	6	4	4	47	47	0	-1	-1
27	62	63	2	3	71	5	6	71	71	47	47	0	-1	-1
28	62	63	2	3	72	5	6	72	72	47	47	0	-1	-1
29	62	63	2	3	72	5	73	72	72	47	47	0	-1	-1
30	74	74	74	74	74	74	74	74	74	47	47	0	-1	-1
31	75	75	75	75	75	75	75	75	75	47	47	0	-1	-1
32	76	76	76	76	76	76	76	76	76	47	47	0	-1	-1
33	77	77	77	77	77	77	77	77	77	47	47	0	-1	-1
34	78	79	79	79	79	79	79	79	79	80	80	0	-1	-1
35	78	81	81	81	81	81	81	81	81	80	80	0	-1	-1
36	78	82	82	82	82	82	82	82	82	80	80	0	-1	-1
37	78	83	83	83	83	83	83	83	83	80	80	0	-1	-1
38	78	84	84	84	84	84	84	84	84	80	80	0	-1	-1
39	78	85	85	85	85	85	85	85	85	80	80	0	-1	-1
40	86	86	86	86	86	86	86	86	86	87	87	0	-1	-1
41	88	88	88	88	88	88	88	88	88	87	87	0	-1	-1
42	89	89	89	89	89	89	89	89	89	87	87	0	-1	-1
43	90	90	90	90	90	90	90	90	90	87	87	0	-1	-1
44	91	91	91	91	91	91	91	91	91	87	87	0	-1	-1
45	92	92	92	92	92	92	92	92	92	87	87	0	-1	-1
46	93	93	93	93	93	93	93	93	93	87	87	0	-1	-1
47	94	94	94	94	94	94	94	94	94	87	87	0	-1	-1
48	95	95	95	95	95	95	95	95	95	87	87	0	-1	-1
49	96	96	96	96	96	96	96	96	96	87	87	0	-1	-1
50	78	97	98	99	100	101	102	100	100	103	103	0	-1	-1
51	78	104	105	106	107	108	109	107	107	103	103	0	-1	-1
52	78	110	111	112	113	114	115	113	113	103	103	0	-1	-1
53	78	116	116	116	116	116	116	116	116	80	80	0	-1	-1
54	78	117	117	117	117	117	117	117	117	80	80	0	-1	-1
55	78	118	118	118	118	118	118	118	118	80	80	0	-1	-1
56	78	119	119	119	119	119	119	119	119	80	80	0	-1	-1
57	78	120	120	120	120	120	120	120	120	80	80	0	-1	-1
58	78	121	121	121	121	121	121	121	121	80	80	0	-1	-1
59	78	122	122	122	122	122	122	122	122	80	80	0	-1	-1
60	78	123	123	123	123	123	123	123	123	80	80	0	-1	-1
61	124	124	124	124	124	124	124	124	124	80	80	0	-1	-1
62	78	125	125	125	125	125	125	125	125	80	80	0	-1	-1
63	126	126	126	126	126	126	126	126	126	80	80	0	-1	-1
64	127	127	127	127	127	127	127	127	127	80	80	0	-1	-1
65	128	128	128	128	128	128	128	128	128	80	80	0	-1	-1
66	129	129	129	129	129	129	129	129	129	80	80	0	-1	-1
67	130	130	130	130	130	130	130	130	130	80	80	0	-1	-1
68	131	131	131	131	131	131	131	131	131	80	80	0	-1	-1
69	78	132	132	132	132	132	132	132	132	80	80	0	-1	-1
70	133	133	133	133	133	133	133	133	133	80	80	0	-1	-1
71	78	134	134	134	134	134	134	134	134	80	80	0	-1	-1
72	78	135	135	135	135	135	135	135	135	80	80	0	-1	-1
73	136	136	136	136	136	136	136	136	136	80	80	0	-1	-1
74	137	137	137	137	137	137	137	137	137	80	80	0	-1	-1
75	138	138	138	138	138	138	138	138	138	80	80	0	-1	-1
76	139	139	139	139	139	139	139	139	139	80	80	0	-1	-1
77	78	140	140	140	140	140	140	140	140	80	80	0	-1	-1
78	78	141	141	141	141	141	141	141	141	80	80	0	-1	-1
79	78	142	142	142	142	142	142	142	142	80	80	0	-1	-1
80	143	143	143	143	143	143	143	143	143	80	80	0	-1	-1
81	144	144	144	144	144	144	144	144	144	144	144	0	-1	-1
82	145	145	145	145	145	145	145	145	145	145	145	0	-1	-1
83	146	146	146	146	146	146	146	146	146	146	146	0	-1	-1
84	147	147	147	147	147	147	147	147	147	147	147	0	-1	-1
85	148	148	148	148	148	148	148	148	148	148	148	0	-1	-1
86	84	84	84	84	84	84	84	84	84	80	80	0	-1	-1
87	149	149	149	149	149	149	149	149	149	80	80	0	-1	-1
88	150	150	150	150	150	150	150	150	150	80	80	0	-1	-1
89	78	97	97	99	100	100	99	100	100	80	80	0	-1	-1
90	78	104	104	106	107	107	106	107	107	80	80	0	-1	-1
91	78	110	110	112	113	113	112	113	113	80	80	0	-1	-1
92	9	9	9	9	9	9	9	9	9	151	151	0	-1	-1
93	9	9	9	9	9	9	9	9	9	152	152	0	-1	-1
94	9	9	9	9	9	9	9	9	9	153	153	0	-1	-1
95	9	9	9	9	9	9	9	9	9	154	154	0	-1	-1
96	9	9	9	9	9	9	9	9	9	155	155	0	-1	-1
97	9	9	9	9	9	9	9	9	9	156	156	0	-1	-1
98	9	9	9	9	9	9	9	9	9	157	157	0	-1	-1
99	9	9	9	9	9	9	9	9	9	158	158	0	-1	-1
100	9	9	9	9	9	9	9	9	9	159	159	0	-1	-1
101	9	9	9	9	9	9	9	9	9	160	160	0	-1	-1
102	9	9	9	9	9	9	9	9	9	161	161	0	-1	-1
103	9	9	9	9	9	9	9	9	9	162	162	0	-1	-1
104	9	9	9	9	9	9	9	9	9	163	163	0	-1	-1
105	9	9	9	9	9	9	9	9	9	164	164	0	-1	-1
106	9	9	9	9	9	9	9	9	9	165	165	0	-1	-1
107	9	9	9	9	9	9	9	9	9	166	166	0	-1	-1
108	9	9	9	9	9	9	9	9	9	167	167	0	-1	-1
109	9	9	9	9	9	9	9	9	9	168	168	0	-1	-1
110	9	9	9	9	9	9	9	9	9	169	169	0	-1	-1
111	9	9	9	9	9	9	9	9	9	170	170	0	-1	-1
112	9	9	9	9	9	9	9	9	9	171	171	0	-1	-1
113	9	9	9	9	9	9	9	9	9	172	172	0	-1	-1
114	9	9	9	9	9	9	9	9	9	173	173	0	-1	-1
115	9	9	9	9	9	9	9	9	9	174	174	0	-1	-1
116	9	9	9	9	9	9	9	9	9	175	175	0	-1	-1
117	9	9	9	9	9	9	9	9	9	176	176	0	-1	-1
118	9	9	9	9	9	9	9	9	9	177	177	0	-1	-1
119	9	9	9	9	9	9	9	9	9	178	178	0	-1	-1
120	9	9	9	9	9	9	9	9	9	179	179	0	-1	-1
121	9	9	9	9	9	9	9	9	9	180	180	0	-1	-1
122	9	9	9	9	9	9	9	9	9	80	80	0	-1	-1
123	9	9	9	9	9	9	9	9	9	181	181	0	-1	-1
124	9	9	9	9	9	9	9	9	9	182	182	0	-1	-1
125	9	9	9	9	9	9	9	9	9	183	183	0	-1	-1
126	9	9	9	9	9	9	9	9	9	184	184	0	-1	-1
127	9	9	9	9	9	9	9	9	9	185	185	0	-1	-1
128	9	9	9	9	9	9	9	9	9	186	186	0	-1	-1
129	9	9	9	9	9	9	9	9	9	187	187	0	-1	-1
130	9	9	9	9	9	9	9	9	9	188	188	0	-1	-1
131	9	9	9	9	9	9	9	9	9	189	189	0	-1	-1
132	9	9	9	9	9	9	9	9	9	190	190	0	-1	-1
133	9	9	9	9	9	9	9	9	9	191	191	0	-1	-1
134	9	9	9	9	9	9	9	9	9	192	192	0	-1	-1
135	9	9	9	9	9	9	9	9	9	193	193	0	-1	-1
136	9	9	9	9	9	9	9	9	9	194	194	0	-1	-1
137	9	9	9	9	9	9	9	9	9	195	195	0	-1	-1
138	9	9	9	9	9	9	9	9	9	196	196	0	-1	-1
139	9	9	9	9	9	9	9	9	9	197	197	0	-1	-1
140	198	198	198	198	198	198	198	198	198	7	7	1	-1	-1
141	199	199	199	199	199	199	199	199	199	7	7	1	-1	-1
142	200	200	200	200	200	200	200	200	200	7	7	1	-1	-1
143	31	31	31	31	31	31	31	31	31	201	201	0	-1	-1
144	202	202	202	202	202	202	202	202	202	202	202	0	-1	-1
145	78	97	98	99	100	101	102	100	100	203	203	0	-1	-1
146	78	104	105	106	107	108	109	107	107	204	204	0	-1	-1
147	78	110	111	112	113	114	115	113	113	205	205	0	-1	-1
148	9	9	9	9	9	9	9	9	9	206	206	0	-1	-1
149	31	31	31	31	31	31	31	31	31	31	31	0	-1	-1
150	78	97	98	99	100	101	102	100	100	207	207	0	-1	-1
151	78	104	105	106	107	108	109	107	107	207	207	0	-1	-1
152	78	110	111	112	113	114	115	113	113	208	208	0	-1	-1
153	209	209	209	209	209	209	209	209	209	209	209	0	-1	-1
154	210	210	210	210	210	210	210	210	210	210	210	0	-1	-1
155	211	211	211	211	211	211	211	211	211	211	211	0	-1	-1
156	9	9	9	9	9	9	9	9	9	212	212	0	-1	-1
157	213	213	213	213	213	213	213	213	213	213	213	0	-1	-1
158	9	9	9	9	9	9	9	9	9	214	214	0	-1	-1
159	9	9	9	9	9	9	9	9	9	215	215	0	-1	-1
160	9	9	9	9	9	9	9	9	9	216	216	0	-1	-1
161	9	9	9	9	9	9	9	9	9	217	217	0	-1	-1
162	9	9	9	9	9	9	9	9	9	218	218	0	-1	-1
163	9	9	9	9	9	9	9	9	9	219	219	0	-1	-1
164	9	9	9	9	9	9	9	9	9	220	220	0	-1	-1
165	9	9	9	9	9	9	9	9	9	221	221	0	-1	-1
166	9	9	9	9	9	9	9	9	9	222	222	0	-1	-1
167	9	9	9	9	9	9	9	9	9	223	223	0	-1	-1
168	9	9	9	9	9	9	9	9	9	224	224	0	-1	-1
169	9	9	9	9	9	9	9	9	9	225	225	0	-1	-1
170	9	9	9	9	9	9	9	9	9	226	226	0	-1	-1
171	9	9	9	9	9	9	9	9	9	227	227	0	-1	-1
172	9	9	9	9	9	9	9	9	9	228	228	0	-1	-1
173	9	9	9	9	9	9	9	9	9	229	229	0	-1	-1
174	9	9	9	9	9	9	9	9	9	230	230	0	-1	-1
175	9	9	9	9	9	9	9	9	9	231	231	0	-1	-1
176	9	9	9	9	9	9	9	9	9	232	232	0	-1	-1
177	9	9	9	9	9	9	9	9	9	233	233	0	-1	-1
178	9	9	9	9	9	9	9	9	9	234	234	0	-1	-1
179	9	9	9	9	9	9	9	9	9	235	235	0	-1	-1
180	9	9	9	9	9	9	9	9	9	236	236	0	-1	-1
181	9	9	9	9	9	9	9	9	9	237	237	0	-1	-1
182	9	9	9	9	9	9	9	9	9	238	238	0	-1	-1
183	9	9	9	9	9	9	9	9	9	239	239	0	-1	-1
184	9	9	9	9	9	9	9	9	9	240	240	0	-1	-1
185	9	9	9	9	9	9	9	9	9	241	241	0	-1	-1
186	9	9	9	9	9	9	9	9	9	242	242	0	-1	-1
187	9	9	9	9	9	9	9	9	9	243	243	0	-1	-1
188	9	9	9	9	9	9	9	9	9	244	244	0	-1	-1
189	0	0	0	0	0	0	0	0	0	7	7	0	-1	-1
190	9	9	9	9	9	9	9	9	9	245	245	0	-1	-1
191	78	97	98	99	100	101	102	100	100	47	47	0	-1	-1
192	78	104	105	106	107	108	109	107	107	47	47	0	-1	-1
193	78	110	111	112	113	114	115	113	113	47	47	0	-1	-1
194	9	9	9	9	9	9	9	9	9	246	246	0	-1	-1
195	9	9	9	9	9	9	9	9	9	47	47	0	-1	-1
196	9	9	9	9	9	9	9	9	9	247	247	0	-1	-1
197	31	31	31	31	31	31	31	31	31	248	248	0	-1	-1
198	249	249	249	249	249	249	249	249	249	249	249	0	-1	-1
199	250	250	250	250	250	250	250	250	250	251	251	0	-1	-1
200	252	252	252	252	252	252	252	252	252	252	252	0	-1	-1
201	78	97	98	99	100	101	102	100	100	253	253	0	-1	-1
202	78	104	105	106	107	108	109	107	107	254	254	0	-1	-1
203	78	110	111	112	113	114	115	113	113	255	255	0	-1	-1
204	78	97	97	99	100	100	99	100	100	253	253	0	-1	-1
205	78	104	104	106	107	107	106	107	107	254	254	0	-1	-1
206	78	110	110	112	113	113	112	113	113	255	255	0	-1	-1
207	9	9	9	9	9	9	9	9	9	256	256	0	-1	-1
208	9	9	9	9	9	9	9	9	9	257	257	0	-1	-1
209	9	9	9	9	9	9	9	9	9	258	258	0	-1	-1
210	9	9	9	9	9	9	9	9	9	259	259	0	-1	-1
211	9	9	9	9	9	9	9	9	9	260	260	0	-1	-1
212	9	9	9	9	9	9	9	9	9	261	261	0	-1	-1
213	262	262	262	262	262	262	262	262	262	262	262	0	-1	-1
214	30	30	30	30	30	30	30	30	30	30	30	0	-1	-1
215	263	263	263	263	263	263	263	263	263	263	263	0	-1	-1
216	264	264	264	264	264	264	264	264	264	264	264	0	-1	-1
217	265	265	265	265	265	265	265	265	265	265	265	0	-1	-1
218	266	266	266	266	266	266	266	266	266	266	266	0	-1	-1
219	267	267	267	267	267	267	267	267	267	267	267	0	-1	-1
220	7	7	7	7	7	7	7	7	7	268	268	0	-1	-1
221	7	7	7	7	7	7	7	7	7	269	269	0	-1	-1
222	10	10	10	10	10	10	10	10	10	270	270	0	-1	-1
223	262	262	262	262	262	262	262	262	262	270	270	0	-1	-1
224	30	30	30	30	30	30	30	30	30	271	271	0	-1	-1
225	263	263	263	263	263	263	263	263	263	272	272	0	-1	-1
226	31	31	31	31	31	31	31	31	31	272	272	0	-1	-1
227	10	10	10	10	10	10	10	10	10	272	272	0	-1	-1
228	273	273	273	273	273	273	273	273	273	273	273	0	-1	-1
229	274	274	274	274	274	274	274	274	274	274	274	0	-1	-1
230	275	275	275	275	275	275	275	275	275	275	275	0	-1	-1
231	276	276	276	276	276	276	276	276	276	276	276	0	-1	-1
232	277	277	277	277	277	277	277	277	277	277	277	0	-1	-1
233	8	8	8	8	8	8	8	8	8	8	8	0	-1	-1
234	278	278	278	278	278	278	278	278	278	278	278	0	-1	-1
235	279	279	279	279	279	279	279	279	279	279	279	0	-1	-1
236	280	280	280	280	280	280	280	280	280	280	280	0	-1	-1
237	281	281	281	281	281	281	281	281	281	281	281	0	-1	-1
238	282	282	282	282	282	282	282	282	282	282	282	0	-1	-1
239	283	283	283	283	283	283	283	283	283	283	283	0	-1	-1
240	284	284	284	284	284	284	284	284	284	284	284	0	-1	-1
241	285	285	285	285	285	285	285	285	285	285	285	0	-1	-1
242	286	286	286	286	286	286	286	286	286	286	286	0	-1	-1
243	287	287	287	287	287	287	287	287	287	287	287	0	-1	-1
244	288	288	288	288	288	288	288	288	288	288	288	0	-1	-1
245	289	289	289	289	289	289	289	289	289	289	289	0	-1	-1
246	290	290	290	290	290	290	290	290	290	290	290	0	-1	-1
247	291	291	291	291	291	291	291	291	291	291	291	0	-1	-1
248	292	292	292	292	292	292	292	292	292	292	292	0	-1	-1
249	293	293	293	293	293	293	293	293	293	293	293	0	-1	-1
250	294	294	294	294	294	294	294	294	294	294	294	0	-1	-1
251	295	295	295	295	295	295	295	295	295	295	295	0	-1	-1
252	296	296	296	296	296	296	296	296	296	296	296	0	-1	-1
253	297	297	297	297	297	297	297	297	297	297	297	0	-1	-1
254	297	297	298	298	298	298	298	298	298	298	298	0	-1	-1
255	299	299	299	299	299	299	299	299	299	299	299	0	-1	-1
256	300	300	300	300	300	300	300	300	300	300	300	0	-1	-1
257	301	301	301	301	301	301	301	301	301	301	301	0	-1	-1
258	302	302	302	302	302	302	302	302	302	302	302	0	-1	-1
259	303	303	303	303	303	303	303	303	303	303	303	0	-1	-1
260	304	304	304	304	304	304	304	304	304	304	304	0	-1	-1
261	305	305	305	305	305	305	305	305	305	305	305	0	-1	-1
262	306	306	306	306	306	306	306	306	306	306	306	0	-1	-1
263	307	307	307	307	307	307	307	307	307	307	307	0	-1	-1
264	33	33	33	33	33	33	33	33	33	31	31	0	-1	-1
265	78	97	98	99	100	101	102	100	100	308	308	0	-1	-1
266	78	104	105	106	107	108	109	107	107	308	308	0	-1	-1
267	78	110	111	112	113	114	115	113	113	308	308	0	-1	-1
268	31	31	31	31	31	31	31	31	31	263	263	0	-1	-1
269	78	97	98	99	100	101	102	100	100	80	80	0	-1	-1
270	78	104	105	106	107	108	109	107	107	80	80	0	-1	-1
271	78	110	111	112	113	114	115	113	113	80	80	0	-1	-1
272	10	11	11	12	13	14	15	13	13	309	309	0	-1	-1
273	10	10	10	10	10	10	10	10	10	309	309	0	-1	-1
274	31	31	31	31	31	31	31	31	31	310	310	0	-1	-1
275	78	97	98	99	100	101	102	100	100	311	311	0	-1	-1
276	78	104	105	106	107	108	109	107	107	311	311	0	-1	-1
277	78	110	111	112	113	114	115	113	113	311	311	0	-1	-1
278	9	9	9	9	9	9	9	9	9	312	312	0	-1	-1
279	9	9	9	9	9	9	9	9	9	313	313	0	-1	-1
280	314	314	314	314	314	314	314	314	314	314	314	0	-1	-1
281	315	315	315	315	315	315	315	315	315	315	315	0	-1	-1
282	316	316	316	316	316	316	316	316	316	316	316	0	-1	-1
283	0	0	0	0	0	0	0	0	0	7	7	0	-1	-1
284	31	31	31	31	31	31	31	31	31	317	317	0	-1	-1
285	78	97	98	99	100	101	102	100	100	318	318	0	-1	-1
286	78	104	105	106	107	108	109	107	107	318	318	0	-1	-1
287	78	110	111	112	113	114	115	113	113	318	318	0	-1	-1
288	78	116	116	116	116	116	116	116	116	319	319	0	-1	-1
289	9	9	9	9	9	9	9	9	9	320	320	0	-1	-1
290	9	9	9	9	9	9	9	9	9	318	318	0	-1	-1
291	9	9	9	9	9	9	9	9	9	321	321	0	-1	-1
292	16	17	18	19	20	21	22	20	20	322	322	0	-1	-1
293	78	97	98	99	100	101	102	100	100	323	323	0	-1	-1
294	78	104	105	106	107	108	109	107	107	323	323	0	-1	-1
295	78	110	111	112	113	114	115	113	113	323	323	0	-1	-1
296	324	325	325	325	325	325	325	325	325	326	326	0	-1	-1
297	327	133	133	133	133	133	133	133	133	328	328	0	-1	-1
298	329	104	105	106	107	108	109	107	107	330	330	0	-1	-1
299	331	110	111	112	113	114	115	113	113	332	332	0	-1	-1
300	31	31	31	31	31	31	31	31	31	333	333	0	-1	-1
301	33	33	33	33	33	33	33	33	33	333	333	0	-1	-1
302	78	97	98	99	100	101	102	100	100	334	334	0	-1	-1
303	78	104	105	106	107	108	109	107	107	334	334	0	-1	-1
304	78	110	111	112	113	114	115	113	113	334	334	0	-1	-1
305	329	104	105	106	107	108	109	107	107	335	335	0	-1	-1
306	336	110	111	112	113	114	115	113	113	337	337	0	-1	-1
307	10	11	11	12	13	14	15	13	13	245	245	0	-1	-1
308	16	17	18	19	20	21	22	20	20	322	322	0	-1	-1
309	78	97	98	99	100	101	102	100	100	338	338	0	-1	-1
310	78	104	105	106	107	108	109	107	107	338	338	0	-1	-1
311	324	325	325	325	325	325	325	325	325	339	339	0	-1	-1
312	327	133	133	133	133	133	133	133	133	340	340	0	-1	-1
313	341	79	79	79	79	79	79	79	79	342	342	0	-1	-1
314	336	104	105	106	107	108	109	107	107	343	343	0	-1	-1
315	10	11	11	12	13	14	15	13	13	245	245	0	-1	-1
316	10	10	10	10	10	10	10	10	10	245	245	0	-1	-1
317	31	31	31	31	31	31	31	31	31	344	344	0	-1	-1
318	9	9	9	9	9	9	9	9	9	345	345	0	-1	-1
319	9	9	9	9	9	9	9	9	9	346	346	0	-1	-1
320	78	97	98	99	100	101	102	100	100	346	346	0	-1	-1
321	78	104	105	106	107	108	109	107	107	346	346	0	-1	-1
322	324	325	325	325	325	325	325	325	325	347	347	0	-1	-1
323	348	104	105	106	107	108	109	107	107	349	349	0	-1	-1
324	350	122	122	122	122	122	122	122	122	345	345	0	-1	-1
325	34	35	35	36	37	38	39	37	37	245	245	0	-1	-1
326	351	351	351	351	351	351	351	351	351	351	351	0	-1	-1
327	9	9	9	9	9	9	9	9	9	352	352	0	-1	-1
328	9	9	9	9	9	9	9	9	9	353	353	0	-1	-1
329	9	9	9	9	9	9	9	9	9	354	354	0	-1	-1
330	9	9	9	9	9	9	9	9	9	355	355	0	-1	-1
331	9	9	9	9	9	9	9	9	9	356	356	0	-1	-1
332	78	97	98	99	100	101	102	100	100	357	357	0	-1	-1
333	324	325	325	325	325	325	325	325	325	358	358	0	-1	-1
334	359	79	79	79	79	79	79	79	79	360	360	0	-1	-1
335	361	79	79	79	79	79	79	79	79	362	362	0	-1	-1
336	363	79	79	79	79	79	79	79	79	364	364	0	-1	-1
337	365	79	79	79	79	79	79	79	79	366	366	0	-1	-1
338	367	79	79	79	79	79	79	79	79	368	368	0	-1	-1
339	369	79	79	79	79	79	79	79	79	370	370	0	-1	-1
340	336	104	105	106	107	108	109	107	107	371	371	0	-1	-1
341	372	116	116	116	116	116	116	116	116	373	373	0	-1	-1
342	78	97	98	99	100	101	102	100	100	374	374	0	-1	-1
343	78	104	105	106	107	108	109	107	107	374	374	0	-1	-1
344	324	325	325	325	325	325	325	325	325	375	375	0	-1	-1
345	376	79	79	79	79	79	79	79	79	377	377	0	-1	-1
346	376	79	79	79	79	79	79	79	79	378	378	0	-1	-1
347	336	104	105	106	107	108	109	107	107	379	379	0	-1	-1
348	9	9	9	9	9	9	9	9	9	7	7	0	-1	-1
349	10	11	11	12	13	14	15	13	13	7	7	0	-1	-1
350	10	10	10	10	10	10	10	10	10	7	7	0	-1	-1
351	23	24	25	26	27	28	29	27	27	7	7	0	-1	-1
352	31	31	31	31	31	31	31	31	31	380	380	0	-1	-1
353	33	33	33	33	33	33	33	33	33	380	380	0	-1	-1
354	34	35	35	36	37	38	39	37	37	7	7	0	-1	-1
355	40	40	40	40	40	40	40	40	40	7	7	0	-1	-1
356	41	41	41	41	41	41	41	41	41	7	7	0	-1	-1
357	42	42	42	42	42	42	42	42	42	7	7	0	-1	-1
358	43	43	43	43	43	43	43	43	43	7	7	0	-1	-1
359	44	44	44	44	44	44	44	44	44	7	7	0	-1	-1
360	43	45	45	46	43	43	46	43	43	7	7	0	-1	-1
361	43	48	48	49	50	50	49	50	50	7	7	0	-1	-1
362	51	51	51	51	51	51	51	51	51	7	7	0	-1	-1
363	52	52	52	52	52	52	52	52	52	7	7	0	-1	-1
364	43	53	53	54	55	55	54	55	55	7	7	0	-1	-1
365	43	56	56	57	58	58	57	58	58	7	7	0	-1	-1
366	43	59	59	60	61	61	60	61	61	7	7	0	-1	-1
367	62	63	64	65	66	67	68	66	66	7	7	0	-1	-1
368	62	63	69	3	4	5	6	4	4	7	7	0	-1	-1
369	62	63	2	3	4	70	6	4	4	7	7	0	-1	-1
370	62	63	2	3	71	5	6	71	71	7	7	0	-1	-1
371	62	63	2	3	72	5	6	72	72	7	7	0	-1	-1
372	62	63	2	3	72	5	73	72	72	7	7	0	-1	-1
373	74	74	74	74	74	74	74	74	74	7	7	0	-1	-1
374	75	75	75	75	75	75	75	75	75	7	7	0	-1	-1
375	76	76	76	76	76	76	76	76	76	7	7	0	-1	-1
376	77	77	77	77	77	77	77	77	77	7	7	0	-1	-1
377	78	79	79	79	79	79	79	79	79	7	7	0	-1	-1
378	78	81	81	81	81	81	81	81	81	7	7	0	-1	-1
379	78	82	82	82	82	82	82	82	82	7	7	0	-1	-1
380	78	83	83	83	83	83	83	83	83	7	7	0	-1	-1
381	78	84	84	84	84	84	84	84	84	7	7	0	-1	-1
382	78	85	85	85	85	85	85	85	85	7	7	0	-1	-1
383	86	86	86	86	86	86	86	86	86	7	7	0	-1	-1
384	88	88	88	88	88	88	88	88	88	7	7	0	-1	-1
385	89	89	89	89	89	89	89	89	89	7	7	0	-1	-1
386	90	90	90	90	90	90	90	90	90	7	7	0	-1	-1
387	91	91	91	91	91	91	91	91	91	7	7	0	-1	-1
388	92	92	92	92	92	92	92	92	92	7	7	0	-1	-1
389	93	93	93	93	93	93	93	93	93	7	7	0	-1	-1
390	94	94	94	94	94	94	94	94	94	7	7	0	-1	-1
391	95	95	95	95	95	95	95	95	95	7	7	0	-1	-1
392	96	96	96	96	96	96	96	96	96	7	7	0	-1	-1
393	78	97	98	99	100	101	102	100	100	7	7	0	-1	-1
394	78	104	105	106	107	108	109	107	107	7	7	0	-1	-1
395	78	110	111	112	113	114	115	113	113	7	7	0	-1	-1
396	78	116	116	116	116	116	116	116	116	7	7	0	-1	-1
397	78	117	117	117	117	117	117	117	117	7	7	0	-1	-1
398	78	118	118	118	118	118	118	118	118	7	7	0	-1	-1
399	78	119	119	119	119	119	119	119	119	7	7	0	-1	-1
400	78	120	120	120	120	120	120	120	120	7	7	0	-1	-1
401	78	121	121	121	121	121	121	121	121	7	7	0	-1	-1
402	78	122	122	122	122	122	122	122	122	7	7	0	-1	-1
403	78	123	123	123	123	123	123	123	123	7	7	0	-1	-1
404	124	124	124	124	124	124	124	124	124	7	7	0	-1	-1
405	78	125	125	125	125	125	125	125	125	7	7	0	-1	-1
406	126	126	126	126	126	126	126	126	126	7	7	0	-1	-1
407	127	127	127	127	127	127	127	127	127	7	7	0	-1	-1
408	128	128	128	128	128	128	128	128	128	7	7	0	-1	-1
409	129	129	129	129	129	129	129	129	129	7	7	0	-1	-1
410	130	130	130	130	130	130	130	130	130	7	7	0	-1	-1
411	131	131	131	131	131	131	131	131	131	7	7	0	-1	-1
412	78	132	132	132	132	132	132	132	132	7	7	0	-1	-1
413	133	133	133	133	133	133	133	133	133	7	7	0	-1	-1
414	78	134	134	134	134	134	134	134	134	7	7	0	-1	-1
415	78	135	135	135	135	135	135	135	135	7	7	0	-1	-1
416	136	136	136	136	136	136	136	136	136	7	7	0	-1	-1
417	137	137	137	137	137	137	137	137	137	7	7	0	-1	-1
418	138	138	138	138	138	138	138	138	138	7	7	0	-1	-1
419	139	139	139	139	139	139	139	139	139	7	7	0	-1	-1
420	78	140	140	140	140	140	140	140	140	7	7	0	-1	-1
421	78	141	141	141	141	141	141	141	141	7	7	0	-1	-1
422	78	142	142	142	142	142	142	142	142	7	7	0	-1	-1
423	143	143	143	143	143	143	143	143	143	7	7	0	-1	-1
424	34	35	35	36	37	38	39	37	37	381	381	0	-1	-1
425	40	40	40	40	40	40	40	40	40	381	381	0	-1	-1
426	41	41	41	41	41	41	41	41	41	381	381	0	-1	-1
427	42	42	42	42	42	42	42	42	42	382	382	0	-1	-1
428	43	43	43	43	43	43	43	43	43	381	381	0	-1	-1
429	44	44	44	44	44	44	44	44	44	382	382	0	-1	-1
430	43	45	45	46	43	43	46	43	43	381	381	0	-1	-1
431	43	48	48	49	50	50	49	50	50	382	382	0	-1	-1
432	51	51	51	51	51	51	51	51	51	381	381	0	-1	-1
433	52	52	52	52	52	52	52	52	52	382	382	0	-1	-1
434	43	53	53	54	55	55	54	55	55	381	381	0	-1	-1
435	43	56	56	57	58	58	57	58	58	382	382	0	-1	-1
436	43	59	59	60	61	61	60	61	61	381	381	0	-1	-1
437	62	63	64	65	66	67	68	66	66	382	382	0	-1	-1
438	62	63	69	3	4	5	6	4	4	381	381	0	-1	-1
439	62	63	2	3	4	70	6	4	4	382	382	0	-1	-1
440	62	63	2	3	71	5	6	71	71	381	381	0	-1	-1
441	62	63	2	3	72	5	6	72	72	382	382	0	-1	-1
442	62	63	2	3	72	5	73	72	72	381	381	0	-1	-1
443	74	74	74	74	74	74	74	74	74	382	382	0	-1	-1
444	75	75	75	75	75	75	75	75	75	381	381	0	-1	-1
445	76	76	76	76	76	76	76	76	76	382	382	0	-1	-1
446	77	77	77	77	77	77	77	77	77	382	382	0	-1	-1
447	78	79	79	79	79	79	79	79	79	381	381	0	-1	-1
448	78	81	81	81	81	81	81	81	81	382	382	0	-1	-1
449	78	82	82	82	82	82	82	82	82	381	381	0	-1	-1
450	78	83	83	83	83	83	83	83	83	382	382	0	-1	-1
451	78	84	84	84	84	84	84	84	84	381	381	0	-1	-1
452	78	85	85	85	85	85	85	85	85	382	382	0	-1	-1
453	86	86	86	86	86	86	86	86	86	381	381	0	-1	-1
454	88	88	88	88	88	88	88	88	88	382	382	0	-1	-1
455	89	89	89	89	89	89	89	89	89	381	381	0	-1	-1
456	90	90	90	90	90	90	90	90	90	382	382	0	-1	-1
457	91	91	91	91	91	91	91	91	91	381	381	0	-1	-1
458	92	92	92	92	92	92	92	92	92	382	382	0	-1	-1
459	93	93	93	93	93	93	93	93	93	381	381	0	-1	-1
460	94	94	94	94	94	94	94	94	94	382	382	0	-1	-1
461	95	95	95	95	95	95	95	95	95	381	381	0	-1	-1
462	96	96	96	96	96	96	96	96	96	382	382	0	-1	-1
463	78	97	98	99	100	101	102	100	100	381	381	0	-1	-1
464	78	104	105	106	107	108	109	107	107	382	382	0	-1	-1
465	78	110	111	112	113	114	115	113	113	381	381	0	-1	-1
466	78	116	116	116	116	116	116	116	116	382	382	0	-1	-1
467	78	117	117	117	117	117	117	117	117	381	381	0	-1	-1
468	78	118	118	118	118	118	118	118	118	382	382	0	-1	-1
469	78	119	119	119	119	119	119	119	119	381	381	0	-1	-1
470	78	120	120	120	120	120	120	120	120	382	382	0	-1	-1
471	78	121	121	121	121	121	121	121	121	381	381	0	-1	-1
472	78	122	122	122	122	122	122	122	122	382	382	0	-1	-1
473	78	123	123	123	123	123	123	123	123	381	381	0	-1	-1
474	124	124	124	124	124	124	124	124	124	382	382	0	-1	-1
475	78	125	125	125	125	125	125	125	125	381	381	0	-1	-1
476	126	126	126	126	126	126	126	126	126	382	382	0	-1	-1
477	127	127	127	127	127	127	127	127	127	381	381	0	-1	-1
478	128	128	128	128	128	128	128	128	128	382	382	0	-1	-1
479	129	129	129	129	129	129	129	129	129	381	381	0	-1	-1
480	130	130	130	130	130	130	130	130	130	382	382	0	-1	-1
481	131	131	131	131	131	131	131	131	131	381	381	0	-1	-1
482	78	132	132	132	132	132	132	132	132	382	382	0	-1	-1
483	133	133	133	133	133	133	133	133	133	381	381	0	-1	-1
484	78	134	134	134	134	134	134	134	134	382	382	0	-1	-1
485	78	135	135	135	135	135	135	135	135	381	381	0	-1	-1
486	136	136	136	136	136	136	136	136	136	382	382	0	-1	-1
487	137	137	137	137	137	137	137	137	137	381	381	0	-1	-1
488	138	138	138	138	138	138	138	138	138	382	382	0	-1	-1
489	139	139	139	139	139	139	139	139	139	381	381	0	-1	-1
490	78	140	140	140	140	140	140	140	140	382	382	0	-1	-1
491	78	141	141	141	141	141	141	141	141	381	381	0	-1	-1
492	78	142	142	142	142	142	142	142	142	382	382	0	-1	-1
493	143	143	143	143	143	143	143	143	143	381	381	0	-1	-1
494	144	144	144	144	144	144	144	144	144	382	382	0	-1	-1
495	145	145	145	145	145	145	145	145	145	381	381	0	-1	-1
496	146	146	146	146	146	146	146	146	146	382	382	0	-1	-1
497	147	147	147	147	147	147	147	147	147	381	381	0	-1	-1
498	148	148	148	148	148	148	148	148	148	382	382	0	-1	-1
499	84	84	84	84	84	84	84	84	84	381	381	0	-1	-1
500	149	149	149	149	149	149	149	149	149	382	382	0	-1	-1
501	150	150	150	150	150	150	150	150	150	381	381	0	-1	-1
502	78	97	97	99	100	100	99	100	100	382	382	0	-1	-1
503	78	104	104	106	107	107	106	107	107	381	381	0	-1	-1
504	78	110	110	112	113	113	112	113	113	382	382	0	-1	-1
505	78	116	116	116	116	116	116	116	116	381	381	0	-1	-1
506	78	117	117	117	117	117	117	117	117	382	382	0	-1	-1
507	78	118	118	118	118	118	118	118	118	381	381	0	-1	-1
508	9	9	9	9	9	9	9	9	9	382	382	0	-1	-1
509	9	9	9	9	9	9	9	9	9	381	381	0	-1	-1
510	31	31	31	31	31	31	31	31	31	7	7	0	-1	-1
511	33	33	33	33	33	33	33	33	33	7	7	0	-1	-1
512	78	82	82	82	82	82	82	82	82	7	7	0	-1	-1
513	78	83	83	83	83	83	83	83	83	7	7	0	-1	-1
514	78	84	84	84	84	84	84	84	84	7	7	0	-1	-1
515	78	85	85	85	85	85	85	85	85	7	7	0	-1	-1
516	86	86	86	86	86	86	86	86	86	7	7	0	-1	-1
517	88	88	88	88	88	88	88	88	88	7	7	0	-1	-1
518	89	89	89	89	89	89	89	89	89	7	7	0	-1	-1
519	90	90	90	90	90	90	90	90	90	7	7	0	-1	-1
520	91	91	91	91	91	91	91	91	91	7	7	0	-1	-1
521	92	92	92	92	92	92	92	92	92	7	7	0	-1	-1
522	93	93	93	93	93	93	93	93	93	7	7	0	-1	-1
523	94	94	94	94	94	94	94	94	94	7	7	0	-1	-1
524	95	95	95	95	95	95	95	95	95	7	7	0	-1	-1
525	96	96	96	96	96	96	96	96	96	7	7	0	-1	-1
526	78	119	119	119	119	119	119	119	119	7	7	0	-1	-1
527	78	120	120	120	120	120	120	120	120	7	7	0	-1	-1
528	78	121	121	121	121	121	121	121	121	7	7	0	-1	-1
529	78	122	122	122	122	122	122	122	122	7	7	0	-1	-1
530	78	123	123	123	123	123	123	123	123	7	7	0	-1	-1
531	124	124	124	124	124	124	124	124	124	7	7	0	-1	-1
532	78	125	125	125	125	125	125	125	125	7	7	0	-1	-1
533	126	126	126	126	126	126	126	126	126	7	7	0	-1	-1
534	127	127	127	127	127	127	127	127	127	7	7	0	-1	-1
535	128	128	128	128	128	128	128	128	128	7	7	0	-1	-1
536	129	129	129	129	129	129	129	129	129	7	7	0	-1	-1
537	130	130	130	130	130	130	130	130	130	7	7	0	-1	-1
538	131	131	131	131	131	131	131	131	131	7	7	0	-1	-1
539	78	132	132	132	132	132	132	132	132	7	7	0	-1	-1
540	133	133	133	133	133	133	133	133	133	7	7	0	-1	-1
541	78	134	134	134	134	134	134	134	134	7	7	0	-1	-1
542	78	135	135	135	135	135	135	135	135	7	7	0	-1	-1
543	136	136	136	136	136	136	136	136	136	7	7	0	-1	-1
544	137	137	137	137	137	137	137	137	137	7	7	0	-1	-1
545	138	138	138	138	138	138	138	138	138	7	7	0	-1	-1
546	139	139	139	139	139	139	139	139	139	7	7	0	-1	-1
547	78	140	140	140	140	140	140	140	140	7	7	0	-1	-1
548	78	141	141	141	141	141	141	141	141	7	7	0	-1	-1
549	78	142	142	142	142	142	142	142	142	7	7	0	-1	-1
550	143	143	143	143	143	143	143	143	143	7	7	0	-1	-1
551	144	144	144	144	144	144	144	144	144	7	7	0	-1	-1
552	145	145	145	145	145	145	145	145	145	7	7	0	-1	-1
553	146	146	146	146	146	146	146	146	146	7	7	0	-1	-1
554	147	147	147	147	147	147	147	147	147	7	7	0	-1	-1
555	148	148	148	148	148	148	148	148	148	7	7	0	-1	-1
556	84	84	84	84	84	84	84	84	84	7	7	0	-1	-1
557	149	149	149	149	149	149	149	149	149	7	7	0	-1	-1
558	150	150	150	150	150	150	150	150	150	7	7	0	-1	-1
559	78	97	97	99	100	100	99	100	100	7	7	0	-1	-1
560	78	104	104	106	107	107	106	107	107	7	7	0	-1	-1
561	78	110	110	112	113	113	112	113	113	7	7	0	-1	-1
562	383	383	383	383	383	383	383	383	383	383	383	0	-1	-1
563	384	384	384	384	384	384	384	384	384	384	384	0	-1	-1
564	385	385	385	385	385	385	385	385	385	385	385	0	-1	-1
565	386	386	386	386	386	386	386	386	386	386	386	0	-1	-1
566	387	387	387	387	387	387	387	387	387	387	387	0	-1	-1
567	388	388	388	388	388	388	388	388	388	388	388	0	-1	-1
568	389	389	389	389	389	389	389	389	389	389	389	0	-1	-1
569	390	390	390	390	390	390	390	390	390	390	390	0	-1	-1
570	391	391	391	391	391	391	391	391	391	391	391	0	-1	-1
571	392	392	392	392	392	392	392	392	392	392	392	0	-1	-1
572	245	245	245	245	245	245	245	245	245	245	245	0	-1	-1
573	7	7	7	7	7	7	7	7	7	7	7	1	-1	-1
574	393	393	393	393	393	393	393	393	393	393	393	0	-1	-1
575	7	7	7	7	7	7	7	7	7	7	7	0	-1	-1
576	7	7	7	7	7	7	7	7	7	7	7	0	-1	-1
577	7	7	7	7	7	7	7	7	7	7	7	0	-1	-1
578	7	7	7	7	7	7	7	7	7	7	7	0	-1	-1
579	7	7	7	7	7	7	7	7	7	7	7	0	-1	-1
580	7	7	7	7	7	7	7	7	7	7	7	0	-1	-1
581	7	7	7	7	7	7	7	7	7	7	7	0	-1	-1
582	7	7	7	7	7	7	7	7	7	7	7	0	-1	-1
583	7	7	7	7	7	7	7	7	7	7	7	0	-1	-1
584	7	7	7	7	7	7	7	7	7	7	7	0	-1	-1
585	7	7	7	7	7	7	7	7	7	7	7	0	-1	-1
586	7	7	7	7	7	7	7	7	7	7	7	0	-1	-1
587	7	7	7	7	7	7	7	7	7	7	7	0	-1	-1
588	7	7	7	7	7	7	7	7	7	7	7	0	-1	-1
589	7	7	7	7	7	7	7	7	7	7	7	0	-1	-1
590	7	7	7	7	7	7	7	7	7	7	7	0	-1	-1
591	7	7	7	7	7	7	7	7	7	7	7	0	-1	-1
592	7	7	7	7	7	7	7	7	7	7	7	0	-1	-1
593	7	7	7	7	7	7	7	7	7	7	7	0	-1	-1
594	7	7	7	7	7	7	7	7	7	7	7	0	-1	-1
595	7	7	7	7	7	7	7	7	7	7	7	0	-1	-1
596	7	7	7	7	7	7	7	7	7	7	7	0	-1	-1
597	7	7	7	7	7	7	7	7	7	7	7	0	-1	-1
598	7	7	7	7	7	7	7	7	7	7	7	0	-1	-1
599	7	7	7	7	7	7	7	7	7	7	7	0	-1	-1
600	7	7	7	7	7	7	7	7	7	7	7	0	-1	-1
601	7	7	7	7	7	7	7	7	7	7	7	0	-1	-1
602	7	7	7	7	7	7	7	7	7	7	7	0	-1	-1
603	7	7	7	7	7	7	7	7	7	7	7	0	-1	-1
604	7	7	7	7	7	7	7	7	7	7	7	0	-1	-1
605	7	7	7	7	7	7	7	7	7	7	7	0	-1	-1
606	7	7	7	7	7	7	7	7	7	7	7	0	-1	-1
607	7	7	7	7	7	7	7	7	7	7	7	0	-1	-1
608	7	7	7	7	7	7	7	7	7	7	7	0	-1	-1
609	7	7	7	7	7	7	7	7	7	7	7	0	-1	-1
610	7	7	7	7	7	7	7	7	7	7	7	0	-1	-1
611	7	7	7	7	7	7	7	7	7	7	7	0	-1	-1
612	7	7	7	7	7	7	7	7	7	7	7	0	-1	-1
613	7	7	7	7	7	7	7	7	7	7	7	0	-1	-1
614	7	7	7	7	7	7	7	7	7	7	7	0	-1	-1
615	7	7	7	7	7	7	7	7	7	7	7	0	-1	-1
616	7	7	7	7	7	7	7	7	7	7	7	0	-1	-1
617	7	7	7	7	7	7	7	7	7	7	7	0	-1	-1
618	7	7	7	7	7	7	7	7	7	7	7	0	-1	-1
619	7	7	7	7	7	7	7	7	7	7	7	0	-1	-1
620	7	7	7	7	7	7	7	7	7	7	7	0	-1	-1
621	7	7	7	7	7	7	7	7	7	7	7	0	-1	-1
622	7	7	7	7	7	7	7	7	7	7	7	0	-1	-1
623	7	7	7	7	7	7	7	7	7	7	7	0	-1	-1
624	7	7	7	7	7	7	7	7	7	7	7	0	-1	-1
625	7	7	7	7	7	7	7	7	7	7	7	0	-1	-1
626	202	202	202	202	202	202	202	202	202	7	7	0	-1	-1
627	0	0	0	0	0	0	0	0	0	394	394	0	-1	-1
628	78	104	105	106	107	108	109	107	107	395	395	0	-1	-1
629	396	396	396	396	396	396	396	396	396	396	396	0	-1	-1
630	250	250	250	250	250	250	250	250	250	250	250	0	-1	-1
631	9	9	9	9	9	9	9	9	9	397	397	0	-1	-1
632	9	9	9	9	9	9	9	9	9	398	398	0	-1	-1
633	9	9	9	9	9	9	9	9	9	399	399	0	-1	-1
634	31	31	31	31	31	31	31	31	31	400	400	0	-1	-1
635	31	31	31	31	31	31	31	31	31	33	33	0	-1	-1
636	78	110	111	112	113	114	115	113	113	401	401	0	-1	-1
637	78	104	105	106	107	108	109	107	107	247	247	0	-1	-1
638	78	110	111	112	113	114	115	113	113	247	247	0	-1	-1
639	78	110	111	112	113	114	115	113	113	246	246	0	-1	-1
640	31	31	31	31	31	31	31	31	31	402	402	0	-1	-1
641	78	97	97	99	100	100	99	100	100	47	47	0	-1	-1
642	78	104	104	106	107	107	106	107	107	47	47	0	-1	-1
643	78	110	110	112	113	113	112	113	113	246	246	0	-1	-1
644	0	0	0	0	0	0	0	0	0	403	403	0	-1	-1
645	0	0	0	0	0	0	0	0	0	394	394	0	-1	-1
646	31	31	31	31	31	31	31	31	31	404	404	0	-1	-1
647	31	31	31	31	31	31	31	31	31	405	405	0	-1	-1
648	31	31	31	31	31	31	31	31	31	406	406	0	-1	-1
649	78	97	97	99	100	100	99	100	100	246	246	0	-1	-1
650	78	104	104	106	107	107	106	107	107	407	407	0	-1	-1
651	31	31	31	31	31	31	31	31	31	408	408	0	-1	-1
652	250	250	250	250	250	250	250	250	250	409	409	0	-1	-1
653	31	31	31	31	31	31	31	31	31	410	410	0	-1	-1
654	31	31	31	31	31	31	31	31	31	411	411	0	-1	-1
655	31	31	31	31	31	31	31	31	31	412	412	0	-1	-1
656	10	10	10	10	10	10	10	10	10	245	245	0	-1	-1
657	0	1	2	3	4	5	6	4	4	8	8	0	-1	-1
658	9	9	9	9	9	9	9	9	9	8	8	0	-1	-1
659	10	11	11	12	13	14	15	13	13	8	8	0	-1	-1
660	16	17	18	19	20	21	22	20	20	8	8	0	-1	-1
661	10	10	10	10	10	10	10	10	10	8	8	0	-1	-1
662	23	24	25	26	27	28	29	27	27	8	8	0	-1	-1
663	31	31	31	31	31	31	31	31	31	8	8	0	-1	-1
664	33	33	33	33	33	33	33	33	33	8	8	0	-1	-1
665	202	202	202	202	202	202	202	202	202	8	8	0	-1	-1
666	41	41	41	41	41	41	41	41	41	8	8	0	-1	-1
667	42	42	42	42	42	42	42	42	42	8	8	0	-1	-1
668	43	43	43	43	43	43	43	43	43	8	8	0	-1	-1
669	44	44	44	44	44	44	44	44	44	8	8	0	-1	-1
670	43	45	45	46	43	43	46	43	43	8	8	0	-1	-1
671	43	48	48	49	50	50	49	50	50	8	8	0	-1	-1
672	51	51	51	51	51	51	51	51	51	8	8	0	-1	-1
673	52	52	52	52	52	52	52	52	52	8	8	0	-1	-1
674	43	53	53	54	55	55	54	55	55	8	8	0	-1	-1
675	43	56	56	57	58	58	57	58	58	8	8	0	-1	-1
676	43	59	59	60	61	61	60	61	61	8	8	0	-1	-1
677	62	63	64	65	66	67	68	66	66	8	8	0	-1	-1
678	62	63	69	3	4	5	6	4	4	8	8	0	-1	-1
679	62	63	2	3	4	70	6	4	4	8	8	0	-1	-1
680	62	63	2	3	71	5	6	71	71	8	8	0	-1	-1
681	62	63	2	3	72	5	6	72	72	8	8	0	-1	-1
682	62	63	2	3	72	5	73	72	72	8	8	0	-1	-1
683	74	74	74	74	74	74	74	74	74	8	8	0	-1	-1
684	75	75	75	75	75	75	75	75	75	8	8	0	-1	-1
685	76	76	76	76	76	76	76	76	76	8	8	0	-1	-1
686	77	77	77	77	77	77	77	77	77	8	8	0	-1	-1
687	78	79	79	79	79	79	79	79	79	8	8	0	-1	-1
688	78	81	81	81	81	81	81	81	81	8	8	0	-1	-1
689	78	82	82	82	82	82	82	82	82	8	8	0	-1	-1
690	78	83	83	83	83	83	83	83	83	8	8	0	-1	-1
691	78	84	84	84	84	84	84	84	84	8	8	0	-1	-1
692	78	85	85	85	85	85	85	85	85	8	8	0	-1	-1
693	86	86	86	86	86	86	86	86	86	8	8	0	-1	-1
694	88	88	88	88	88	88	88	88	88	8	8	0	-1	-1
695	89	89	89	89	89	89	89	89	89	8	8	0	-1	-1
696	90	90	90	90	90	90	90	90	90	8	8	0	-1	-1
697	91	91	91	91	91	91	91	91	91	8	8	0	-1	-1
698	92	92	92	92	92	92	92	92	92	8	8	0	-1	-1
699	93	93	93	93	93	93	93	93	93	8	8	0	-1	-1
700	94	94	94	94	94	94	94	94	94	8	8	0	-1	-1
701	95	95	95	95	95	95	95	95	95	8	8	0	-1	-1
702	96	96	96	96	96	96	96	96	96	8	8	0	-1	-1
703	78	97	98	99	100	101	102	100	100	8	8	0	-1	-1
704	78	104	105	106	107	108	109	107	107	8	8	0	-1	-1
705	78	110	111	112	113	114	115	113	113	8	8	0	-1	-1
706	78	116	116	116	116	116	116	116	116	8	8	0	-1	-1
707	78	117	117	117	117	117	117	117	117	8	8	0	-1	-1
708	78	118	118	118	118	118	118	118	118	8	8	0	-1	-1
709	78	119	119	119	119	119	119	119	119	8	8	0	-1	-1
710	78	120	120	120	120	120	120	120	120	8	8	0	-1	-1
711	78	121	121	121	121	121	121	121	121	8	8	0	-1	-1
712	78	122	122	122	122	122	122	122	122	8	8	0	-1	-1
713	78	123	123	123	123	123	123	123	123	8	8	0	-1	-1
714	124	124	124	124	124	124	124	124	124	8	8	0	-1	-1
715	78	125	125	125	125	125	125	125	125	8	8	0	-1	-1
716	126	126	126	126	126	126	126	126	126	8	8	0	-1	-1
717	127	127	127	127	127	127	127	127	127	8	8	0	-1	-1
718	128	128	128	128	128	128	128	128	128	8	8	0	-1	-1
719	129	129	129	129	129	129	129	129	129	8	8	0	-1	-1
720	130	130	130	130	130	130	130	130	130	8	8	0	-1	-1
721	131	131	131	131	131	131	131	131	131	8	8	0	-1	-1
722	78	132	132	132	132	132	132	132	132	8	8	0	-1	-1
723	133	133	133	133	133	133	133	133	133	8	8	0	-1	-1
724	78	134	134	134	134	134	134	134	134	8	8	0	-1	-1
725	78	135	135	135	135	135	135	135	135	8	8	0	-1	-1
726	136	136	136	136	136	136	136	136	136	8	8	0	-1	-1
727	137	137	137	137	137	137	137	137	137	8	8	0	-1	-1
728	138	138	138	138	138	138	138	138	138	8	8	0	-1	-1
729	139	139	139	139	139	139	139	139	139	8	8	0	-1	-1
730	78	140	140	140	140	140	140	140	140	8	8	0	-1	-1
731	78	141	141	141	141	141	141	141	141	8	8	0	-1	-1
732	78	142	142	142	142	142	142	142	142	8	8	0	-1	-1
733	143	143	143	143	143	143	143	143	143	8	8	0	-1	-1
734	144	144	144	144	144	144	144	144	144	8	8	0	-1	-1
735	145	145	145	145	145	145	145	145	145	8	8	0	-1	-1
736	146	146	146	146	146	146	146	146	146	8	8	0	-1	-1
737	147	147	147	147	147	147	147	147	147	8	8	0	-1	-1
738	148	148	148	148	148	148	148	148	148	8	8	0	-1	-1
739	84	84	84	84	84	84	84	84	84	8	8	0	-1	-1
740	149	149	149	149	149	149	149	149	149	8	8	0	-1	-1
741	150	150	150	150	150	150	150	150	150	8	8	0	-1	-1
742	78	97	97	99	100	100	99	100	100	8	8	0	-1	-1
743	78	104	104	106	107	107	106	107	107	8	8	0	-1	-1
744	78	110	110	112	113	113	112	113	113	8	8	0	-1	-1
745	7	7	7	7	7	7	6	7	7	7	7	0	-1	-1
746	414	414	414	414	414	414	414	414	414	414	414	0	-1	-1
747	415	416	417	418	42	419	420	42	42	419	419	0	-1	-1
748	421	422	423	424	72	71	43	72	72	425	425	0	-1	-1
749	426	427	428	429	44	430	431	44	44	430	430	0	-1	-1
750	47	47	47	47	47	47	47	47	47	47	47	0	-1	-1
751	80	80	80	80	80	80	80	80	80	80	80	0	-1	-1
752	87	87	87	87	87	87	87	87	87	87	87	0	-1	-1
753	151	151	151	151	151	151	151	151	151	151	151	0	-1	-1
754	153	153	153	153	153	153	153	153	153	153	153	0	-1	-1
755	154	154	154	154	154	154	154	154	154	154	154	0	-1	-1
756	155	155	155	155	155	155	155	155	155	155	155	0	-1	-1
757	156	156	156	156	156	156	156	156	156	156	156	0	-1	-1
758	157	157	157	157	157	157	157	157	157	157	157	0	-1	-1
759	158	158	158	158	158	158	158	158	158	158	158	0	-1	-1
760	159	159	159	159	159	159	159	159	159	159	159	0	-1	-1
761	160	160	160	160	160	160	160	160	160	160	160	0	-1	-1
762	161	161	161	161	161	161	161	161	161	161	161	0	-1	-1
763	162	162	162	162	162	162	162	162	162	162	162	0	-1	-1
764	206	206	206	206	206	206	206	206	206	206	206	0	-1	-1
765	164	164	164	164	164	164	164	164	164	164	164	0	-1	-1
766	165	165	165	165	165	165	165	165	165	165	165	0	-1	-1
767	166	166	166	166	166	166	166	166	166	166	166	0	-1	-1
768	167	167	167	167	167	167	167	167	167	167	167	0	-1	-1
769	168	168	168	168	168	168	168	168	168	168	168	0	-1	-1
770	169	169	169	169	169	169	169	169	169	169	169	0	-1	-1
771	170	170	170	170	170	170	170	170	170	170	170	0	-1	-1
772	171	171	171	171	171	171	171	171	171	171	171	0	-1	-1
773	173	173	173	173	173	173	173	173	173	173	173	0	-1	-1
774	174	174	174	174	174	174	174	174	174	174	174	0	-1	-1
775	175	175	175	175	175	175	175	175	175	175	175	0	-1	-1
776	176	176	176	176	176	176	176	176	176	176	176	0	-1	-1
777	177	177	177	177	177	177	177	177	177	177	177	0	-1	-1
778	178	178	178	178	178	178	178	178	178	178	178	0	-1	-1
779	179	179	179	179	179	179	179	179	179	179	179	0	-1	-1
780	180	180	180	180	180	180	180	180	180	180	180	0	-1	-1
781	181	181	181	181	181	181	181	181	181	181	181	0	-1	-1
782	182	182	182	182	182	182	182	182	182	182	182	0	-1	-1
783	183	183	183	183	183	183	183	183	183	183	183	0	-1	-1
784	432	432	432	432	432	432	432	432	432	432	432	0	-1	-1
785	184	184	184	184	184	184	184	184	184	184	184	0	-1	-1
786	185	185	185	185	185	185	185	185	185	185	185	0	-1	-1
787	186	186	186	186	186	186	186	186	186	186	186	0	-1	-1
788	187	187	187	187	187	187	187	187	187	187	187	0	-1	-1
789	188	188	188	188	188	188	188	188	188	188	188	0	-1	-1
790	189	189	189	189	189	189	189	189	189	189	189	0	-1	-1
791	190	190	190	190	190	190	190	190	190	190	190	0	-1	-1
792	191	191	191	191	191	191	191	191	191	191	191	0	-1	-1
793	192	192	192	192	192	192	192	192	192	192	192	0	-1	-1
794	193	193	193	193	193	193	193	193	193	193	193	0	-1	-1
795	194	194	194	194	194	194	194	194	194	194	194	0	-1	-1
796	195	195	195	195	195	195	195	195	195	195	195	0	-1	-1
797	196	196	196	196	196	196	196	196	196	196	196	0	-1	-1
798	197	197	197	197	197	197	197	197	197	197	197	0	-1	-1
799	352	352	352	352	352	352	352	352	352	352	352	0	-1	-1
800	198	198	198	198	198	198	198	198	198	8	8	1	-1	-1
801	199	199	199	199	199	199	199	199	199	8	8	1	-1	-1
802	200	200	200	200	200	200	200	200	200	8	8	1	-1	-1
803	31	31	31	31	31	31	31	31	31	433	433	0	-1	-1
804	33	33	33	33	33	33	33	33	33	433	433	0	-1	-1
805	31	31	31	31	31	31	31	31	31	434	434	0	-1	-1
806	33	33	33	33	33	33	33	33	33	434	434	0	-1	-1
807	31	31	31	31	31	31	31	31	31	435	435	0	-1	-1
808	33	33	33	33	33	33	33	33	33	435	435	0	-1	-1
809	31	31	31	31	31	31	31	31	31	436	436	0	-1	-1
810	33	33	33	33	33	33	33	33	33	436	436	0	-1	-1
811	31	31	31	31	31	31	31	31	31	437	437	0	-1	-1
812	33	33	33	33	33	33	33	33	33	437	437	0	-1	-1
813	31	31	31	31	31	31	31	31	31	438	438	0	-1	-1
814	33	33	33	33	33	33	33	33	33	438	438	0	-1	-1
815	439	439	439	439	439	439	439	439	439	439	439	0	-1	-1
816	440	440	440	440	440	440	440	440	440	440	440	0	-1	-1
817	31	31	31	31	31	31	31	31	31	441	441	0	-1	-1
818	33	33	33	33	33	33	33	33	33	441	441	0	-1	-1
819	31	31	31	31	31	31	31	31	31	442	442	0	-1	-1
820	33	33	33	33	33	33	33	33	33	442	442	0	-1	-1
821	443	443	443	443	443	443	443	443	443	443	443	0	-1	-1
822	249	249	249	249	249	249	249	249	249	8	8	0	-1	-1
823	250	250	250	250	250	250	250	250	250	7	7	0	-1	-1
824	252	252	252	252	252	252	252	252	252	7	7	0	-1	-1
825	78	104	105	106	107	108	109	107	107	444	444	0	-1	-1
826	78	110	111	112	113	114	115	113	113	445	445	0	-1	-1
827	31	31	31	31	31	31	31	31	31	446	446	0	-1	-1
828	250	250	250	250	250	250	250	250	250	447	447	0	-1	-1
829	31	31	31	31	31	31	31	31	31	448	448	0	-1	-1
830	250	250	250	250	250	250	250	250	250	449	449	0	-1	-1
831	78	97	97	99	100	100	99	100	100	450	450	0	-1	-1
832	78	104	104	106	107	107	106	107	107	450	450	0	-1	-1
833	78	110	110	112	113	113	112	113	113	450	450	0	-1	-1
834	9	9	9	9	9	9	9	9	9	451	451	0	-1	-1
835	31	31	31	31	31	31	31	31	31	452	452	0	-1	-1
836	31	31	31	31	31	31	31	31	31	453	453	0	-1	-1
837	454	454	454	454	454	454	454	454	454	454	454	0	-1	-1
838	455	455	455	455	455	455	455	455	455	455	455	0	-1	-1
839	456	456	456	456	456	456	456	456	456	456	456	0	-1	-1
840	77	77	77	77	77	77	77	77	77	77	77	0	-1	-1
841	457	457	457	457	457	457	457	457	457	457	457	0	-1	-1
842	458	458	458	458	458	458	458	458	458	458	458	0	-1	-1
843	394	394	394	394	394	394	394	394	394	394	394	0	-1	-1
844	459	459	459	459	459	459	459	459	459	459	459	0	-1	-1
845	460	460	460	460	460	460	460	460	460	460	460	0	-1	-1
846	461	461	461	461	461	461	461	461	461	461	461	0	-1	-1
847	462	462	462	462	462	462	462	462	462	462	462	0	-1	-1
848	463	463	463	463	463	463	463	463	463	463	463	0	-1	-1
849	464	464	464	464	464	464	464	464	464	464	464	0	-1	-1
850	465	465	465	465	465	465	465	465	465	465	465	0	-1	-1
851	466	466	466	466	466	466	466	466	466	466	466	0	-1	-1
852	467	467	467	467	467	467	467	467	467	467	467	0	-1	-1
853	468	468	468	468	468	468	468	468	468	468	468	0	-1	-1
854	469	469	469	469	469	469	469	469	469	469	469	0	-1	-1
855	470	470	470	470	470	470	470	470	470	470	470	0	-1	-1
856	471	471	471	471	471	471	471	471	471	471	471	0	-1	-1
857	472	472	472	472	472	472	472	472	472	472	472	0	-1	-1
858	473	473	473	473	473	473	473	473	473	473	473	0	-1	-1
859	474	474	474	474	474	474	474	474	474	474	474	0	-1	-1
860	475	475	475	475	475	475	475	475	475	475	475	0	-1	-1
861	10	11	11	12	13	14	15	13	13	476	476	0	-1	-1
862	10	10	10	10	10	10	10	10	10	476	476	0	-1	-1
863	31	31	31	31	31	31	31	31	31	477	477	0	-1	-1
864	78	97	98	99	100	101	102	100	100	478	478	0	-1	-1
865	78	104	105	106	107	108	109	107	107	478	478	0	-1	-1
866	78	110	111	112	113	114	115	113	113	478	478	0	-1	-1
867	9	9	9	9	9	9	9	9	9	479	479	0	-1	-1
868	9	9	9	9	9	9	9	9	9	480	480	0	-1	-1
869	9	9	9	9	9	9	9	9	9	478	478	0	-1	-1
870	31	31	31	31	31	31	31	31	31	481	481	0	-1	-1
871	86	86	86	86	86	86	86	86	86	482	482	0	-1	-1
872	88	88	88	88	88	88	88	88	88	483	483	0	-1	-1
873	89	89	89	89	89	89	89	89	89	484	484	0	-1	-1
874	90	90	90	90	90	90	90	90	90	485	485	0	-1	-1
875	10	11	11	12	13	14	15	13	13	486	486	0	-1	-1
876	10	10	10	10	10	10	10	10	10	486	486	0	-1	-1
877	31	31	31	31	31	31	31	31	31	487	487	0	-1	-1
878	78	97	98	99	100	101	102	100	100	488	488	0	-1	-1
879	78	104	105	106	107	108	109	107	107	488	488	0	-1	-1
880	78	110	111	112	113	114	115	113	113	488	488	0	-1	-1
881	9	9	9	9	9	9	9	9	9	489	489	0	-1	-1
882	9	9	9	9	9	9	9	9	9	490	490	0	-1	-1
883	78	97	97	99	100	100	99	100	100	491	491	0	-1	-1
884	78	104	104	106	107	107	106	107	107	491	491	0	-1	-1
885	78	110	110	112	113	113	112	113	113	491	491	0	-1	-1
886	9	9	9	9	9	9	9	9	9	491	491	0	-1	-1
887	9	9	9	9	9	9	9	9	9	492	492	0	-1	-1
888	9	9	9	9	9	9	9	9	9	493	493	0	-1	-1
889	31	31	31	31	31	31	31	31	31	494	494	0	-1	-1
890	31	31	31	31	31	31	31	31	31	495	495	0	-1	-1
891	31	31	31	31	31	31	31	31	31	496	496	0	-1	-1
892	31	31	31	31	31	31	31	31	31	497	497	0	-1	-1
893	31	31	31	31	31	31	31	31	31	498	498	0	-1	-1
894	31	31	31	31	31	31	31	31	31	499	499	0	-1	-1
895	31	31	31	31	31	31	31	31	31	500	500	0	-1	-1
896	31	31	31	31	31	31	31	31	31	501	501	0	-1	-1
897	9	9	9	9	9	9	9	9	9	502	502	0	-1	-1
898	9	9	9	9	9	9	9	9	9	503	503	0	-1	-1
899	9	9	9	9	9	9	9	9	9	504	504	0	-1	-1
900	9	9	9	9	9	9	9	9	9	505	505	0	-1	-1
901	408	408	408	408	408	408	408	408	408	408	408	0	-1	-1
902	409	409	409	409	409	409	409	409	409	409	409	0	-1	-1
903	247	247	247	247	247	247	247	247	247	247	247	0	-1	-1
904	506	506	506	506	506	506	506	506	506	506	506	0	-1	-1
905	31	31	31	31	31	31	31	31	31	507	507	0	-1	-1
906	250	250	250	250	250	250	250	250	250	508	508	0	-1	-1
907	78	97	98	99	100	101	102	100	100	509	509	0	-1	-1
908	78	104	105	106	107	108	109	107	107	509	509	0	-1	-1
909	78	110	111	112	113	114	115	113	113	509	509	0	-1	-1
910	78	97	98	99	100	101	102	100	100	510	510	0	-1	-1
911	78	104	105	106	107	108	109	107	107	511	511	0	-1	-1
912	78	110	111	112	113	114	115	113	113	512	512	0	-1	-1
913	0	1	2	3	4	5	6	4	4	513	513	0	-1	-1
914	514	514	514	514	514	514	514	514	514	514	514	0	-1	-1
915	515	515	515	515	515	515	515	515	515	515	515	0	-1	-1
916	516	516	516	516	516	516	516	516	516	516	516	0	-1	-1
917	517	517	517	517	517	517	517	517	517	517	517	0	-1	-1
918	518	518	518	518	518	518	518	518	518	518	518	0	-1	-1
919	519	519	519	519	519	519	519	519	519	519	519	0	-1	-1
920	31	31	31	31	31	31	31	31	31	520	520	0	-1	-1
921	250	250	250	250	250	250	250	250	250	521	521	0	-1	-1
922	0	1	2	3	4	5	6	4	4	522	522	0	-1	-1
923	0	0	0	0	0	0	0	0	0	522	522	0	-1	-1
924	9	9	9	9	9	9	9	9	9	522	522	0	-1	-1
925	10	11	11	12	13	14	15	13	13	522	522	0	-1	-1
926	16	17	18	19	20	21	22	20	20	522	522	0	-1	-1
927	10	10	10	10	10	10	10	10	10	522	522	0	-1	-1
928	23	24	25	26	27	28	29	27	27	522	522	0	-1	-1
929	31	31	31	31	31	31	31	31	31	522	522	0	-1	-1
930	33	33	33	33	33	33	33	33	33	522	522	0	-1	-1
931	34	35	35	36	37	38	39	37	37	522	522	0	-1	-1
932	249	249	249	249	249	249	249	249	249	522	522	0	-1	-1
933	250	250	250	250	250	250	250	250	250	522	522	0	-1	-1
934	252	252	252	252	252	252	252	252	252	522	522	0	-1	-1
935	40	40	40	40	40	40	40	40	40	522	522	0	-1	-1
936	41	41	41	41	41	41	41	41	41	522	522	0	-1	-1
937	42	42	42	42	42	42	42	42	42	522	522	0	-1	-1
938	43	43	43	43	43	43	43	43	43	522	522	0	-1	-1
939	44	44	44	44	44	44	44	44	44	522	522	0	-1	-1
940	43	45	45	46	43	43	46	43	43	522	522	0	-1	-1
941	43	48	48	49	50	50	49	50	50	522	522	0	-1	-1
942	51	51	51	51	51	51	51	51	51	522	522	0	-1	-1
943	52	52	52	52	52	52	52	52	52	522	522	0	-1	-1
944	43	53	53	54	55	55	54	55	55	522	522	0	-1	-1
945	43	56	56	57	58	58	57	58	58	522	522	0	-1	-1
946	43	59	59	60	61	61	60	61	61	522	522	0	-1	-1
947	62	63	64	65	66	67	68	66	66	522	522	0	-1	-1
948	62	63	69	3	4	5	6	4	4	522	522	0	-1	-1
949	62	63	2	3	4	70	6	4	4	522	522	0	-1	-1
950	62	63	2	3	71	5	6	71	71	522	522	0	-1	-1
951	62	63	2	3	72	5	6	72	72	522	522	0	-1	-1
952	62	63	2	3	72	5	73	72	72	522	522	0	-1	-1
953	74	74	74	74	74	74	74	74	74	522	522	0	-1	-1
954	75	75	75	75	75	75	75	75	75	522	522	0	-1	-1
955	76	76	76	76	76	76	76	76	76	522	522	0	-1	-1
956	77	77	77	77	77	77	77	77	77	522	522	0	-1	-1
957	78	79	79	79	79	79	79	79	79	522	522	0	-1	-1
958	78	81	81	81	81	81	81	81	81	522	522	0	-1	-1
959	78	82	82	82	82	82	82	82	82	522	522	0	-1	-1
960	78	83	83	83	83	83	83	83	83	522	522	0	-1	-1
961	78	84	84	84	84	84	84	84	84	522	522	0	-1	-1
962	78	85	85	85	85	85	85	85	85	522	522	0	-1	-1
963	86	86	86	86	86	86	86	86	86	522	522	0	-1	-1
964	88	88	88	88	88	88	88	88	88	522	522	0	-1	-1
965	89	89	89	89	89	89	89	89	89	522	522	0	-1	-1
966	90	90	90	90	90	90	90	90	90	522	522	0	-1	-1
967	91	91	91	91	91	91	91	91	91	522	522	0	-1	-1
968	92	92	92	92	92	92	92	92	92	522	522	0	-1	-1
969	93	93	93	93	93	93	93	93	93	522	522	0	-1	-1
970	94	94	94	94	94	94	94	94	94	522	522	0	-1	-1
971	95	95	95	95	95	95	95	95	95	522	522	0	-1	-1
972	96	96	96	96	96	96	96	96	96	522	522	0	-1	-1
973	78	97	98	99	100	101	102	100	100	522	522	0	-1	-1
974	78	104	105	106	107	108	109	107	107	522	522	0	-1	-1
975	78	110	111	112	113	114	115	113	113	522	522	0	-1	-1
976	78	116	116	116	116	116	116	116	116	522	522	0	-1	-1
977	78	117	117	117	117	117	117	117	117	522	522	0	-1	-1
978	78	118	118	118	118	118	118	118	118	522	522	0	-1	-1
979	78	119	119	119	119	119	119	119	119	522	522	0	-1	-1
980	78	120	120	120	120	120	120	120	120	522	522	0	-1	-1
981	78	121	121	121	121	121	121	121	121	522	522	0	-1	-1
982	78	122	122	122	122	122	122	122	122	522	522	0	-1	-1
983	78	123	123	123	123	123	123	123	123	522	522	0	-1	-1
984	124	124	124	124	124	124	124	124	124	522	522	0	-1	-1
985	78	125	125	125	125	125	125	125	125	522	522	0	-1	-1
986	126	126	126	126	126	126	126	126	126	522	522	0	-1	-1
987	127	127	127	127	127	127	127	127	127	522	522	0	-1	-1
988	128	128	128	128	128	128	128	128	128	522	522	0	-1	-1
989	129	129	129	129	129	129	129	129	129	522	522	0	-1	-1
990	130	130	130	130	130	130	130	130	130	522	522	0	-1	-1
991	131	131	131	131	131	131	131	131	131	522	522	0	-1	-1
992	78	132	132	132	132	132	132	132	132	522	522	0	-1	-1
993	133	133	133	133	133	133	133	133	133	522	522	0	-1	-1
994	78	134	134	134	134	134	134	134	134	522	522	0	-1	-1
995	78	135	135	135	135	135	135	135	135	522	522	0	-1	-1
996	136	136	136	136	136	136	136	136	136	522	522	0	-1	-1
997	137	137	137	137	137	137	137	137	137	522	522	0	-1	-1
998	138	138	138	138	138	138	138	138	138	522	522	0	-1	-1
999	139	139	139	139	139	139	139	139	139	522	522	0	-1	-1
1000	78	140	140	140	140	140	140	140	140	522	522	0	-1	-1
1001	78	141	141	141	141	141	141	141	141	522	522	0	-1	-1
1002	78	142	142	142	142	142	142	142	142	522	522	0	-1	-1
1003	143	143	143	143	143	143	143	143	143	522	522	0	-1	-1
1004	144	144	144	144	144	144	144	144	144	522	522	0	-1	-1
1005	145	145	145	145	145	145	145	145	145	522	522	0	-1	-1
1006	146	146	146	146	146	146	146	146	146	522	522	0	-1	-1
1007	147	147	147	147	147	147	147	147	147	522	522	0	-1	-1
1008	148	148	148	148	148	148	148	148	148	522	522	0	-1	-1
1009	84	84	84	84	84	84	84	84	84	522	522	0	-1	-1
1010	149	149	149	149	149	149	149	149	149	522	522	0	-1	-1
1011	150	150	150	150	150	150	150	150	150	522	522	0	-1	-1
1012	78	97	97	99	100	100	99	100	100	522	522	0	-1	-1
1013	78	104	104	106	107	107	106	107	107	522	522	0	-1	-1
1014	78	110	110	112	113	113	112	113	113	522	522	0	-1	-1
1015	34	35	35	36	37	38	39	37	37	8	8	0	-1	-1
1016	250	250	250	250	250	250	250	250	250	8	8	0	-1	-1
1017	252	252	252	252	252	252	252	252	252	8	8	0	-1	-1
1018	40	40	40	40	40	40	40	40	40	8	8	0	-1	-1
1019	250	250	250	250	250	250	250	250	250	31	31	0	-1	-1
1020	252	252	252	252	252	252	252	252	252	30	30	0	-1	-1
1021	78	110	111	112	113	114	115	113	113	523	523	0	-1	-1
1022	78	104	104	106	107	107	106	107	107	247	247	0	-1	-1
1023	78	110	110	112	113	113	112	113	113	523	523	0	-1	-1
1024	524	524	524	524	524	524	524	524	524	524	524	0	-1	-1
1025	525	525	525	525	525	525	525	525	525	525	525	0	-1	-1
1026	526	526	526	526	526	526	526	526	526	526	526	0	-1	-1
1027	78	104	104	106	107	107	106	107	107	444	444	0	-1	-1
1028	78	110	110	112	113	113	112	113	113	445	445	0	-1	-1
1029	527	527	527	527	527	527	527	527	527	527	527	0	-1	-1
1030	528	528	528	528	528	528	528	528	528	528	528	0	-1	-1
1031	529	529	529	529	529	529	529	529	529	529	529	0	-1	-1
1032	530	530	530	530	530	530	530	530	530	530	530	0	-1	-1
1033	531	531	531	531	531	531	531	531	531	531	531	0	-1	-1
1034	532	532	532	532	532	532	532	532	532	532	532	0	-1	-1
1035	533	533	533	533	533	533	533	533	533	533	533	0	-1	-1
1036	534	534	534	534	534	534	534	534	534	534	534	0	-1	-1
1037	535	535	535	535	535	535	535	535	535	535	535	0	-1	-1
1038	536	536	536	536	536	536	536	536	536	536	536	0	-1	-1
1039	9	9	9	9	9	9	9	9	9	537	537	0	-1	-1
1040	10	11	11	12	13	14	15	13	13	537	537	0	-1	-1
1041	10	10	10	10	10	10	10	10	10	537	537	0	-1	-1
1042	34	35	35	36	37	38	39	37	37	537	537	0	-1	-1
1043	250	250	250	250	250	250	250	250	250	33	33	0	-1	-1
1044	31	31	31	31	31	31	31	31	31	30	30	0	-1	-1
1045	33	33	33	33	33	33	33	33	33	30	30	0	-1	-1
1046	245	245	245	245	245	245	245	245	245	10	10	0	-1	-1
1047	77	77	77	77	77	77	77	77	77	459	459	0	-1	-1
1048	78	104	105	106	107	108	109	107	107	538	538	0	-1	-1
1049	78	110	111	112	113	114	115	113	113	539	539	0	-1	-1
1050	78	104	104	106	107	107	106	107	107	538	538	0	-1	-1
1051	78	110	110	112	113	113	112	113	113	539	539	0	-1	-1
1052	78	97	98	99	100	101	102	100	100	540	540	0	-1	-1
1053	78	104	105	106	107	108	109	107	107	541	541	0	-1	-1
1054	78	110	111	112	113	114	115	113	113	542	542	0	-1	-1
1055	396	396	396	396	396	396	396	396	396	30	30	0	-1	-1
1056	78	97	98	99	100	101	102	100	100	543	543	0	-1	-1
1057	78	104	105	106	107	108	109	107	107	544	544	0	-1	-1
1058	78	110	111	112	113	114	115	113	113	545	545	0	-1	-1
1059	78	104	105	106	107	108	109	107	107	543	543	0	-1	-1
1060	78	110	111	112	113	114	115	113	113	543	543	0	-1	-1
1061	0	0	0	0	0	0	0	0	0	546	546	0	-1	-1
1062	0	0	0	0	0	0	0	0	0	547	547	0	-1	-1
1063	548	548	548	548	548	548	548	548	548	548	548	0	-1	-1
1064	549	549	549	549	549	549	549	549	549	549	549	0	-1	-1
1065	0	1	2	3	4	5	6	4	4	33	33	0	-1	-1
1066	0	0	0	0	0	0	0	0	0	33	33	0	-1	-1
1067	9	9	9	9	9	9	9	9	9	33	33	0	-1	-1
1068	10	11	11	12	13	14	15	13	13	33	33	0	-1	-1
1069	16	17	18	19	20	21	22	20	20	33	33	0	-1	-1
1070	10	10	10	10	10	10	10	10	10	33	33	0	-1	-1
1071	23	24	25	26	27	28	29	27	27	33	33	0	-1	-1
1072	31	31	31	31	31	31	31	31	31	33	33	0	-1	-1
1073	78	97	98	99	100	101	102	100	100	33	33	0	-1	-1
1074	78	104	105	106	107	108	109	107	107	33	33	0	-1	-1
1075	78	110	111	112	113	114	115	113	113	33	33	0	-1	-1
1076	78	116	116	116	116	116	116	116	116	33	33	0	-1	-1
1077	78	117	117	117	117	117	117	117	117	33	33	0	-1	-1
1078	78	118	118	118	118	118	118	118	118	33	33	0	-1	-1
1079	0	1	2	3	4	5	6	4	4	550	550	0	-1	-1
1080	0	0	0	0	0	0	0	0	0	550	550	0	-1	-1
1081	9	9	9	9	9	9	9	9	9	550	550	0	-1	-1
1082	10	11	11	12	13	14	15	13	13	550	550	0	-1	-1
1083	16	17	18	19	20	21	22	20	20	550	550	0	-1	-1
1084	10	10	10	10	10	10	10	10	10	550	550	0	-1	-1
1085	23	24	25	26	27	28	29	27	27	550	550	0	-1	-1
1086	31	31	31	31	31	31	31	31	31	550	550	0	-1	-1
1087	33	33	33	33	33	33	33	33	33	550	550	0	-1	-1
1088	78	97	98	99	100	101	102	100	100	550	550	0	-1	-1
1089	78	104	105	106	107	108	109	107	107	550	550	0	-1	-1
1090	78	110	111	112	113	114	115	113	113	550	550	0	-1	-1
1091	78	116	116	116	116	116	116	116	116	550	550	0	-1	-1
1092	78	117	117	117	117	117	117	117	117	550	550	0	-1	-1
1093	78	118	118	118	118	118	118	118	118	550	550	0	-1	-1
1094	31	31	31	31	31	31	31	31	31	551	551	0	-1	-1
1095	250	250	250	250	250	250	250	250	250	552	552	0	-1	-1
1096	0	1	1	3	4	5	6	553	554	7	7	0	-1	0
1097	555	556	556	557	558	559	560	561	562	7	7	0	-1	-1
1098	0	1	1	3	4	5	6	553	563	7	7	0	-1	0
1099	564	565	565	566	567	568	569	570	571	10	10	0	-1	0
1100	198	198	198	198	198	198	198	198	198	572	572	1	-1	-1
1101	199	199	199	199	199	199	199	199	199	573	573	1	-1	-1
1102	200	200	200	200	200	200	200	200	200	574	574	1	-1	-1
1103	575	575	575	575	575	575	575	575	575	77	77	0	-1	-1
1104	576	576	576	576	576	576	576	576	576	577	577	0	-1	0
1105	578	578	578	578	578	578	578	578	578	579	579	0	-1	-1
1106	578	578	578	578	578	578	578	578	578	579	579	0	-1	0
1107	16	17	18	19	20	21	22	580	581	7	7	0	-1	-1
1108	564	565	565	566	567	568	569	582	583	10	10	0	-1	0
1109	575	575	575	575	575	575	575	575	575	584	584	0	-1	-1
1110	575	575	575	575	575	575	575	575	575	585	585	0	-1	0
1111	575	575	575	575	575	575	575	575	575	586	586	0	-1	-1
1112	575	575	575	575	575	575	575	575	575	587	587	0	-1	0
1113	23	24	25	26	27	28	29	588	589	30	30	0	-1	-1
1114	590	590	590	590	590	590	590	590	590	590	590	0	-1	-1
1115	591	591	591	591	591	591	591	591	591	591	591	0	-1	-1
1116	592	592	592	592	592	592	592	592	592	592	592	0	-1	-1
1117	593	593	593	593	593	593	593	593	593	593	593	0	-1	-1
1118	594	594	594	594	594	594	594	594	594	594	594	0	-1	-1
1119	595	595	595	595	595	595	595	595	595	595	595	0	-1	-1
1120	596	596	596	596	596	596	596	596	596	596	596	0	-1	-1
1121	597	597	597	597	597	597	597	597	597	597	597	0	-1	-1
1122	598	598	598	598	598	598	598	598	598	598	598	0	-1	-1
1123	599	599	599	599	599	599	599	599	599	599	599	0	-1	-1
1124	600	600	600	600	600	600	600	600	600	600	600	0	-1	-1
1125	601	601	601	601	601	601	601	601	601	601	601	0	-1	-1
1126	602	602	602	602	602	602	602	602	602	602	602	0	-1	-1
1127	34	35	35	36	37	38	39	603	604	7	7	0	-1	0
1128	250	250	250	250	250	250	250	250	250	250	250	0	-1	0
1129	605	605	605	605	605	605	605	605	605	605	605	1	-1	-1
1130	606	606	606	606	606	606	606	606	606	606	606	1	-1	-1
1131	607	607	607	607	607	607	607	607	607	607	607	1	-1	-1
1132	608	608	608	608	608	608	608	608	608	608	608	1	-1	-1
1133	40	40	40	40	40	40	40	40	40	40	40	0	-1	0
1134	609	609	609	609	609	609	609	609	609	7	7	1	-1	-1
1135	610	610	610	610	610	610	610	610	610	7	7	1	-1	-1
1136	611	611	611	611	611	611	611	611	611	7	7	1	-1	-1
1137	612	612	612	612	612	612	612	612	612	7	7	1	-1	-1
1138	613	613	613	613	613	613	613	613	613	613	613	0	-1	-1
1139	614	614	614	614	614	614	614	614	614	7	7	1	-1	-1
1140	615	615	615	615	615	615	615	615	615	7	7	1	-1	-1
1141	616	616	616	616	616	616	616	616	616	7	7	1	-1	-1
1142	617	617	617	617	617	617	617	617	617	7	7	1	-1	-1
1143	618	618	618	618	618	618	618	618	618	7	7	1	-1	-1
1144	619	619	619	619	619	619	619	619	619	7	7	1	-1	-1
1145	620	620	620	620	620	620	620	620	620	7	7	1	-1	-1
1146	621	621	621	621	621	621	621	621	621	7	7	1	-1	-1
1147	622	622	622	622	622	622	622	622	622	7	7	1	-1	-1
1148	623	623	623	623	623	623	623	623	623	7	7	1	-1	-1
1149	624	624	624	624	624	624	624	624	624	7	7	1	-1	-1
1150	625	625	625	625	625	625	625	625	625	7	7	1	-1	-1
1151	626	626	626	626	626	626	626	626	626	7	7	1	-1	-1
1152	627	627	627	627	627	627	627	627	627	7	7	1	-1	-1
1153	628	628	628	628	628	628	628	628	628	7	7	1	-1	-1
1154	629	629	629	629	629	629	629	629	629	7	7	1	-1	-1
1155	630	630	630	630	630	630	630	630	630	7	7	1	-1	-1
1156	631	631	631	631	631	631	631	631	631	7	7	1	-1	-1
1157	75	75	75	75	75	75	75	75	75	47	47	1	-1	-1
1158	76	76	76	76	76	76	76	76	76	47	47	0	362	-1
1159	143	143	143	143	143	143	143	143	143	47	47	1	-1	-1
1160	143	143	143	143	143	143	143	143	143	47	47	0	361	-1
1161	632	632	632	632	632	632	632	632	632	632	632	1	-1	-1
1162	43	45	45	46	43	43	46	43	45	47	47	0	-1	-1
1163	43	48	48	49	50	50	49	50	48	47	47	0	-1	-1
1164	43	53	53	54	55	55	54	55	53	47	47	0	-1	-1
1165	43	56	56	57	58	58	57	58	56	47	47	0	-1	-1
1166	43	59	59	60	61	61	60	61	59	47	47	0	-1	-1
1167	62	63	64	65	66	67	68	66	64	47	47	0	-1	-1
1168	62	63	69	3	4	5	6	4	69	47	47	0	-1	-1
1169	62	63	2	3	4	70	6	4	2	47	47	0	-1	-1
1170	62	63	2	3	71	5	6	71	2	47	47	0	-1	-1
1171	62	63	2	3	72	5	6	72	2	47	47	0	-1	-1
1172	62	63	2	3	72	5	73	72	2	47	47	0	-1	-1
1173	74	74	74	74	74	74	74	74	74	47	47	0	363	-1
1174	78	633	633	634	635	636	637	635	633	80	80	0	-1	-1
1175	78	638	638	639	640	641	642	640	638	80	80	0	-1	-1
1176	78	643	643	644	645	646	647	645	643	80	80	0	-1	-1
1177	78	648	648	649	650	651	652	650	648	80	80	0	-1	-1
1178	653	653	653	653	653	653	653	653	653	80	80	0	364	-1
1179	654	654	654	654	654	654	654	654	654	80	80	0	364	-1
1180	655	655	655	655	655	655	655	655	655	87	87	0	-1	0
1181	88	88	88	88	88	88	88	88	88	87	87	1	-1	-1
1182	89	89	89	89	89	89	89	89	89	87	87	1	-1	-1
1183	90	90	90	90	90	90	90	90	90	87	87	1	-1	-1
1184	91	91	91	91	91	91	91	91	91	87	87	1	-1	-1
1185	92	92	92	92	92	92	92	92	92	87	87	1	-1	-1
1186	93	93	93	93	93	93	93	93	93	87	87	1	-1	-1
1187	78	97	98	99	100	101	102	656	657	80	80	0	-1	-1
1188	78	104	105	106	107	108	109	658	659	80	80	0	-1	-1
1189	78	110	111	112	113	114	115	660	661	80	80	0	-1	-1
1190	662	662	662	662	662	662	662	663	662	80	80	0	-1	0
1191	664	664	664	664	664	664	664	665	664	80	80	0	-1	0
1192	666	666	666	666	666	666	666	667	666	80	80	0	-1	0
1193	668	668	668	668	668	668	668	668	668	80	80	1	-1	-1
1194	669	669	669	669	669	669	669	669	669	80	80	1	-1	-1
1195	670	670	670	670	670	670	670	670	670	80	80	1	-1	-1
1196	136	136	136	136	136	136	136	136	136	80	80	1	-1	-1
1197	137	137	137	137	137	137	137	137	137	80	80	1	-1	-1
1198	139	139	139	139	139	139	139	139	139	80	80	1	-1	-1
1199	671	671	671	671	671	671	671	671	671	80	80	0	-1	-1
1200	97	97	97	99	100	100	99	100	97	80	80	0	-1	-1
1201	104	104	104	106	107	107	106	107	104	80	80	0	-1	-1
1202	110	110	110	112	113	113	112	113	110	80	80	0	-1	-1
1203	116	116	116	116	116	116	116	116	116	80	80	0	-1	-1
1204	117	117	117	117	117	117	117	117	117	80	80	0	-1	-1
1205	118	118	118	118	118	118	118	118	118	80	80	0	-1	-1
1206	79	79	79	672	673	674	675	673	79	80	80	0	-1	-1
1207	81	81	81	676	677	678	679	677	81	80	80	0	-1	-1
1208	85	85	85	680	681	682	680	681	85	80	80	0	-1	-1
1209	119	119	119	119	119	119	119	119	119	80	80	0	-1	-1
1210	82	82	82	683	684	685	686	684	82	80	80	0	-1	-1
1211	83	83	83	687	688	688	689	688	83	80	80	0	-1	-1
1212	86	86	86	86	86	86	86	86	86	80	80	1	-1	-1
1213	84	84	84	690	691	692	693	691	84	80	80	0	-1	-1
1214	88	88	88	88	88	88	88	88	88	80	80	1	-1	-1
1215	89	89	89	89	89	89	89	89	89	80	80	1	-1	-1
1216	90	90	90	90	90	90	90	90	90	80	80	1	-1	-1
1217	91	91	91	91	91	91	91	91	91	80	80	1	-1	-1
1218	92	92	92	92	92	92	92	92	92	80	80	1	-1	-1
1219	93	93	93	93	93	93	93	93	93	80	80	1	-1	-1
1220	94	94	94	94	94	94	94	94	94	80	80	1	-1	-1
1221	95	95	95	95	95	95	95	95	95	80	80	1	-1	-1
1222	96	96	96	96	96	96	96	96	96	80	80	0	-1	-1
1223	120	120	120	694	695	696	697	695	120	80	80	0	-1	-1
1224	121	121	121	698	699	700	701	699	121	80	80	0	-1	-1
1225	122	122	122	702	703	704	705	703	122	80	80	0	-1	-1
1226	123	123	123	706	707	708	709	707	123	80	80	0	-1	-1
1227	124	124	124	124	124	124	124	124	124	80	80	1	-1	-1
1228	125	125	125	710	711	711	712	711	125	80	80	0	-1	-1
1229	126	126	126	126	126	126	126	126	126	80	80	1	-1	-1
1230	127	127	127	127	127	127	127	127	127	80	80	1	-1	-1
1231	128	128	128	128	128	128	128	128	128	80	80	1	-1	-1
1232	129	129	129	129	129	129	129	129	129	80	80	1	-1	-1
1233	130	130	130	130	130	130	130	130	130	80	80	1	-1	-1
1234	131	131	131	131	131	131	131	131	131	80	80	1	-1	-1
1235	132	132	132	713	714	714	713	714	132	80	80	0	-1	-1
1236	133	133	133	133	133	133	133	133	133	80	80	1	-1	-1
1237	715	715	715	716	717	718	719	717	715	80	80	0	-1	-1
1238	135	135	135	720	721	722	723	721	135	80	80	0	-1	-1
1239	724	724	724	725	726	727	725	726	724	80	80	0	-1	-1
1240	149	149	149	728	729	730	731	729	149	80	80	0	-1	-1
1241	732	732	732	733	734	735	736	734	732	80	80	0	-1	-1
1242	737	737	737	738	739	739	738	739	737	80	80	0	-1	-1
1243	740	740	740	740	740	740	740	740	740	80	80	1	-1	-1
1244	741	741	741	741	741	741	741	741	741	80	80	1	-1	-1
1245	742	742	742	743	744	745	746	744	742	80	80	1	-1	-1
1246	747	747	747	748	749	749	750	749	747	80	80	0	-1	-1
1247	751	751	751	751	751	751	751	751	751	80	80	1	-1	-1
1248	752	752	752	752	752	752	752	752	752	80	80	1	-1	-1
1249	753	753	753	753	753	753	753	753	753	80	80	1	-1	-1
1250	754	754	754	754	754	754	754	754	754	80	80	1	-1	-1
1251	755	755	755	756	757	758	759	757	755	80	80	0	-1	-1
1252	760	760	760	760	760	760	760	760	760	80	80	1	-1	-1
1253	761	761	761	761	761	761	761	761	761	80	80	1	-1	-1
1254	762	762	762	762	762	762	762	762	762	80	80	1	-1	-1
1255	763	763	763	764	765	765	764	765	763	80	80	0	-1	-1
1256	766	766	766	767	768	768	767	768	766	80	80	0	-1	-1
1257	769	769	769	770	771	771	770	771	769	80	80	0	-1	-1
1258	772	772	772	773	774	774	773	774	772	80	80	0	-1	-1
1259	775	775	775	775	775	775	775	775	775	80	80	1	-1	-1
1260	776	776	776	777	778	779	780	778	776	80	80	0	-1	-1
1261	781	781	781	781	781	781	781	781	781	80	80	1	-1	-1
1262	782	782	782	783	784	784	783	784	782	80	80	0	-1	-1
1263	785	785	785	786	787	787	786	787	785	80	80	0	-1	-1
1264	788	788	788	789	790	790	789	790	788	80	80	0	-1	-1
1265	791	791	791	792	793	793	792	793	791	80	80	0	-1	-1
1266	794	794	794	794	794	794	794	794	794	80	80	1	-1	-1
1267	795	795	795	795	795	795	795	795	795	80	80	1	-1	-1
1268	796	796	796	797	798	798	797	798	796	80	80	0	-1	-1
1269	799	799	799	800	801	801	800	801	799	80	80	0	-1	-1
1270	802	802	802	802	802	802	802	802	802	80	80	1	-1	-1
1271	803	803	803	804	805	805	804	805	803	80	80	0	-1	-1
1272	806	806	806	806	806	806	806	806	806	80	80	1	-1	-1
1273	807	807	807	808	809	809	808	809	807	80	80	0	-1	-1
1274	810	810	810	810	810	810	810	810	810	80	80	0	-1	-1
1275	811	811	811	812	813	813	814	813	811	80	80	0	-1	-1
1276	815	815	815	815	815	815	815	815	815	80	80	0	-1	-1
1277	816	816	816	816	816	816	816	816	816	80	80	0	-1	-1
1278	817	817	817	818	819	819	818	819	817	80	80	0	-1	-1
1279	820	820	820	820	820	820	820	820	820	80	80	1	-1	-1
1280	821	821	821	821	821	821	821	821	821	80	80	1	-1	-1
1281	822	822	822	822	822	822	822	822	822	80	80	1	-1	-1
1282	823	823	823	823	823	823	823	823	823	80	80	1	-1	-1
1283	824	824	824	824	824	824	824	824	824	80	80	1	-1	-1
1284	825	825	825	825	825	825	825	825	825	80	80	1	-1	-1
1285	826	826	826	826	826	826	826	826	826	80	80	1	-1	-1
1286	827	827	827	827	827	827	827	827	827	80	80	1	-1	-1
1287	828	828	828	828	828	828	828	828	828	80	80	1	-1	-1
1288	829	829	829	829	829	829	829	829	829	80	80	0	-1	-1
1289	830	830	830	830	830	830	830	830	830	80	80	1	-1	-1
1290	831	831	831	832	833	834	835	833	831	80	80	0	-1	-1
1291	836	836	836	836	836	836	836	836	836	80	80	1	-1	-1
1292	837	837	837	837	837	837	837	837	837	80	80	1	-1	-1
1293	838	838	838	839	840	840	839	840	838	80	80	0	-1	-1
1294	841	841	841	841	841	841	841	841	841	80	80	0	-1	-1
1295	842	842	842	842	842	842	842	842	842	80	80	0	-1	-1
1296	843	843	843	843	843	843	843	843	843	80	80	0	-1	-1
1297	844	844	844	844	844	844	844	844	844	80	80	0	-1	-1
1298	845	845	845	845	845	845	845	845	845	80	80	1	-1	-1
1299	846	846	846	846	846	846	846	846	846	80	80	0	-1	-1
1300	847	847	847	847	847	847	847	847	847	80	80	0	-1	-1
1301	848	848	848	848	848	848	848	848	848	80	80	0	-1	-1
1302	849	849	849	849	849	849	849	849	849	80	80	0	-1	-1
1303	850	850	850	850	850	850	850	850	850	80	80	0	-1	-1
1304	851	851	851	851	851	851	851	851	851	80	80	0	-1	-1
1305	852	852	852	852	852	852	852	852	852	80	80	0	-1	-1
1306	853	853	853	853	853	853	853	853	853	80	80	0	-1	-1
1307	854	854	854	854	854	854	854	854	854	80	80	0	-1	-1
1308	855	855	855	855	855	855	855	855	855	80	80	0	-1	-1
1309	856	856	856	856	856	856	856	856	856	80	80	1	-1	-1
1310	857	857	857	857	857	857	857	857	857	80	80	1	-1	-1
1311	858	858	858	859	860	861	862	860	858	80	80	0	-1	-1
1312	863	863	863	864	865	865	866	865	863	80	80	0	-1	-1
1313	867	867	867	868	869	869	868	869	867	80	80	0	-1	-1
1314	870	870	870	870	870	870	870	870	870	80	80	1	-1	-1
1315	871	871	871	871	871	871	871	871	871	80	80	1	-1	-1
1316	872	872	872	872	872	872	872	872	872	80	80	1	-1	-1
1317	873	873	873	873	873	873	873	873	873	80	80	1	-1	-1
1318	874	874	874	874	874	874	874	874	874	80	80	1	-1	-1
1319	875	875	875	876	877	877	876	877	875	80	80	0	-1	-1
1320	878	878	878	879	880	880	879	880	878	80	80	0	-1	-1
1321	881	881	881	881	881	881	881	881	881	80	80	0	-1	-1
1322	882	882	882	882	882	882	882	882	882	80	80	1	-1	-1
1323	883	883	883	883	883	883	883	883	883	80	80	1	-1	-1
1324	884	884	884	884	884	884	884	884	884	80	80	1	-1	-1
1325	885	885	885	885	885	885	885	885	885	80	80	0	-1	-1
1326	886	886	886	886	886	886	886	886	886	80	80	0	-1	-1
1327	887	887	887	888	889	889	888	889	887	80	80	0	-1	-1
1328	890	890	890	891	892	893	894	892	890	80	80	0	-1	-1
1329	895	895	895	896	897	897	898	897	895	80	80	0	-1	-1
1330	899	899	899	899	899	899	899	899	899	80	80	0	-1	-1
1331	900	900	900	900	900	900	900	900	900	80	80	1	-1	-1
1332	901	901	901	902	903	904	905	903	901	80	80	0	-1	-1
1333	906	906	906	907	908	909	910	908	906	80	80	0	-1	-1
1334	911	911	911	911	911	911	911	911	911	80	80	0	-1	-1
1335	912	912	912	912	912	912	912	912	912	80	80	0	-1	-1
1336	913	913	913	913	913	913	913	913	913	80	80	1	-1	-1
1337	914	914	914	914	914	914	914	914	914	80	80	1	-1	-1
1338	915	915	915	915	915	915	915	915	915	80	80	0	-1	-1
1339	916	916	916	916	916	916	916	916	916	80	80	0	-1	-1
1340	917	917	917	917	917	917	917	917	917	80	80	1	-1	-1
1341	918	918	918	918	918	918	918	918	918	80	80	1	-1	-1
1342	919	919	919	920	921	921	922	921	919	80	80	0	-1	-1
1343	923	923	923	923	923	923	923	923	923	80	80	1	-1	-1
1344	924	924	924	924	924	924	924	924	924	80	80	1	-1	-1
1345	925	925	925	926	927	927	928	927	925	80	80	0	-1	-1
1346	929	929	929	930	931	932	933	931	929	80	80	0	-1	-1
1347	934	934	934	935	936	936	935	936	934	80	80	0	-1	-1
1348	937	937	937	937	937	937	937	937	937	80	80	0	-1	-1
1349	938	938	938	938	938	938	938	938	938	80	80	0	-1	-1
1350	939	939	939	939	939	939	939	939	939	80	80	0	-1	-1
1351	940	940	940	940	940	940	940	940	940	80	80	0	-1	-1
1352	941	941	941	941	941	941	941	941	941	80	80	0	-1	-1
1353	942	942	942	942	942	942	942	942	942	80	80	1	-1	-1
1354	943	943	943	943	943	943	943	943	943	80	80	1	-1	-1
1355	944	944	944	944	944	944	944	944	944	80	80	1	-1	-1
1356	945	945	945	945	945	945	945	945	945	80	80	1	-1	-1
1357	946	946	946	947	947	947	948	947	946	80	80	0	-1	-1
1358	949	949	949	949	949	949	949	949	949	80	80	1	-1	-1
1359	950	950	950	950	950	950	950	950	950	80	80	1	-1	-1
1360	951	951	951	951	951	951	951	951	951	80	80	0	-1	-1
1361	952	952	952	953	954	955	953	954	952	80	80	0	-1	-1
1362	956	956	956	956	956	956	956	956	956	80	80	1	-1	-1
1363	957	957	957	957	957	957	957	957	957	80	80	1	-1	-1
1364	958	958	958	958	958	958	958	958	958	80	80	0	-1	-1
1365	959	959	959	959	959	959	959	959	959	80	80	0	-1	-1
1366	960	960	960	960	960	960	960	960	960	80	80	0	-1	-1
1367	961	961	961	961	961	961	961	961	961	80	80	0	-1	-1
1368	962	962	962	962	962	962	962	962	962	80	80	0	-1	-1
1369	963	963	963	963	963	963	963	963	963	80	80	0	-1	-1
1370	964	964	964	964	964	964	964	964	964	80	80	0	-1	-1
1371	965	965	965	965	965	965	965	965	965	80	80	0	-1	-1
1372	966	966	966	966	966	966	966	966	966	80	80	0	-1	-1
1373	967	967	967	967	967	967	967	967	967	80	80	0	-1	-1
1374	968	968	968	968	968	968	968	968	968	80	80	0	-1	-1
1375	969	969	969	969	969	969	969	969	969	80	80	0	-1	-1
1376	970	970	970	970	970	970	970	970	970	80	80	0	-1	-1
1377	971	971	971	971	971	971	971	971	971	80	80	0	-1	-1
1378	972	972	972	972	972	972	972	972	972	80	80	0	-1	-1
1379	973	973	973	973	973	973	973	973	973	80	80	0	-1	-1
1380	974	974	974	974	974	974	974	974	974	80	80	0	-1	-1
1381	975	975	975	975	975	975	975	975	975	80	80	0	-1	-1
1382	976	976	976	976	976	976	976	976	976	80	80	0	-1	-1
1383	977	977	977	977	977	977	977	977	977	80	80	0	-1	-1
1384	978	978	978	978	978	978	978	978	978	80	80	0	-1	-1
1385	979	979	979	979	979	979	979	979	979	80	80	0	-1	-1
1386	980	980	980	980	980	980	980	980	980	80	80	0	-1	-1
1387	981	981	981	981	981	981	981	981	981	80	80	0	-1	-1
1388	982	982	982	982	982	982	982	982	982	80	80	0	-1	-1
1389	983	983	983	983	983	983	983	983	983	80	80	0	-1	-1
1390	984	984	984	984	984	984	984	984	984	80	80	0	-1	-1
1391	985	985	985	985	985	985	985	985	985	985	985	1	-1	-1
1392	986	986	986	986	986	986	986	986	986	986	986	1	-1	-1
1393	987	987	987	987	987	987	987	987	987	987	987	1	-1	-1
1394	988	988	988	988	988	988	988	988	988	988	988	1	-1	-1
1395	989	989	989	989	989	989	989	989	989	989	989	1	-1	-1
1396	990	990	990	990	990	990	990	990	990	990	990	1	-1	-1
1397	991	991	991	991	991	991	991	991	991	80	80	0	364	-1
1398	992	992	992	992	992	992	992	992	992	80	80	0	643	-1
1399	993	993	993	993	993	993	993	993	993	80	80	1	-1	-1
1400	994	994	994	994	994	994	994	994	994	80	80	0	642	-1
1401	995	995	995	995	995	995	995	995	995	80	80	1	-1	-1
1402	996	996	996	996	996	996	996	996	996	80	80	1	-1	-1
1403	997	997	997	997	997	997	997	997	997	80	80	1	-1	-1
1404	998	998	998	998	998	998	998	998	998	80	80	0	642	-1
1405	999	999	999	999	999	999	999	999	999	80	80	1	-1	-1
1406	1000	1000	1001	1002	1003	1004	1005	1006	1001	80	80	0	-1	-1
1407	1007	1007	1007	1008	1009	1010	1011	1009	1007	80	80	0	-1	-1
1408	1012	1012	1012	1013	1014	1015	1016	1014	1012	80	80	0	-1	-1
1409	1017	1017	1017	1017	1017	1017	1017	1017	1017	80	80	0	-1	-1
1410	1018	1018	1018	1018	1018	1018	1018	1018	1018	80	80	0	-1	-1
1411	1019	1019	1019	1019	1019	1019	1019	1019	1019	80	80	0	-1	-1
1412	1020	1020	1020	1020	1020	1020	1020	1020	1020	80	80	0	-1	-1
1413	1021	1021	1021	1021	1021	1021	1021	1021	1021	80	80	0	-1	-1
1414	1022	1022	1022	1022	1022	1022	1022	1022	1022	80	80	0	-1	-1
1415	1023	1023	1023	1023	1023	1023	1023	1023	1023	80	80	0	-1	-1
1416	1024	1024	1024	1024	1024	1024	1024	1024	1024	80	80	1	-1	-1
1417	1025	1025	1025	1025	1025	1025	1025	1025	1025	80	80	1	-1	-1
1418	1026	1026	1026	1026	1026	1026	1026	1026	1026	80	80	0	-1	-1
1419	1027	1027	1027	1028	1029	1030	1031	1029	1027	80	80	0	-1	-1
1420	1032	1032	1032	1032	1032	1032	1032	1032	1032	80	80	1	-1	-1
1421	1033	1033	1033	1033	1033	1033	1033	1033	1033	80	80	1	-1	-1
1422	1034	1034	1034	1034	1034	1034	1034	1034	1034	80	80	0	-1	-1
1423	1035	1035	1035	1035	1035	1035	1035	1035	1035	80	80	1	-1	-1
1424	1036	1036	1036	1036	1036	1036	1036	1036	1036	80	80	1	-1	-1
1425	1037	1037	1037	1037	1037	1037	1037	1037	1037	80	80	1	-1	-1
1426	1038	1038	1038	1039	1040	1041	1042	1040	1038	80	80	0	-1	-1
1427	1043	1043	1043	1044	1045	1046	1047	1045	1043	80	80	0	-1	-1
1428	1048	1048	1048	1048	1048	1048	1048	1048	1048	80	80	0	-1	-1
1429	1049	1049	1049	1049	1049	1049	1049	1049	1049	80	80	0	-1	-1
1430	1050	1050	1050	1050	1050	1050	1050	1050	1050	80	80	0	-1	-1
1431	1051	1051	1051	1051	1051	1051	1051	1051	1051	80	80	0	-1	-1
1432	1052	1052	1052	1052	1052	1052	1052	1052	1052	80	80	0	-1	-1
1433	1053	1053	1053	1054	1055	1056	1057	1055	1053	80	80	0	-1	-1
1434	1058	1058	1058	1059	1060	1061	1062	1060	1058	80	80	0	-1	-1
1435	1063	1063	1063	1063	1063	1063	1063	1063	1063	80	80	1	-1	-1
1436	1064	1064	1064	1064	1064	1064	1064	1064	1064	80	80	1	-1	-1
1437	1065	1065	1065	1065	1065	1065	1065	1065	1065	80	80	0	-1	-1
1438	1066	1066	1066	1067	1068	1069	1070	1068	1066	80	80	0	-1	-1
1439	1071	1071	1071	1071	1071	1071	1071	1071	1071	80	80	1	-1	-1
1440	1072	1072	1072	1072	1072	1072	1072	1072	1072	80	80	1	-1	-1
1441	1073	1073	1073	1073	1073	1073	1073	1073	1073	80	80	0	-1	-1
1442	1074	1074	1074	1074	1074	1074	1074	1074	1074	80	80	1	-1	-1
1443	1075	1075	1075	1075	1075	1075	1075	1075	1075	80	80	1	-1	-1
1444	1076	1076	1076	1076	1076	1076	1076	1076	1076	80	80	1	-1	-1
1445	1077	1077	1077	1078	1079	1080	1081	1079	1077	80	80	0	-1	-1
1446	1082	1082	1082	1083	1084	1085	1086	1084	1082	80	80	0	-1	-1
1447	1087	1087	1087	1087	1087	1087	1087	1087	1087	80	80	0	-1	-1
1448	1088	1088	1088	1088	1088	1088	1088	1088	1088	80	80	0	-1	-1
1449	1089	1089	1089	1089	1089	1089	1089	1089	1089	80	80	0	-1	-1
1450	1090	1090	1090	1090	1090	1090	1090	1090	1090	80	80	1	-1	-1
1451	1091	1091	1091	1091	1091	1091	1091	1091	1091	80	80	0	-1	-1
1452	1092	1092	1092	1092	1092	1092	1092	1092	1092	80	80	0	-1	-1
1453	1093	1093	1093	1094	1095	1096	1097	1095	1093	80	80	0	-1	-1
1454	1098	1098	1098	1098	1098	1098	1098	1098	1098	80	80	1	-1	-1
1455	1099	1099	1099	1099	1099	1099	1099	1099	1099	80	80	1	-1	-1
1456	1100	1100	1100	1100	1100	1100	1100	1100	1100	80	80	0	-1	-1
1457	1101	1101	1101	1102	1103	1104	1105	1103	1101	80	80	0	-1	-1
1458	1106	1106	1106	1106	1106	1106	1106	1106	1106	80	80	1	-1	-1
1459	1107	1107	1107	1107	1107	1107	1107	1107	1107	80	80	1	-1	-1
1460	1108	1108	1108	1108	1108	1108	1108	1108	1108	80	80	0	-1	-1
1461	1109	1109	1109	1109	1109	1109	1109	1109	1109	80	80	1	-1	-1
1462	1110	1110	1110	1110	1110	1110	1110	1110	1110	80	80	1	-1	-1
1463	1111	1111	1111	1111	1111	1111	1111	1111	1111	80	80	1	-1	-1
1464	1112	1112	1112	1112	1112	1112	1112	1112	1112	80	80	1	-1	-1
1465	1113	1113	1113	1114	1115	1116	1117	1115	1113	80	80	0	-1	-1
1466	1118	1118	1118	1118	1118	1118	1118	1118	1118	80	80	0	-1	-1
1467	1119	1119	1119	1119	1119	1119	1119	1119	1119	80	80	0	-1	-1
1468	1120	1120	1120	1120	1120	1120	1120	1120	1120	80	80	1	-1	-1
1469	1121	1121	1121	1121	1121	1121	1121	1121	1121	80	80	1	-1	-1
1470	1122	1122	1122	1122	1122	1122	1122	1122	1122	80	80	0	-1	-1
1471	1123	1123	1123	1123	1123	1123	1123	1123	1123	80	80	1	-1	-1
1472	1124	1124	1124	1124	1124	1124	1124	1124	1124	80	80	1	-1	-1
1473	1125	1125	1125	1125	1125	1125	1125	1125	1125	80	80	0	-1	-1
1474	1126	1126	1126	1126	1126	1126	1126	1126	1126	80	80	0	-1	-1
1475	1127	1127	1127	1127	1127	1127	1127	1127	1127	80	80	0	-1	-1
1476	1128	1128	1128	1128	1128	1128	1128	1128	1128	80	80	1	-1	-1
1477	1129	1129	1129	1129	1129	1129	1129	1129	1129	80	80	1	-1	-1
1478	1130	1130	1130	1130	1130	1130	1130	1130	1130	80	80	1	-1	-1
1479	1131	1131	1131	1131	1131	1131	1131	1131	1131	80	80	1	-1	-1
1480	1132	1132	1132	1132	1132	1132	1132	1132	1132	80	80	0	-1	-1
1481	1133	1133	1133	1133	1133	1133	1133	1133	1133	80	80	1	-1	-1
1482	1134	1134	1134	1134	1134	1134	1134	1134	1134	80	80	1	-1	-1
1483	1135	1135	1135	1135	1135	1135	1135	1135	1135	80	80	0	-1	-1
1484	1136	1136	1136	1136	1136	1136	1136	1136	1136	80	80	1	-1	-1
1485	1137	1137	1137	1137	1137	1137	1137	1137	1137	80	80	1	-1	-1
1486	1138	1138	1138	1138	1138	1138	1138	1138	1138	80	80	1	-1	-1
1487	1139	1139	1139	1139	1139	1139	1139	1139	1139	80	80	1	-1	-1
1488	1140	1140	1140	1140	1140	1140	1140	1140	1140	80	80	0	-1	-1
1489	1141	1141	1141	1141	1141	1141	1141	1141	1141	80	80	1	-1	-1
1490	1142	1142	1142	1142	1142	1142	1142	1142	1142	80	80	1	-1	-1
1491	1143	1143	1143	1143	1143	1143	1143	1143	1143	80	80	0	-1	-1
1492	1144	1144	1144	1144	1144	1144	1144	1144	1144	80	80	0	-1	-1
1493	1145	1145	1145	1145	1145	1145	1145	1145	1145	80	80	1	-1	-1
1494	1146	1146	1146	1146	1146	1146	1146	1146	1146	80	80	1	-1	-1
1495	1147	1147	1147	1147	1147	1147	1147	1147	1147	80	80	1	-1	-1
1496	1148	1148	1148	1148	1148	1148	1148	1148	1148	80	80	1	-1	-1
1497	1149	1149	1149	1149	1149	1149	1149	1149	1149	80	80	1	-1	-1
1498	1150	1150	1150	1150	1150	1150	1150	1150	1150	80	80	1	-1	-1
1499	1151	1151	1151	1151	1151	1151	1151	1151	1151	80	80	1	-1	-1
1500	1152	1152	1152	1152	1152	1152	1152	1152	1152	80	80	1	-1	-1
1501	1153	1153	1153	1153	1153	1153	1153	1153	1153	80	80	0	-1	-1
1502	1154	1154	1154	1154	1154	1154	1154	1154	1154	80	80	1	-1	-1
1503	1155	1155	1155	1155	1155	1155	1155	1155	1155	80	80	1	-1	-1
1504	1156	1156	1156	1156	1156	1156	1156	1156	1156	80	80	0	-1	-1
1505	1157	1157	1157	1157	1157	1157	1157	1157	1157	80	80	0	-1	-1
1506	1158	1158	1158	1158	1158	1158	1158	1158	1158	80	80	1	-1	-1
1507	1159	1159	1159	1159	1159	1159	1159	1159	1159	80	80	1	-1	-1
1508	1160	1160	1160	1160	1160	1160	1160	1160	1160	80	80	0	-1	-1
1509	1161	1161	1161	1161	1161	1161	1161	1161	1161	80	80	1	-1	-1
1510	1162	1162	1162	1162	1162	1162	1162	1162	1162	80	80	1	-1	-1
1511	1163	1163	1163	1163	1163	1163	1163	1163	1163	80	80	1	-1	-1
1512	1164	1164	1164	1164	1164	1164	1164	1164	1164	80	80	1	-1	0
1513	1165	1165	1165	1165	1165	1165	1165	1165	1165	80	80	1	-1	-1
1514	1166	1166	1166	1166	1166	1166	1166	1166	1166	80	80	1	-1	-1
1515	1167	1167	1167	1167	1167	1167	1167	1167	1167	80	80	1	-1	-1
1516	1168	1168	1168	1168	1168	1168	1168	1168	1168	80	80	0	-1	-1
1517	1169	1169	1169	1169	1169	1169	1169	1169	1169	80	80	1	-1	-1
1518	1170	1170	1170	1170	1170	1170	1170	1170	1170	80	80	1	-1	-1
1519	1171	1171	1171	1171	1171	1171	1171	1171	1171	80	80	0	-1	-1
1520	1172	1172	1172	1172	1172	1172	1172	1172	1172	80	80	0	-1	-1
1521	1173	1173	1173	1173	1173	1173	1173	1173	1173	80	80	0	-1	-1
1522	1174	1174	1174	1174	1174	1174	1174	1174	1174	80	80	1	-1	-1
1523	1175	1175	1175	1175	1175	1175	1175	1175	1175	80	80	1	-1	-1
1524	1176	1176	1176	1176	1176	1176	1176	1176	1176	80	80	0	-1	-1
1525	1177	1177	1177	1177	1177	1177	1177	1177	1177	80	80	1	-1	-1
1526	1178	1178	1178	1178	1178	1178	1178	1178	1178	80	80	1	-1	-1
1527	1179	1179	1179	1179	1179	1179	1179	1179	1179	80	80	0	-1	-1
1528	1180	1180	1180	1180	1180	1180	1180	1180	1180	80	80	0	-1	-1
1529	1181	1181	1181	1181	1181	1181	1181	1181	1181	80	80	1	-1	-1
1530	1182	1182	1182	1182	1182	1182	1182	1182	1182	80	80	1	-1	-1
1531	1183	1183	1183	1183	1183	1183	1183	1183	1183	80	80	0	-1	-1
1532	1184	1184	1184	1184	1184	1184	1184	1184	1184	80	80	1	-1	-1
1533	1185	1185	1185	1185	1185	1185	1185	1185	1185	80	80	1	-1	-1
1534	1186	1186	1186	1186	1186	1186	1186	1186	1186	80	80	1	-1	-1
1535	1187	1187	1187	1187	1187	1187	1187	1187	1187	80	80	1	-1	-1
1536	1188	1188	1188	1188	1188	1188	1188	1188	1188	80	80	0	-1	-1
1537	1189	1189	1189	1189	1189	1189	1189	1189	1189	80	80	0	-1	-1
1538	1190	1190	1190	1190	1190	1190	1190	1190	1190	80	80	0	-1	-1
1539	1191	1191	1191	1191	1191	1191	1191	1191	1191	80	80	0	-1	-1
1540	1192	1192	1192	1192	1192	1192	1192	1192	1192	80	80	0	-1	-1
1541	1193	1193	1193	1193	1193	1193	1193	1193	1193	80	80	0	-1	-1
1542	1194	1194	1194	1194	1194	1194	1194	1194	1194	80	80	0	-1	-1
1543	1195	1195	1195	1195	1195	1195	1195	1195	1195	80	80	0	-1	-1
1544	1196	1196	1196	1196	1196	1196	1196	1196	1196	80	80	0	-1	-1
1545	1197	1197	1197	1197	1197	1197	1197	1197	1197	80	80	1	-1	-1
1546	1198	1198	1198	1198	1198	1198	1198	1198	1198	80	80	1	-1	-1
1547	1199	1199	1199	1199	1199	1199	1199	1199	1199	80	80	0	-1	-1
1548	1200	1200	1200	1200	1200	1200	1200	1200	1200	80	80	0	-1	-1
1549	1201	1201	1201	1201	1201	1201	1201	1201	1201	80	80	1	-1	-1
1550	1202	1202	1202	1202	1202	1202	1202	1202	1202	80	80	1	-1	-1
1551	1203	1203	1203	1203	1203	1203	1203	1203	1203	80	80	0	-1	-1
1552	1204	1204	1204	1204	1204	1204	1204	1204	1204	80	80	1	-1	-1
1553	1205	1205	1205	1205	1205	1205	1205	1205	1205	80	80	1	-1	-1
1554	1206	1206	1206	1206	1206	1206	1206	1206	1206	80	80	1	-1	-1
1555	1207	1207	1207	1208	1209	1210	1211	1209	1207	80	80	0	-1	-1
1556	1212	1212	1212	1213	1214	1215	1216	1214	1212	80	80	0	-1	-1
1557	1217	1217	1217	1217	1217	1217	1217	1217	1217	80	80	0	-1	-1
1558	1218	1218	1218	1218	1218	1218	1218	1218	1218	80	80	0	-1	-1
1559	1219	1219	1219	1219	1219	1219	1219	1219	1219	80	80	1	-1	-1
1560	1220	1220	1220	1220	1220	1220	1220	1220	1220	80	80	1	-1	-1
1561	1221	1221	1221	1221	1221	1221	1221	1221	1221	80	80	1	-1	-1
1562	1222	1222	1222	1222	1222	1222	1222	1222	1222	80	80	1	-1	-1
1563	1223	1223	1223	1223	1223	1223	1223	1223	1223	80	80	0	-1	-1
1564	1224	1224	1224	1224	1224	1224	1224	1224	1224	80	80	0	-1	-1
1565	1225	1225	1225	1226	1227	1228	1229	1227	1225	80	80	0	-1	-1
1566	1230	1230	1230	1230	1230	1230	1230	1230	1230	80	80	1	-1	-1
1567	1231	1231	1231	1231	1231	1231	1231	1231	1231	80	80	1	-1	-1
1568	1232	1232	1232	1232	1232	1232	1232	1232	1232	80	80	0	-1	-1
1569	1233	1233	1233	1234	1235	1236	1237	1235	1233	80	80	0	-1	-1
1570	1238	1238	1238	1238	1238	1238	1238	1238	1238	80	80	1	-1	-1
1571	1239	1239	1239	1239	1239	1239	1239	1239	1239	80	80	1	-1	-1
1572	1240	1240	1240	1240	1240	1240	1240	1240	1240	80	80	0	-1	-1
1573	1241	1241	1241	1241	1241	1241	1241	1241	1241	80	80	1	-1	-1
1574	1242	1242	1242	1242	1242	1242	1242	1242	1242	80	80	1	-1	-1
1575	1243	1243	1243	1243	1243	1243	1243	1243	1243	80	80	1	-1	-1
1576	1244	1244	1244	1244	1244	1244	1244	1244	1244	80	80	1	-1	-1
1577	1245	1245	1245	1245	1245	1245	1245	1245	1245	80	80	1	-1	-1
1578	1246	1246	1246	1246	1246	1246	1246	1246	1246	80	80	1	-1	-1
1579	1247	1247	1247	1247	1247	1247	1247	1247	1247	80	80	0	-1	-1
1580	1248	1248	1248	1248	1248	1248	1248	1248	1248	80	80	0	-1	-1
1581	1249	1249	1249	1249	1249	1249	1249	1249	1249	80	80	0	-1	-1
1582	1250	1250	1250	1250	1250	1250	1250	1250	1250	80	80	1	-1	-1
1583	1251	1251	1251	1251	1251	1251	1251	1251	1251	80	80	1	-1	-1
1584	1252	1252	1252	1252	1252	1252	1252	1252	1252	80	80	1	-1	-1
1585	1253	1253	1253	1253	1253	1253	1253	1253	1253	80	80	1	-1	-1
1586	1254	1254	1254	1254	1254	1254	1254	1254	1254	80	80	1	-1	-1
1587	1255	1255	1255	1255	1255	1255	1255	1255	1255	80	80	1	-1	-1
1588	1256	1256	1256	1256	1256	1256	1256	1256	1256	80	80	1	-1	-1
1589	1257	1257	1257	1257	1257	1257	1257	1257	1257	80	80	1	-1	-1
1590	1258	1258	1258	1258	1258	1258	1258	1258	1258	80	80	0	-1	-1
1591	1259	1259	1259	1259	1259	1259	1259	1259	1259	80	80	1	-1	-1
1592	1260	1260	1260	1260	1260	1260	1260	1260	1260	80	80	1	-1	-1
1593	1261	1261	1261	1261	1261	1261	1261	1261	1261	80	80	0	-1	-1
1594	1262	1262	1262	1262	1262	1262	1262	1262	1262	80	80	0	-1	-1
1595	1263	1263	1263	1263	1263	1263	1263	1263	1263	80	80	1	-1	-1
1596	1264	1264	1264	1264	1264	1264	1264	1264	1264	80	80	1	-1	-1
1597	1265	1265	1265	1265	1265	1265	1265	1265	1265	80	80	0	-1	-1
1598	1266	1266	1266	1266	1266	1266	1266	1266	1266	80	80	1	-1	-1
1599	1267	1267	1267	1267	1267	1267	1267	1267	1267	80	80	1	-1	-1
1600	1268	1268	1268	1268	1268	1268	1268	1268	1268	80	80	1	-1	-1
1601	1269	1269	1269	1269	1269	1269	1269	1269	1269	80	80	1	-1	-1
1602	1270	1270	1270	1270	1270	1270	1270	1270	1270	80	80	1	-1	-1
1603	1271	1271	1271	1271	1271	1271	1271	1271	1271	80	80	1	-1	-1
1604	1272	1272	1272	1272	1272	1272	1272	1272	1272	80	80	1	-1	-1
1605	1273	1273	1273	1273	1273	1273	1273	1273	1273	80	80	1	-1	-1
1606	1274	1274	1274	1274	1274	1274	1274	1274	1274	80	80	1	-1	-1
1607	1275	1275	1275	1275	1275	1275	1275	1275	1275	80	80	1	-1	-1
1608	1276	1276	1276	1276	1276	1276	1276	1276	1276	80	80	1	-1	-1
1609	1277	1277	1277	1277	1277	1277	1277	1277	1277	80	80	1	-1	-1
1610	1278	1278	1278	1278	1278	1278	1278	1278	1278	80	80	0	-1	-1
1611	1279	1279	1279	1279	1279	1279	1279	1279	1279	80	80	0	-1	-1
1612	1280	1280	1280	1280	1280	1280	1280	1280	1280	80	80	0	-1	-1
1613	1281	1281	1281	1281	1281	1281	1281	1281	1281	80	80	0	-1	-1
1614	1282	1282	1282	1282	1282	1282	1282	1282	1282	80	80	0	-1	-1
1615	1283	1283	1283	1283	1283	1283	1283	1283	1283	80	80	0	-1	-1
1616	1284	1284	1284	1284	1284	1284	1284	1284	1284	80	80	0	-1	-1
1617	1285	1285	1285	1285	1285	1285	1285	1285	1285	80	80	0	-1	-1
1618	1286	1286	1286	1286	1286	1286	1286	1286	1286	80	80	0	-1	-1
1619	1287	1287	1287	1287	1287	1287	1287	1287	1287	80	80	1	-1	-1
1620	1288	1288	1288	1288	1288	1288	1288	1288	1288	80	80	1	-1	-1
1621	1289	1289	1289	1289	1289	1289	1289	1289	1289	1289	1289	1	-1	-1
1622	1290	1290	1290	1290	1290	1290	1290	1290	1290	1290	1290	1	-1	-1
1623	1291	1292	1292	1293	1294	1294	1293	1294	1292	80	80	0	-1	-1
1624	1295	1295	1295	1295	1295	1295	1295	1295	1295	80	80	1	-1	-1
1625	1296	1296	1296	1296	1296	1296	1296	1296	1296	80	80	1	-1	-1
1626	1297	1297	1297	1297	1297	1297	1297	1297	1297	80	80	1	-1	-1
1627	1298	1298	1298	1298	1298	1298	1298	1298	1298	80	80	1	-1	-1
1628	1299	1299	1299	1299	1299	1299	1299	1299	1299	80	80	1	-1	-1
1629	1300	1300	1300	1300	1300	1300	1300	1300	1300	80	80	1	-1	-1
1630	1301	1301	1301	1301	1301	1301	1301	1301	1301	80	80	1	-1	-1
1631	1302	1302	1302	1302	1302	1302	1302	1302	1302	80	80	1	-1	-1
1632	1303	1303	1303	1303	1303	1303	1303	1303	1303	80	80	1	-1	-1
1633	1304	1304	1304	1304	1304	1304	1304	1304	1304	80	80	1	-1	-1
1634	1305	1305	1305	1305	1305	1305	1305	1305	1305	80	80	1	-1	-1
1635	1306	1306	1306	1306	1306	1306	1306	1306	1306	80	80	1	-1	-1
1636	1307	1307	1307	1307	1307	1307	1307	1307	1307	80	80	1	-1	-1
1637	1308	1308	1308	1308	1308	1308	1308	1308	1308	80	80	1	-1	-1
1638	1309	1309	1309	1309	1309	1309	1309	1309	1309	80	80	1	-1	-1
1639	1310	1310	1310	1310	1310	1310	1310	1310	1310	80	80	1	-1	-1
1640	1311	1311	1311	1311	1311	1311	1311	1311	1311	80	80	1	-1	-1
1641	1312	1312	1312	1312	1312	1312	1312	1312	1312	80	80	1	-1	-1
1642	1313	1313	1313	1313	1313	1313	1313	1313	1313	80	80	1	-1	-1
1643	1314	1314	1314	1314	1314	1314	1314	1314	1314	80	80	1	-1	-1
1644	1315	1315	1315	1315	1315	1315	1315	1315	1315	80	80	1	-1	-1
1645	1316	1316	1316	1316	1316	1316	1316	1316	1316	80	80	1	-1	-1
1646	1317	1317	1317	1317	1317	1317	1317	1317	1317	80	80	1	-1	-1
1647	1318	1318	1318	1318	1318	1318	1318	1318	1318	1318	1318	1	-1	-1
1648	1319	1319	1319	1319	1319	1319	1319	1319	1319	80	80	1	-1	-1
1649	1320	1320	1320	1320	1320	1320	1320	1320	1320	80	80	1	-1	-1
1650	1321	1321	1321	1321	1321	1321	1321	1321	1321	80	80	1	-1	-1
1651	1322	1322	1322	1322	1322	1322	1322	1322	1322	80	80	1	-1	-1
1652	1323	1323	1323	1323	1323	1323	1323	1323	1323	80	80	1	-1	-1
1653	1324	1324	1324	1324	1324	1324	1324	1324	1324	80	80	1	-1	-1
1654	1325	1325	1325	1325	1325	1325	1325	1325	1325	80	80	1	-1	-1
1655	1326	1326	1326	1326	1326	1326	1326	1326	1326	80	80	1	-1	-1
1656	1327	1327	1327	1327	1327	1327	1327	1327	1327	80	80	1	-1	-1
1657	1328	1328	1328	1328	1328	1328	1328	1328	1328	80	80	1	-1	-1
1658	1329	1329	1329	1329	1329	1329	1329	1329	1329	80	80	1	-1	-1
1659	1330	1330	1330	1330	1330	1330	1330	1330	1330	80	80	0	-1	-1
1660	1331	1331	1331	1331	1331	1331	1331	1332	1331	80	80	0	-1	0
1661	1333	1333	1333	1333	1333	1333	1333	1333	1333	80	80	0	-1	-1
1662	1334	1334	1334	1334	1334	1334	1334	1335	1334	80	80	0	-1	0
1663	1336	1336	1336	1336	1336	1336	1336	1336	1336	80	80	0	-1	0
1664	1337	1337	1337	1337	1337	1337	1337	1337	1337	80	80	0	-1	-1
1665	1338	1338	1338	1338	1338	1338	1338	1338	1338	80	80	0	-1	0
1666	1339	1339	1339	1339	1339	1339	1339	1340	1339	80	80	0	-1	0
1667	1341	1341	1341	1341	1341	1341	1341	1342	1341	80	80	0	-1	-1
1668	1343	1343	1343	1343	1343	1343	1343	1344	1343	80	80	0	-1	-1
1669	1345	1345	1345	1345	1345	1345	1345	1345	1345	80	80	0	-1	0
1670	1346	1346	1346	1346	1346	1346	1346	1346	1346	80	80	0	-1	-1
1671	1347	1347	1347	1347	1347	1347	1347	1347	1347	80	80	0	642	-1
1672	1348	1348	1348	1348	1348	1348	1348	1349	1348	80	80	0	-1	0
1673	1350	1350	1350	1350	1350	1350	1350	1351	1350	80	80	0	-1	0
1674	1352	1352	1352	1352	1352	1352	1352	1353	1352	80	80	0	-1	-1
1675	1354	1354	1354	1354	1354	1354	1354	1354	1354	80	80	0	-1	0
1676	1355	1355	1355	1355	1355	1355	1355	1356	1355	80	80	0	-1	0
1677	1357	1357	1357	1357	1357	1357	1357	1358	1357	80	80	0	-1	0
1678	1359	1359	1359	1359	1359	1359	1359	1359	1359	80	80	0	-1	-1
1679	1360	1360	1360	1360	1360	1360	1360	1360	1360	80	80	1	-1	-1
1680	1361	1361	1361	1361	1361	1361	1361	1361	1361	80	80	1	-1	-1
1681	1362	1362	1362	1362	1362	1362	1362	1362	1362	80	80	1	-1	-1
1682	1363	1363	1363	1363	1363	1363	1363	1363	1363	80	80	1	-1	-1
1683	1364	1364	1364	1364	1364	1364	1364	1364	1364	80	80	1	-1	-1
1684	1365	1365	1365	1365	1365	1365	1365	1365	1365	80	80	1	-1	-1
1685	1366	1366	1366	1366	1366	1366	1366	1366	1366	80	80	1	-1	-1
1686	1367	1367	1367	1367	1367	1367	1367	1367	1367	80	80	1	-1	-1
1687	1368	1368	1368	1368	1368	1368	1368	1368	1368	80	80	1	-1	-1
1688	1369	1369	1369	1369	1369	1369	1369	1369	1369	80	80	1	-1	-1
1689	1370	1370	1370	1370	1370	1370	1370	1370	1370	80	80	1	-1	-1
1690	1371	1371	1371	1371	1371	1371	1371	1371	1371	80	80	1	-1	-1
1691	1372	1372	1372	1372	1372	1372	1372	1372	1372	80	80	1	-1	-1
1692	1373	1373	1373	1373	1373	1373	1373	1373	1373	80	80	1	-1	-1
1693	1374	1374	1374	1374	1374	1374	1374	1374	1374	80	80	1	-1	-1
1694	1375	1375	1375	1375	1375	1375	1375	1375	1375	80	80	1	-1	-1
1695	1376	1376	1376	1376	1376	1376	1376	1376	1376	80	80	0	-1	0
1696	1377	1377	1377	1377	1377	1377	1377	1377	1377	80	80	0	-1	-1
1697	1378	1378	1378	1378	1378	1378	1378	1378	1378	80	80	0	-1	0
1698	1379	1379	1379	1379	1379	1379	1379	1380	1379	80	80	0	-1	-1
1699	1381	1381	1381	1381	1381	1381	1381	1382	1381	80	80	0	-1	-1
1700	1383	1383	1383	1383	1383	1383	1383	1384	1383	80	80	0	-1	-1
1701	1385	1385	1385	1385	1385	1385	1385	1386	1385	80	80	0	-1	-1
1702	1387	1387	1387	1387	1387	1387	1387	1387	1387	1387	1387	0	-1	-1
1703	1388	1388	1388	1388	1388	1388	1388	1388	1388	1388	1388	0	-1	-1
1704	1389	1389	1389	1389	1389	1389	1389	1389	1389	1389	1389	0	-1	-1
1705	1390	1390	1390	1390	1390	1390	1390	1390	1390	1390	1390	0	-1	-1
1706	1391	1391	1391	1391	1391	1391	1391	1391	1391	1391	1391	0	-1	-1
1707	1392	1392	1392	1392	1392	1392	1392	1392	1392	1392	1392	0	-1	-1
1708	1393	1393	1393	1393	1393	1393	1393	1393	1393	1393	1393	0	-1	-1
1709	1394	1394	1394	1394	1394	1394	1394	1394	1394	1394	1394	0	-1	-1
1710	1395	1395	1395	1395	1395	1395	1395	1395	1395	1395	1395	1	-1	-1
1711	1396	1396	1396	1396	1396	1396	1396	1396	1396	1396	1396	0	-1	-1
1712	1397	1397	1397	1397	1397	1397	1397	1397	1397	1397	1397	0	-1	-1
1713	1398	1398	1398	1398	1398	1398	1398	1398	1398	1398	1398	0	-1	-1
1714	1399	1399	1399	1399	1399	1399	1399	1399	1399	1399	1399	0	-1	-1
1715	1400	1400	1400	1400	1400	1400	1400	1400	1400	1400	1400	0	-1	-1
1716	1401	1401	1401	1401	1401	1401	1401	1401	1401	1401	1401	0	-1	-1
1717	1402	1402	1402	1402	1402	1402	1402	1402	1402	1402	1402	0	-1	-1
1718	1403	1403	1403	1403	1403	1403	1403	1403	1403	1403	1403	0	-1	-1
1719	1404	1404	1404	1404	1404	1404	1404	1404	1404	1404	1404	0	-1	-1
1720	1405	1405	1405	1405	1405	1405	1405	1405	1405	1405	1405	0	-1	-1
1721	1406	1406	1406	1406	1406	1406	1406	1406	1406	1406	1406	0	-1	-1
1722	1407	1407	1407	1407	1407	1407	1407	1407	1407	1407	1407	0	-1	-1
1723	1408	1408	1408	1408	1408	1408	1408	1408	1408	1408	1408	0	-1	-1
1724	1409	1409	1409	1409	1409	1409	1409	1409	1409	1409	1409	0	-1	-1
1725	1410	1410	1410	1410	1410	1410	1410	1410	1410	1410	1410	0	-1	-1
1726	1411	1411	1411	1411	1411	1411	1411	1411	1411	1411	1411	0	-1	-1
1727	1412	1412	1412	1412	1412	1412	1412	1412	1412	1412	1412	0	-1	-1
1728	1413	1413	1413	1413	1413	1413	1413	1413	1413	1413	1413	0	-1	-1
1729	1414	1414	1414	1414	1414	1414	1414	1414	1414	1414	1414	0	-1	0
1730	1415	1415	1415	1415	1415	1415	1415	1415	1415	1415	1415	0	-1	0
1731	1416	1416	1416	1416	1416	1416	1416	1416	1416	80	80	1	-1	-1
1732	1417	1417	1417	1417	1417	1417	1417	1417	1417	80	80	1	-1	-1
1733	1418	1418	1418	1418	1418	1418	1418	1418	1418	80	80	1	-1	-1
1734	1419	1419	1419	1419	1419	1419	1419	1419	1419	80	80	1	-1	-1
1735	1420	1420	1420	1420	1420	1420	1420	1420	1420	80	80	1	-1	-1
1736	1421	1421	1421	1421	1421	1421	1421	1421	1421	80	80	1	-1	-1
1737	1422	1422	1422	1422	1422	1422	1422	1422	1422	80	80	1	-1	-1
1738	1423	1423	1423	1423	1423	1423	1423	1423	1423	1423	1423	0	726	-1
1739	1424	1424	1424	1424	1424	1424	1424	1424	1424	1424	1424	1	-1	-1
1740	1425	1425	1425	1425	1425	1425	1425	1425	1425	1425	1425	1	-1	-1
1741	1426	1426	1426	1426	1426	1426	1426	1426	1426	1426	1426	1	-1	-1
1742	75	75	75	75	75	75	75	75	75	75	75	1	-1	-1
1743	1427	1427	1427	1427	1427	1427	1427	1427	1427	1427	1427	1	-1	-1
1744	1428	1428	1428	1428	1428	1428	1428	1428	1428	1428	1428	1	-1	-1
1745	1429	1429	1429	1429	1429	1429	1429	1429	1429	1429	1429	1	-1	-1
1746	1430	1430	1430	1430	1430	1430	1430	1430	1430	1430	1430	0	766	-1
1747	1431	1431	1431	1431	1431	1431	1431	1431	1431	1431	1431	1	-1	-1
1748	1432	1432	1432	1432	1432	1432	1432	1432	1432	1432	1432	1	-1	-1
1749	1433	1433	1433	1433	1433	1433	1433	1433	1433	1433	1433	1	-1	-1
1750	1434	1434	1434	1434	1434	1434	1434	1434	1434	1434	1434	1	-1	-1
1751	1435	1435	1435	1435	1435	1435	1435	1435	1435	1435	1435	1	-1	-1
1752	1436	1436	1436	1436	1436	1436	1436	1436	1436	1436	1436	0	798	-1
1753	1437	1437	1437	1437	1437	1437	1437	1437	1437	1437	1437	1	-1	-1
1754	1438	1438	1438	1438	1438	1438	1438	1438	1438	1438	1438	1	-1	-1
1755	1439	1439	1439	1439	1439	1439	1439	1439	1439	1439	1439	0	831	-1
1756	1440	1440	1440	1440	1440	1440	1440	1440	1440	1440	1440	0	827	-1
1757	1441	1441	1441	1441	1441	1441	1441	1441	1441	1441	1441	1	-1	-1
1758	1442	1442	1442	1442	1442	1442	1442	1442	1442	1442	1442	1	-1	-1
1759	1443	1443	1443	1443	1443	1443	1443	1443	1443	80	80	1	-1	-1
1760	1444	1444	1444	1444	1444	1444	1444	1444	1444	80	80	1	-1	-1
1761	1445	1445	1445	1445	1445	1445	1445	1445	1445	80	80	1	-1	-1
1762	1446	1446	1446	1446	1446	1446	1446	1446	1446	80	80	1	-1	-1
1763	1447	1447	1447	1447	1447	1447	1447	1447	1447	80	80	1	-1	-1
1764	1448	1448	1448	1448	1448	1448	1448	1448	1448	80	80	1	-1	-1
1765	1449	1449	1449	1449	1449	1449	1449	1449	1449	80	80	1	-1	-1
1766	1450	1450	1450	1450	1450	1450	1450	1450	1450	80	80	1	-1	-1
1767	1451	1451	1451	1451	1451	1451	1451	1451	1451	80	80	1	-1	-1
1768	1452	1452	1452	1452	1452	1452	1452	1452	1452	80	80	1	-1	-1
1769	1453	1453	1453	1453	1453	1453	1453	1453	1453	80	80	1	-1	-1
1770	1454	1454	1454	1454	1454	1454	1454	1454	1454	80	80	1	-1	-1
1771	1455	1455	1455	1455	1455	1455	1455	1455	1455	80	80	1	-1	-1
1772	1456	1456	1456	1456	1456	1456	1456	1456	1456	80	80	1	-1	-1
1773	1457	1457	1457	1457	1457	1457	1457	1457	1457	80	80	1	-1	-1
1774	1458	1458	1458	1458	1458	1458	1458	1458	1458	80	80	1	-1	-1
1775	1459	1459	1459	1459	1459	1459	1459	1459	1459	80	80	1	-1	-1
1776	1460	1460	1460	1460	1460	1460	1460	1460	1460	80	80	1	-1	-1
1777	1461	1461	1461	1461	1461	1461	1461	1461	1461	80	80	1	-1	-1
1778	1462	1462	1462	1462	1462	1462	1462	1462	1462	80	80	1	-1	-1
1779	1463	1463	1463	1463	1463	1463	1463	1463	1463	80	80	1	-1	-1
1780	1464	1464	1464	1464	1464	1464	1464	1464	1464	80	80	1	-1	-1
1781	1465	1465	1465	1465	1465	1465	1465	1465	1465	80	80	1	-1	-1
1782	1466	1466	1466	1466	1466	1466	1466	1466	1466	80	80	1	-1	-1
1783	1467	1467	1467	1467	1467	1467	1467	1467	1467	80	80	1	-1	-1
1784	1468	1468	1468	1468	1468	1468	1468	1468	1468	80	80	1	-1	-1
1785	1469	1469	1469	1469	1469	1469	1469	1469	1469	80	80	1	-1	-1
1786	1470	1470	1470	1470	1470	1470	1470	1470	1470	80	80	1	-1	-1
1787	1471	1471	1471	1471	1471	1471	1471	1471	1471	80	80	1	-1	-1
1788	1472	1472	1472	1472	1472	1472	1472	1472	1472	80	80	1	-1	-1
1789	1473	1473	1473	1473	1473	1473	1473	1473	1473	80	80	1	-1	-1
1790	1474	1474	1474	1474	1474	1474	1474	1474	1474	80	80	1	-1	-1
1791	1475	1475	1475	1475	1475	1475	1475	1475	1475	80	80	1	-1	-1
1792	1476	1476	1476	1476	1476	1476	1476	1476	1476	80	80	1	-1	-1
1793	1477	1477	1477	1477	1477	1477	1477	1477	1477	80	80	1	-1	-1
1794	1478	1478	1478	1478	1478	1478	1478	1478	1478	80	80	1	-1	-1
1795	1479	1479	1479	1479	1479	1479	1479	1479	1479	80	80	1	-1	-1
1796	1480	1480	1480	1480	1480	1480	1480	1480	1480	80	80	1	-1	-1
1797	1481	1481	1481	1481	1481	1481	1481	1481	1481	80	80	1	-1	-1
1798	1482	1482	1482	1482	1482	1482	1482	1482	1482	80	80	1	-1	-1
1799	1483	1483	1483	1483	1483	1483	1483	1483	1483	80	80	1	-1	-1
1800	1484	1484	1484	1484	1484	1484	1484	1484	1484	80	80	1	-1	-1
1801	1485	1485	1485	1485	1485	1485	1485	1485	1485	80	80	1	-1	-1
1802	1486	1486	1486	1486	1486	1486	1486	1486	1486	80	80	1	-1	-1
1803	1487	1487	1487	1487	1487	1487	1487	1487	1487	80	80	1	-1	-1
1804	1488	1488	1488	1488	1488	1488	1488	1488	1488	80	80	1	-1	-1
1805	1489	1489	1489	1489	1489	1489	1489	1489	1489	80	80	1	-1	-1
1806	1490	1490	1490	1490	1490	1490	1490	1490	1490	80	80	1	-1	-1
1807	1491	1491	1491	1491	1491	1491	1491	1491	1491	80	80	1	-1	-1
1808	1492	1492	1492	1492	1492	1492	1492	1492	1492	80	80	1	-1	-1
1809	1493	1493	1493	1493	1493	1493	1493	1493	1493	80	80	1	-1	-1
1810	1494	1494	1494	1494	1494	1494	1494	1494	1494	80	80	1	-1	-1
1811	1495	1495	1495	1495	1495	1495	1495	1495	1495	80	80	1	-1	-1
1812	1496	1496	1496	1496	1496	1496	1496	1496	1496	80	80	1	-1	-1
1813	1497	1497	1497	1497	1497	1497	1497	1497	1497	80	80	1	-1	-1
1814	1498	1498	1498	1498	1498	1498	1498	1498	1498	80	80	1	-1	-1
1815	1499	1499	1499	1499	1499	1499	1499	1499	1499	80	80	1	-1	-1
1816	1500	1500	1500	1500	1500	1500	1500	1500	1500	80	80	1	-1	-1
1817	1501	1501	1501	1501	1501	1501	1501	1501	1501	80	80	1	-1	-1
1818	1502	1502	1502	1502	1502	1502	1502	1502	1502	80	80	1	-1	-1
1819	1503	1503	1503	1503	1503	1503	1503	1503	1503	80	80	1	-1	-1
1820	1504	1504	1504	1504	1504	1504	1504	1504	1504	80	80	1	-1	-1
1821	1505	1505	1505	1505	1505	1505	1505	1505	1505	80	80	1	-1	-1
1822	1506	1506	1506	1506	1506	1506	1506	1506	1506	80	80	1	-1	-1
1823	1507	1507	1507	1507	1507	1507	1507	1507	1507	80	80	1	-1	-1
1824	1508	1508	1508	1508	1508	1508	1508	1508	1508	80	80	1	-1	-1
1825	1509	1509	1509	1509	1509	1509	1509	1509	1509	80	80	1	-1	-1
1826	1510	1510	1510	1510	1510	1510	1510	1510	1510	80	80	1	-1	-1
1827	1511	1511	1511	1511	1511	1511	1511	1511	1511	80	80	1	-1	-1
1828	1512	1512	1512	1512	1512	1512	1512	1512	1512	80	80	1	-1	-1
1829	1513	1513	1513	1513	1513	1513	1513	1513	1513	80	80	1	-1	-1
1830	1514	1514	1514	1514	1514	1514	1514	1514	1514	80	80	1	-1	-1
1831	1515	1515	1515	1515	1515	1515	1515	1515	1515	80	80	1	-1	-1
1832	1516	1516	1516	1516	1516	1516	1516	1516	1516	80	80	1	-1	-1
1833	1517	1517	1517	1517	1517	1517	1517	1517	1517	80	80	1	-1	-1
1834	1518	1518	1518	1518	1518	1518	1518	1518	1518	80	80	1	-1	-1
1835	1519	1519	1519	1519	1519	1519	1519	1519	1519	80	80	1	-1	-1
1836	1520	1520	1520	1520	1520	1520	1520	1520	1520	80	80	1	-1	-1
1837	1521	1521	1521	1521	1521	1521	1521	1521	1521	80	80	1	-1	-1
1838	1522	1522	1522	1522	1522	1522	1522	1522	1522	80	80	1	-1	-1
1839	1523	1523	1523	1523	1523	1523	1523	1523	1523	80	80	1	-1	-1
1840	1524	1524	1524	1524	1524	1524	1524	1524	1524	80	80	1	-1	-1
1841	1525	1525	1525	1525	1525	1525	1525	1525	1525	80	80	1	-1	-1
1842	1526	1526	1526	1526	1526	1526	1526	1526	1526	80	80	1	-1	-1
1843	1527	1527	1527	1527	1527	1527	1527	1527	1527	80	80	1	-1	-1
1844	1528	1528	1528	1528	1528	1528	1528	1528	1528	80	80	1	-1	-1
1845	1529	1529	1529	1529	1529	1529	1529	1529	1529	80	80	1	-1	-1
1846	1530	1530	1530	1530	1530	1530	1530	1530	1530	80	80	1	-1	-1
1847	1531	1531	1531	1531	1531	1531	1531	1531	1531	80	80	1	-1	-1
1848	1532	1532	1532	1532	1532	1532	1532	1532	1532	80	80	1	-1	-1
1849	1533	1533	1533	1533	1533	1533	1533	1533	1533	80	80	1	-1	-1
1850	1534	1534	1534	1534	1534	1534	1534	1534	1534	80	80	1	-1	-1
1851	1535	1535	1535	1535	1535	1535	1535	1535	1535	80	80	1	-1	-1
1852	1536	1536	1536	1536	1536	1536	1536	1536	1536	80	80	1	-1	-1
1853	1537	1537	1537	1537	1537	1537	1537	1537	1537	80	80	1	-1	-1
1854	1538	1538	1538	1538	1538	1538	1538	1538	1538	80	80	1	-1	-1
1855	1539	1539	1539	1539	1539	1539	1539	1539	1539	80	80	1	-1	-1
1856	1540	1540	1540	1540	1540	1540	1540	1540	1540	80	80	1	-1	-1
1857	1541	1541	1541	1541	1541	1541	1541	1541	1541	80	80	1	-1	-1
1858	1542	1542	1542	1542	1542	1542	1542	1542	1542	80	80	1	-1	-1
1859	1543	1543	1543	1543	1543	1543	1543	1543	1543	80	80	1	-1	-1
1860	1544	1544	1544	1544	1544	1544	1544	1544	1544	80	80	1	-1	-1
1861	1545	1545	1545	1545	1545	1545	1545	1545	1545	80	80	1	-1	-1
1862	1546	1546	1546	1546	1546	1546	1546	1546	1546	80	80	1	-1	-1
1863	1547	1547	1547	1547	1547	1547	1547	1547	1547	80	80	1	-1	-1
1864	1548	1548	1548	1548	1548	1548	1548	1548	1548	80	80	1	-1	-1
1865	1549	1549	1549	1549	1549	1549	1549	1549	1549	80	80	1	-1	-1
1866	1550	1550	1550	1550	1550	1550	1550	1550	1550	80	80	1	-1	-1
1867	1551	1551	1551	1551	1551	1551	1551	1551	1551	80	80	1	-1	-1
1868	1552	1552	1552	1552	1552	1552	1552	1552	1552	80	80	1	-1	-1
1869	1553	1553	1553	1553	1553	1553	1553	1553	1553	80	80	1	-1	-1
1870	1554	1554	1554	1554	1554	1554	1554	1554	1554	80	80	1	-1	-1
1871	1555	1555	1555	1555	1555	1555	1555	1555	1555	80	80	1	-1	-1
1872	1556	1556	1556	1556	1556	1556	1556	1556	1556	80	80	1	-1	-1
1873	1557	1557	1557	1557	1557	1557	1557	1557	1557	80	80	1	-1	-1
1874	1558	1558	1558	1558	1558	1558	1558	1558	1558	80	80	1	-1	-1
1875	1559	1559	1559	1559	1559	1559	1559	1559	1559	80	80	1	-1	-1
1876	1560	1560	1560	1560	1560	1560	1560	1560	1560	80	80	1	-1	-1
1877	1561	1561	1561	1561	1561	1561	1561	1561	1561	80	80	1	-1	-1
1878	1562	1562	1562	1562	1562	1562	1562	1562	1562	80	80	1	-1	-1
1879	1563	1563	1563	1563	1563	1563	1563	1563	1563	80	80	1	-1	-1
1880	1564	1564	1564	1564	1564	1564	1564	1564	1564	80	80	1	-1	-1
1881	1565	1565	1565	1565	1565	1565	1565	1565	1565	80	80	1	-1	-1
1882	1566	1566	1566	1566	1566	1566	1566	1566	1566	80	80	1	-1	-1
1883	1567	1567	1567	1567	1567	1567	1567	1567	1567	80	80	1	-1	-1
1884	1568	1568	1568	1568	1568	1568	1568	1568	1568	80	80	1	-1	-1
1885	1569	1569	1569	1569	1569	1569	1569	1569	1569	80	80	1	-1	-1
1886	1570	1570	1570	1570	1570	1570	1570	1570	1570	80	80	1	-1	-1
1887	1571	1572	1572	1572	1572	1572	1572	1572	1572	80	80	1	-1	-1
1888	1573	1574	1574	1574	1574	1574	1574	1574	1574	80	80	1	-1	-1
1889	1575	1575	1575	1575	1575	1575	1575	1575	1575	80	80	1	-1	-1
1890	1576	1576	1576	1576	1576	1576	1576	1576	1576	80	80	1	-1	-1
1891	1577	1577	1577	1577	1577	1577	1577	1577	1577	80	80	1	-1	-1
1892	1578	1578	1578	1578	1578	1578	1578	1578	1578	80	80	1	-1	-1
1893	1579	1579	1579	1579	1579	1579	1579	1579	1579	80	80	1	-1	-1
1894	1580	1580	1580	1580	1580	1580	1580	1580	1580	80	80	1	-1	-1
1895	1581	1581	1581	1581	1581	1581	1581	1581	1581	80	80	1	-1	-1
1896	1582	1582	1582	1582	1582	1582	1582	1582	1582	80	80	1	-1	-1
1897	1583	1583	1583	1583	1583	1583	1583	1583	1583	80	80	1	-1	-1
1898	1584	1584	1584	1584	1584	1584	1584	1584	1584	80	80	1	-1	-1
1899	1585	1585	1585	1585	1585	1585	1585	1585	1585	80	80	1	-1	-1
1900	1586	1586	1586	1586	1586	1586	1586	1586	1586	80	80	1	-1	-1
1901	1587	1587	1587	1587	1587	1587	1587	1587	1587	80	80	1	-1	-1
1902	1588	1588	1588	1588	1588	1588	1588	1588	1588	80	80	1	-1	-1
1903	1589	1589	1589	1589	1589	1589	1589	1589	1589	80	80	1	-1	-1
1904	1590	1590	1590	1590	1590	1590	1590	1590	1590	80	80	1	-1	-1
1905	1591	1591	1591	1591	1591	1591	1591	1591	1591	80	80	1	-1	-1
1906	1592	1592	1592	1592	1592	1592	1592	1592	1592	80	80	1	-1	-1
1907	1593	1593	1593	1593	1593	1593	1593	1593	1593	80	80	1	-1	-1
1908	1594	1594	1594	1594	1594	1594	1594	1594	1594	80	80	1	-1	-1
1909	1595	1595	1595	1595	1595	1595	1595	1595	1595	80	80	1	-1	-1
1910	1596	1596	1596	1596	1596	1596	1596	1596	1596	80	80	1	-1	-1
1911	1597	1597	1597	1597	1597	1597	1597	1597	1597	80	80	1	-1	-1
1912	1598	1598	1598	1598	1598	1598	1598	1598	1598	80	80	1	-1	-1
1913	1599	1599	1599	1599	1599	1599	1599	1599	1599	80	80	1	-1	-1
1914	1600	1600	1600	1600	1600	1600	1600	1600	1600	80	80	1	-1	-1
1915	1601	1601	1601	1601	1601	1601	1601	1601	1601	80	80	1	-1	-1
1916	1602	1602	1602	1602	1602	1602	1602	1602	1602	80	80	1	-1	-1
1917	1603	1603	1603	1603	1603	1603	1603	1603	1603	80	80	1	-1	-1
1918	1604	1604	1604	1604	1604	1604	1604	1604	1604	80	80	1	-1	-1
1919	1605	1605	1605	1605	1605	1605	1605	1605	1605	80	80	1	-1	-1
1920	1606	1606	1606	1606	1606	1606	1606	1606	1606	80	80	1	-1	-1
1921	1607	1607	1607	1607	1607	1607	1607	1607	1607	80	80	1	-1	-1
1922	1608	1608	1608	1608	1608	1608	1608	1608	1608	80	80	1	-1	-1
1923	1609	1609	1609	1609	1609	1609	1609	1609	1609	80	80	1	-1	-1
1924	1610	1610	1610	1610	1610	1610	1610	1610	1610	80	80	1	-1	-1
1925	1611	1611	1611	1611	1611	1611	1611	1611	1611	80	80	1	-1	-1
1926	1612	1612	1612	1612	1612	1612	1612	1612	1612	80	80	1	-1	-1
1927	1613	1613	1613	1613	1613	1613	1613	1613	1613	80	80	1	-1	-1
1928	1614	1614	1614	1614	1614	1614	1614	1614	1614	80	80	1	-1	-1
1929	1615	1615	1615	1615	1615	1615	1615	1615	1615	80	80	1	-1	-1
1930	1616	1616	1616	1616	1616	1616	1616	1616	1616	80	80	1	-1	-1
1931	1617	1617	1617	1617	1617	1617	1617	1617	1617	80	80	0	363	-1
1932	1618	1618	1618	1618	1618	1618	1618	1618	1618	1618	1618	1	-1	-1
1933	1619	1619	1619	1619	1619	1619	1619	1619	1619	1619	1619	1	-1	-1
1934	1620	1620	1620	1620	1620	1620	1620	1620	1620	1620	1620	1	-1	-1
1935	1621	1621	1621	1621	1621	1621	1621	1621	1621	1621	1621	1	-1	-1
1936	1622	1622	1622	1622	1622	1622	1622	1622	1622	1622	1622	1	-1	-1
1937	1623	1623	1623	1623	1623	1623	1623	1623	1623	1623	1623	0	954	-1
1938	1624	1624	1624	1624	1624	1624	1624	1624	1624	1624	1624	0	952	-1
1939	1625	1625	1625	1625	1625	1625	1625	1625	1625	1625	1625	1	-1	-1
1940	1626	1626	1626	1626	1626	1626	1626	1626	1626	1626	1626	1	-1	-1
1941	1627	1627	1627	1627	1627	1627	1627	1627	1627	1627	1627	1	-1	-1
1942	1628	1628	1628	1628	1628	1628	1628	1628	1628	1628	1628	1	-1	-1
1943	1629	1629	1629	1629	1629	1629	1629	1629	1629	1629	1629	1	-1	-1
1944	1630	1630	1630	1630	1630	1630	1630	1630	1630	1630	1630	1	-1	-1
1945	1631	1631	1631	1631	1631	1631	1631	1631	1631	1631	1631	1	-1	-1
1946	1632	1632	1632	1632	1632	1632	1632	1632	1632	1632	1632	1	-1	-1
1947	1633	1633	1633	1633	1633	1633	1633	1633	1633	1633	1633	1	-1	-1
1948	1634	1634	1634	1634	1634	1634	1634	1634	1634	1634	1634	1	-1	-1
1949	1635	1635	1635	1635	1635	1635	1635	1635	1635	1635	1635	0	1247	-1
1950	1636	1636	1636	1636	1636	1636	1636	1636	1636	1636	1636	0	1248	-1
1951	1637	1637	1637	1637	1637	1637	1637	1637	1637	1637	1637	0	1249	-1
1952	609	609	609	609	609	609	609	609	609	609	609	1	-1	-1
1953	1638	1638	1638	1638	1638	1638	1638	1638	1638	1638	1638	0	1250	-1
1954	1639	1639	1639	1639	1639	1639	1639	1639	1639	1639	1639	0	1251	-1
1955	1640	1640	1640	1640	1640	1640	1640	1640	1640	1640	1640	0	1251	-1
1956	1641	1641	1641	1641	1641	1641	1641	1641	1641	1641	1641	0	1251	-1
1957	1642	1642	1642	1642	1642	1642	1642	1642	1642	1642	1642	0	1251	-1
1958	1643	1643	1643	1643	1643	1643	1643	1643	1643	1643	1643	0	1267	-1
1959	1644	1644	1644	1644	1644	1644	1644	1644	1644	1644	1644	0	1268	-1
1960	1645	1645	1645	1645	1645	1645	1645	1645	1645	1645	1645	0	1265	-1
1961	1646	1646	1646	1646	1646	1646	1646	1646	1646	1646	1646	0	1269	-1
1962	1647	1647	1647	1647	1647	1647	1647	1647	1647	1647	1647	0	1253	-1
1963	1648	1648	1648	1648	1648	1648	1648	1648	1648	1648	1648	0	1253	-1
1964	1649	1649	1649	1649	1649	1649	1649	1649	1649	1649	1649	0	1253	-1
1965	1650	1650	1650	1650	1650	1650	1650	1650	1650	1650	1650	0	1253	-1
1966	1651	1651	1651	1651	1651	1651	1651	1651	1651	1651	1651	0	1257	-1
1967	1652	1652	1652	1652	1652	1652	1652	1652	1652	1652	1652	0	1257	-1
1968	1653	1653	1653	1653	1653	1653	1653	1653	1653	1653	1653	0	1257	-1
1969	1654	1654	1654	1654	1654	1654	1654	1654	1654	1654	1654	0	1257	-1
1970	1655	1655	1655	1655	1655	1655	1655	1655	1655	1655	1655	0	1254	-1
1971	1656	1656	1656	1656	1656	1656	1656	1656	1656	1656	1656	0	1254	-1
1972	1657	1657	1657	1657	1657	1657	1657	1657	1657	1657	1657	0	1254	-1
1973	1658	1658	1658	1658	1658	1658	1658	1658	1658	1658	1658	0	1254	-1
1974	1659	1659	1659	1659	1659	1659	1659	1659	1659	1659	1659	0	-1	-1
1975	1660	1660	1660	1660	1660	1660	1660	1660	1660	1660	1660	0	-1	-1
1976	1661	1661	1661	1661	1661	1661	1661	1661	1661	1661	1661	0	-1	-1
1977	1662	1662	1662	1662	1662	1662	1662	1662	1662	1662	1662	0	-1	-1
1978	1663	1663	1663	1663	1663	1663	1663	1663	1663	1663	1663	0	-1	-1
1979	1664	1664	1664	1664	1664	1664	1664	1664	1664	1664	1664	0	-1	-1
1980	1665	1665	1665	1665	1665	1665	1665	1665	1665	1665	1665	0	-1	-1
1981	1666	1666	1666	1666	1666	1666	1666	1666	1666	1666	1666	0	1256	-1
1982	1667	1667	1667	1667	1667	1667	1667	1667	1667	1667	1667	0	1256	-1
1983	1668	1668	1668	1668	1668	1668	1668	1668	1668	1668	1668	0	1256	-1
1984	1669	1669	1669	1669	1669	1669	1669	1669	1669	1669	1669	0	1256	-1
1985	1670	1670	1670	1670	1670	1670	1670	1670	1670	1670	1670	0	1255	-1
1986	1671	1671	1671	1671	1671	1671	1671	1671	1671	1671	1671	0	1255	-1
1987	1672	1672	1672	1672	1672	1672	1672	1672	1672	1672	1672	0	1255	-1
1988	1673	1673	1673	1673	1673	1673	1673	1673	1673	1673	1673	0	1255	-1
1989	1674	1674	1674	1674	1674	1674	1674	1674	1674	1674	1674	0	1251	-1
1990	1675	1675	1675	1675	1675	1675	1675	1675	1675	1675	1675	0	1251	-1
1991	1676	1676	1676	1676	1676	1676	1676	1676	1676	1676	1676	0	1251	-1
1992	1677	1677	1677	1677	1677	1677	1677	1677	1677	1677	1677	0	1257	-1
1993	1678	1678	1678	1678	1678	1678	1678	1678	1678	1678	1678	0	1266	-1
1994	1679	1679	1679	1679	1679	1679	1679	1679	1679	1679	1679	0	1253	-1
1995	1680	1680	1680	1680	1680	1680	1680	1680	1680	1680	1680	0	1253	-1
1996	1681	1681	1681	1681	1681	1681	1681	1681	1681	1681	1681	0	1253	-1
1997	1682	1682	1682	1682	1682	1682	1682	1682	1682	1682	1682	0	1253	-1
1998	1683	1683	1683	1683	1683	1683	1683	1683	1683	1683	1683	0	1253	-1
1999	1684	1684	1684	1684	1684	1684	1684	1684	1684	1684	1684	0	1252	-1
2000	1685	1685	1685	1685	1685	1685	1685	1685	1685	1685	1685	0	1252	-1
2001	1686	1686	1686	1686	1686	1686	1686	1686	1686	1686	1686	0	1252	-1
2002	1687	1687	1687	1687	1687	1687	1687	1687	1687	1687	1687	0	1252	-1
2003	1688	1688	1688	1688	1688	1688	1688	1688	1688	1688	1688	0	1252	-1
2004	1689	1689	1689	1689	1689	1689	1689	1689	1689	1689	1689	0	1256	-1
2005	1690	1690	1690	1690	1690	1690	1690	1690	1690	1690	1690	0	1256	-1
2006	1691	1691	1691	1691	1691	1691	1691	1691	1691	1691	1691	0	1256	-1
2007	1692	1692	1692	1692	1692	1692	1692	1692	1692	1692	1692	0	1256	-1
2008	1693	1693	1693	1693	1693	1693	1693	1693	1693	1693	1693	0	1256	-1
2009	1694	1694	1694	1694	1694	1694	1694	1694	1694	1694	1694	0	1254	-1
2010	1695	1695	1695	1695	1695	1695	1695	1695	1695	1695	1695	0	1254	-1
2011	1696	1696	1696	1696	1696	1696	1696	1696	1696	1696	1696	0	1254	-1
2012	1697	1697	1697	1697	1697	1697	1697	1697	1697	1697	1697	0	1254	-1
2013	1698	1698	1698	1698	1698	1698	1698	1698	1698	1698	1698	0	1254	-1
2014	1699	1699	1699	1699	1699	1699	1699	1699	1699	1699	1699	0	1257	-1
2015	1700	1700	1700	1700	1700	1700	1700	1700	1700	1700	1700	0	1257	-1
2016	1701	1701	1701	1701	1701	1701	1701	1701	1701	1701	1701	0	1257	-1
2017	1702	1702	1702	1702	1702	1702	1702	1702	1702	1702	1702	0	1257	-1
2018	1703	1703	1703	1703	1703	1703	1703	1703	1703	1703	1703	0	1257	-1
2019	1704	1704	1704	1704	1704	1704	1704	1704	1704	1704	1704	0	1251	-1
2020	1705	1705	1705	1705	1705	1705	1705	1705	1705	1705	1705	0	1251	-1
2021	1706	1706	1706	1706	1706	1706	1706	1706	1706	1706	1706	0	1251	-1
2022	1707	1707	1707	1707	1707	1707	1707	1707	1707	1707	1707	0	1251	-1
2023	1708	1708	1708	1708	1708	1708	1708	1708	1708	1708	1708	0	1251	-1
2024	1709	1709	1709	1709	1709	1709	1709	1709	1709	1709	1709	0	1270	-1
2025	1710	1710	1710	1710	1710	1710	1710	1710	1710	1710	1710	1	-1	-1
2026	1711	1711	1711	1711	1711	1711	1711	1711	1711	1711	1711	1	-1	-1
2027	1712	1712	1712	1712	1712	1712	1712	1712	1712	1712	1712	0	1299	-1
2028	1713	1713	1713	1713	1713	1713	1713	1713	1713	1713	1713	0	1300	-1
2029	1714	1714	1714	1714	1714	1714	1714	1714	1714	1714	1714	0	1301	-1
2030	1715	1715	1715	1715	1715	1715	1715	1715	1715	1715	1715	0	-1	-1
2031	1716	1716	1716	1716	1716	1716	1716	1716	1716	1716	1716	0	-1	-1
2032	1717	1717	1717	1717	1717	1717	1717	1717	1717	1717	1717	0	-1	-1
2033	1718	1718	1718	1718	1718	1718	1718	1718	1718	1718	1718	0	-1	-1
2034	1719	1719	1719	1719	1719	1719	1719	1719	1719	1719	1719	0	-1	-1
2035	1720	1720	1720	1720	1720	1720	1720	1720	1720	1720	1720	0	-1	-1
2036	1721	1721	1721	1721	1721	1721	1721	1721	1721	1721	1721	1	-1	-1
2037	1722	1722	1722	1722	1722	1722	1722	1722	1722	1722	1722	1	-1	-1
2038	1723	1723	1723	1723	1723	1723	1723	1723	1723	1723	1723	1	-1	-1
2039	1724	1724	1724	1724	1724	1724	1724	1724	1724	1724	1724	1	-1	-1
2040	1725	1725	1725	1725	1725	1725	1725	1725	1725	1725	1725	1	-1	-1
2041	1726	1726	1726	1726	1726	1726	1726	1726	1726	1726	1726	1	-1	-1
2042	1727	1727	1727	1727	1727	1727	1727	1727	1727	1727	1727	1	-1	-1
2043	1728	1728	1728	1728	1728	1728	1728	1728	1728	1728	1728	1	-1	-1
2044	1729	1729	1729	1729	1729	1729	1729	1729	1729	1729	1729	1	-1	-1
2045	1730	1730	1730	1730	1730	1730	1730	1730	1730	1730	1730	0	1303	-1
2046	1731	1731	1731	1731	1731	1731	1731	1731	1731	1731	1731	1	-1	-1
2047	1732	1732	1732	1732	1732	1732	1732	1732	1732	1732	1732	1	-1	-1
2048	1733	1733	1733	1733	1733	1733	1733	1733	1733	1733	1733	0	1313	-1
2049	1733	1733	1733	1733	1733	1733	1733	1733	1733	1733	1733	0	1314	-1
2050	1733	1733	1733	1733	1733	1733	1733	1733	1733	1733	1733	0	1315	-1
2051	1734	1734	1734	1734	1734	1734	1734	1734	1734	1734	1734	0	-1	-1
2052	1735	1735	1735	1735	1735	1735	1735	1735	1735	1735	1735	0	-1	-1
2053	1736	1736	1736	1736	1736	1736	1736	1736	1736	1736	1736	0	-1	-1
2054	1737	1737	1737	1737	1737	1737	1737	1737	1737	1737	1737	0	-1	-1
2055	1738	1738	1738	1738	1738	1738	1738	1738	1738	1738	1738	0	-1	-1
2056	1739	1739	1739	1739	1739	1739	1739	1739	1739	1739	1739	0	1303	-1
2057	1740	1740	1740	1740	1740	1740	1740	1740	1740	1740	1740	0	-1	-1
2058	1741	1741	1741	1741	1741	1741	1741	1741	1741	1741	1741	1	-1	-1
2059	1742	1742	1742	1742	1742	1742	1742	1742	1742	1742	1742	0	-1	-1
2060	1743	1743	1743	1743	1743	1743	1743	1743	1743	1743	1743	0	-1	-1
2061	1739	1739	1739	1739	1739	1739	1739	1739	1739	1739	1739	0	1326	-1
2062	1744	1744	1744	1744	1744	1744	1744	1744	1744	1744	1744	0	-1	-1
2063	1745	1745	1745	1745	1745	1745	1745	1745	1745	1745	1745	0	1307	-1
2064	1746	1746	1746	1746	1746	1746	1746	1746	1746	1746	1746	0	1360	-1
2065	1747	1747	1747	1747	1747	1747	1747	1747	1747	1747	1747	0	1361	-1
2066	1748	1748	1748	1748	1748	1748	1748	1748	1748	1748	1748	0	-1	-1
2067	1749	1749	1749	1749	1749	1749	1749	1749	1749	1749	1749	1	-1	-1
2068	1750	1750	1750	1750	1750	1750	1750	1750	1750	1750	1750	0	1419	-1
2069	1751	1751	1751	1751	1751	1751	1751	1751	1751	1751	1751	0	1420	-1
2070	1752	1752	1752	1752	1752	1752	1752	1752	1752	1752	1752	0	1426	-1
2071	1753	1753	1753	1753	1753	1753	1753	1753	1753	1753	1753	0	1425	-1
2072	1754	1754	1754	1754	1754	1754	1754	1754	1754	1754	1754	1	-1	-1
2073	1755	1755	1755	1755	1755	1755	1755	1755	1755	1755	1755	1	-1	-1
2074	1756	1756	1756	1756	1756	1756	1756	1756	1756	1756	1756	1	-1	-1
2075	1757	1757	1757	1757	1757	1757	1757	1757	1757	1757	1757	1	-1	-1
2076	1758	1758	1758	1758	1758	1758	1758	1758	1758	1758	1758	1	-1	-1
2077	1759	1759	1759	1759	1759	1759	1759	1759	1759	1759	1759	1	-1	-1
2078	1760	1760	1760	1760	1760	1760	1760	1760	1760	1760	1760	0	-1	-1
2079	1761	1761	1761	1761	1761	1761	1761	1761	1761	1761	1761	0	-1	-1
2080	1762	1762	1762	1762	1762	1762	1762	1762	1762	1762	1762	1	-1	-1
2081	1763	1763	1763	1763	1763	1763	1763	1763	1763	1763	1763	1	-1	-1
2082	1764	1764	1764	1764	1764	1764	1764	1764	1764	1764	1764	1	-1	-1
2083	1765	1765	1765	1765	1765	1765	1765	1765	1765	1765	1765	0	-1	-1
2084	1766	1766	1766	1766	1766	1766	1766	1766	1766	1766	1766	0	-1	-1
2085	1767	1767	1767	1767	1767	1767	1767	1767	1767	1767	1767	0	1436	-1
2086	1767	1767	1767	1767	1767	1767	1767	1767	1767	1767	1767	0	1437	-1
2087	1767	1767	1767	1767	1767	1767	1767	1767	1767	1767	1767	0	1438	-1
2088	1768	1768	1768	1768	1768	1768	1768	1768	1768	1768	1768	1	-1	-1
2089	1769	1769	1769	1769	1769	1769	1769	1769	1769	1769	1769	1	-1	-1
2090	1770	1770	1770	1770	1770	1770	1770	1770	1770	1770	1770	0	-1	-1
2091	1771	1771	1771	1771	1771	1771	1771	1771	1771	1771	1771	0	-1	-1
2092	1772	1772	1772	1772	1772	1772	1772	1772	1772	1772	1772	0	-1	-1
2093	1773	1773	1773	1773	1773	1773	1773	1773	1773	1773	1773	0	-1	-1
2094	1774	1774	1774	1774	1774	1774	1774	1774	1774	1774	1774	0	-1	-1
2095	1775	1775	1775	1775	1775	1775	1775	1775	1775	1775	1775	1	-1	-1
2096	1776	1776	1776	1776	1776	1776	1776	1776	1776	1776	1776	0	1494	-1
2097	1777	1777	1777	1777	1777	1777	1777	1777	1777	1777	1777	1	-1	-1
2098	1778	1778	1778	1778	1778	1778	1778	1778	1778	1778	1778	0	1511	-1
2099	1779	1779	1779	1779	1779	1779	1779	1779	1779	1779	1779	0	-1	-1
2100	1780	1780	1780	1780	1780	1780	1780	1780	1780	1780	1780	0	1491	-1
2101	1781	1781	1781	1781	1781	1781	1781	1781	1781	1781	1781	0	-1	-1
2102	1780	1780	1780	1780	1780	1780	1780	1780	1780	1780	1780	0	1492	-1
2103	1780	1780	1780	1780	1780	1780	1780	1780	1780	1780	1780	0	1493	-1
2104	1782	1782	1782	1782	1782	1782	1782	1782	1782	1782	1782	0	1501	-1
2105	1783	1783	1783	1783	1783	1783	1783	1783	1783	1783	1783	0	1498	-1
2106	1778	1778	1778	1778	1778	1778	1778	1778	1778	1778	1778	0	1512	-1
2107	1778	1778	1778	1778	1778	1778	1778	1778	1778	1778	1778	0	1513	-1
2108	1778	1778	1778	1778	1778	1778	1778	1778	1778	1778	1778	0	1514	-1
2109	1784	1784	1784	1784	1784	1784	1784	1784	1784	1784	1784	0	-1	-1
2110	1785	1785	1785	1785	1785	1785	1785	1785	1785	1785	1785	0	1518	-1
2111	1785	1785	1785	1785	1785	1785	1785	1785	1785	1785	1785	0	1519	-1
2112	1785	1785	1785	1785	1785	1785	1785	1785	1785	1785	1785	0	1520	-1
2113	1786	1786	1786	1786	1786	1786	1786	1786	1786	1786	1786	0	-1	-1
2114	1787	1787	1787	1787	1787	1787	1787	1787	1787	1787	1787	0	1526	-1
2115	1787	1787	1787	1787	1787	1787	1787	1787	1787	1787	1787	0	1527	-1
2116	1788	1788	1788	1788	1788	1788	1788	1788	1788	1788	1788	1	-1	-1
2117	1789	1789	1789	1789	1789	1789	1789	1789	1789	1789	1789	1	-1	-1
2118	1790	1790	1790	1790	1790	1790	1790	1790	1790	1790	1790	1	-1	-1
2119	1791	1791	1791	1791	1791	1791	1791	1791	1791	1791	1791	1	-1	-1
2120	1792	1792	1792	1792	1792	1792	1792	1792	1792	1792	1792	1	-1	-1
2121	1793	1794	1794	1795	1796	1796	1795	1796	1796	1794	1794	1	-1	-1
2122	9	9	9	9	9	9	9	9	9	9	9	1	-1	-1
2123	1797	1797	1797	1797	1797	1797	1797	1797	1797	1797	1797	1	-1	-1
2124	1798	1799	1799	1800	1801	1801	1800	1801	1801	1799	1799	0	-1	0
2125	1802	1803	1803	1804	1805	1805	1804	1805	1805	1803	1803	0	-1	0
2126	1806	1807	1807	1808	1809	1809	1808	1809	1809	1807	1807	0	-1	0
2127	1810	1811	1811	1812	1813	1813	1812	1813	1813	1811	1811	0	-1	0
2128	198	198	198	198	198	198	198	198	198	572	572	0	-1	0
2129	199	199	199	199	199	199	199	199	199	573	573	0	-1	0
2130	200	200	200	200	200	200	200	200	200	574	574	0	-1	0
2131	9	9	9	9	9	9	9	9	9	9	9	0	-1	0
2132	1814	1815	1815	1816	1817	1817	1816	1817	1817	1815	1815	0	-1	0
2133	1818	1819	1819	1820	1821	1821	1820	1821	1821	1819	1819	0	-1	0
2134	31	31	31	31	31	31	31	31	31	31	31	0	-1	0
2135	33	33	33	33	33	33	33	33	33	33	33	0	-1	0
2136	1822	1822	1822	1822	1822	1822	1822	1822	1822	1822	1822	0	-1	0
2137	1823	1823	1823	1823	1823	1823	1823	1823	1823	1823	1823	0	-1	0
2138	1824	1824	1824	1824	1824	1824	1824	1824	1824	1824	1824	0	-1	0
2139	1825	1826	1826	1826	1826	1826	1826	1826	1826	1826	1826	0	-1	0
2140	1827	1828	1828	1828	1828	1828	1828	1828	1828	1828	1828	0	-1	0
2141	1829	1830	1830	1830	1830	1830	1830	1830	1830	1830	1830	0	-1	0
2142	1831	1832	1832	1833	1834	1834	1833	1834	1834	1832	1832	0	-1	0
2143	1835	1836	1836	1837	1838	1838	1837	1838	1838	1836	1836	0	-1	0
2144	1839	1840	1840	1841	1842	1842	1841	1842	1842	1840	1840	0	-1	0
2145	1843	1844	1844	1845	1846	1846	1845	1846	1846	1844	1844	0	-1	0
2146	1847	1848	1848	1849	1850	1850	1849	1850	1850	1848	1848	0	-1	0
2147	1851	1852	1852	1853	1854	1854	1853	1854	1854	1852	1852	0	-1	0
2148	1825	1825	1825	1825	1825	1825	1825	1825	1825	1825	1825	1	-1	-1
2149	1827	1827	1827	1827	1827	1827	1827	1827	1827	1827	1827	1	-1	-1
2150	1829	1829	1829	1829	1829	1829	1829	1829	1829	1829	1829	1	-1	-1
2151	1855	1856	1856	1857	1858	1858	1857	1858	1858	1856	1856	0	-1	0
2152	1859	1860	1860	1861	1862	1862	1861	1862	1862	1860	1860	0	-1	0
2153	1863	1864	1864	1865	1866	1866	1865	1866	1866	1864	1864	0	-1	0
2154	1867	1868	1868	1869	1870	1870	1869	1870	1870	1868	1868	0	-1	0
2155	1871	1872	1872	1873	1874	1874	1873	1874	1874	1872	1872	0	-1	0
2156	1875	1876	1876	1877	1878	1878	1877	1878	1878	1876	1876	0	-1	0
2157	1879	1880	1880	1881	1882	1882	1881	1882	1882	1880	1880	0	-1	0
2158	1883	1884	1884	1885	1886	1886	1885	1886	1886	1884	1884	0	-1	0
2159	1887	1888	1888	1889	1890	1890	1889	1890	1890	1888	1888	0	-1	0
2160	1891	1892	1892	1893	1894	1894	1893	1894	1894	1892	1892	0	-1	0
2161	1895	1896	1896	1897	1898	1898	1897	1898	1898	1896	1896	0	-1	0
2162	1899	1900	1900	1901	1902	1902	1901	1902	1902	1900	1900	0	-1	0
2163	1903	1903	1903	1903	1903	1903	1903	1903	1903	1903	1903	1	-1	-1
2164	1904	1904	1904	1904	1904	1904	1904	1904	1904	1904	1904	1	-1	-1
2165	1905	1905	1905	1905	1905	1905	1905	1905	1905	1905	1905	1	-1	-1
2166	1903	1903	1903	1903	1903	1903	1903	1903	1903	1903	1903	1	-1	1
2167	1906	1907	1907	1908	1909	1909	1908	1909	1909	1907	1907	0	-1	0
2168	1859	1860	1860	1861	1862	1862	1861	1862	1862	1863	1863	0	-1	0
2169	1910	1911	1911	1912	1913	1913	1912	1913	1913	1911	1911	0	-1	0
2170	1914	1915	1915	1916	1917	1917	1916	1917	1917	1915	1915	0	-1	0
2171	1918	598	598	1919	1920	1920	1919	1920	1920	598	598	0	-1	0
2172	1921	599	599	1922	1923	1923	1922	1923	1923	1924	1924	0	-1	0
2173	1925	1924	1924	1926	1927	1927	1926	1927	1927	1924	1924	0	-1	0
2174	1928	600	600	1929	1930	1930	1929	1930	1930	600	600	0	-1	0
2175	1931	1932	1932	1933	1934	1934	1933	1934	1934	1932	1932	0	-1	0
2176	1935	602	602	1936	1937	1937	1936	1937	1937	602	602	0	-1	0
2177	1938	1939	1939	1940	1941	1941	1940	1941	1941	1939	1939	0	-1	0
2178	1942	1943	1943	1944	1945	1945	1944	1945	1945	1943	1943	0	-1	0
2179	1946	1947	1947	1948	1949	1949	1948	1949	1949	1947	1947	0	-1	0
2180	1950	1951	1951	1952	1953	1953	1952	1953	1953	1951	1951	0	-1	0
2181	1954	1955	1955	1956	1957	1957	1956	1957	1957	1955	1955	0	-1	0
2182	1958	1959	1959	1960	1961	1961	1960	1961	1961	1959	1959	0	-1	0
2183	1962	1963	1963	1964	1965	1965	1964	1965	1965	1963	1963	0	-1	0
2184	1966	1967	1967	1968	1969	1969	1968	1969	1969	1970	1970	0	-1	0
2185	1971	1970	1970	1972	1973	1973	1972	1973	1973	1970	1970	0	-1	0
2186	1974	1975	1975	1976	1977	1977	1976	1977	1977	1975	1975	0	-1	0
2187	1978	1979	1979	1980	1981	1981	1980	1981	1981	1979	1979	0	-1	0
2188	1982	1983	1983	1984	1985	1985	1984	1985	1985	1983	1983	0	-1	0
2189	1986	1987	1987	1988	1989	1989	1988	1989	1989	1987	1987	0	-1	0
2190	1990	1991	1991	1992	1993	1993	1992	1993	1993	1991	1991	0	-1	0
2191	1994	1995	1995	1996	1997	1997	1996	1997	1997	1995	1995	0	-1	0
2192	1998	1999	1999	2000	2001	2001	2000	2001	2001	1999	1999	0	-1	0
2193	2002	2003	2003	2004	2005	2005	2004	2005	2005	2003	2003	0	-1	0
2194	2006	2007	2007	2008	2009	2009	2008	2009	2009	2007	2007	0	-1	0
2195	2006	2007	2007	2008	2009	2009	2007	2009	2009	2007	2007	0	-1	0
2196	2010	2011	2011	2012	2013	2013	2012	2013	2013	2011	2011	0	-1	0
2197	2014	2015	2015	2016	2017	2017	2016	2017	2017	2015	2015	0	-1	0
2198	2018	2019	2019	2020	2021	2021	2020	2021	2021	2019	2019	0	-1	0
2199	2022	2023	2023	2024	2025	2025	2024	2025	2025	2023	2023	0	-1	0
2200	2026	2027	2027	2028	2029	2029	2028	2029	2029	2027	2027	0	-1	0
2201	2030	2031	2031	2032	2033	2033	2032	2033	2033	2031	2031	0	-1	0
2202	2034	2035	2035	2036	2037	2037	2036	2037	2037	2035	2035	0	-1	0
2203	1921	599	599	1922	1923	1923	1922	1923	1923	599	599	0	-1	0
2204	2038	601	601	2039	2040	2040	2039	2040	2040	601	601	0	-1	0
2205	2041	2042	2042	2043	2044	2044	2043	2044	2044	2042	2042	0	-1	0
2206	2045	2046	2046	2047	2048	2048	2047	2048	2048	2046	2046	0	-1	0
2207	2049	2050	2050	2051	2052	2052	2051	2052	2052	2050	2050	0	-1	0
2208	2053	2054	2054	2055	2056	2056	2055	2056	2056	2054	2054	0	-1	0
2209	2057	2058	2058	2059	2060	2060	2059	2060	2060	2058	2058	0	-1	0
2210	2061	2062	2062	2063	2064	2064	2063	2064	2064	2062	2062	0	-1	0
2211	2065	2066	2066	2067	2068	2068	2067	2068	2068	2066	2066	0	-1	0
2212	2069	2070	2070	2071	2072	2072	2071	2072	2072	2070	2070	0	-1	0
2213	2073	2073	2073	2073	2073	2073	2073	2073	2073	2073	2073	1	-1	-1
2214	2074	2074	2074	2074	2074	2074	2074	2074	2074	2074	2074	1	-1	-1
2215	2075	2075	2075	2075	2075	2075	2075	2075	2075	2075	2075	1	-1	-1
2216	2076	2077	2077	2078	2079	2079	2078	2079	2079	2077	2077	0	-1	0
2217	2080	2081	2081	2082	2083	2083	2082	2083	2083	2081	2081	0	-1	0
2218	2084	2085	2085	2086	2087	2087	2086	2087	2087	2085	2085	0	-1	0
2219	2088	2089	2089	2090	2091	2091	2090	2091	2091	2089	2089	0	-1	0
2220	2092	2093	2093	2094	2095	2095	2094	2095	2095	2093	2093	0	-1	0
2221	2096	2097	2097	2098	2099	2099	2098	2099	2099	2097	2097	0	-1	0
2222	2100	2101	2101	2101	2101	2101	2101	2101	2101	2101	2101	0	-1	0
2223	2102	2103	2103	2103	2103	2103	2103	2103	2103	2103	2103	0	-1	0
2224	2104	2105	2105	2105	2105	2105	2105	2105	2105	2105	2105	0	-1	0
2225	1966	1967	1967	1968	1969	1969	1968	1969	1969	1967	1967	0	-1	0
2226	1793	1794	1794	1795	1796	1796	1795	1796	1796	1794	1794	0	-1	0
2227	2106	593	593	2107	2108	2108	2107	2108	2108	593	593	0	-1	0
2228	2109	594	594	2110	2111	2111	2110	2111	2111	594	594	0	-1	0
2229	2112	2113	2113	2114	2115	2115	2114	2115	2115	2113	2113	0	-1	0
2230	2116	595	595	2117	2118	2118	2117	2118	2118	595	595	0	-1	0
2231	2119	2120	2120	2121	2122	2122	2121	2122	2122	2120	2120	0	-1	0
2232	2123	597	597	2124	2125	2125	2124	2125	2125	597	597	0	-1	0
2233	2126	596	596	2127	2128	2128	2127	2128	2128	596	596	0	-1	0
2234	2129	2129	2129	2129	2129	2129	2129	2129	2129	2129	2129	1	-1	-1
2235	2130	2130	2130	2130	2130	2130	2130	2130	2130	2130	2130	1	-1	-1
2236	2131	2131	2131	2131	2131	2131	2131	2131	2131	2131	2131	1	-1	-1
2237	2132	2133	2133	2134	2135	2135	2134	2135	2135	2133	2133	0	-1	0
2238	2136	2137	2137	2138	2139	2139	2138	2139	2139	2137	2137	0	-1	0
2239	2140	2141	2141	2142	2143	2143	2142	2143	2143	2141	2141	0	-1	0
2240	2144	2144	2144	2144	2144	2144	2144	2144	2144	2144	2144	0	-1	-1
2241	41	41	41	41	41	41	41	41	41	47	47	0	-1	-1
2242	42	42	42	42	42	42	42	42	42	47	47	0	-1	-1
2243	43	43	43	43	43	43	43	43	43	47	47	0	-1	-1
2244	44	44	44	44	44	44	44	44	44	47	47	0	-1	-1
2245	78	79	79	79	79	79	79	79	79	47	47	0	-1	-1
2246	78	81	81	81	81	81	81	81	81	47	47	0	-1	-1
2247	78	82	82	82	82	82	82	82	82	47	47	0	-1	-1
2248	78	83	83	83	83	83	83	83	83	47	47	0	-1	-1
2249	78	84	84	84	84	84	84	84	84	47	47	0	-1	-1
2250	78	85	85	85	85	85	85	85	85	47	47	0	-1	-1
2251	86	86	86	86	86	86	86	86	86	47	47	0	-1	-1
2252	88	88	88	88	88	88	88	88	88	47	47	0	-1	-1
2253	89	89	89	89	89	89	89	89	89	47	47	0	-1	-1
2254	90	90	90	90	90	90	90	90	90	47	47	0	-1	-1
2255	91	91	91	91	91	91	91	91	91	47	47	0	-1	-1
2256	92	92	92	92	92	92	92	92	92	47	47	0	-1	-1
2257	93	93	93	93	93	93	93	93	93	47	47	0	-1	-1
2258	94	94	94	94	94	94	94	94	94	47	47	0	-1	-1
2259	95	95	95	95	95	95	95	95	95	47	47	0	-1	-1
2260	96	96	96	96	96	96	96	96	96	47	47	0	-1	-1
2261	78	104	105	106	107	108	109	107	107	2145	2145	0	-1	-1
2262	78	110	111	112	113	114	115	113	113	2146	2146	0	-1	-1
2263	78	116	116	116	116	116	116	116	116	47	47	0	-1	-1
2264	78	117	117	117	117	117	117	117	117	47	47	0	-1	-1
2265	78	118	118	118	118	118	118	118	118	47	47	0	-1	-1
2266	78	119	119	119	119	119	119	119	119	47	47	0	-1	-1
2267	78	120	120	120	120	120	120	120	120	47	47	0	-1	-1
2268	78	121	121	121	121	121	121	121	121	47	47	0	-1	-1
2269	78	122	122	122	122	122	122	122	122	47	47	0	-1	-1
2270	78	123	123	123	123	123	123	123	123	47	47	0	-1	-1
2271	124	124	124	124	124	124	124	124	124	47	47	0	-1	-1
2272	78	125	125	125	125	125	125	125	125	47	47	0	-1	-1
2273	126	126	126	126	126	126	126	126	126	47	47	0	-1	-1
2274	127	127	127	127	127	127	127	127	127	47	47	0	-1	-1
2275	128	128	128	128	128	128	128	128	128	47	47	0	-1	-1
2276	129	129	129	129	129	129	129	129	129	47	47	0	-1	-1
2277	130	130	130	130	130	130	130	130	130	47	47	0	-1	-1
2278	131	131	131	131	131	131	131	131	131	47	47	0	-1	-1
2279	78	132	132	132	132	132	132	132	132	47	47	0	-1	-1
2280	133	133	133	133	133	133	133	133	133	47	47	0	-1	-1
2281	78	134	134	134	134	134	134	134	134	47	47	0	-1	-1
2282	78	135	135	135	135	135	135	135	135	47	47	0	-1	-1
2283	136	136	136	136	136	136	136	136	136	47	47	0	-1	-1
2284	137	137	137	137	137	137	137	137	137	47	47	0	-1	-1
2285	138	138	138	138	138	138	138	138	138	47	47	0	-1	-1
2286	139	139	139	139	139	139	139	139	139	47	47	0	-1	-1
2287	78	140	140	140	140	140	140	140	140	47	47	0	-1	-1
2288	78	141	141	141	141	141	141	141	141	47	47	0	-1	-1
2289	78	142	142	142	142	142	142	142	142	47	47	0	-1	-1
2290	143	143	143	143	143	143	143	143	143	47	47	0	-1	-1
2291	144	144	144	144	144	144	144	144	144	47	47	0	-1	-1
2292	145	145	145	145	145	145	145	145	145	47	47	0	-1	-1
2293	146	146	146	146	146	146	146	146	146	47	47	0	-1	-1
2294	147	147	147	147	147	147	147	147	147	47	47	0	-1	-1
2295	148	148	148	148	148	148	148	148	148	47	47	0	-1	-1
2296	84	84	84	84	84	84	84	84	84	47	47	0	-1	-1
2297	149	149	149	149	149	149	149	149	149	47	47	0	-1	-1
2298	150	150	150	150	150	150	150	150	150	47	47	0	-1	-1
2299	78	110	110	112	113	113	112	113	113	47	47	0	-1	-1
2300	78	116	116	116	116	116	116	116	116	246	246	0	-1	-1
2301	78	117	117	117	117	117	117	117	117	246	246	0	-1	-1
2302	78	118	118	118	118	118	118	118	118	246	246	0	-1	-1
2303	78	119	119	119	119	119	119	119	119	246	246	0	-1	-1
2304	78	120	120	120	120	120	120	120	120	246	246	0	-1	-1
2305	78	121	121	121	121	121	121	121	121	246	246	0	-1	-1
2306	78	122	122	122	122	122	122	122	122	246	246	0	-1	-1
2307	78	123	123	123	123	123	123	123	123	246	246	0	-1	-1
2308	124	124	124	124	124	124	124	124	124	246	246	0	-1	-1
2309	78	125	125	125	125	125	125	125	125	246	246	0	-1	-1
2310	126	126	126	126	126	126	126	126	126	246	246	0	-1	-1
2311	127	127	127	127	127	127	127	127	127	246	246	0	-1	-1
2312	128	128	128	128	128	128	128	128	128	246	246	0	-1	-1
2313	129	129	129	129	129	129	129	129	129	246	246	0	-1	-1
2314	130	130	130	130	130	130	130	130	130	246	246	0	-1	-1
2315	131	131	131	131	131	131	131	131	131	246	246	0	-1	-1
2316	78	132	132	132	132	132	132	132	132	246	246	0	-1	-1
2317	133	133	133	133	133	133	133	133	133	246	246	0	-1	-1
2318	78	134	134	134	134	134	134	134	134	246	246	0	-1	-1
2319	78	135	135	135	135	135	135	135	135	246	246	0	-1	-1
2320	136	136	136	136	136	136	136	136	136	246	246	0	-1	-1
2321	137	137	137	137	137	137	137	137	137	246	246	0	-1	-1
2322	138	138	138	138	138	138	138	138	138	246	246	0	-1	-1
2323	139	139	139	139	139	139	139	139	139	246	246	0	-1	-1
2324	78	140	140	140	140	140	140	140	140	246	246	0	-1	-1
2325	78	141	141	141	141	141	141	141	141	246	246	0	-1	-1
2326	78	142	142	142	142	142	142	142	142	246	246	0	-1	-1
2327	143	143	143	143	143	143	143	143	143	246	246	0	-1	-1
2328	144	144	144	144	144	144	144	144	144	246	246	0	-1	-1
2329	145	145	145	145	145	145	145	145	145	246	246	0	-1	-1
2330	146	146	146	146	146	146	146	146	146	246	246	0	-1	-1
2331	147	147	147	147	147	147	147	147	147	246	246	0	-1	-1
2332	148	148	148	148	148	148	148	148	148	246	246	0	-1	-1
2333	84	84	84	84	84	84	84	84	84	246	246	0	-1	-1
2334	149	149	149	149	149	149	149	149	149	246	246	0	-1	-1
2335	150	150	150	150	150	150	150	150	150	246	246	0	-1	-1
2336	78	104	104	106	107	107	106	107	107	246	246	0	-1	-1
2337	9	9	9	9	9	9	9	9	9	262	262	0	-1	-1
2338	10	11	11	12	13	14	15	13	13	262	262	0	-1	-1
2339	10	10	10	10	10	10	10	10	10	262	262	0	-1	-1
2340	31	31	31	31	31	31	31	31	31	2147	2147	0	-1	-1
2341	33	33	33	33	33	33	33	33	33	2147	2147	0	-1	-1
2342	9	9	9	9	9	9	9	9	9	2148	2148	0	-1	-1
2343	212	212	212	212	212	212	212	212	212	212	212	0	-1	-1
2344	256	256	256	256	256	256	256	256	256	256	256	0	-1	-1
2345	214	214	214	214	214	214	214	214	214	214	214	0	-1	-1
2346	215	215	215	215	215	215	215	215	215	215	215	0	-1	-1
2347	216	216	216	216	216	216	216	216	216	216	216	0	-1	-1
2348	217	217	217	217	217	217	217	217	217	217	217	0	-1	-1
2349	218	218	218	218	218	218	218	218	218	218	218	0	-1	-1
2350	219	219	219	219	219	219	219	219	219	219	219	0	-1	-1
2351	220	220	220	220	220	220	220	220	220	220	220	0	-1	-1
2352	221	221	221	221	221	221	221	221	221	221	221	0	-1	-1
2353	222	222	222	222	222	222	222	222	222	222	222	0	-1	-1
2354	223	223	223	223	223	223	223	223	223	223	223	0	-1	-1
2355	224	224	224	224	224	224	224	224	224	224	224	0	-1	-1
2356	225	225	225	225	225	225	225	225	225	225	225	0	-1	-1
2357	226	226	226	226	226	226	226	226	226	226	226	0	-1	-1
2358	227	227	227	227	227	227	227	227	227	227	227	0	-1	-1
2359	228	228	228	228	228	228	228	228	228	228	228	0	-1	-1
2360	229	229	229	229	229	229	229	229	229	229	229	0	-1	-1
2361	230	230	230	230	230	230	230	230	230	230	230	0	-1	-1
2362	231	231	231	231	231	231	231	231	231	231	231	0	-1	-1
2363	232	232	232	232	232	232	232	232	232	232	232	0	-1	-1
2364	233	233	233	233	233	233	233	233	233	233	233	0	-1	-1
2365	234	234	234	234	234	234	234	234	234	234	234	0	-1	-1
2366	235	235	235	235	235	235	235	235	235	235	235	0	-1	-1
2367	236	236	236	236	236	236	236	236	236	236	236	0	-1	-1
2368	237	237	237	237	237	237	237	237	237	237	237	0	-1	-1
2369	257	257	257	257	257	257	257	257	257	257	257	0	-1	-1
2370	258	258	258	258	258	258	258	258	258	258	258	0	-1	-1
2371	259	259	259	259	259	259	259	259	259	259	259	0	-1	-1
2372	260	260	260	260	260	260	260	260	260	260	260	0	-1	-1
2373	238	238	238	238	238	238	238	238	238	238	238	0	-1	-1
2374	239	239	239	239	239	239	239	239	239	239	239	0	-1	-1
2375	240	240	240	240	240	240	240	240	240	240	240	0	-1	-1
2376	241	241	241	241	241	241	241	241	241	241	241	0	-1	-1
2377	242	242	242	242	242	242	242	242	242	242	242	0	-1	-1
2378	243	243	243	243	243	243	243	243	243	243	243	0	-1	-1
2379	261	261	261	261	261	261	261	261	261	261	261	0	-1	-1
2380	31	31	31	31	31	31	31	31	31	2149	2149	0	-1	-1
2381	0	0	0	0	0	0	0	0	0	2150	2150	0	-1	-1
2382	0	0	0	0	0	0	0	0	0	2151	2151	0	-1	-1
2383	78	97	98	99	100	101	102	100	100	2152	2152	0	-1	-1
2384	78	104	105	106	107	108	109	107	107	2153	2153	0	-1	-1
2385	78	110	111	112	113	114	115	113	113	2154	2154	0	-1	-1
2386	0	0	0	0	0	0	0	0	0	2155	2155	0	-1	-1
2387	0	0	0	0	0	0	0	0	0	2156	2156	0	-1	-1
2388	78	97	98	99	100	101	102	100	100	2157	2157	0	-1	-1
2389	78	104	105	106	107	108	109	107	107	2158	2158	0	-1	-1
2390	78	110	111	112	113	114	115	113	113	2159	2159	0	-1	-1
2391	0	0	0	0	0	0	0	0	0	2160	2160	0	-1	-1
2392	0	0	0	0	0	0	0	0	0	2161	2161	0	-1	-1
2393	78	97	98	99	100	101	102	100	100	2162	2162	0	-1	-1
2394	78	104	105	106	107	108	109	107	107	2163	2163	0	-1	-1
2395	78	110	111	112	113	114	115	113	113	2164	2164	0	-1	-1
2396	0	0	0	0	0	0	0	0	0	2165	2165	0	-1	-1
2397	0	0	0	0	0	0	0	0	0	2166	2166	0	-1	-1
2398	78	97	98	99	100	101	102	100	100	2167	2167	0	-1	-1
2399	78	104	105	106	107	108	109	107	107	2168	2168	0	-1	-1
2400	78	110	111	112	113	114	115	113	113	2169	2169	0	-1	-1
2401	0	0	0	0	0	0	0	0	0	2170	2170	0	-1	-1
2402	0	0	0	0	0	0	0	0	0	2171	2171	0	-1	-1
2403	78	97	98	99	100	101	102	100	100	2172	2172	0	-1	-1
2404	78	104	105	106	107	108	109	107	107	2173	2173	0	-1	-1
2405	78	110	111	112	113	114	115	113	113	2174	2174	0	-1	-1
2406	0	0	0	0	0	0	0	0	0	2175	2175	0	-1	-1
2407	0	0	0	0	0	0	0	0	0	2176	2176	0	-1	-1
2408	78	97	98	99	100	101	102	100	100	2177	2177	0	-1	-1
2409	78	104	105	106	107	108	109	107	107	2178	2178	0	-1	-1
2410	78	110	111	112	113	114	115	113	113	2179	2179	0	-1	-1
2411	0	0	0	0	0	0	0	0	0	2180	2180	0	-1	-1
2412	0	0	0	0	0	0	0	0	0	2181	2181	0	-1	-1
2413	78	97	98	99	100	101	102	100	100	2182	2182	0	-1	-1
2414	78	104	105	106	107	108	109	107	107	2183	2183	0	-1	-1
2415	78	110	111	112	113	114	115	113	113	2184	2184	0	-1	-1
2416	0	0	0	0	0	0	0	0	0	2185	2185	0	-1	-1
2417	0	0	0	0	0	0	0	0	0	2186	2186	0	-1	-1
2418	78	97	98	99	100	101	102	100	100	2187	2187	0	-1	-1
2419	78	104	105	106	107	108	109	107	107	2188	2188	0	-1	-1
2420	78	110	111	112	113	114	115	113	113	2189	2189	0	-1	-1
2421	31	31	31	31	31	31	31	31	31	2190	2190	0	-1	-1
2422	250	250	250	250	250	250	250	250	250	2191	2191	0	-1	-1
2423	452	452	452	452	452	452	452	452	452	452	452	0	-1	-1
2424	2192	2192	2192	2192	2192	2192	2192	2192	2192	2192	2192	0	-1	-1
2425	250	250	250	250	250	250	250	250	250	2192	2192	0	-1	-1
2426	31	31	31	31	31	31	31	31	31	2193	2193	0	-1	-1
2427	250	250	250	250	250	250	250	250	250	2194	2194	0	-1	-1
2428	31	31	31	31	31	31	31	31	31	2195	2195	0	-1	-1
2429	250	250	250	250	250	250	250	250	250	2196	2196	0	-1	-1
2430	9	9	9	9	9	9	9	9	9	2197	2197	0	-1	-1
2431	10	10	10	10	10	10	10	10	10	2197	2197	0	-1	-1
2432	2198	2198	2198	2198	2198	2198	2198	2198	2198	572	572	0	-1	-1
2433	2199	2199	2199	2199	2199	2199	2199	2199	2199	573	573	0	-1	-1
2434	2200	2200	2200	2200	2200	2200	2200	2200	2200	574	574	0	-1	-1
2435	577	577	577	577	577	577	577	577	577	577	577	0	-1	-1
2436	579	579	579	579	579	579	579	579	579	579	579	0	-1	-1
2437	77	77	77	77	77	77	77	77	77	584	584	0	-1	-1
2438	77	77	77	77	77	77	77	77	77	585	585	0	-1	-1
2439	77	77	77	77	77	77	77	77	77	586	586	0	-1	-1
2440	77	77	77	77	77	77	77	77	77	587	587	0	-1	-1
2441	31	31	31	31	31	31	31	31	31	2201	2201	0	-1	-1
2442	40	40	40	40	40	40	40	40	40	9	9	0	-1	-1
2443	41	41	41	41	41	41	41	41	41	80	80	0	-1	-1
2444	42	42	42	42	42	42	42	42	42	80	80	0	-1	-1
2445	43	43	43	43	43	43	43	43	43	80	80	0	-1	-1
2446	44	44	44	44	44	44	44	44	44	80	80	0	-1	-1
2447	43	45	45	46	43	43	46	43	43	80	80	0	-1	-1
2448	43	48	48	49	50	50	49	50	50	80	80	0	-1	-1
2449	51	51	51	51	51	51	51	51	51	80	80	0	-1	-1
2450	52	52	52	52	52	52	52	52	52	80	80	0	-1	-1
2451	43	53	53	54	55	55	54	55	55	80	80	0	-1	-1
2452	43	56	56	57	58	58	57	58	58	80	80	0	-1	-1
2453	43	59	59	60	61	61	60	61	61	80	80	0	-1	-1
2454	62	63	64	65	66	67	68	66	66	80	80	0	-1	-1
2455	62	63	69	3	4	5	6	4	4	80	80	0	-1	-1
2456	62	63	2	3	4	70	6	4	4	80	80	0	-1	-1
2457	62	63	2	3	71	5	6	71	71	80	80	0	-1	-1
2458	62	63	2	3	72	5	6	72	72	80	80	0	-1	-1
2459	62	63	2	3	72	5	73	72	72	80	80	0	-1	-1
2460	74	74	74	74	74	74	74	74	74	80	80	0	-1	-1
2461	75	75	75	75	75	75	75	75	75	80	80	0	-1	-1
2462	76	76	76	76	76	76	76	76	76	80	80	0	-1	-1
2463	77	77	77	77	77	77	77	77	77	80	80	0	-1	-1
2464	86	86	86	86	86	86	86	86	86	80	80	0	-1	-1
2465	88	88	88	88	88	88	88	88	88	80	80	0	-1	-1
2466	89	89	89	89	89	89	89	89	89	80	80	0	-1	-1
2467	90	90	90	90	90	90	90	90	90	80	80	0	-1	-1
2468	91	91	91	91	91	91	91	91	91	80	80	0	-1	-1
2469	92	92	92	92	92	92	92	92	92	80	80	0	-1	-1
2470	93	93	93	93	93	93	93	93	93	80	80	0	-1	-1
2471	94	94	94	94	94	94	94	94	94	80	80	0	-1	-1
2472	95	95	95	95	95	95	95	95	95	80	80	0	-1	-1
2473	31	31	31	31	31	31	31	31	31	2202	2202	0	-1	-1
2474	250	250	250	250	250	250	250	250	250	2203	2203	0	-1	-1
2475	2204	2204	2204	2204	2204	2204	2204	2204	2204	2204	2204	0	-1	-1
2476	2205	2205	2205	2205	2205	2205	2205	2205	2205	2205	2205	0	-1	-1
2477	2206	2206	2206	2206	2206	2206	2206	2206	2206	2206	2206	0	-1	-1
2478	2207	2207	2207	2207	2207	2207	2207	2207	2207	2207	2207	0	-1	-1
2479	2208	2208	2208	2208	2208	2208	2208	2208	2208	2208	2208	0	-1	-1
2480	2209	2209	2209	2209	2209	2209	2209	2209	2209	2209	2209	0	-1	-1
2481	244	244	244	244	244	244	244	244	244	244	244	0	-1	-1
2482	31	31	31	31	31	31	31	31	31	2210	2210	0	-1	-1
2483	31	31	31	31	31	31	31	31	31	2211	2211	0	-1	-1
2484	250	250	250	250	250	250	250	250	250	2212	2212	0	-1	-1
2485	31	31	31	31	31	31	31	31	31	2213	2213	0	-1	-1
2486	10	11	11	12	13	14	15	13	13	2214	2214	0	-1	-1
2487	10	10	10	10	10	10	10	10	10	2214	2214	0	-1	-1
2488	31	31	31	31	31	31	31	31	31	2215	2215	0	-1	-1
2489	78	97	98	99	100	101	102	100	100	47	47	0	-1	-1
2490	78	104	105	106	107	108	109	107	107	246	246	0	-1	-1
2491	78	110	111	112	113	114	115	113	113	247	247	0	-1	-1
2492	9	9	9	9	9	9	9	9	9	2216	2216	0	-1	-1
2493	9	9	9	9	9	9	9	9	9	2217	2217	0	-1	-1
2494	9	9	9	9	9	9	9	9	9	2218	2218	0	-1	-1
2495	0	1	2	3	4	5	6	4	4	2219	2219	0	-1	-1
2496	0	0	0	0	0	0	0	0	0	2219	2219	0	-1	-1
2497	10	11	11	12	13	14	15	13	13	2220	2220	0	-1	-1
2498	16	17	18	19	20	21	22	20	20	2219	2219	0	-1	-1
2499	10	10	10	10	10	10	10	10	10	2220	2220	0	-1	-1
2500	23	24	25	26	27	28	29	27	27	2221	2221	0	-1	-1
2501	31	31	31	31	31	31	31	31	31	2222	2222	0	-1	-1
2502	78	97	98	99	100	101	102	100	100	2223	2223	0	-1	-1
2503	78	104	105	106	107	108	109	107	107	2223	2223	0	-1	-1
2504	78	110	111	112	113	114	115	113	113	2223	2223	0	-1	-1
2505	9	9	9	9	9	9	9	9	9	2224	2224	0	-1	-1
2506	9	9	9	9	9	9	9	9	9	2225	2225	0	-1	-1
2507	9	9	9	9	9	9	9	9	9	2223	2223	0	-1	-1
2508	9	9	9	9	9	9	9	9	9	7	7	0	-1	-1
2509	10	11	11	12	13	14	15	13	13	7	7	0	-1	-1
2510	10	10	10	10	10	10	10	10	10	7	7	0	-1	-1
2511	23	24	25	26	27	28	29	27	27	7	7	0	-1	-1
2512	31	31	31	31	31	31	31	31	31	7	7	0	-1	-1
2513	33	33	33	33	33	33	33	33	33	7	7	0	-1	-1
2514	31	31	31	31	31	31	31	31	31	2226	2226	0	-1	-1
2515	250	250	250	250	250	250	250	250	250	2227	2227	0	-1	-1
2516	31	31	31	31	31	31	31	31	31	548	548	0	-1	-1
2517	250	250	250	250	250	250	250	250	250	549	549	0	-1	-1
2518	31	31	31	31	31	31	31	31	31	2228	2228	0	-1	-1
2519	10	11	11	12	13	14	15	13	13	2229	2229	0	-1	-1
2520	10	10	10	10	10	10	10	10	10	2229	2229	0	-1	-1
2521	78	97	98	99	100	101	102	100	100	2230	2230	0	-1	-1
2522	78	104	105	106	107	108	109	107	107	2230	2230	0	-1	-1
2523	78	110	111	112	113	114	115	113	113	2230	2230	0	-1	-1
2524	9	9	9	9	9	9	9	9	9	2231	2231	0	-1	-1
2525	9	9	9	9	9	9	9	9	9	2232	2232	0	-1	-1
2526	78	97	97	99	100	100	99	100	100	2233	2233	0	-1	-1
2527	78	104	104	106	107	107	106	107	107	2233	2233	0	-1	-1
2528	78	110	110	112	113	113	112	113	113	2233	2233	0	-1	-1
2529	9	9	9	9	9	9	9	9	9	2234	2234	0	-1	-1
2530	9	9	9	9	9	9	9	9	9	2235	2235	0	-1	-1
2531	10	11	11	12	13	14	15	13	13	2236	2236	0	-1	-1
2532	10	10	10	10	10	10	10	10	10	2236	2236	0	-1	-1
2533	31	31	31	31	31	31	31	31	31	2237	2237	0	-1	-1
2534	250	250	250	250	250	250	250	250	250	2238	2238	0	-1	-1
2535	31	31	31	31	31	31	31	31	31	2239	2239	0	-1	-1
2536	33	33	33	33	33	33	33	33	33	2239	2239	0	-1	-1
2537	9	9	9	9	9	9	9	9	9	2240	2240	0	-1	-1
2538	31	31	31	31	31	31	31	31	31	2241	2241	0	-1	-1
2539	250	250	250	250	250	250	250	250	250	2242	2242	0	-1	-1
2540	78	97	98	99	100	101	102	100	100	395	395	0	-1	-1
2541	78	110	111	112	113	114	115	113	113	395	395	0	-1	-1
2542	41	41	41	41	41	41	41	41	41	7	7	0	-1	-1
2543	42	42	42	42	42	42	42	42	42	7	7	0	-1	-1
2544	43	43	43	43	43	43	43	43	43	7	7	0	-1	-1
2545	44	44	44	44	44	44	44	44	44	7	7	0	-1	-1
2546	43	45	45	46	43	43	46	43	43	7	7	0	-1	-1
2547	43	48	48	49	50	50	49	50	50	7	7	0	-1	-1
2548	51	51	51	51	51	51	51	51	51	7	7	0	-1	-1
2549	52	52	52	52	52	52	52	52	52	7	7	0	-1	-1
2550	43	53	53	54	55	55	54	55	55	7	7	0	-1	-1
2551	43	56	56	57	58	58	57	58	58	7	7	0	-1	-1
2552	43	59	59	60	61	61	60	61	61	7	7	0	-1	-1
2553	62	63	64	65	66	67	68	66	66	7	7	0	-1	-1
2554	62	63	69	3	4	5	6	4	4	7	7	0	-1	-1
2555	62	63	2	3	4	70	6	4	4	7	7	0	-1	-1
2556	62	63	2	3	71	5	6	71	71	7	7	0	-1	-1
2557	62	63	2	3	72	5	6	72	72	7	7	0	-1	-1
2558	62	63	2	3	72	5	73	72	72	7	7	0	-1	-1
2559	74	74	74	74	74	74	74	74	74	7	7	0	-1	-1
2560	75	75	75	75	75	75	75	75	75	7	7	0	-1	-1
2561	76	76	76	76	76	76	76	76	76	7	7	0	-1	-1
2562	77	77	77	77	77	77	77	77	77	7	7	0	-1	-1
2563	78	79	79	79	79	79	79	79	79	7	7	0	-1	-1
2564	78	81	81	81	81	81	81	81	81	7	7	0	-1	-1
2565	78	97	98	99	100	101	102	100	100	7	7	0	-1	-1
2566	78	104	105	106	107	108	109	107	107	7	7	0	-1	-1
2567	78	110	111	112	113	114	115	113	113	7	7	0	-1	-1
2568	78	116	116	116	116	116	116	116	116	7	7	0	-1	-1
2569	78	117	117	117	117	117	117	117	117	7	7	0	-1	-1
2570	78	118	118	118	118	118	118	118	118	7	7	0	-1	-1
2571	144	144	144	144	144	144	144	144	144	7	7	0	-1	-1
2572	145	145	145	145	145	145	145	145	145	7	7	0	-1	-1
2573	146	146	146	146	146	146	146	146	146	7	7	0	-1	-1
2574	147	147	147	147	147	147	147	147	147	7	7	0	-1	-1
2575	148	148	148	148	148	148	148	148	148	7	7	0	-1	-1
2576	84	84	84	84	84	84	84	84	84	7	7	0	-1	-1
2577	149	149	149	149	149	149	149	149	149	7	7	0	-1	-1
2578	150	150	150	150	150	150	150	150	150	7	7	0	-1	-1
2579	78	97	97	99	100	100	99	100	100	7	7	0	-1	-1
2580	78	104	104	106	107	107	106	107	107	7	7	0	-1	-1
2581	78	110	110	112	113	113	112	113	113	7	7	0	-1	-1
2582	9	9	9	9	9	9	9	9	9	7	7	0	-1	-1
2583	9	9	9	9	9	9	9	9	9	7	7	0	-1	-1
2584	9	9	9	9	9	9	9	9	9	7	7	0	-1	-1
2585	9	9	9	9	9	9	9	9	9	7	7	0	-1	-1
2586	9	9	9	9	9	9	9	9	9	7	7	0	-1	-1
2587	9	9	9	9	9	9	9	9	9	7	7	0	-1	-1
2588	9	9	9	9	9	9	9	9	9	7	7	0	-1	-1
2589	9	9	9	9	9	9	9	9	9	7	7	0	-1	-1
2590	9	9	9	9	9	9	9	9	9	7	7	0	-1	-1
2591	9	9	9	9	9	9	9	9	9	7	7	0	-1	-1
2592	9	9	9	9	9	9	9	9	9	7	7	0	-1	-1
2593	9	9	9	9	9	9	9	9	9	7	7	0	-1	-1
2594	9	9	9	9	9	9	9	9	9	7	7	0	-1	-1
2595	9	9	9	9	9	9	9	9	9	7	7	0	-1	-1
2596	9	9	9	9	9	9	9	9	9	7	7	0	-1	-1
2597	9	9	9	9	9	9	9	9	9	7	7	0	-1	-1
2598	9	9	9	9	9	9	9	9	9	7	7	0	-1	-1
2599	9	9	9	9	9	9	9	9	9	7	7	0	-1	-1
2600	9	9	9	9	9	9	9	9	9	7	7	0	-1	-1
2601	9	9	9	9	9	9	9	9	9	7	7	0	-1	-1
2602	9	9	9	9	9	9	9	9	9	7	7	0	-1	-1
2603	9	9	9	9	9	9	9	9	9	7	7	0	-1	-1
2604	9	9	9	9	9	9	9	9	9	7	7	0	-1	-1
2605	9	9	9	9	9	9	9	9	9	7	7	0	-1	-1
2606	9	9	9	9	9	9	9	9	9	7	7	0	-1	-1
2607	9	9	9	9	9	9	9	9	9	7	7	0	-1	-1
2608	9	9	9	9	9	9	9	9	9	7	7	0	-1	-1
2609	9	9	9	9	9	9	9	9	9	7	7	0	-1	-1
2610	9	9	9	9	9	9	9	9	9	7	7	0	-1	-1
2611	9	9	9	9	9	9	9	9	9	7	7	0	-1	-1
2612	9	9	9	9	9	9	9	9	9	7	7	0	-1	-1
2613	9	9	9	9	9	9	9	9	9	7	7	0	-1	-1
2614	9	9	9	9	9	9	9	9	9	7	7	0	-1	-1
2615	9	9	9	9	9	9	9	9	9	7	7	0	-1	-1
2616	9	9	9	9	9	9	9	9	9	7	7	0	-1	-1
2617	9	9	9	9	9	9	9	9	9	7	7	0	-1	-1
2618	9	9	9	9	9	9	9	9	9	7	7	0	-1	-1
2619	9	9	9	9	9	9	9	9	9	7	7	0	-1	-1
2620	9	9	9	9	9	9	9	9	9	7	7	0	-1	-1
2621	9	9	9	9	9	9	9	9	9	7	7	0	-1	-1
2622	78	97	98	99	100	101	102	100	100	2243	2243	0	-1	-1
2623	78	104	105	106	107	108	109	107	107	2243	2243	0	-1	-1
2624	78	110	111	112	113	114	115	113	113	2243	2243	0	-1	-1
2625	9	9	9	9	9	9	9	9	9	2244	2244	0	-1	-1
2626	9	9	9	9	9	9	9	9	9	2245	2245	0	-1	-1
2627	78	97	98	99	100	101	102	100	100	2246	2246	0	-1	-1
2628	78	104	105	106	107	108	109	107	107	2246	2246	0	-1	-1
2629	78	110	111	112	113	114	115	113	113	2246	2246	0	-1	-1
2630	9	9	9	9	9	9	9	9	9	2247	2247	0	-1	-1
2631	9	9	9	9	9	9	9	9	9	2248	2248	0	-1	-1
2632	2249	2249	2249	2249	2249	2249	2249	2249	2249	2249	2249	0	-1	-1
2633	2250	2250	2250	2250	2250	2250	2250	2250	2250	2250	2250	0	-1	-1
2634	2251	10	10	10	10	10	10	10	10	2251	2251	0	-1	-1
2635	2252	2253	2253	2253	2253	2253	2253	2253	2253	2252	2252	0	-1	-1
2636	9	9	9	9	9	9	9	9	9	7	7	0	-1	-1
2637	16	17	18	19	20	21	22	20	20	7	7	0	-1	-1
2638	31	31	31	31	31	31	31	31	31	7	7	0	-1	-1
2639	9	9	9	9	9	9	9	9	9	7	7	0	-1	-1
2640	34	35	35	36	37	38	39	37	37	7	7	0	-1	-1
2641	9	9	9	9	9	9	9	9	9	2254	2254	0	-1	-1
2642	2255	2255	2255	2255	2255	2255	2255	2255	2255	2255	2255	0	-1	-1
2643	2256	2256	2256	2256	2256	2256	2256	2256	2256	2256	2256	0	-1	-1
2644	2257	10	10	10	10	10	10	10	10	2257	2257	0	-1	-1
2645	2258	2259	2259	2259	2259	2259	2259	2259	2259	2258	2258	0	-1	-1
2646	2260	2260	2260	2260	2260	2260	2260	2260	2260	2260	2260	0	-1	-1
2647	2261	2261	2261	2261	2261	2261	2261	2261	2261	2261	2261	0	-1	-1
2648	2251	2262	2262	2262	2262	2262	2262	2262	2262	2262	2262	0	-1	-1
2649	2251	10	10	10	10	10	10	10	10	10	10	0	-1	-1
2650	481	481	481	481	481	481	481	481	481	481	481	0	-1	-1
2651	9	9	9	9	9	9	9	9	9	2263	2263	0	-1	-1
2652	10	11	11	12	13	14	15	13	13	2263	2263	0	-1	-1
2653	10	10	10	10	10	10	10	10	10	2263	2263	0	-1	-1
2654	78	97	98	99	100	101	102	100	100	2264	2264	0	-1	-1
2655	78	104	105	106	107	108	109	107	107	2264	2264	0	-1	-1
2656	78	110	111	112	113	114	115	113	113	2264	2264	0	-1	-1
2657	9	9	9	9	9	9	9	9	9	2265	2265	0	-1	-1
2658	9	9	9	9	9	9	9	9	9	2266	2266	0	-1	-1
2659	78	97	98	99	100	101	102	100	100	2267	2267	0	-1	-1
2660	78	104	105	106	107	108	109	107	107	2267	2267	0	-1	-1
2661	78	110	111	112	113	114	115	113	113	2267	2267	0	-1	-1
2662	9	9	9	9	9	9	9	9	9	2268	2268	0	-1	-1
2663	9	9	9	9	9	9	9	9	9	2269	2269	0	-1	-1
2664	78	97	98	99	100	101	102	100	100	2270	2270	0	-1	-1
2665	78	104	105	106	107	108	109	107	107	2270	2270	0	-1	-1
2666	78	110	111	112	113	114	115	113	113	2270	2270	0	-1	-1
2667	9	9	9	9	9	9	9	9	9	2271	2271	0	-1	-1
2668	9	9	9	9	9	9	9	9	9	2272	2272	0	-1	-1
2669	395	395	395	395	395	395	395	395	395	395	395	0	-1	-1
2670	78	110	111	112	113	114	115	113	113	2273	2273	0	-1	-1
2671	31	31	31	31	31	31	31	31	31	2274	2274	0	-1	-1
2672	78	97	98	99	100	101	102	100	100	2275	2275	0	-1	-1
2673	78	104	105	106	107	108	109	107	107	2276	2276	0	-1	-1
2674	78	110	111	112	113	114	115	113	113	2277	2277	0	-1	-1
2675	78	97	98	99	100	101	102	100	100	2278	2278	0	-1	-1
2676	78	104	105	106	107	108	109	107	107	2279	2279	0	-1	-1
2677	78	110	111	112	113	114	115	113	113	2280	2280	0	-1	-1
2678	78	110	111	112	113	114	115	113	113	2281	2281	0	-1	-1
2679	78	110	110	112	113	113	112	113	113	2281	2281	0	-1	-1
2680	78	104	105	106	107	108	109	107	107	2282	2282	0	-1	-1
2681	0	1	2	3	4	5	6	4	4	2283	2283	0	-1	-1
2682	0	0	0	0	0	0	0	0	0	2284	2284	0	-1	-1
2683	0	0	0	0	0	0	0	0	0	2285	2285	0	-1	-1
2684	10	11	11	12	13	14	15	13	13	2286	2286	0	-1	-1
2685	198	198	198	198	198	198	198	198	198	2283	2283	1	-1	-1
2686	199	199	199	199	199	199	199	199	199	2283	2283	1	-1	-1
2687	200	200	200	200	200	200	200	200	200	2283	2283	1	-1	-1
2688	16	17	18	19	20	21	22	20	20	2283	2283	0	-1	-1
2689	10	10	10	10	10	10	10	10	10	2286	2286	0	-1	-1
2690	23	24	25	26	27	28	29	27	27	2287	2287	0	-1	-1
2691	31	31	31	31	31	31	31	31	31	2288	2288	0	-1	-1
2692	34	35	35	36	37	38	39	37	37	2286	2286	0	-1	-1
2693	78	97	98	99	100	101	102	100	100	2289	2289	0	-1	-1
2694	78	104	105	106	107	108	109	107	107	2290	2290	0	-1	-1
2695	78	110	111	112	113	114	115	113	113	2291	2291	0	-1	-1
2696	23	24	25	26	27	28	29	27	27	2292	2292	0	-1	-1
2697	78	110	111	112	113	114	115	113	113	2293	2293	0	-1	-1
2698	78	97	98	99	100	101	102	100	100	2294	2294	0	-1	-1
2699	78	104	105	106	107	108	109	107	107	2295	2295	0	-1	-1
2700	78	110	111	112	113	114	115	113	113	2296	2296	0	-1	-1
2701	78	97	97	99	100	100	99	100	100	2294	2294	0	-1	-1
2702	78	104	104	106	107	107	106	107	107	2295	2295	0	-1	-1
2703	78	110	110	112	113	113	112	113	113	2296	2296	0	-1	-1
2704	78	110	111	112	113	114	115	113	113	2297	2297	0	-1	-1
2705	2298	2299	2299	2300	2301	2302	2303	570	571	10	10	0	-1	0
2706	2304	2304	2304	2304	2304	2304	2304	2304	2304	77	77	0	-1	-1
2707	2305	2305	2305	2305	2305	2305	2305	2305	2305	577	577	0	-1	0
2708	2306	2306	2306	2306	2306	2306	2306	2306	2306	579	579	0	-1	-1
2709	2306	2306	2306	2306	2306	2306	2306	2306	2306	579	579	0	-1	0
2710	2298	2299	2299	2300	2301	2302	2303	582	583	10	10	0	-1	0
2711	2304	2304	2304	2304	2304	2304	2304	2304	2304	584	584	0	-1	-1
2712	2304	2304	2304	2304	2304	2304	2304	2304	2304	585	585	0	-1	0
2713	2304	2304	2304	2304	2304	2304	2304	2304	2304	586	586	0	-1	-1
2714	2304	2304	2304	2304	2304	2304	2304	2304	2304	587	587	0	-1	0
2715	2307	2307	2307	2307	2307	2307	2307	2307	2307	2307	2307	1	-1	-1
2716	2308	2308	2308	2308	2308	2308	2308	2308	2308	2308	2308	1	-1	-1
2717	2309	2309	2309	2309	2309	2309	2309	2309	2309	2309	2309	1	-1	-1
2718	2310	2310	2310	2310	2310	2310	2310	2310	2310	2310	2310	0	-1	0
2719	2311	2311	2311	2311	2311	2311	2311	2311	2311	2311	2311	0	-1	-1
2720	2312	2313	2313	2314	2315	2316	2317	2315	2313	80	80	0	-1	-1
2721	2312	2318	2318	2319	2320	2321	2322	2320	2318	80	80	0	-1	-1
2722	2312	2323	2323	2324	2325	2326	2327	2325	2323	80	80	0	-1	-1
2723	2312	2328	2328	2329	2330	2331	2332	2330	2328	80	80	0	-1	-1
2724	2333	2333	2333	2333	2333	2333	2333	2333	2333	80	80	0	364	-1
2725	2334	2334	2334	2334	2334	2334	2334	2334	2334	80	80	0	364	-1
2726	2335	2335	2335	2335	2335	2335	2335	2335	2335	87	87	0	-1	0
2727	2336	2336	2336	2336	2336	2336	2336	2336	2336	87	87	1	-1	-1
2728	2337	2337	2337	2337	2337	2337	2337	2337	2337	87	87	1	-1	-1
2729	2338	2338	2338	2338	2338	2338	2338	2338	2338	87	87	1	-1	-1
2730	2339	2339	2339	2339	2339	2339	2339	2339	2339	87	87	1	-1	-1
2731	2340	2340	2340	2340	2340	2340	2340	2340	2340	87	87	1	-1	-1
2732	2341	2341	2341	2341	2341	2341	2341	2341	2341	87	87	1	-1	-1
2733	2342	2342	2342	2342	2342	2342	2342	2342	2342	87	87	0	-1	-1
2734	2343	2343	2343	2343	2343	2343	2343	2343	2343	87	87	0	-1	-1
2735	2344	2344	2344	2344	2344	2344	2344	2344	2344	87	87	0	-1	-1
2736	2312	2345	2346	2347	2348	2349	2350	2351	657	80	80	0	-1	-1
2737	2312	2352	2353	2354	2355	2356	2357	2358	659	80	80	0	-1	-1
2738	2312	2359	2360	2361	2362	2363	2364	2365	661	80	80	0	-1	-1
2739	2312	2366	2366	2366	2366	2366	2366	2366	2366	80	80	0	-1	-1
2740	2312	2367	2367	2367	2367	2367	2367	2367	2367	80	80	0	-1	-1
2741	2312	2368	2368	2368	2368	2368	2368	2368	2368	80	80	0	-1	-1
2742	2369	2369	2369	2369	2369	2369	2369	665	2369	80	80	0	-1	0
2743	2312	2370	2370	2370	2370	2370	2370	2370	2370	80	80	0	-1	-1
2744	2371	2371	2371	2371	2371	2371	2371	2371	2371	80	80	0	-1	-1
2745	2372	2372	2372	2372	2372	2372	2372	2372	2372	80	80	0	-1	-1
2746	2373	2373	2373	2373	2373	2373	2373	2373	2373	80	80	0	-1	-1
2747	2374	2374	2374	2374	2374	2374	2374	2374	2374	80	80	0	-1	-1
2748	2375	2375	2375	2375	2375	2375	2375	2375	2375	80	80	0	-1	-1
2749	2376	2376	2376	2376	2376	2376	2376	2376	2376	80	80	0	-1	-1
2750	2312	2377	2377	2377	2377	2377	2377	2377	2377	80	80	0	-1	-1
2751	2378	2378	2378	2378	2378	2378	2378	2378	2378	80	80	0	-1	-1
2752	2312	2379	2379	2379	2379	2379	2379	2379	2379	80	80	0	-1	-1
2753	2312	2380	2380	2380	2380	2380	2380	2380	2380	80	80	0	-1	-1
2754	2312	2381	2381	2381	2381	2381	2381	2381	2381	80	80	0	-1	-1
2755	2312	2382	2382	2382	2382	2382	2382	2382	2382	80	80	0	-1	-1
2756	2312	2383	2383	2383	2383	2383	2383	2383	2383	80	80	0	-1	-1
2757	2384	2384	2384	2384	2384	2384	2384	2384	2384	80	80	0	-1	-1
2758	2385	2385	2385	2385	2385	2385	2385	2385	2385	80	80	0	-1	-1
2759	2386	2386	2386	2386	2386	2386	2386	2386	2386	80	80	0	-1	-1
2760	2387	2387	2387	2387	2387	2387	2388	2387	2387	80	80	0	-1	-1
2761	2312	2345	2345	2347	2348	2348	2347	2348	2345	80	80	0	-1	-1
2762	2312	2352	2352	2354	2355	2355	2354	2355	2352	80	80	0	-1	-1
2763	2312	2359	2359	2361	2362	2362	2361	2362	2359	80	80	0	-1	-1
2764	2312	2389	2389	2390	2391	2392	2393	2391	2389	80	80	0	-1	-1
2765	2312	2394	2394	2395	2396	2397	2398	2396	2394	80	80	0	-1	-1
2766	2312	2399	2399	2400	2401	2402	2400	2401	2399	80	80	0	-1	-1
2767	2312	2403	2403	2403	2403	2403	2403	2403	2403	80	80	0	-1	-1
2768	2312	2404	2404	2405	2406	2407	2408	2406	2404	80	80	0	-1	-1
2769	2312	2409	2409	2410	2411	2411	2412	2411	2409	80	80	0	-1	-1
2770	2413	2413	2413	2413	2413	2413	2413	2413	2413	80	80	1	-1	-1
2771	2312	2385	2385	2414	2415	2416	2417	2415	2385	80	80	0	-1	-1
2772	2336	2336	2336	2336	2336	2336	2336	2336	2336	80	80	1	-1	-1
2773	2337	2337	2337	2337	2337	2337	2337	2337	2337	80	80	1	-1	-1
2774	2338	2338	2338	2338	2338	2338	2338	2338	2338	80	80	1	-1	-1
2775	2339	2339	2339	2339	2339	2339	2339	2339	2339	80	80	1	-1	-1
2776	2340	2340	2340	2340	2340	2340	2340	2340	2340	80	80	1	-1	-1
2777	2341	2341	2341	2341	2341	2341	2341	2341	2341	80	80	1	-1	-1
2778	2342	2342	2342	2342	2342	2342	2342	2342	2342	80	80	1	-1	-1
2779	2343	2343	2343	2343	2343	2343	2343	2343	2343	80	80	1	-1	-1
2780	2344	2344	2344	2344	2344	2344	2344	2344	2344	80	80	0	-1	-1
2781	2312	2418	2418	2419	2420	2421	2422	2420	2418	80	80	0	-1	-1
2782	2312	2423	2423	2424	2425	2426	2427	2425	2423	80	80	0	-1	-1
2783	2312	2428	2428	2429	2430	2431	2432	2430	2428	80	80	0	-1	-1
2784	2312	2433	2433	2434	2435	2436	2437	2435	2433	80	80	0	-1	-1
2785	2438	2438	2438	2438	2438	2438	2438	2438	2438	80	80	1	-1	-1
2786	2312	2370	2370	2439	2440	2440	2441	2440	2370	80	80	0	-1	-1
2787	2371	2371	2371	2371	2371	2371	2371	2371	2371	80	80	1	-1	-1
2788	2372	2372	2372	2372	2372	2372	2372	2372	2372	80	80	1	-1	-1
2789	2373	2373	2373	2373	2373	2373	2373	2373	2373	80	80	1	-1	-1
2790	2374	2374	2374	2374	2374	2374	2374	2374	2374	80	80	1	-1	-1
2791	2375	2375	2375	2375	2375	2375	2375	2375	2375	80	80	1	-1	-1
2792	2376	2376	2376	2376	2376	2376	2376	2376	2376	80	80	1	-1	-1
2793	2312	2377	2377	2442	2443	2443	2442	2443	2377	80	80	0	-1	-1
2794	2378	2378	2378	2378	2378	2378	2378	2378	2378	80	80	1	-1	-1
2795	2312	2444	2444	2445	2446	2447	2448	2446	2444	80	80	0	-1	-1
2796	2312	2380	2380	2449	2450	2451	2452	2450	2380	80	80	0	-1	-1
2797	2312	2453	2453	2454	2455	2456	2454	2455	2453	80	80	0	-1	-1
2798	2312	2386	2386	2457	2458	2459	2460	2458	2386	80	80	0	-1	-1
2799	2312	2461	2461	2462	2463	2464	2462	2463	2461	80	80	0	-1	-1
2800	2312	2465	2465	2466	2467	2467	2466	2467	2465	80	80	0	-1	-1
2801	2468	2468	2468	2468	2468	2468	2468	2468	2468	80	80	1	-1	-1
2802	2469	2469	2469	2469	2469	2469	2469	2469	2469	80	80	1	-1	-1
2803	2470	2470	2470	2471	2472	2473	2474	2472	2470	80	80	1	-1	-1
2804	2312	2475	2475	2476	2477	2477	2478	2477	2475	80	80	0	-1	-1
2805	2479	2479	2479	2479	2479	2479	2479	2479	2479	80	80	1	-1	-1
2806	2480	2480	2480	2480	2480	2480	2480	2480	2480	80	80	1	-1	-1
2807	2481	2481	2481	2481	2481	2481	2481	2481	2481	80	80	1	-1	-1
2808	2482	2482	2482	2482	2482	2482	2482	2482	2482	80	80	1	-1	-1
2809	2312	2483	2483	2484	2485	2486	2487	2485	2483	80	80	0	-1	-1
2810	2488	2488	2488	2488	2488	2488	2488	2488	2488	80	80	1	-1	-1
2811	2489	2489	2489	2489	2489	2489	2489	2489	2489	80	80	1	-1	-1
2812	2490	2490	2490	2490	2490	2490	2490	2490	2490	80	80	1	-1	-1
2813	2491	2491	2491	2492	2493	2493	2492	2493	2491	80	80	0	-1	-1
2814	2312	2494	2494	2495	2496	2496	2495	2496	2494	80	80	0	-1	-1
2815	2497	2497	2497	2498	2499	2499	2498	2499	2497	80	80	0	-1	-1
2816	2500	2500	2500	2501	2502	2502	2501	2502	2500	80	80	0	-1	-1
2817	2503	2503	2503	2503	2503	2503	2503	2503	2503	80	80	1	-1	-1
2818	2312	2504	2504	2505	2506	2507	2508	2506	2504	80	80	0	-1	-1
2819	2509	2509	2509	2509	2509	2509	2509	2509	2509	80	80	1	-1	-1
2820	2312	2510	2510	2511	2512	2512	2511	2512	2510	80	80	0	-1	-1
2821	2312	2513	2513	2514	2515	2515	2514	2515	2513	80	80	0	-1	-1
2822	2312	2516	2516	2517	2518	2518	2517	2518	2516	80	80	0	-1	-1
2823	2519	2519	2519	2520	2521	2521	2520	2521	2519	80	80	0	-1	-1
2824	2522	2522	2522	2522	2522	2522	2522	2522	2522	80	80	1	-1	-1
2825	2523	2523	2523	2523	2523	2523	2523	2523	2523	80	80	1	-1	-1
2826	2524	2524	2524	2525	2526	2526	2525	2526	2524	80	80	0	-1	-1
2827	2312	2527	2527	2528	2529	2529	2528	2529	2527	80	80	0	-1	-1
2828	2530	2530	2530	2530	2530	2530	2530	2530	2530	80	80	1	-1	-1
2829	2312	2531	2531	2532	2533	2533	2532	2533	2531	80	80	0	-1	-1
2830	2534	2534	2534	2534	2534	2534	2534	2534	2534	80	80	1	-1	-1
2831	2312	2535	2535	2536	2537	2537	2536	2537	2535	80	80	0	-1	-1
2832	2538	2538	2538	2538	2538	2538	2538	2538	2538	80	80	0	-1	-1
2833	2312	2539	2539	2540	2541	2541	2542	2541	2539	80	80	0	-1	-1
2834	2312	2543	2543	2543	2543	2543	2543	2543	2543	80	80	0	-1	-1
2835	2312	2544	2544	2544	2544	2544	2544	2544	2544	80	80	0	-1	-1
2836	2312	2545	2545	2546	2547	2547	2546	2547	2545	80	80	0	-1	-1
2837	2548	2548	2548	2548	2548	2548	2548	2548	2548	80	80	1	-1	-1
2838	2549	2549	2549	2549	2549	2549	2549	2549	2549	80	80	1	-1	-1
2839	2550	2550	2550	2550	2550	2550	2550	2550	2550	80	80	1	-1	-1
2840	2551	2551	2551	2551	2551	2551	2551	2551	2551	80	80	1	-1	-1
2841	2552	2552	2552	2552	2552	2552	2552	2552	2552	80	80	1	-1	-1
2842	2553	2553	2553	2553	2553	2553	2553	2553	2553	80	80	1	-1	-1
2843	2554	2554	2554	2554	2554	2554	2554	2554	2554	80	80	1	-1	-1
2844	2555	2555	2555	2555	2555	2555	2555	2555	2555	80	80	1	-1	-1
2845	2556	2556	2556	2556	2556	2556	2556	2556	2556	80	80	1	-1	-1
2846	2557	2557	2557	2557	2557	2557	2557	2557	2557	80	80	0	-1	-1
2847	2558	2558	2558	2558	2558	2558	2558	2558	2558	80	80	1	-1	-1
2848	2312	2559	2559	2560	2561	2562	2563	2561	2559	80	80	0	-1	-1
2849	2564	2564	2564	2564	2564	2564	2564	2564	2564	80	80	1	-1	-1
2850	2565	2565	2565	2565	2565	2565	2565	2565	2565	80	80	1	-1	-1
2851	2312	2566	2566	2567	2568	2568	2567	2568	2566	80	80	0	-1	-1
2852	2312	2569	2569	2569	2569	2569	2569	2569	2569	80	80	0	-1	-1
2853	2312	2570	2570	2570	2570	2570	2570	2570	2570	80	80	0	-1	-1
2854	2312	2571	2571	2571	2571	2571	2571	2571	2571	80	80	0	-1	-1
2855	2312	2572	2572	2572	2572	2572	2572	2572	2572	80	80	0	-1	-1
2856	2573	2573	2573	2573	2573	2573	2573	2573	2573	80	80	1	-1	-1
2857	2574	2574	2574	2574	2574	2574	2574	2574	2574	80	80	0	-1	-1
2858	2575	2575	2575	2575	2575	2575	2575	2575	2575	80	80	0	-1	-1
2859	2576	2576	2576	2576	2576	2576	2576	2576	2576	80	80	0	-1	-1
2860	2577	2577	2577	2577	2577	2577	2577	2577	2577	80	80	0	-1	-1
2861	2578	2578	2578	2578	2578	2578	2578	2578	2578	80	80	0	-1	-1
2862	2579	2579	2579	2579	2579	2579	2579	2579	2579	80	80	0	-1	-1
2863	2580	2580	2580	2580	2580	2580	2580	2580	2580	80	80	0	-1	-1
2864	2581	2581	2581	2581	2581	2581	2581	2581	2581	80	80	0	-1	-1
2865	2582	2582	2582	2582	2582	2582	2582	2582	2582	80	80	0	-1	-1
2866	2583	2583	2583	2583	2583	2583	2583	2583	2583	80	80	0	-1	-1
2867	2584	2584	2584	2584	2584	2584	2584	2584	2584	80	80	1	-1	-1
2868	2585	2585	2585	2585	2585	2585	2585	2585	2585	80	80	1	-1	-1
2869	2586	2586	2586	2587	2588	2589	2590	2588	2586	80	80	0	-1	-1
2870	2591	2591	2591	2592	2593	2593	2594	2593	2591	80	80	0	-1	-1
2871	2595	2595	2595	2596	2597	2597	2596	2597	2595	80	80	0	-1	-1
2872	2598	2598	2598	2598	2598	2598	2598	2598	2598	80	80	1	-1	-1
2873	2599	2599	2599	2599	2599	2599	2599	2599	2599	80	80	1	-1	-1
2874	2600	2600	2600	2600	2600	2600	2600	2600	2600	80	80	1	-1	-1
2875	2601	2601	2601	2601	2601	2601	2601	2601	2601	80	80	1	-1	-1
2876	2602	2602	2602	2602	2602	2602	2602	2602	2602	80	80	1	-1	-1
2877	2312	2603	2603	2604	2605	2605	2604	2605	2603	80	80	0	-1	-1
2878	2312	2606	2606	2607	2608	2608	2607	2608	2606	80	80	0	-1	-1
2879	2609	2609	2609	2609	2609	2609	2609	2609	2609	80	80	0	-1	-1
2880	2610	2610	2610	2610	2610	2610	2610	2610	2610	80	80	1	-1	-1
2881	2312	2611	2611	2611	2611	2611	2611	2611	2611	80	80	1	-1	-1
2882	2312	2612	2612	2612	2612	2612	2612	2612	2612	80	80	1	-1	-1
2883	2613	2613	2613	2613	2613	2613	2613	2613	2613	80	80	0	-1	-1
2884	2312	2614	2614	2614	2614	2614	2614	2614	2614	80	80	0	-1	-1
2885	2312	2615	2615	2616	2617	2617	2616	2617	2615	80	80	0	-1	-1
2886	2312	2618	2618	2619	2620	2621	2622	2620	2618	80	80	0	-1	-1
2887	2312	2623	2623	2624	2625	2625	2626	2625	2623	80	80	0	-1	-1
2888	2627	2627	2627	2627	2627	2627	2627	2627	2627	80	80	0	-1	-1
2889	2628	2628	2628	2628	2628	2628	2628	2628	2628	80	80	1	-1	-1
2890	2312	2629	2629	2630	2631	2632	2633	2631	2629	80	80	0	-1	-1
2891	2312	2634	2634	2635	2636	2637	2638	2636	2634	80	80	0	-1	-1
2892	2639	2639	2639	2639	2639	2639	2639	2639	2639	80	80	0	-1	-1
2893	2640	2640	2640	2640	2640	2640	2640	2640	2640	80	80	0	-1	-1
2894	2641	2641	2641	2641	2641	2641	2641	2641	2641	80	80	1	-1	-1
2895	2642	2642	2642	2642	2642	2642	2642	2642	2642	80	80	1	-1	-1
2896	2643	2643	2643	2643	2643	2643	2643	2643	2643	80	80	0	-1	-1
2897	2644	2644	2644	2644	2644	2644	2644	2644	2644	80	80	0	-1	-1
2898	2645	2645	2645	2645	2645	2645	2645	2645	2645	80	80	1	-1	-1
2899	2646	2646	2646	2646	2646	2646	2646	2646	2646	80	80	1	-1	-1
2900	2647	2647	2647	2648	2649	2649	2650	2649	2647	80	80	0	-1	-1
2901	2651	2651	2651	2651	2651	2651	2651	2651	2651	80	80	1	-1	-1
2902	2652	2652	2652	2652	2652	2652	2652	2652	2652	80	80	1	-1	-1
2903	2312	2653	2653	2654	2655	2655	2656	2655	2653	80	80	0	-1	-1
2904	2312	2657	2657	2658	2659	2660	2661	2659	2657	80	80	0	-1	-1
2905	2312	2662	2662	2663	2664	2664	2663	2664	2662	80	80	0	-1	-1
2906	2665	2665	2665	2665	2665	2665	2665	2665	2665	80	80	0	-1	-1
2907	2666	2666	2666	2666	2666	2666	2666	2666	2666	80	80	0	-1	-1
2908	2667	2667	2667	2667	2667	2667	2667	2667	2667	80	80	0	-1	-1
2909	2668	2668	2668	2668	2668	2668	2668	2668	2668	80	80	0	-1	-1
2910	2669	2669	2669	2669	2669	2669	2669	2669	2669	80	80	0	-1	-1
2911	2670	2670	2670	2670	2670	2670	2670	2670	2670	80	80	1	-1	-1
2912	2671	2671	2671	2671	2671	2671	2671	2671	2671	80	80	1	-1	-1
2913	2672	2672	2672	2672	2672	2672	2672	2672	2672	80	80	1	-1	-1
2914	2673	2673	2673	2673	2673	2673	2673	2673	2673	80	80	1	-1	-1
2915	2312	2674	2674	2675	2675	2675	2676	2675	2674	80	80	0	-1	-1
2916	2677	2677	2677	2677	2677	2677	2677	2677	2677	80	80	1	-1	-1
2917	2678	2678	2678	2678	2678	2678	2678	2678	2678	80	80	1	-1	-1
2918	2679	2679	2679	2679	2679	2679	2679	2679	2679	80	80	0	-1	-1
2919	2312	2680	2680	2681	2682	2683	2681	2682	2680	80	80	0	-1	-1
2920	2684	2684	2684	2684	2684	2684	2684	2684	2684	80	80	1	-1	-1
2921	2685	2685	2685	2685	2685	2685	2685	2685	2685	80	80	1	-1	-1
2922	2686	2686	2686	2686	2686	2686	2686	2686	2686	80	80	0	-1	-1
2923	2687	2687	2687	2687	2687	2687	2687	2687	2687	80	80	0	-1	-1
2924	2688	2688	2688	2688	2688	2688	2688	2688	2688	80	80	0	-1	-1
2925	2689	2689	2689	2689	2689	2689	2689	2689	2689	80	80	0	-1	-1
2926	2690	2690	2690	2690	2690	2690	2690	2690	2690	80	80	0	-1	-1
2927	2691	2691	2691	2691	2691	2691	2691	2691	2691	80	80	0	-1	-1
2928	2692	2692	2692	2692	2692	2692	2692	2692	2692	80	80	0	-1	-1
2929	2693	2693	2693	2693	2693	2693	2693	2693	2693	80	80	0	-1	-1
2930	2694	2694	2694	2694	2694	2694	2694	2694	2694	80	80	0	-1	-1
2931	2695	2695	2695	2695	2695	2695	2695	2695	2695	80	80	0	364	-1
2932	2696	2696	2696	2696	2696	2696	2696	2696	2696	80	80	0	643	-1
2933	2697	2697	2697	2697	2697	2697	2697	2697	2697	80	80	1	-1	-1
2934	2698	2698	2698	2698	2698	2698	2698	2698	2698	80	80	0	642	-1
2935	2699	2699	2699	2699	2699	2699	2699	2699	2699	80	80	1	-1	-1
2936	2700	2700	2700	2700	2700	2700	2700	2700	2700	80	80	1	-1	-1
2937	2701	2701	2701	2701	2701	2701	2701	2701	2701	80	80	1	-1	-1
2938	2702	2702	2702	2702	2702	2702	2702	2702	2702	80	80	0	642	-1
2939	2703	2703	2703	2703	2703	2703	2703	2703	2703	80	80	1	-1	-1
2940	2704	2704	2705	2706	2707	2708	2709	2710	2705	80	80	0	-1	-1
2941	2711	2711	2711	2712	2713	2714	2715	2713	2711	80	80	0	-1	-1
2942	2716	2716	2716	2717	2718	2719	2720	2718	2716	80	80	0	-1	-1
2943	2721	2721	2721	2721	2721	2721	2721	2721	2721	80	80	0	-1	-1
2944	2722	2722	2722	2722	2722	2722	2722	2722	2722	80	80	0	-1	-1
2945	2723	2723	2723	2723	2723	2723	2723	2723	2723	80	80	0	-1	-1
2946	2724	2724	2724	2724	2724	2724	2724	2724	2724	80	80	0	-1	-1
2947	2725	2725	2725	2725	2725	2725	2725	2725	2725	80	80	0	-1	-1
2948	2726	2726	2726	2726	2726	2726	2726	2726	2726	80	80	0	-1	-1
2949	2727	2727	2727	2727	2727	2727	2727	2727	2727	80	80	0	-1	-1
2950	2728	2728	2728	2728	2728	2728	2728	2728	2728	80	80	1	-1	-1
2951	2729	2729	2729	2729	2729	2729	2729	2729	2729	80	80	1	-1	-1
2952	2730	2730	2730	2730	2730	2730	2730	2730	2730	80	80	0	-1	-1
2953	2731	2731	2731	2732	2733	2734	2735	2733	2731	80	80	0	-1	-1
2954	2736	2736	2736	2736	2736	2736	2736	2736	2736	80	80	1	-1	-1
2955	2737	2737	2737	2737	2737	2737	2737	2737	2737	80	80	1	-1	-1
2956	2738	2738	2738	2738	2738	2738	2738	2738	2738	80	80	0	-1	-1
2957	2739	2739	2739	2739	2739	2739	2739	2739	2739	80	80	1	-1	-1
2958	2740	2740	2740	2740	2740	2740	2740	2740	2740	80	80	1	-1	-1
2959	2741	2741	2741	2741	2741	2741	2741	2741	2741	80	80	1	-1	-1
2960	2742	2742	2742	2743	2744	2745	2746	2744	2742	80	80	0	-1	-1
2961	2747	2747	2747	2748	2749	2750	2751	2749	2747	80	80	0	-1	-1
2962	2752	2752	2752	2752	2752	2752	2752	2752	2752	80	80	0	-1	-1
2963	2753	2753	2753	2753	2753	2753	2753	2753	2753	80	80	0	-1	-1
2964	2754	2754	2754	2754	2754	2754	2754	2754	2754	80	80	0	-1	-1
2965	2755	2755	2755	2755	2755	2755	2755	2755	2755	80	80	0	-1	-1
2966	2756	2756	2756	2756	2756	2756	2756	2756	2756	80	80	0	-1	-1
2967	2757	2757	2757	2758	2759	2760	2761	2759	2757	80	80	0	-1	-1
2968	2762	2762	2762	2763	2764	2765	2766	2764	2762	80	80	0	-1	-1
2969	2767	2767	2767	2767	2767	2767	2767	2767	2767	80	80	1	-1	-1
2970	2768	2768	2768	2768	2768	2768	2768	2768	2768	80	80	1	-1	-1
2971	2769	2769	2769	2769	2769	2769	2769	2769	2769	80	80	0	-1	-1
2972	2770	2770	2770	2771	2772	2773	2774	2772	2770	80	80	0	-1	-1
2973	2775	2775	2775	2775	2775	2775	2775	2775	2775	80	80	1	-1	-1
2974	2776	2776	2776	2776	2776	2776	2776	2776	2776	80	80	1	-1	-1
2975	2777	2777	2777	2777	2777	2777	2777	2777	2777	80	80	0	-1	-1
2976	2778	2778	2778	2778	2778	2778	2778	2778	2778	80	80	1	-1	-1
2977	2779	2779	2779	2779	2779	2779	2779	2779	2779	80	80	1	-1	-1
2978	2780	2780	2780	2780	2780	2780	2780	2780	2780	80	80	1	-1	-1
2979	2781	2781	2781	2782	2783	2784	2785	2783	2781	80	80	0	-1	-1
2980	2786	2786	2786	2787	2788	2789	2790	2788	2786	80	80	0	-1	-1
2981	2791	2791	2791	2791	2791	2791	2791	2791	2791	80	80	0	-1	-1
2982	2792	2792	2792	2792	2792	2792	2792	2792	2792	80	80	0	-1	-1
2983	2793	2793	2793	2793	2793	2793	2793	2793	2793	80	80	0	-1	-1
2984	2794	2794	2794	2794	2794	2794	2794	2794	2794	80	80	1	-1	-1
2985	2795	2795	2795	2795	2795	2795	2795	2795	2795	80	80	0	-1	-1
2986	2796	2796	2796	2796	2796	2796	2796	2796	2796	80	80	0	-1	-1
2987	2797	2797	2797	2798	2799	2800	2801	2799	2797	80	80	0	-1	-1
2988	2802	2802	2802	2802	2802	2802	2802	2802	2802	80	80	1	-1	-1
2989	2803	2803	2803	2803	2803	2803	2803	2803	2803	80	80	1	-1	-1
2990	2804	2804	2804	2804	2804	2804	2804	2804	2804	80	80	0	-1	-1
2991	2805	2805	2805	2806	2807	2808	2809	2807	2805	80	80	0	-1	-1
2992	2810	2810	2810	2810	2810	2810	2810	2810	2810	80	80	1	-1	-1
2993	2811	2811	2811	2811	2811	2811	2811	2811	2811	80	80	1	-1	-1
2994	2812	2812	2812	2812	2812	2812	2812	2812	2812	80	80	0	-1	-1
2995	2813	2813	2813	2813	2813	2813	2813	2813	2813	80	80	1	-1	-1
2996	2814	2814	2814	2814	2814	2814	2814	2814	2814	80	80	1	-1	-1
2997	2815	2815	2815	2815	2815	2815	2815	2815	2815	80	80	1	-1	-1
2998	2816	2816	2816	2816	2816	2816	2816	2816	2816	80	80	1	-1	-1
2999	2817	2817	2817	2818	2819	2820	2821	2819	2817	80	80	0	-1	-1
3000	2822	2822	2822	2822	2822	2822	2822	2822	2822	80	80	0	-1	-1
3001	2823	2823	2823	2823	2823	2823	2823	2823	2823	80	80	0	-1	-1
3002	2824	2824	2824	2824	2824	2824	2824	2824	2824	80	80	1	-1	-1
3003	2825	2825	2825	2825	2825	2825	2825	2825	2825	80	80	1	-1	-1
3004	2826	2826	2826	2826	2826	2826	2826	2826	2826	80	80	0	-1	-1
3005	2827	2827	2827	2827	2827	2827	2827	2827	2827	80	80	1	-1	-1
3006	2828	2828	2828	2828	2828	2828	2828	2828	2828	80	80	1	-1	-1
3007	2829	2829	2829	2829	2829	2829	2829	2829	2829	80	80	0	-1	-1
3008	2830	2830	2830	2830	2830	2830	2830	2830	2830	80	80	0	-1	-1
3009	2831	2831	2831	2831	2831	2831	2831	2831	2831	80	80	0	-1	-1
3010	2832	2832	2832	2832	2832	2832	2832	2832	2832	80	80	1	-1	-1
3011	325	325	325	325	325	325	325	325	325	80	80	1	-1	-1
3012	2833	2833	2833	2833	2833	2833	2833	2833	2833	80	80	1	-1	-1
3013	2834	2834	2834	2834	2834	2834	2834	2834	2834	80	80	1	-1	-1
3014	2835	2835	2835	2835	2835	2835	2835	2835	2835	80	80	0	-1	-1
3015	2836	2836	2836	2836	2836	2836	2836	2836	2836	80	80	1	-1	-1
3016	2837	2837	2837	2837	2837	2837	2837	2837	2837	80	80	1	-1	-1
3017	2838	2838	2838	2838	2838	2838	2838	2838	2838	80	80	0	-1	-1
3018	2839	2839	2839	2839	2839	2839	2839	2839	2839	80	80	1	-1	-1
3019	2840	2840	2840	2840	2840	2840	2840	2840	2840	80	80	1	-1	-1
3020	2841	2841	2841	2841	2841	2841	2841	2841	2841	80	80	1	-1	-1
3021	2842	2842	2842	2842	2842	2842	2842	2842	2842	80	80	1	-1	-1
3022	2843	2843	2843	2843	2843	2843	2843	2843	2843	80	80	0	-1	-1
3023	2844	2844	2844	2844	2844	2844	2844	2844	2844	80	80	1	-1	-1
3024	2845	2845	2845	2845	2845	2845	2845	2845	2845	80	80	1	-1	-1
3025	2846	2846	2846	2846	2846	2846	2846	2846	2846	80	80	0	-1	-1
3026	2847	2847	2847	2847	2847	2847	2847	2847	2847	80	80	0	-1	-1
3027	2848	2848	2848	2848	2848	2848	2848	2848	2848	80	80	1	-1	-1
3028	2849	2849	2849	2849	2849	2849	2849	2849	2849	80	80	1	-1	-1
3029	2850	2850	2850	2850	2850	2850	2850	2850	2850	80	80	1	-1	-1
3030	2851	2851	2851	2851	2851	2851	2851	2851	2851	80	80	1	-1	-1
3031	2852	2852	2852	2852	2852	2852	2852	2852	2852	80	80	1	-1	-1
3032	2853	2853	2853	2853	2853	2853	2853	2853	2853	80	80	1	-1	-1
3033	2854	2854	2854	2854	2854	2854	2854	2854	2854	80	80	1	-1	-1
3034	2855	2855	2855	2855	2855	2855	2855	2855	2855	80	80	1	-1	-1
3035	2856	2856	2856	2856	2856	2856	2856	2856	2856	80	80	0	-1	-1
3036	2857	2857	2857	2857	2857	2857	2857	2857	2857	80	80	1	-1	-1
3037	2858	2858	2858	2858	2858	2858	2858	2858	2858	80	80	1	-1	-1
3038	2859	2859	2859	2859	2859	2859	2859	2859	2859	80	80	0	-1	-1
3039	2860	2860	2860	2860	2860	2860	2860	2860	2860	80	80	0	-1	-1
3040	2861	2861	2861	2861	2861	2861	2861	2861	2861	80	80	1	-1	-1
3041	2862	2862	2862	2862	2862	2862	2862	2862	2862	80	80	1	-1	-1
3042	2863	2863	2863	2863	2863	2863	2863	2863	2863	80	80	0	-1	-1
3043	2864	2864	2864	2864	2864	2864	2864	2864	2864	80	80	1	-1	-1
3044	2865	2865	2865	2865	2865	2865	2865	2865	2865	80	80	1	-1	-1
3045	2866	2866	2866	2866	2866	2866	2866	2866	2866	80	80	1	-1	-1
3046	2867	2867	2867	2867	2867	2867	2867	2867	2867	80	80	1	-1	-1
3047	2868	2868	2868	2868	2868	2868	2868	2868	2868	80	80	0	-1	-1
3048	2869	2869	2869	2869	2869	2869	2869	2869	2869	80	80	1	-1	-1
3049	2870	2870	2870	2870	2870	2870	2870	2870	2870	80	80	1	-1	-1
3050	2871	2871	2871	2871	2871	2871	2871	2871	2871	80	80	0	-1	-1
3051	2872	2872	2872	2872	2872	2872	2872	2872	2872	80	80	1	-1	-1
3052	2873	2873	2873	2873	2873	2873	2873	2873	2873	80	80	1	-1	-1
3053	2874	2874	2874	2874	2874	2874	2874	2874	2874	80	80	0	-1	-1
3054	2875	2875	2875	2875	2875	2875	2875	2875	2875	80	80	0	-1	-1
3055	2876	2876	2876	2876	2876	2876	2876	2876	2876	80	80	0	-1	-1
3056	2877	2877	2877	2877	2877	2877	2877	2877	2877	80	80	1	-1	-1
3057	2878	2878	2878	2878	2878	2878	2878	2878	2878	80	80	1	-1	-1
3058	2879	2879	2879	2879	2879	2879	2879	2879	2879	80	80	0	-1	-1
3059	2880	2880	2880	2880	2880	2880	2880	2880	2880	80	80	1	-1	-1
3060	2881	2881	2881	2881	2881	2881	2881	2881	2881	80	80	1	-1	-1
3061	2882	2882	2882	2882	2882	2882	2882	2882	2882	80	80	0	-1	-1
3062	2883	2883	2883	2883	2883	2883	2883	2883	2883	80	80	0	-1	-1
3063	2884	2884	2884	2884	2884	2884	2884	2884	2884	80	80	1	-1	-1
3064	2885	2885	2885	2885	2885	2885	2885	2885	2885	80	80	1	-1	-1
3065	2886	2886	2886	2886	2886	2886	2886	2886	2886	80	80	0	-1	-1
3066	2887	2887	2887	2887	2887	2887	2887	2887	2887	80	80	1	-1	-1
3067	2888	2888	2888	2888	2888	2888	2888	2888	2888	80	80	1	-1	-1
3068	2889	2889	2889	2889	2889	2889	2889	2889	2889	80	80	1	-1	-1
3069	2890	2890	2890	2890	2890	2890	2890	2890	2890	80	80	1	-1	-1
3070	2891	2891	2891	2891	2891	2891	2891	2891	2891	80	80	0	-1	-1
3071	2892	2892	2892	2892	2892	2892	2892	2892	2892	80	80	0	-1	-1
3072	2893	2893	2893	2893	2893	2893	2893	2893	2893	80	80	0	-1	-1
3073	2894	2894	2894	2894	2894	2894	2894	2894	2894	80	80	0	-1	-1
3074	2895	2895	2895	2895	2895	2895	2895	2895	2895	80	80	0	-1	-1
3075	2896	2896	2896	2896	2896	2896	2896	2896	2896	80	80	0	-1	-1
3076	2897	2897	2897	2897	2897	2897	2897	2897	2897	80	80	0	-1	-1
3077	2898	2898	2898	2898	2898	2898	2898	2898	2898	80	80	0	-1	-1
3078	2899	2899	2899	2899	2899	2899	2899	2899	2899	80	80	0	-1	-1
3079	2900	2900	2900	2900	2900	2900	2900	2900	2900	80	80	1	-1	-1
3080	2901	2901	2901	2901	2901	2901	2901	2901	2901	80	80	1	-1	-1
3081	2902	2902	2902	2902	2902	2902	2902	2902	2902	80	80	0	-1	-1
3082	2903	2903	2903	2903	2903	2903	2903	2903	2903	80	80	0	-1	-1
3083	2904	2904	2904	2904	2904	2904	2904	2904	2904	80	80	1	-1	-1
3084	2905	2905	2905	2905	2905	2905	2905	2905	2905	80	80	1	-1	-1
3085	2906	2906	2906	2906	2906	2906	2906	2906	2906	80	80	0	-1	-1
3086	2907	2907	2907	2907	2907	2907	2907	2907	2907	80	80	1	-1	-1
3087	2908	2908	2908	2908	2908	2908	2908	2908	2908	80	80	1	-1	-1
3088	2909	2909	2909	2909	2909	2909	2909	2909	2909	80	80	1	-1	-1
3089	2910	2910	2910	2911	2912	2913	2914	2912	2910	80	80	0	-1	-1
3090	2915	2915	2915	2916	2917	2918	2919	2917	2915	80	80	0	-1	-1
3091	2920	2920	2920	2920	2920	2920	2920	2920	2920	80	80	0	-1	-1
3092	2921	2921	2921	2921	2921	2921	2921	2921	2921	80	80	0	-1	-1
3093	2922	2922	2922	2922	2922	2922	2922	2922	2922	80	80	1	-1	-1
3094	2923	2923	2923	2923	2923	2923	2923	2923	2923	80	80	1	-1	-1
3095	2924	2924	2924	2924	2924	2924	2924	2924	2924	80	80	1	-1	-1
3096	2925	2925	2925	2925	2925	2925	2925	2925	2925	80	80	1	-1	-1
3097	2926	2926	2926	2926	2926	2926	2926	2926	2926	80	80	0	-1	-1
3098	2927	2927	2927	2927	2927	2927	2927	2927	2927	80	80	0	-1	-1
3099	2928	2928	2928	2929	2930	2931	2932	2930	2928	80	80	0	-1	-1
3100	2933	2933	2933	2933	2933	2933	2933	2933	2933	80	80	1	-1	-1
3101	2934	2934	2934	2934	2934	2934	2934	2934	2934	80	80	1	-1	-1
3102	2935	2935	2935	2935	2935	2935	2935	2935	2935	80	80	0	-1	-1
3103	2936	2936	2936	2937	2938	2939	2940	2938	2936	80	80	0	-1	-1
3104	2941	2941	2941	2941	2941	2941	2941	2941	2941	80	80	1	-1	-1
3105	2942	2942	2942	2942	2942	2942	2942	2942	2942	80	80	1	-1	-1
3106	2943	2943	2943	2943	2943	2943	2943	2943	2943	80	80	0	-1	-1
3107	2944	2944	2944	2944	2944	2944	2944	2944	2944	80	80	1	-1	-1
3108	2945	2945	2945	2945	2945	2945	2945	2945	2945	80	80	1	-1	-1
3109	2946	2946	2946	2946	2946	2946	2946	2946	2946	80	80	1	-1	-1
3110	2947	2947	2947	2947	2947	2947	2947	2947	2947	80	80	1	-1	-1
3111	2948	2948	2948	2948	2948	2948	2948	2948	2948	80	80	1	-1	-1
3112	2949	2949	2949	2949	2949	2949	2949	2949	2949	80	80	1	-1	-1
3113	2950	2950	2950	2950	2950	2950	2950	2950	2950	80	80	0	-1	-1
3114	2951	2951	2951	2951	2951	2951	2951	2951	2951	80	80	0	-1	-1
3115	2952	2952	2952	2952	2952	2952	2952	2952	2952	80	80	0	-1	-1
3116	2953	2953	2953	2953	2953	2953	2953	2953	2953	80	80	1	-1	-1
3117	2954	2954	2954	2954	2954	2954	2954	2954	2954	80	80	1	-1	-1
3118	2955	2955	2955	2955	2955	2955	2955	2955	2955	80	80	1	-1	-1
3119	2956	2956	2956	2956	2956	2956	2956	2956	2956	80	80	1	-1	-1
3120	2957	2957	2957	2957	2957	2957	2957	2957	2957	80	80	1	-1	-1
3121	2958	2958	2958	2958	2958	2958	2958	2958	2958	80	80	1	-1	-1
3122	2959	2959	2959	2959	2959	2959	2959	2959	2959	80	80	1	-1	-1
3123	2960	2960	2960	2960	2960	2960	2960	2960	2960	80	80	1	-1	-1
3124	2961	2961	2961	2961	2961	2961	2961	2961	2961	80	80	0	-1	-1
3125	2962	2962	2962	2962	2962	2962	2962	2962	2962	80	80	1	-1	-1
3126	2963	2963	2963	2963	2963	2963	2963	2963	2963	80	80	1	-1	-1
3127	2964	2964	2964	2964	2964	2964	2964	2964	2964	80	80	0	-1	-1
3128	2965	2965	2965	2965	2965	2965	2965	2965	2965	80	80	0	-1	-1
3129	2966	2966	2966	2966	2966	2966	2966	2966	2966	80	80	1	-1	-1
3130	2967	2967	2967	2967	2967	2967	2967	2967	2967	80	80	1	-1	-1
3131	2968	2968	2968	2968	2968	2968	2968	2968	2968	80	80	0	-1	-1
3132	2969	2969	2969	2969	2969	2969	2969	2969	2969	80	80	1	-1	-1
3133	2970	2970	2970	2970	2970	2970	2970	2970	2970	80	80	1	-1	-1
3134	2971	2971	2971	2971	2971	2971	2971	2971	2971	80	80	1	-1	-1
3135	2972	2972	2972	2972	2972	2972	2972	2972	2972	80	80	1	-1	-1
3136	2973	2973	2973	2973	2973	2973	2973	2973	2973	80	80	1	-1	-1
3137	2974	2974	2974	2974	2974	2974	2974	2974	2974	80	80	1	-1	-1
3138	2975	2975	2975	2975	2975	2975	2975	2975	2975	80	80	1	-1	-1
3139	2976	2976	2976	2976	2976	2976	2976	2976	2976	80	80	1	-1	-1
3140	2977	2977	2977	2977	2977	2977	2977	2977	2977	80	80	1	-1	-1
3141	2978	2978	2978	2978	2978	2978	2978	2978	2978	80	80	1	-1	-1
3142	2979	2979	2979	2979	2979	2979	2979	2979	2979	80	80	1	-1	-1
3143	2980	2980	2980	2980	2980	2980	2980	2980	2980	80	80	1	-1	-1
3144	2981	2981	2981	2981	2981	2981	2981	2981	2981	80	80	0	-1	-1
3145	2982	2982	2982	2982	2982	2982	2982	2982	2982	80	80	0	-1	-1
3146	2983	2983	2983	2983	2983	2983	2983	2983	2983	80	80	0	-1	-1
3147	2984	2984	2984	2984	2984	2984	2984	2984	2984	80	80	0	-1	-1
3148	2985	2985	2985	2985	2985	2985	2985	2985	2985	80	80	0	-1	-1
3149	2986	2986	2986	2986	2986	2986	2986	2986	2986	80	80	0	-1	-1
3150	2987	2987	2987	2987	2987	2987	2987	2987	2987	80	80	0	-1	-1
3151	2988	2988	2988	2988	2988	2988	2988	2988	2988	80	80	0	-1	-1
3152	2989	2989	2989	2989	2989	2989	2989	2989	2989	80	80	0	-1	-1
3153	2990	2990	2990	2990	2990	2990	2990	2990	2990	80	80	1	-1	-1
3154	2991	2991	2991	2991	2991	2991	2991	2991	2991	80	80	1	-1	-1
3155	2992	2993	2993	2994	2995	2995	2994	2995	2993	80	80	0	-1	-1
3156	2996	2996	2996	2996	2996	2996	2996	2996	2996	80	80	0	-1	-1
3157	2997	2997	2997	2997	2997	2997	2997	2998	2997	80	80	0	-1	0
3158	2999	2999	2999	2999	2999	2999	2999	2999	2999	80	80	0	-1	-1
3159	3000	3000	3000	3000	3000	3000	3000	3001	3000	80	80	0	-1	0
3160	3002	3002	3002	3002	3002	3002	3002	3002	3002	80	80	0	-1	0
3161	3003	3003	3003	3003	3003	3003	3003	3003	3003	80	80	0	-1	-1
3162	3004	3004	3004	3004	3004	3004	3004	3004	3004	80	80	0	-1	0
3163	3005	3005	3005	3005	3005	3005	3005	3006	3005	80	80	0	-1	0
3164	3007	3007	3007	3007	3007	3007	3007	3008	3007	80	80	0	-1	-1
3165	3009	3009	3009	3009	3009	3009	3009	3010	3009	80	80	0	-1	-1
3166	3011	3011	3011	3011	3011	3011	3011	3011	3011	80	80	0	-1	0
3167	3012	3012	3012	3012	3012	3012	3012	3012	3012	80	80	0	-1	-1
3168	3013	3013	3013	3013	3013	3013	3013	3013	3013	80	80	0	642	-1
3169	3014	3014	3014	3014	3014	3014	3014	3015	3014	80	80	0	-1	0
3170	3016	3016	3016	3016	3016	3016	3016	3017	3016	80	80	0	-1	0
3171	3018	3018	3018	3018	3018	3018	3018	3019	3018	80	80	0	-1	-1
3172	3020	3020	3020	3020	3020	3020	3020	3020	3020	80	80	0	-1	0
3173	3021	3021	3021	3021	3021	3021	3021	3022	3021	80	80	0	-1	0
3174	3023	3023	3023	3023	3023	3023	3023	3024	3023	80	80	0	-1	0
3175	3025	3025	3025	3025	3025	3025	3025	3025	3025	80	80	0	-1	-1
3176	3026	3026	3026	3026	3026	3026	3026	3026	3026	80	80	0	-1	0
3177	3027	3027	3027	3027	3027	3027	3027	3027	3027	80	80	0	-1	-1
3178	3028	3028	3028	3028	3028	3028	3028	3028	3028	80	80	0	-1	0
3179	3029	3029	3029	3029	3029	3029	3029	3030	3029	80	80	0	-1	-1
3180	3031	3031	3031	3031	3031	3031	3031	3032	3031	80	80	0	-1	-1
3181	3033	3033	3033	3033	3033	3033	3033	3034	3033	80	80	0	-1	-1
3182	3035	3035	3035	3035	3035	3035	3035	3036	3035	80	80	0	-1	-1
3183	1415	1415	1415	1415	1415	1415	1415	1415	1415	1415	1415	0	-1	-1
3184	3037	3037	3037	3037	3037	3037	3037	3037	3037	80	80	1	-1	-1
3185	3038	3038	3038	3038	3038	3038	3038	3038	3038	80	80	1	-1	-1
3186	3039	3039	3039	3039	3039	3039	3039	3039	3039	80	80	1	-1	-1
3187	3040	3040	3040	3040	3040	3040	3040	3040	3040	80	80	1	-1	-1
3188	3041	3041	3041	3041	3041	3041	3041	3041	3041	80	80	1	-1	-1
3189	3042	3042	3042	3042	3042	3042	3042	3042	3042	80	80	1	-1	-1
3190	3043	3043	3043	3043	3043	3043	3043	3043	3043	3043	3043	1	-1	-1
3191	3044	3044	3044	3044	3044	3044	3044	3044	3044	3044	3044	1	-1	-1
3192	3045	3045	3045	3045	3045	3045	3045	3045	3045	3045	3045	1	-1	-1
3193	3046	3046	3046	3046	3046	3046	3046	3046	3046	3046	3046	1	-1	-1
3194	3047	3047	3047	3047	3047	3047	3047	3047	3047	3047	3047	1	-1	-1
3195	3048	3048	3048	3048	3048	3048	3048	3048	3048	3048	3048	0	766	-1
3196	3049	3049	3049	3049	3049	3049	3049	3049	3049	3049	3049	0	827	-1
3197	3050	3050	3050	3050	3050	3050	3050	3050	3050	80	80	1	-1	-1
3198	3051	3051	3051	3051	3051	3051	3051	3051	3051	80	80	1	-1	-1
3199	3052	3052	3052	3052	3052	3052	3052	3052	3052	80	80	1	-1	-1
3200	3053	3053	3053	3053	3053	3053	3053	3053	3053	80	80	1	-1	-1
3201	3054	3054	3054	3054	3054	3054	3054	3054	3054	80	80	1	-1	-1
3202	3055	3055	3055	3055	3055	3055	3055	3055	3055	80	80	1	-1	-1
3203	3056	3056	3056	3056	3056	3056	3056	3056	3056	80	80	1	-1	-1
3204	3057	3057	3057	3057	3057	3057	3057	3057	3057	80	80	1	-1	-1
3205	3058	3058	3058	3058	3058	3058	3058	3058	3058	80	80	1	-1	-1
3206	3059	3059	3059	3059	3059	3059	3059	3059	3059	80	80	1	-1	-1
3207	3060	3060	3060	3060	3060	3060	3060	3060	3060	80	80	1	-1	-1
3208	3061	3061	3061	3061	3061	3061	3061	3061	3061	80	80	1	-1	-1
3209	3062	3062	3062	3062	3062	3062	3062	3062	3062	80	80	1	-1	-1
3210	3063	3063	3063	3063	3063	3063	3063	3063	3063	80	80	1	-1	-1
3211	3064	3064	3064	3064	3064	3064	3064	3064	3064	80	80	1	-1	-1
3212	3065	3065	3065	3065	3065	3065	3065	3065	3065	80	80	1	-1	-1
3213	3066	3066	3066	3066	3066	3066	3066	3066	3066	80	80	1	-1	-1
3214	3067	3067	3067	3067	3067	3067	3067	3067	3067	80	80	1	-1	-1
3215	3068	3068	3068	3068	3068	3068	3068	3068	3068	80	80	1	-1	-1
3216	3069	3069	3069	3069	3069	3069	3069	3069	3069	80	80	1	-1	-1
3217	3070	3070	3070	3070	3070	3070	3070	3070	3070	80	80	1	-1	-1
3218	3071	3071	3071	3071	3071	3071	3071	3071	3071	80	80	1	-1	-1
3219	3072	3072	3072	3072	3072	3072	3072	3072	3072	80	80	1	-1	-1
3220	3073	3073	3073	3073	3073	3073	3073	3073	3073	80	80	1	-1	-1
3221	3074	3074	3074	3074	3074	3074	3074	3074	3074	80	80	1	-1	-1
3222	3075	3075	3075	3075	3075	3075	3075	3075	3075	80	80	1	-1	-1
3223	3076	3076	3076	3076	3076	3076	3076	3076	3076	80	80	1	-1	-1
3224	3077	3077	3077	3077	3077	3077	3077	3077	3077	80	80	1	-1	-1
3225	3078	3078	3078	3078	3078	3078	3078	3078	3078	80	80	1	-1	-1
3226	3079	3079	3079	3079	3079	3079	3079	3079	3079	80	80	1	-1	-1
3227	3080	3080	3080	3080	3080	3080	3080	3080	3080	80	80	1	-1	-1
3228	3081	3081	3081	3081	3081	3081	3081	3081	3081	80	80	1	-1	-1
3229	3082	3082	3082	3082	3082	3082	3082	3082	3082	80	80	1	-1	-1
3230	3083	3083	3083	3083	3083	3083	3083	3083	3083	80	80	1	-1	-1
3231	3084	3084	3084	3084	3084	3084	3084	3084	3084	80	80	1	-1	-1
3232	3085	3085	3085	3085	3085	3085	3085	3085	3085	80	80	1	-1	-1
3233	3086	3086	3086	3086	3086	3086	3086	3086	3086	80	80	1	-1	-1
3234	3087	3087	3087	3087	3087	3087	3087	3087	3087	80	80	1	-1	-1
3235	3088	3088	3088	3088	3088	3088	3088	3088	3088	80	80	1	-1	-1
3236	3089	3089	3089	3089	3089	3089	3089	3089	3089	80	80	1	-1	-1
3237	3090	3090	3090	3090	3090	3090	3090	3090	3090	80	80	1	-1	-1
3238	3091	3091	3091	3091	3091	3091	3091	3091	3091	80	80	1	-1	-1
3239	3092	3092	3092	3092	3092	3092	3092	3092	3092	80	80	1	-1	-1
3240	3093	3093	3093	3093	3093	3093	3093	3093	3093	80	80	1	-1	-1
3241	3094	3094	3094	3094	3094	3094	3094	3094	3094	80	80	1	-1	-1
3242	3095	3095	3095	3095	3095	3095	3095	3095	3095	80	80	1	-1	-1
3243	3096	3096	3096	3096	3096	3096	3096	3096	3096	80	80	1	-1	-1
3244	3097	3097	3097	3097	3097	3097	3097	3097	3097	80	80	1	-1	-1
3245	3098	3098	3098	3098	3098	3098	3098	3098	3098	80	80	1	-1	-1
3246	3099	3099	3099	3099	3099	3099	3099	3099	3099	80	80	1	-1	-1
3247	3100	3100	3100	3100	3100	3100	3100	3100	3100	80	80	1	-1	-1
3248	3101	3101	3101	3101	3101	3101	3101	3101	3101	80	80	1	-1	-1
3249	3102	3102	3102	3102	3102	3102	3102	3102	3102	80	80	1	-1	-1
3250	3103	3103	3103	3103	3103	3103	3103	3103	3103	80	80	1	-1	-1
3251	3104	3104	3104	3104	3104	3104	3104	3104	3104	80	80	1	-1	-1
3252	3105	3105	3105	3105	3105	3105	3105	3105	3105	80	80	1	-1	-1
3253	3106	3106	3106	3106	3106	3106	3106	3106	3106	80	80	1	-1	-1
3254	3107	3107	3107	3107	3107	3107	3107	3107	3107	80	80	1	-1	-1
3255	3108	3108	3108	3108	3108	3108	3108	3108	3108	80	80	1	-1	-1
3256	3109	3109	3109	3109	3109	3109	3109	3109	3109	80	80	1	-1	-1
3257	3110	3110	3110	3110	3110	3110	3110	3110	3110	80	80	1	-1	-1
3258	3111	3111	3111	3111	3111	3111	3111	3111	3111	80	80	1	-1	-1
3259	3112	3112	3112	3112	3112	3112	3112	3112	3112	80	80	1	-1	-1
3260	3113	3113	3113	3113	3113	3113	3113	3113	3113	80	80	1	-1	-1
3261	3114	3114	3114	3114	3114	3114	3114	3114	3114	80	80	1	-1	-1
3262	3115	3115	3115	3115	3115	3115	3115	3115	3115	80	80	1	-1	-1
3263	3116	3116	3116	3116	3116	3116	3116	3116	3116	80	80	1	-1	-1
3264	3117	3117	3117	3117	3117	3117	3117	3117	3117	80	80	1	-1	-1
3265	3118	3118	3118	3118	3118	3118	3118	3118	3118	80	80	1	-1	-1
3266	3119	3119	3119	3119	3119	3119	3119	3119	3119	80	80	1	-1	-1
3267	3120	3120	3120	3120	3120	3120	3120	3120	3120	80	80	1	-1	-1
3268	3121	3121	3121	3121	3121	3121	3121	3121	3121	80	80	1	-1	-1
3269	3122	3122	3122	3122	3122	3122	3122	3122	3122	80	80	1	-1	-1
3270	3123	3123	3123	3123	3123	3123	3123	3123	3123	80	80	1	-1	-1
3271	3124	3124	3124	3124	3124	3124	3124	3124	3124	80	80	1	-1	-1
3272	3125	3125	3125	3125	3125	3125	3125	3125	3125	80	80	1	-1	-1
3273	3126	3126	3126	3126	3126	3126	3126	3126	3126	80	80	1	-1	-1
3274	3127	3127	3127	3127	3127	3127	3127	3127	3127	80	80	1	-1	-1
3275	3128	3128	3128	3128	3128	3128	3128	3128	3128	80	80	1	-1	-1
3276	3129	3129	3129	3129	3129	3129	3129	3129	3129	80	80	1	-1	-1
3277	3130	3130	3130	3130	3130	3130	3130	3130	3130	80	80	1	-1	-1
3278	3131	3131	3131	3131	3131	3131	3131	3131	3131	80	80	1	-1	-1
3279	3132	3132	3132	3132	3132	3132	3132	3132	3132	80	80	1	-1	-1
3280	3133	3133	3133	3133	3133	3133	3133	3133	3133	80	80	1	-1	-1
3281	3134	3134	3134	3134	3134	3134	3134	3134	3134	80	80	1	-1	-1
3282	3135	3135	3135	3135	3135	3135	3135	3135	3135	80	80	1	-1	-1
3283	3136	3136	3136	3136	3136	3136	3136	3136	3136	80	80	1	-1	-1
3284	3137	3137	3137	3137	3137	3137	3137	3137	3137	80	80	1	-1	-1
3285	3138	3138	3138	3138	3138	3138	3138	3138	3138	80	80	1	-1	-1
3286	3139	3139	3139	3139	3139	3139	3139	3139	3139	80	80	1	-1	-1
3287	3140	3140	3140	3140	3140	3140	3140	3140	3140	80	80	1	-1	-1
3288	3141	3141	3141	3141	3141	3141	3141	3141	3141	80	80	1	-1	-1
3289	3142	3142	3142	3142	3142	3142	3142	3142	3142	80	80	1	-1	-1
3290	3143	3143	3143	3143	3143	3143	3143	3143	3143	80	80	1	-1	-1
3291	3144	3144	3144	3144	3144	3144	3144	3144	3144	80	80	1	-1	-1
3292	3145	3145	3145	3145	3145	3145	3145	3145	3145	80	80	1	-1	-1
3293	3146	3146	3146	3146	3146	3146	3146	3146	3146	80	80	1	-1	-1
3294	3147	3147	3147	3147	3147	3147	3147	3147	3147	80	80	1	-1	-1
3295	3148	3148	3148	3148	3148	3148	3148	3148	3148	80	80	1	-1	-1
3296	3149	3149	3149	3149	3149	3149	3149	3149	3149	80	80	1	-1	-1
3297	3150	3150	3150	3150	3150	3150	3150	3150	3150	80	80	1	-1	-1
3298	3151	3151	3151	3151	3151	3151	3151	3151	3151	80	80	1	-1	-1
3299	3152	3152	3152	3152	3152	3152	3152	3152	3152	80	80	1	-1	-1
3300	3153	3153	3153	3153	3153	3153	3153	3153	3153	80	80	1	-1	-1
3301	3154	3154	3154	3154	3154	3154	3154	3154	3154	80	80	1	-1	-1
3302	3155	3155	3155	3155	3155	3155	3155	3155	3155	80	80	1	-1	-1
3303	3156	3156	3156	3156	3156	3156	3156	3156	3156	80	80	1	-1	-1
3304	3157	3157	3157	3157	3157	3157	3157	3157	3157	80	80	1	-1	-1
3305	3158	3158	3158	3158	3158	3158	3158	3158	3158	80	80	1	-1	-1
3306	3159	3159	3159	3159	3159	3159	3159	3159	3159	80	80	1	-1	-1
3307	3160	3160	3160	3160	3160	3160	3160	3160	3160	80	80	1	-1	-1
3308	3161	3161	3161	3161	3161	3161	3161	3161	3161	80	80	1	-1	-1
3309	3162	3162	3162	3162	3162	3162	3162	3162	3162	80	80	1	-1	-1
3310	3163	3163	3163	3163	3163	3163	3163	3163	3163	80	80	1	-1	-1
3311	3164	3164	3164	3164	3164	3164	3164	3164	3164	80	80	1	-1	-1
3312	3165	3165	3165	3165	3165	3165	3165	3165	3165	80	80	1	-1	-1
3313	3166	3166	3166	3166	3166	3166	3166	3166	3166	80	80	1	-1	-1
3314	3167	3167	3167	3167	3167	3167	3167	3167	3167	80	80	1	-1	-1
3315	3168	3168	3168	3168	3168	3168	3168	3168	3168	80	80	1	-1	-1
3316	3169	3169	3169	3169	3169	3169	3169	3169	3169	80	80	1	-1	-1
3317	3170	3170	3170	3170	3170	3170	3170	3170	3170	80	80	1	-1	-1
3318	3171	3171	3171	3171	3171	3171	3171	3171	3171	80	80	1	-1	-1
3319	3172	3172	3172	3172	3172	3172	3172	3172	3172	80	80	1	-1	-1
3320	3173	3173	3173	3173	3173	3173	3173	3173	3173	80	80	1	-1	-1
3321	3174	3174	3174	3174	3174	3174	3174	3174	3174	80	80	1	-1	-1
3322	3175	3175	3175	3175	3175	3175	3175	3175	3175	80	80	1	-1	-1
3323	3176	3176	3176	3176	3176	3176	3176	3176	3176	80	80	1	-1	-1
3324	3177	3177	3177	3177	3177	3177	3177	3177	3177	80	80	1	-1	-1
3325	3178	3178	3178	3178	3178	3178	3178	3178	3178	80	80	1	-1	-1
3326	3179	3179	3179	3179	3179	3179	3179	3179	3179	80	80	1	-1	-1
3327	3180	3180	3180	3180	3180	3180	3180	3180	3180	80	80	1	-1	-1
3328	3181	3181	3181	3181	3181	3181	3181	3181	3181	80	80	1	-1	-1
3329	3182	3182	3182	3182	3182	3182	3182	3182	3182	80	80	1	-1	-1
3330	3183	3183	3183	3183	3183	3183	3183	3183	3183	80	80	1	-1	-1
3331	3184	3184	3184	3184	3184	3184	3184	3184	3184	80	80	1	-1	-1
3332	3185	3185	3185	3185	3185	3185	3185	3185	3185	80	80	1	-1	-1
3333	3186	3186	3186	3186	3186	3186	3186	3186	3186	80	80	1	-1	-1
3334	3187	3187	3187	3187	3187	3187	3187	3187	3187	80	80	1	-1	-1
3335	3188	3188	3188	3188	3188	3188	3188	3188	3188	80	80	1	-1	-1
3336	3189	3189	3189	3189	3189	3189	3189	3189	3189	80	80	1	-1	-1
3337	3190	3190	3190	3190	3190	3190	3190	3190	3190	80	80	1	-1	-1
3338	3191	3191	3191	3191	3191	3191	3191	3191	3191	80	80	1	-1	-1
3339	3192	3192	3192	3192	3192	3192	3192	3192	3192	80	80	1	-1	-1
3340	3193	3193	3193	3193	3193	3193	3193	3193	3193	80	80	1	-1	-1
3341	3194	3194	3194	3194	3194	3194	3194	3194	3194	80	80	1	-1	-1
3342	3195	3195	3195	3195	3195	3195	3195	3195	3195	80	80	1	-1	-1
3343	3196	3196	3196	3196	3196	3196	3196	3196	3196	80	80	1	-1	-1
3344	3197	3197	3197	3197	3197	3197	3197	3197	3197	80	80	1	-1	-1
3345	3198	3198	3198	3198	3198	3198	3198	3198	3198	80	80	1	-1	-1
3346	3199	3199	3199	3199	3199	3199	3199	3199	3199	3199	3199	1	-1	-1
3347	3200	3200	3200	3200	3200	3200	3200	3200	3200	3200	3200	1	-1	-1
3348	3201	3201	3201	3201	3201	3201	3201	3201	3201	3201	3201	0	961	-1
3349	3202	3202	3202	3202	3202	3202	3202	3202	3202	3202	3202	0	1265	-1
3350	3203	3203	3203	3203	3203	3203	3203	3203	3203	3203	3203	0	1253	-1
3351	3204	3204	3204	3204	3204	3204	3204	3204	3204	3204	3204	0	1257	-1
3352	3205	3205	3205	3205	3205	3205	3205	3205	3205	3205	3205	0	1254	-1
3353	3206	3206	3206	3206	3206	3206	3206	3206	3206	3206	3206	0	1256	-1
3354	3207	3207	3207	3207	3207	3207	3207	3207	3207	3207	3207	0	1255	-1
3355	3208	3208	3208	3208	3208	3208	3208	3208	3208	3208	3208	1	-1	-1
3356	3209	3209	3209	3209	3209	3209	3209	3209	3209	3209	3209	0	-1	-1
3357	3210	3210	3210	3210	3210	3210	3210	3210	3210	3210	3210	0	-1	-1
3358	3211	3211	3211	3211	3211	3211	3211	3211	3211	3211	3211	0	-1	-1
3359	3212	3212	3212	3212	3212	3212	3212	3212	3212	3212	3212	1	-1	-1
3360	3213	3213	3213	3213	3213	3213	3213	3213	3213	3213	3213	0	-1	-1
3361	3214	3214	3214	3214	3214	3214	3214	3214	3214	3214	3214	0	-1	-1
3362	1751	1751	1751	1751	1751	1751	1751	1751	1751	1751	1751	0	1420	-1
3363	3216	3216	3216	3216	3216	3216	3216	3216	3216	3216	3216	1	-1	-1
3364	3217	3217	3217	3217	3217	3217	3217	3217	3217	3217	3217	1	-1	-1
3365	3218	3218	3218	3218	3218	3218	3218	3218	3218	3218	3218	0	-1	-1
3366	3219	3219	3219	3219	3219	3219	3219	3219	3219	3219	3219	0	1439	-1
3367	3219	3219	3219	3219	3219	3219	3219	3219	3219	3219	3219	0	1440	-1
3368	3219	3219	3219	3219	3219	3219	3219	3219	3219	3219	3219	0	1441	-1
3369	3220	3220	3220	3220	3220	3220	3220	3220	3220	3220	3220	1	-1	-1
3370	3221	3221	3221	3221	3221	3221	3221	3221	3221	3221	3221	1	-1	-1
3371	3222	3222	3222	3222	3222	3222	3222	3222	3222	3222	3222	0	-1	-1
3372	3223	3223	3223	3223	3223	3223	3223	3223	3223	3223	3223	0	-1	-1
3373	3224	3224	3224	3224	3224	3224	3224	3224	3224	3224	3224	0	-1	-1
3374	3225	3225	3225	3225	3225	3225	3225	3225	3225	3225	3225	1	-1	-1
3375	3226	3226	3226	3226	3226	3226	3226	3226	3226	3226	3226	0	1511	-1
3376	3227	3227	3227	3227	3227	3227	3227	3227	3227	3227	3227	0	-1	-1
3377	3228	3228	3228	3228	3228	3228	3228	3228	3228	3228	3228	0	1491	-1
3378	3228	3228	3228	3228	3228	3228	3228	3228	3228	3228	3228	0	1492	-1
3379	3228	3228	3228	3228	3228	3228	3228	3228	3228	3228	3228	0	1493	-1
3380	3229	3229	3229	3229	3229	3229	3229	3229	3229	3229	3229	0	1501	-1
3381	3230	3230	3230	3230	3230	3230	3230	3230	3230	3230	3230	0	1498	-1
3382	3226	3226	3226	3226	3226	3226	3226	3226	3226	3226	3226	0	1512	-1
3383	3226	3226	3226	3226	3226	3226	3226	3226	3226	3226	3226	0	1513	-1
3384	3226	3226	3226	3226	3226	3226	3226	3226	3226	3226	3226	0	1514	-1
3385	3231	3231	3231	3231	3231	3231	3231	3231	3231	3231	3231	0	1518	-1
3386	3231	3231	3231	3231	3231	3231	3231	3231	3231	3231	3231	0	1519	-1
3387	3231	3231	3231	3231	3231	3231	3231	3231	3231	3231	3231	0	1520	-1
3388	3232	3232	3232	3232	3232	3232	3232	3232	3232	3232	3232	1	-1	-1
3389	1806	1807	1807	1808	1809	1809	1808	1809	1809	1803	1803	0	-1	0
3390	1839	1840	1840	1841	1842	1842	1841	1842	1842	1836	1836	0	-1	0
3391	1863	1864	1864	1865	1866	1866	1865	1866	1866	1860	1860	0	-1	0
3392	1887	1888	1888	1889	1890	1890	1889	1890	1890	1884	1884	0	-1	0
3393	1859	1859	1859	1859	1859	1859	1859	1859	1859	1859	1859	0	-1	0
3394	1910	1910	1910	1910	1910	1910	1910	1910	1910	1910	1910	0	-1	0
3395	1883	1884	1884	1885	1886	1886	1885	1886	1886	1888	1888	0	-1	0
3396	1802	1803	1803	1804	1805	1805	1804	1805	1805	1807	1807	0	-1	0
3397	2049	2050	2050	2051	2052	2052	2051	2052	2052	2054	2054	0	-1	0
3398	2053	2054	2054	2055	2056	2056	2055	2056	2056	2050	2050	0	-1	0
3399	2080	2081	2081	2082	2083	2083	2082	2083	2083	2085	2085	0	-1	0
3400	2109	594	594	2110	2111	2111	2110	2111	2111	2113	2113	0	-1	0
3401	2112	2113	2113	2114	2115	2115	2114	2115	2115	594	594	0	-1	0
3402	1994	1995	1995	1996	1997	1997	1996	1997	1997	1991	1991	0	-1	0
3403	2084	2085	2085	2086	2087	2087	2086	2087	2087	2081	2081	0	-1	0
3404	2018	2019	2019	2020	2021	2021	2020	2021	2021	2015	2015	0	-1	0
3405	394	394	394	394	394	394	394	394	394	394	394	0	-1	-1
3406	3233	3233	3233	3233	3233	3233	3233	3233	3233	3233	3233	0	-1	-1
3407	3234	3234	3234	3234	3234	3234	3234	3234	3234	3234	3234	0	-1	-1
3408	2252	2262	2262	2262	2262	2262	2262	2262	2262	2252	2252	0	-1	-1
3409	3235	3235	3235	3235	3235	3235	3235	3235	3235	3235	3235	0	-1	-1
3410	3236	3236	3236	3236	3236	3236	3236	3236	3236	3236	3236	0	-1	-1
3411	3237	3237	3237	3237	3237	3237	3237	3237	3237	3237	3237	0	-1	-1
3412	3238	3238	3238	3238	3238	3238	3238	3238	3238	3238	3238	0	-1	-1
3413	10	10	10	10	10	10	10	10	10	3239	3239	0	-1	-1
3414	3240	3240	3240	3240	3240	3240	3240	3240	3240	3241	3241	0	-1	-1
3415	3242	10	10	10	10	10	10	10	10	3242	3242	0	-1	-1
3416	3243	3244	3244	3244	3244	3244	3244	3244	3244	3243	3243	0	-1	-1
3417	3245	3245	3245	3245	3245	3245	3245	3245	3245	3245	3245	0	-1	-1
3418	3246	3246	3246	3246	3246	3246	3246	3246	3246	3246	3246	0	-1	-1
3419	2258	3247	3247	3247	3247	3247	3247	3247	3247	2258	2258	0	-1	-1
3420	31	31	31	31	31	31	31	31	31	2211	2211	0	-1	-1
3421	3248	3248	3248	3248	3248	3248	3248	3248	3248	3248	3248	0	-1	-1
3422	3249	3249	3249	3249	3249	3249	3249	3249	3249	3249	3249	0	-1	-1
3423	31	31	31	31	31	31	31	31	31	3250	3250	0	-1	-1
3424	250	250	250	250	250	250	250	250	250	3251	3251	0	-1	-1
3425	78	110	111	112	113	114	115	113	113	506	506	0	-1	-1
3426	9	9	9	9	9	9	9	9	9	3252	3252	0	-1	-1
3427	3253	3253	3253	3253	3253	3253	3253	3253	3253	3253	3253	0	-1	-1
3428	3254	3254	3254	3254	3254	3254	3254	3254	3254	3254	3254	0	-1	-1
3429	3255	3255	3255	3255	3255	3255	3255	3255	3255	3255	3255	0	-1	-1
3430	7	7	7	7	7	7	7	7	7	10	10	0	-1	-1
3431	7	7	7	7	7	7	7	7	7	30	30	0	-1	-1
3432	7	7	7	7	7	7	7	7	7	33	33	0	-1	-1
3433	7	7	7	7	7	7	7	7	7	31	31	0	-1	-1
3434	246	246	246	246	246	246	246	246	246	246	246	0	-1	-1
3435	0	0	0	0	0	0	0	0	0	470	470	0	-1	-1
3436	9	9	9	9	9	9	9	9	9	471	471	0	-1	-1
3437	10	11	11	12	13	14	15	13	13	472	472	0	-1	-1
3438	31	31	31	31	31	31	31	31	31	473	473	0	-1	-1
3439	250	250	250	250	250	250	250	250	250	474	474	0	-1	-1
3440	10	11	11	12	13	14	15	13	13	3256	3256	0	-1	-1
3441	10	10	10	10	10	10	10	10	10	3256	3256	0	-1	-1
3442	32	32	32	32	32	32	32	32	32	32	32	0	-1	-1
3443	447	447	447	447	447	447	447	447	447	447	447	0	-1	-1
3444	2251	2251	2251	2251	2251	2251	2251	2251	2251	2251	2251	0	-1	-1
3445	2252	2252	2252	2252	2252	2252	2252	2252	2252	2252	2252	0	-1	-1
3446	10	11	11	12	13	14	15	13	13	3257	3257	0	-1	-1
3447	9	9	9	9	9	9	9	9	9	3257	3257	0	-1	-1
3448	10	10	10	10	10	10	10	10	10	3257	3257	0	-1	-1
3449	31	31	31	31	31	31	31	31	31	3258	3258	0	-1	-1
3450	78	97	98	99	100	101	102	100	100	3259	3259	0	-1	-1
3451	78	104	105	106	107	108	109	107	107	3259	3259	0	-1	-1
3452	78	110	111	112	113	114	115	113	113	3259	3259	0	-1	-1
3453	9	9	9	9	9	9	9	9	9	3259	3259	0	-1	-1
3454	9	9	9	9	9	9	9	9	9	3260	3260	0	-1	-1
3455	9	9	9	9	9	9	9	9	9	3261	3261	0	-1	-1
3456	31	31	31	31	31	31	31	31	31	3262	3262	0	-1	-1
3457	3263	3263	3263	3263	3263	3263	3263	3263	3263	3263	3263	0	-1	-1
3458	3264	3264	3264	3264	3264	3264	3264	3264	3264	3264	3264	0	-1	-1
3459	0	1	2	3	4	5	6	4	4	3265	3265	0	-1	-1
3460	0	0	0	0	0	0	0	0	0	3266	3266	0	-1	-1
3461	78	97	98	99	100	101	102	100	100	397	397	0	-1	-1
3462	78	104	105	106	107	108	109	107	107	397	397	0	-1	-1
3463	78	110	111	112	113	114	115	113	113	397	397	0	-1	-1
3464	31	31	31	31	31	31	31	31	31	3267	3267	0	-1	-1
3465	10	11	11	12	13	14	15	13	13	3268	3268	0	-1	-1
3466	10	10	10	10	10	10	10	10	10	3268	3268	0	-1	-1
3467	31	31	31	31	31	31	31	31	31	3269	3269	0	-1	-1
3468	34	35	35	36	37	38	39	37	37	3268	3268	0	-1	-1
3469	78	97	98	99	100	101	102	100	100	3270	3270	0	-1	-1
3470	78	104	105	106	107	108	109	107	107	3270	3270	0	-1	-1
3471	78	110	111	112	113	114	115	113	113	3270	3270	0	-1	-1
3472	9	9	9	9	9	9	9	9	9	3271	3271	0	-1	-1
3473	31	31	31	31	31	31	31	31	31	3272	3272	0	-1	-1
3474	31	31	31	31	31	31	31	31	31	3273	3273	0	-1	-1
3475	33	33	33	33	33	33	33	33	33	3273	3273	0	-1	-1
3476	9	9	9	9	9	9	9	9	9	3274	3274	0	-1	-1
3477	2213	2213	2213	2213	2213	2213	2213	2213	2213	2213	2213	0	-1	-1
3478	3275	3275	3275	3275	3275	3275	3275	3275	3275	3275	3275	0	-1	-1
3479	31	31	31	31	31	31	31	31	31	3276	3276	0	-1	-1
3480	250	250	250	250	250	250	250	250	250	3277	3277	0	-1	-1
3481	78	110	111	112	113	114	115	113	113	47	47	0	-1	-1
3482	9	9	9	9	9	9	9	9	9	3278	3278	0	-1	-1
3483	9	9	9	9	9	9	9	9	9	3279	3279	0	-1	-1
3484	10	11	11	12	13	14	15	13	13	3280	3280	0	-1	-1
3485	10	10	10	10	10	10	10	10	10	3280	3280	0	-1	-1
3486	78	97	98	99	100	101	102	100	100	3281	3281	0	-1	-1
3487	78	104	105	106	107	108	109	107	107	3281	3281	0	-1	-1
3488	78	110	111	112	113	114	115	113	113	3281	3281	0	-1	-1
3489	9	9	9	9	9	9	9	9	9	3282	3282	0	-1	-1
3490	9	9	9	9	9	9	9	9	9	3283	3283	0	-1	-1
3491	10	11	11	12	13	14	15	13	13	3284	3284	0	-1	-1
3492	10	10	10	10	10	10	10	10	10	3284	3284	0	-1	-1
3493	31	31	31	31	31	31	31	31	31	3285	3285	0	-1	-1
3494	9	9	9	9	9	9	9	9	9	3286	3286	0	-1	-1
3495	9	9	9	9	9	9	9	9	9	3287	3287	0	-1	-1
3496	9	9	9	9	9	9	9	9	9	3288	3288	0	-1	-1
3497	10	11	11	12	13	14	15	13	13	3289	3289	0	-1	-1
3498	10	10	10	10	10	10	10	10	10	3289	3289	0	-1	-1
3499	31	31	31	31	31	31	31	31	31	3290	3290	0	-1	-1
3500	78	79	79	79	79	79	79	79	79	3291	3291	0	-1	-1
3501	78	81	81	81	81	81	81	81	81	3291	3291	0	-1	-1
3502	78	82	82	82	82	82	82	82	82	3291	3291	0	-1	-1
3503	78	83	83	83	83	83	83	83	83	3291	3291	0	-1	-1
3504	78	84	84	84	84	84	84	84	84	3291	3291	0	-1	-1
3505	78	85	85	85	85	85	85	85	85	3291	3291	0	-1	-1
3506	78	97	98	99	100	101	102	100	100	3291	3291	0	-1	-1
3507	78	104	105	106	107	108	109	107	107	3291	3291	0	-1	-1
3508	78	110	111	112	113	114	115	113	113	3291	3291	0	-1	-1
3509	78	97	97	99	100	100	99	100	100	3291	3291	0	-1	-1
3510	9	9	9	9	9	9	9	9	9	3292	3292	0	-1	-1
3511	9	9	9	9	9	9	9	9	9	3293	3293	0	-1	-1
3512	3294	3294	3294	3294	3294	3294	3294	3294	3294	3294	3294	0	-1	-1
3513	3295	3295	3295	3295	3295	3295	3295	3295	3295	3295	3295	0	-1	-1
3514	3296	3296	3296	3296	3296	3296	3296	3296	3296	3296	3296	0	-1	-1
3515	31	31	31	31	31	31	31	31	31	3297	3297	0	-1	-1
3516	31	31	31	31	31	31	31	31	31	3298	3298	0	-1	-1
3517	250	250	250	250	250	250	250	250	250	3299	3299	0	-1	-1
3518	3300	3300	3300	3300	3300	3300	3300	3300	3300	3300	3300	0	-1	-1
3519	3301	3301	3301	3301	3301	3301	3301	3301	3301	3301	3301	0	-1	-1
3520	2257	10	10	10	10	10	10	10	10	10	10	0	-1	-1
3521	2258	3302	3302	3302	3302	3302	3302	3302	3302	3302	3302	0	-1	-1
3522	3303	3303	3303	3303	3303	3303	3303	3303	3303	3303	3303	0	-1	-1
3523	3304	3304	3304	3304	3304	3304	3304	3304	3304	3304	3304	0	-1	-1
3524	8	8	8	8	8	8	8	8	8	3305	3305	0	-1	-1
3525	394	394	394	394	394	394	394	394	394	3306	3306	0	-1	-1
3526	3307	3307	3307	3307	3307	3307	3307	3307	3307	3307	3307	0	-1	-1
3527	3308	3308	3308	3308	3308	3308	3308	3308	3308	3308	3308	0	-1	-1
3528	3309	3309	3309	3309	3309	3309	3309	3309	3309	3309	3309	0	-1	-1
3529	3310	3310	3310	3310	3310	3310	3310	3310	3310	3310	3310	0	-1	-1
3530	3311	3311	3311	3311	3311	3311	3311	3311	3311	3311	3311	0	-1	-1
3531	3312	3312	3312	3312	3312	3312	3312	3312	3312	3312	3312	0	-1	-1
3532	10	10	10	10	10	10	10	10	10	3312	3312	0	-1	-1
3533	245	10	10	10	10	10	10	10	10	10	10	0	-1	-1
3534	537	537	537	537	537	537	537	537	537	537	537	0	-1	-1
3535	394	394	394	394	394	394	394	394	394	3313	3313	0	-1	-1
3536	245	245	245	245	245	245	245	245	245	3314	3314	0	-1	-1
3537	10	10	10	10	10	10	10	10	10	3314	3314	0	-1	-1
3538	77	77	77	77	77	77	77	77	77	3315	3315	0	-1	-1
3539	459	459	459	459	459	459	459	459	459	3316	3316	0	-1	-1
3540	3317	3317	3317	3317	3317	3317	3317	3317	3317	3317	3317	0	-1	-1
3541	3318	3318	3318	3318	3318	3318	3318	3318	3318	3318	3318	0	-1	-1
3542	3319	3319	3319	3319	3319	3319	3319	3319	3319	3319	3319	0	-1	-1
3543	3320	3320	3320	3320	3320	3320	3320	3320	3320	3320	3320	0	-1	-1
3544	3321	3321	3321	3321	3321	3321	3321	3321	3321	3321	3321	0	-1	-1
3545	3322	3322	3322	3322	3322	3322	3322	3322	3322	3322	3322	0	-1	-1
3546	3323	3323	3323	3323	3323	3323	3323	3323	3323	3323	3323	0	-1	-1
3547	3324	3324	3324	3324	3324	3324	3324	3324	3324	3324	3324	0	-1	-1
3548	3325	3325	3325	3325	3325	3325	3325	3325	3325	3325	3325	0	-1	-1
3549	31	31	31	31	31	31	31	31	31	3326	3326	0	-1	-1
3550	250	250	250	250	250	250	250	250	250	3327	3327	0	-1	-1
3551	0	0	0	0	0	0	0	0	0	3328	3328	0	-1	-1
3552	31	31	31	31	31	31	31	31	31	3329	3329	0	-1	-1
3553	78	104	105	106	107	108	109	107	107	3330	3330	0	-1	-1
3554	0	0	0	0	0	0	0	0	0	3331	3331	0	-1	-1
3555	31	31	31	31	31	31	31	31	31	3332	3332	0	-1	-1
3556	78	104	105	106	107	108	109	107	107	3333	3333	0	-1	-1
3557	2258	3302	3302	3302	3302	3302	3302	3302	3302	2258	2258	0	-1	-1
3558	8	8	8	8	8	8	8	8	8	3334	3334	0	-1	-1
3559	80	80	80	80	80	80	80	80	80	3335	3335	0	-1	-1
3560	395	395	395	395	395	395	395	395	395	3336	3336	0	-1	-1
3561	80	80	80	80	80	80	80	80	80	3337	3337	0	-1	-1
3562	31	31	31	31	31	31	31	31	31	3338	3338	0	-1	-1
3563	3339	3339	3339	3339	3339	3339	3339	3339	3339	3339	3339	0	-1	-1
3564	78	97	98	99	100	101	102	100	100	3340	3340	0	-1	-1
3565	78	104	105	106	107	108	109	107	107	3341	3341	0	-1	-1
3566	78	110	111	112	113	114	115	113	113	3342	3342	0	-1	-1
3567	3307	3307	3307	3307	3307	3307	3307	3307	3307	3343	3343	0	-1	-1
3568	3308	3308	3308	3308	3308	3308	3308	3308	3308	3344	3344	0	-1	-1
3569	3309	3309	3309	3309	3309	3309	3309	3309	3309	3345	3345	0	-1	-1
3570	3310	3310	3310	3310	3310	3310	3310	3310	3310	3346	3346	0	-1	-1
3571	3311	3311	3311	3311	3311	3311	3311	3311	3311	3347	3347	0	-1	-1
3572	80	80	80	80	80	80	80	80	80	3348	3348	0	-1	-1
3573	395	395	395	395	395	395	395	395	395	3349	3349	0	-1	-1
3574	80	80	80	80	80	80	80	80	80	3350	3350	0	-1	-1
3575	3351	3351	3351	3351	3351	3351	3351	3351	3351	3351	3351	0	-1	-1
3576	3352	3352	3352	3352	3352	3352	3352	3352	3352	3352	3352	0	-1	-1
3577	3353	3353	3353	3353	3353	3353	3353	3353	3353	3353	3353	0	-1	-1
3578	3354	3354	3354	3354	3354	3354	3354	3354	3354	3354	3354	0	-1	-1
3579	0	1	1	3	4	5	6	4	4	7	7	0	-1	-1
3580	555	556	556	557	558	559	560	558	558	8	8	0	-1	-1
3581	0	1	1	3	4	5	6	4	4	394	394	0	-1	-1
3582	2298	2299	2299	2300	2301	2302	2303	2301	2301	10	10	0	-1	-1
3583	2304	2304	2304	2304	2304	2304	2304	2304	2304	10	10	0	-1	-1
3584	2305	2305	2305	2305	2305	2305	2305	2305	2305	10	10	0	-1	-1
3585	2306	2306	2306	2306	2306	2306	2306	2306	2306	10	10	0	-1	-1
3586	590	590	590	590	590	590	590	590	590	8	8	0	-1	-1
3587	591	591	591	591	591	591	591	591	591	8	8	0	-1	-1
3588	592	592	592	592	592	592	592	592	592	8	8	0	-1	-1
3589	593	593	593	593	593	593	593	593	593	7	7	0	-1	-1
3590	594	594	594	594	594	594	594	594	594	7	7	0	-1	-1
3591	595	595	595	595	595	595	595	595	595	7	7	0	-1	-1
3592	596	596	596	596	596	596	596	596	596	7	7	0	-1	-1
3593	597	597	597	597	597	597	597	597	597	7	7	0	-1	-1
3594	598	598	598	598	598	598	598	598	598	7	7	0	-1	-1
3595	599	599	599	599	599	599	599	599	599	7	7	0	-1	-1
3596	600	600	600	600	600	600	600	600	600	7	7	0	-1	-1
3597	601	601	601	601	601	601	601	601	601	7	7	0	-1	-1
3598	602	602	602	602	602	602	602	602	602	7	7	0	-1	-1
3599	605	605	605	605	605	605	605	605	605	7	7	1	-1	-1
3600	2307	2307	2307	2307	2307	2307	2307	2307	2307	7	7	1	-1	-1
3601	2308	2308	2308	2308	2308	2308	2308	2308	2308	47	47	1	-1	-1
3602	2309	2309	2309	2309	2309	2309	2309	2309	2309	47	47	1	-1	-1
3603	2310	2310	2310	2310	2310	2310	2310	2310	2310	7	7	0	-1	-1
3604	2311	2311	2311	2311	2311	2311	2311	2311	2311	7	7	0	-1	-1
3605	75	75	75	75	75	75	75	75	75	7	7	1	-1	-1
3606	76	76	76	76	76	76	76	76	76	7	7	1	362	-1
3607	143	143	143	143	143	143	143	143	143	7	7	1	-1	-1
3608	143	143	143	143	143	143	143	143	143	7	7	1	361	-1
3609	632	632	632	632	632	632	632	632	632	7	7	1	-1	-1
3610	74	74	74	74	74	74	74	74	74	7	7	1	363	-1
3611	2312	2313	2313	2314	2315	2316	2317	2315	2315	47	47	0	-1	-1
3612	2312	2318	2318	2319	2320	2321	2322	2320	2320	247	247	0	-1	-1
3613	2312	2323	2323	2324	2325	2326	2327	2325	2325	246	246	0	-1	-1
3614	2312	2328	2328	2329	2330	2331	2332	2330	2330	47	47	0	-1	-1
3615	2333	2333	2333	2333	2333	2333	2333	2333	2333	7	7	0	364	-1
3616	2334	2334	2334	2334	2334	2334	2334	2334	2334	7	7	0	364	-1
3617	2335	2335	2335	2335	2335	2335	2335	2335	2335	7	7	0	-1	-1
3618	2336	2336	2336	2336	2336	2336	2336	2336	2336	7	7	1	-1	-1
3619	2337	2337	2337	2337	2337	2337	2337	2337	2337	7	7	1	-1	-1
3620	2338	2338	2338	2338	2338	2338	2338	2338	2338	7	7	1	-1	-1
3621	2339	2339	2339	2339	2339	2339	2339	2339	2339	7	7	1	-1	-1
3622	2340	2340	2340	2340	2340	2340	2340	2340	2340	7	7	1	-1	-1
3623	2341	2341	2341	2341	2341	2341	2341	2341	2341	7	7	1	-1	-1
3624	2342	2342	2342	2342	2342	2342	2342	2342	2342	7	7	0	-1	-1
3625	2343	2343	2343	2343	2343	2343	2343	2343	2343	7	7	0	-1	-1
3626	2344	2344	2344	2344	2344	2344	2344	2344	2344	7	7	0	-1	-1
3627	2312	2345	2346	2347	2348	2349	2350	2348	2348	47	47	0	-1	-1
3628	2312	2352	2353	2354	2355	2356	2357	2355	2355	247	247	0	-1	-1
3629	2312	2359	2360	2361	2362	2363	2364	2362	2362	246	246	0	-1	-1
3630	2312	2366	2366	2366	2366	2366	2366	2366	2366	7	7	0	-1	-1
3631	2312	2367	2367	2367	2367	2367	2367	2367	2367	7	7	0	-1	-1
3632	2312	2368	2368	2368	2368	2368	2368	2368	2368	7	7	0	-1	-1
3633	662	662	662	662	662	662	662	662	662	7	7	0	-1	-1
3634	2369	2369	2369	2369	2369	2369	2369	2369	2369	7	7	0	-1	-1
3635	666	666	666	666	666	666	666	666	666	7	7	0	-1	-1
3636	668	668	668	668	668	668	668	668	668	7	7	1	-1	-1
3637	669	669	669	669	669	669	669	669	669	7	7	1	-1	-1
3638	670	670	670	670	670	670	670	670	670	7	7	1	-1	-1
3639	2312	2370	2370	2370	2370	2370	2370	2370	2370	7	7	0	-1	-1
3640	2371	2371	2371	2371	2371	2371	2371	2371	2371	7	7	0	-1	-1
3641	2372	2372	2372	2372	2372	2372	2372	2372	2372	7	7	0	-1	-1
3642	2373	2373	2373	2373	2373	2373	2373	2373	2373	7	7	0	-1	-1
3643	2374	2374	2374	2374	2374	2374	2374	2374	2374	7	7	0	-1	-1
3644	2375	2375	2375	2375	2375	2375	2375	2375	2375	7	7	0	-1	-1
3645	2376	2376	2376	2376	2376	2376	2376	2376	2376	7	7	0	-1	-1
3646	2312	2377	2377	2377	2377	2377	2377	2377	2377	7	7	0	-1	-1
3647	2378	2378	2378	2378	2378	2378	2378	2378	2378	7	7	0	-1	-1
3648	2312	2379	2379	2379	2379	2379	2379	2379	2379	7	7	0	-1	-1
3649	2312	2380	2380	2380	2380	2380	2380	2380	2380	7	7	0	-1	-1
3650	136	136	136	136	136	136	136	136	136	7	7	1	-1	-1
3651	137	137	137	137	137	137	137	137	137	7	7	1	-1	-1
3652	139	139	139	139	139	139	139	139	139	7	7	1	-1	-1
3653	2312	2381	2381	2381	2381	2381	2381	2381	2381	7	7	0	-1	-1
3654	2312	2382	2382	2382	2382	2382	2382	2382	2382	7	7	0	-1	-1
3655	2312	2383	2383	2383	2383	2383	2383	2383	2383	7	7	0	-1	-1
3656	2384	2384	2384	2384	2384	2384	2384	2384	2384	7	7	0	-1	-1
3657	2385	2385	2385	2385	2385	2385	2385	2385	2385	7	7	0	-1	-1
3658	2386	2386	2386	2386	2386	2386	2386	2386	2386	7	7	0	-1	-1
3659	2387	2387	2387	2387	2387	2387	2388	2387	2387	7	7	0	-1	-1
3660	2312	2345	2345	2347	2348	2348	2347	2348	2348	7	7	0	-1	-1
3661	2312	2352	2352	2354	2355	2355	2354	2355	2355	7	7	0	-1	-1
3662	2312	2359	2359	2361	2362	2362	2361	2362	2362	7	7	0	-1	-1
3663	2312	2389	2389	2390	2391	2392	2393	2391	2391	7	7	0	-1	-1
3664	2312	2394	2394	2395	2396	2397	2398	2396	2396	7	7	0	-1	-1
3665	2312	2399	2399	2400	2401	2402	2400	2401	2401	7	7	0	-1	-1
3666	2312	2403	2403	2403	2403	2403	2403	2403	2403	7	7	0	-1	-1
3667	2312	2404	2404	2405	2406	2407	2408	2406	2406	7	7	0	-1	-1
3668	2312	2409	2409	2410	2411	2411	2412	2411	2411	7	7	0	-1	-1
3669	2413	2413	2413	2413	2413	2413	2413	2413	2413	7	7	1	-1	-1
3670	2312	2385	2385	2414	2415	2416	2417	2415	2415	7	7	0	-1	-1
3671	2342	2342	2342	2342	2342	2342	2342	2342	2342	7	7	1	-1	-1
3672	2343	2343	2343	2343	2343	2343	2343	2343	2343	7	7	1	-1	-1
3673	2312	2418	2418	2419	2420	2421	2422	2420	2420	7	7	0	-1	-1
3674	2312	2423	2423	2424	2425	2426	2427	2425	2425	7	7	0	-1	-1
3675	2312	2428	2428	2429	2430	2431	2432	2430	2430	7	7	0	-1	-1
3676	80	80	80	80	80	80	80	80	80	7	7	0	-1	-1
3677	2312	2433	2433	2434	2435	2436	2437	2435	2435	7	7	0	-1	-1
3678	2438	2438	2438	2438	2438	2438	2438	2438	2438	7	7	1	-1	-1
3679	2312	2370	2370	2439	2440	2440	2441	2440	2440	7	7	0	-1	-1
3680	2371	2371	2371	2371	2371	2371	2371	2371	2371	7	7	1	-1	-1
3681	2372	2372	2372	2372	2372	2372	2372	2372	2372	7	7	1	-1	-1
3682	2373	2373	2373	2373	2373	2373	2373	2373	2373	7	7	1	-1	-1
3683	2374	2374	2374	2374	2374	2374	2374	2374	2374	7	7	1	-1	-1
3684	2375	2375	2375	2375	2375	2375	2375	2375	2375	7	7	1	-1	-1
3685	2376	2376	2376	2376	2376	2376	2376	2376	2376	7	7	1	-1	-1
3686	2312	2377	2377	2442	2443	2443	2442	2443	2443	7	7	0	-1	-1
3687	2378	2378	2378	2378	2378	2378	2378	2378	2378	7	7	1	-1	-1
3688	2312	2444	2444	2445	2446	2447	2448	2446	2446	7	7	0	-1	-1
3689	2312	2380	2380	2449	2450	2451	2452	2450	2450	7	7	0	-1	-1
3690	2312	2453	2453	2454	2455	2456	2454	2455	2455	7	7	0	-1	-1
3691	2312	2386	2386	2457	2458	2459	2460	2458	2458	7	7	0	-1	-1
3692	2312	2461	2461	2462	2463	2464	2462	2463	2463	7	7	0	-1	-1
3693	2312	2465	2465	2466	2467	2467	2466	2467	2467	7	7	0	-1	-1
3694	2468	2468	2468	2468	2468	2468	2468	2468	2468	7	7	1	-1	-1
3695	2469	2469	2469	2469	2469	2469	2469	2469	2469	7	7	1	-1	-1
3696	2470	2470	2470	2471	2472	2473	2474	2472	2472	7	7	1	-1	-1
3697	2312	2475	2475	2476	2477	2477	2478	2477	2477	7	7	0	-1	-1
3698	2479	2479	2479	2479	2479	2479	2479	2479	2479	7	7	1	-1	-1
3699	2480	2480	2480	2480	2480	2480	2480	2480	2480	7	7	1	-1	-1
3700	2481	2481	2481	2481	2481	2481	2481	2481	2481	7	7	1	-1	-1
3701	2482	2482	2482	2482	2482	2482	2482	2482	2482	7	7	1	-1	-1
3702	2312	2483	2483	2484	2485	2486	2487	2485	2485	7	7	0	-1	-1
3703	2488	2488	2488	2488	2488	2488	2488	2488	2488	7	7	1	-1	-1
3704	2489	2489	2489	2489	2489	2489	2489	2489	2489	7	7	1	-1	-1
3705	2490	2490	2490	2490	2490	2490	2490	2490	2490	7	7	1	-1	-1
3706	2491	2491	2491	2492	2493	2493	2492	2493	2493	7	7	0	-1	-1
3707	2312	2494	2494	2495	2496	2496	2495	2496	2496	7	7	0	-1	-1
3708	2497	2497	2497	2498	2499	2499	2498	2499	2499	7	7	0	-1	-1
3709	2500	2500	2500	2501	2502	2502	2501	2502	2502	7	7	0	-1	-1
3710	2503	2503	2503	2503	2503	2503	2503	2503	2503	7	7	1	-1	-1
3711	2312	2504	2504	2505	2506	2507	2508	2506	2506	7	7	0	-1	-1
3712	2509	2509	2509	2509	2509	2509	2509	2509	2509	7	7	1	-1	-1
3713	2312	2510	2510	2511	2512	2512	2511	2512	2512	7	7	0	-1	-1
3714	2312	2513	2513	2514	2515	2515	2514	2515	2515	7	7	0	-1	-1
3715	2312	2516	2516	2517	2518	2518	2517	2518	2518	7	7	0	-1	-1
3716	2519	2519	2519	2520	2521	2521	2520	2521	2521	7	7	0	-1	-1
3717	2522	2522	2522	2522	2522	2522	2522	2522	2522	7	7	1	-1	-1
3718	2523	2523	2523	2523	2523	2523	2523	2523	2523	7	7	1	-1	-1
3719	2524	2524	2524	2525	2526	2526	2525	2526	2526	7	7	0	-1	-1
3720	2312	2527	2527	2528	2529	2529	2528	2529	2529	7	7	0	-1	-1
3721	2530	2530	2530	2530	2530	2530	2530	2530	2530	7	7	1	-1	-1
3722	2312	2531	2531	2532	2533	2533	2532	2533	2533	7	7	0	-1	-1
3723	2534	2534	2534	2534	2534	2534	2534	2534	2534	7	7	1	-1	-1
3724	2312	2535	2535	2536	2537	2537	2536	2537	2537	7	7	0	-1	-1
3725	2538	2538	2538	2538	2538	2538	2538	2538	2538	7	7	0	-1	-1
3726	2312	2539	2539	2540	2541	2541	2542	2541	2541	7	7	0	-1	-1
3727	2312	2543	2543	2543	2543	2543	2543	2543	2543	7	7	0	-1	-1
3728	2312	2544	2544	2544	2544	2544	2544	2544	2544	7	7	0	-1	-1
3729	2312	2545	2545	2546	2547	2547	2546	2547	2547	7	7	0	-1	-1
3730	2548	2548	2548	2548	2548	2548	2548	2548	2548	7	7	1	-1	-1
3731	2549	2549	2549	2549	2549	2549	2549	2549	2549	7	7	1	-1	-1
3732	2550	2550	2550	2550	2550	2550	2550	2550	2550	7	7	1	-1	-1
3733	2551	2551	2551	2551	2551	2551	2551	2551	2551	7	7	1	-1	-1
3734	2552	2552	2552	2552	2552	2552	2552	2552	2552	7	7	1	-1	-1
3735	2553	2553	2553	2553	2553	2553	2553	2553	2553	7	7	1	-1	-1
3736	2554	2554	2554	2554	2554	2554	2554	2554	2554	7	7	1	-1	-1
3737	2555	2555	2555	2555	2555	2555	2555	2555	2555	7	7	1	-1	-1
3738	2556	2556	2556	2556	2556	2556	2556	2556	2556	7	7	1	-1	-1
3739	2557	2557	2557	2557	2557	2557	2557	2557	2557	7	7	0	-1	-1
3740	2558	2558	2558	2558	2558	2558	2558	2558	2558	7	7	1	-1	-1
3741	2312	2559	2559	2560	2561	2562	2563	2561	2561	7	7	0	-1	-1
3742	2564	2564	2564	2564	2564	2564	2564	2564	2564	7	7	1	-1	-1
3743	2565	2565	2565	2565	2565	2565	2565	2565	2565	7	7	1	-1	-1
3744	2312	2566	2566	2567	2568	2568	2567	2568	2568	7	7	0	-1	-1
3745	2312	2569	2569	2569	2569	2569	2569	2569	2569	7	7	0	-1	-1
3746	2312	2570	2570	2570	2570	2570	2570	2570	2570	7	7	0	-1	-1
3747	2312	2571	2571	2571	2571	2571	2571	2571	2571	7	7	0	-1	-1
3748	2312	2572	2572	2572	2572	2572	2572	2572	2572	7	7	0	-1	-1
3749	2573	2573	2573	2573	2573	2573	2573	2573	2573	7	7	1	-1	-1
3750	2574	2574	2574	2574	2574	2574	2574	2574	2574	7	7	0	-1	-1
3751	2575	2575	2575	2575	2575	2575	2575	2575	2575	7	7	0	-1	-1
3752	2576	2576	2576	2576	2576	2576	2576	2576	2576	7	7	0	-1	-1
3753	2577	2577	2577	2577	2577	2577	2577	2577	2577	7	7	0	-1	-1
3754	2578	2578	2578	2578	2578	2578	2578	2578	2578	7	7	0	-1	-1
3755	2579	2579	2579	2579	2579	2579	2579	2579	2579	7	7	0	-1	-1
3756	2580	2580	2580	2580	2580	2580	2580	2580	2580	7	7	0	-1	-1
3757	2581	2581	2581	2581	2581	2581	2581	2581	2581	7	7	0	-1	-1
3758	2582	2582	2582	2582	2582	2582	2582	2582	2582	7	7	0	-1	-1
3759	2583	2583	2583	2583	2583	2583	2583	2583	2583	7	7	0	-1	-1
3760	2584	2584	2584	2584	2584	2584	2584	2584	2584	7	7	1	-1	-1
3761	2585	2585	2585	2585	2585	2585	2585	2585	2585	7	7	1	-1	-1
3762	2586	2586	2586	2587	2588	2589	2590	2588	2588	7	7	0	-1	-1
3763	2591	2591	2591	2592	2593	2593	2594	2593	2593	7	7	0	-1	-1
3764	2595	2595	2595	2596	2597	2597	2596	2597	2597	7	7	0	-1	-1
3765	2598	2598	2598	2598	2598	2598	2598	2598	2598	7	7	1	-1	-1
3766	2599	2599	2599	2599	2599	2599	2599	2599	2599	7	7	1	-1	-1
3767	2600	2600	2600	2600	2600	2600	2600	2600	2600	7	7	1	-1	-1
3768	2601	2601	2601	2601	2601	2601	2601	2601	2601	7	7	1	-1	-1
3769	2602	2602	2602	2602	2602	2602	2602	2602	2602	7	7	1	-1	-1
3770	2312	2603	2603	2604	2605	2605	2604	2605	2605	7	7	0	-1	-1
3771	2312	2606	2606	2607	2608	2608	2607	2608	2608	7	7	0	-1	-1
3772	2609	2609	2609	2609	2609	2609	2609	2609	2609	7	7	0	-1	-1
3773	2610	2610	2610	2610	2610	2610	2610	2610	2610	7	7	1	-1	-1
3774	2312	2611	2611	2611	2611	2611	2611	2611	2611	7	7	1	-1	-1
3775	2312	2612	2612	2612	2612	2612	2612	2612	2612	7	7	1	-1	-1
3776	2613	2613	2613	2613	2613	2613	2613	2613	2613	7	7	0	-1	-1
3777	2312	2614	2614	2614	2614	2614	2614	2614	2614	7	7	0	-1	-1
3778	2312	2615	2615	2616	2617	2617	2616	2617	2617	7	7	0	-1	-1
3779	2312	2618	2618	2619	2620	2621	2622	2620	2620	7	7	0	-1	-1
3780	2312	2623	2623	2624	2625	2625	2626	2625	2625	7	7	0	-1	-1
3781	2627	2627	2627	2627	2627	2627	2627	2627	2627	7	7	0	-1	-1
3782	2628	2628	2628	2628	2628	2628	2628	2628	2628	7	7	1	-1	-1
3783	2312	2629	2629	2630	2631	2632	2633	2631	2631	7	7	0	-1	-1
3784	2312	2634	2634	2635	2636	2637	2638	2636	2636	7	7	0	-1	-1
3785	2639	2639	2639	2639	2639	2639	2639	2639	2639	7	7	0	-1	-1
3786	2640	2640	2640	2640	2640	2640	2640	2640	2640	7	7	0	-1	-1
3787	2641	2641	2641	2641	2641	2641	2641	2641	2641	7	7	1	-1	-1
3788	2642	2642	2642	2642	2642	2642	2642	2642	2642	7	7	1	-1	-1
3789	2643	2643	2643	2643	2643	2643	2643	2643	2643	7	7	0	-1	-1
3790	2644	2644	2644	2644	2644	2644	2644	2644	2644	7	7	0	-1	-1
3791	2645	2645	2645	2645	2645	2645	2645	2645	2645	7	7	1	-1	-1
3792	2646	2646	2646	2646	2646	2646	2646	2646	2646	7	7	1	-1	-1
3793	2647	2647	2647	2648	2649	2649	2650	2649	2649	7	7	0	-1	-1
3794	2651	2651	2651	2651	2651	2651	2651	2651	2651	7	7	1	-1	-1
3795	2652	2652	2652	2652	2652	2652	2652	2652	2652	7	7	1	-1	-1
3796	2312	2653	2653	2654	2655	2655	2656	2655	2655	7	7	0	-1	-1
3797	2312	2657	2657	2658	2659	2660	2661	2659	2659	7	7	0	-1	-1
3798	2312	2662	2662	2663	2664	2664	2663	2664	2664	7	7	0	-1	-1
3799	2665	2665	2665	2665	2665	2665	2665	2665	2665	7	7	0	-1	-1
3800	2666	2666	2666	2666	2666	2666	2666	2666	2666	7	7	0	-1	-1
3801	2667	2667	2667	2667	2667	2667	2667	2667	2667	7	7	0	-1	-1
3802	2668	2668	2668	2668	2668	2668	2668	2668	2668	7	7	0	-1	-1
3803	2669	2669	2669	2669	2669	2669	2669	2669	2669	7	7	0	-1	-1
3804	2670	2670	2670	2670	2670	2670	2670	2670	2670	7	7	1	-1	-1
3805	2671	2671	2671	2671	2671	2671	2671	2671	2671	7	7	1	-1	-1
3806	2672	2672	2672	2672	2672	2672	2672	2672	2672	7	7	1	-1	-1
3807	2673	2673	2673	2673	2673	2673	2673	2673	2673	7	7	1	-1	-1
3808	2312	2674	2674	2675	2675	2675	2676	2675	2675	7	7	0	-1	-1
3809	2677	2677	2677	2677	2677	2677	2677	2677	2677	7	7	1	-1	-1
3810	2678	2678	2678	2678	2678	2678	2678	2678	2678	7	7	1	-1	-1
3811	2679	2679	2679	2679	2679	2679	2679	2679	2679	7	7	0	-1	-1
3812	2312	2680	2680	2681	2682	2683	2681	2682	2682	7	7	0	-1	-1
3813	2684	2684	2684	2684	2684	2684	2684	2684	2684	7	7	1	-1	-1
3814	2685	2685	2685	2685	2685	2685	2685	2685	2685	7	7	1	-1	-1
3815	958	958	958	958	958	958	958	958	958	3355	3355	0	-1	-1
3816	2686	2686	2686	2686	2686	2686	2686	2686	2686	3356	3356	0	-1	-1
3817	960	960	960	960	960	960	960	960	960	3357	3357	0	-1	-1
3818	961	961	961	961	961	961	961	961	961	3355	3355	0	-1	-1
3819	2687	2687	2687	2687	2687	2687	2687	2687	2687	3356	3356	0	-1	-1
3820	963	963	963	963	963	963	963	963	963	3357	3357	0	-1	-1
3821	964	964	964	964	964	964	964	964	964	3355	3355	0	-1	-1
3822	2688	2688	2688	2688	2688	2688	2688	2688	2688	3356	3356	0	-1	-1
3823	966	966	966	966	966	966	966	966	966	3357	3357	0	-1	-1
3824	967	967	967	967	967	967	967	967	967	3355	3355	0	-1	-1
3825	2689	2689	2689	2689	2689	2689	2689	2689	2689	3356	3356	0	-1	-1
3826	969	969	969	969	969	969	969	969	969	3357	3357	0	-1	-1
3827	970	970	970	970	970	970	970	970	970	3355	3355	0	-1	-1
3828	2690	2690	2690	2690	2690	2690	2690	2690	2690	3356	3356	0	-1	-1
3829	972	972	972	972	972	972	972	972	972	3357	3357	0	-1	-1
3830	973	973	973	973	973	973	973	973	973	3355	3355	0	-1	-1
3831	2691	2691	2691	2691	2691	2691	2691	2691	2691	3356	3356	0	-1	-1
3832	975	975	975	975	975	975	975	975	975	3357	3357	0	-1	-1
3833	976	976	976	976	976	976	976	976	976	3355	3355	0	-1	-1
3834	2692	2692	2692	2692	2692	2692	2692	2692	2692	3356	3356	0	-1	-1
3835	978	978	978	978	978	978	978	978	978	3357	3357	0	-1	-1
3836	979	979	979	979	979	979	979	979	979	3355	3355	0	-1	-1
3837	2693	2693	2693	2693	2693	2693	2693	2693	2693	3356	3356	0	-1	-1
3838	981	981	981	981	981	981	981	981	981	3357	3357	0	-1	-1
3839	982	982	982	982	982	982	982	982	982	3355	3355	0	-1	-1
3840	2694	2694	2694	2694	2694	2694	2694	2694	2694	3356	3356	0	-1	-1
3841	984	984	984	984	984	984	984	984	984	3357	3357	0	-1	-1
3842	985	985	985	985	985	985	985	985	985	7	7	1	-1	-1
3843	986	986	986	986	986	986	986	986	986	7	7	1	-1	-1
3844	987	987	987	987	987	987	987	987	987	7	7	1	-1	-1
3845	988	988	988	988	988	988	988	988	988	7	7	1	-1	-1
3846	989	989	989	989	989	989	989	989	989	7	7	1	-1	-1
3847	990	990	990	990	990	990	990	990	990	7	7	1	-1	-1
3848	2695	2695	2695	2695	2695	2695	2695	2695	2695	7	7	1	364	-1
3849	2696	2696	2696	2696	2696	2696	2696	2696	2696	7	7	1	643	-1
3850	2697	2697	2697	2697	2697	2697	2697	2697	2697	7	7	1	-1	-1
3851	2698	2698	2698	2698	2698	2698	2698	2698	2698	7	7	1	642	-1
3852	2699	2699	2699	2699	2699	2699	2699	2699	2699	7	7	1	-1	-1
3853	2700	2700	2700	2700	2700	2700	2700	2700	2700	7	7	1	-1	-1
3854	2701	2701	2701	2701	2701	2701	2701	2701	2701	7	7	1	-1	-1
3855	2702	2702	2702	2702	2702	2702	2702	2702	2702	7	7	1	642	-1
3856	2703	2703	2703	2703	2703	2703	2703	2703	2703	7	7	1	-1	-1
3857	2704	2704	2705	2706	2707	2708	2709	2707	2707	7	7	0	-1	-1
3858	2711	2711	2711	2712	2713	2714	2715	2713	2713	7	7	0	-1	-1
3859	2716	2716	2716	2717	2718	2719	2720	2718	2718	7	7	0	-1	-1
3860	2721	2721	2721	2721	2721	2721	2721	2721	2721	7	7	0	-1	-1
3861	2722	2722	2722	2722	2722	2722	2722	2722	2722	7	7	0	-1	-1
3862	2723	2723	2723	2723	2723	2723	2723	2723	2723	7	7	0	-1	-1
3863	2724	2724	2724	2724	2724	2724	2724	2724	2724	7	7	0	-1	-1
3864	2725	2725	2725	2725	2725	2725	2725	2725	2725	7	7	0	-1	-1
3865	2726	2726	2726	2726	2726	2726	2726	2726	2726	7	7	0	-1	-1
3866	2727	2727	2727	2727	2727	2727	2727	2727	2727	7	7	0	-1	-1
3867	2728	2728	2728	2728	2728	2728	2728	2728	2728	7	7	1	-1	-1
3868	2729	2729	2729	2729	2729	2729	2729	2729	2729	7	7	1	-1	-1
3869	2730	2730	2730	2730	2730	2730	2730	2730	2730	7	7	0	-1	-1
3870	2731	2731	2731	2732	2733	2734	2735	2733	2733	7	7	0	-1	-1
3871	2736	2736	2736	2736	2736	2736	2736	2736	2736	7	7	1	-1	-1
3872	2737	2737	2737	2737	2737	2737	2737	2737	2737	7	7	1	-1	-1
3873	2738	2738	2738	2738	2738	2738	2738	2738	2738	7	7	0	-1	-1
3874	2739	2739	2739	2739	2739	2739	2739	2739	2739	7	7	1	-1	-1
3875	2740	2740	2740	2740	2740	2740	2740	2740	2740	7	7	1	-1	-1
3876	2741	2741	2741	2741	2741	2741	2741	2741	2741	7	7	1	-1	-1
3877	2742	2742	2742	2743	2744	2745	2746	2744	2744	7	7	0	-1	-1
3878	2747	2747	2747	2748	2749	2750	2751	2749	2749	7	7	0	-1	-1
3879	2752	2752	2752	2752	2752	2752	2752	2752	2752	7	7	0	-1	-1
3880	2753	2753	2753	2753	2753	2753	2753	2753	2753	7	7	0	-1	-1
3881	2754	2754	2754	2754	2754	2754	2754	2754	2754	7	7	0	-1	-1
3882	2755	2755	2755	2755	2755	2755	2755	2755	2755	7	7	0	-1	-1
3883	2756	2756	2756	2756	2756	2756	2756	2756	2756	7	7	0	-1	-1
3884	2757	2757	2757	2758	2759	2760	2761	2759	2759	7	7	0	-1	-1
3885	2762	2762	2762	2763	2764	2765	2766	2764	2764	7	7	0	-1	-1
3886	2767	2767	2767	2767	2767	2767	2767	2767	2767	7	7	1	-1	-1
3887	2768	2768	2768	2768	2768	2768	2768	2768	2768	7	7	1	-1	-1
3888	2769	2769	2769	2769	2769	2769	2769	2769	2769	7	7	0	-1	-1
3889	2770	2770	2770	2771	2772	2773	2774	2772	2772	7	7	0	-1	-1
3890	2775	2775	2775	2775	2775	2775	2775	2775	2775	7	7	1	-1	-1
3891	2776	2776	2776	2776	2776	2776	2776	2776	2776	7	7	1	-1	-1
3892	2777	2777	2777	2777	2777	2777	2777	2777	2777	7	7	0	-1	-1
3893	2778	2778	2778	2778	2778	2778	2778	2778	2778	7	7	1	-1	-1
3894	2779	2779	2779	2779	2779	2779	2779	2779	2779	7	7	1	-1	-1
3895	2780	2780	2780	2780	2780	2780	2780	2780	2780	7	7	1	-1	-1
3896	2781	2781	2781	2782	2783	2784	2785	2783	2783	7	7	0	-1	-1
3897	2786	2786	2786	2787	2788	2789	2790	2788	2788	7	7	0	-1	-1
3898	2791	2791	2791	2791	2791	2791	2791	2791	2791	7	7	0	-1	-1
3899	2792	2792	2792	2792	2792	2792	2792	2792	2792	7	7	0	-1	-1
3900	2793	2793	2793	2793	2793	2793	2793	2793	2793	7	7	0	-1	-1
3901	2794	2794	2794	2794	2794	2794	2794	2794	2794	7	7	1	-1	-1
3902	2795	2795	2795	2795	2795	2795	2795	2795	2795	7	7	0	-1	-1
3903	2796	2796	2796	2796	2796	2796	2796	2796	2796	7	7	0	-1	-1
3904	2797	2797	2797	2798	2799	2800	2801	2799	2799	7	7	0	-1	-1
3905	2802	2802	2802	2802	2802	2802	2802	2802	2802	7	7	1	-1	-1
3906	2803	2803	2803	2803	2803	2803	2803	2803	2803	7	7	1	-1	-1
3907	2804	2804	2804	2804	2804	2804	2804	2804	2804	7	7	0	-1	-1
3908	2805	2805	2805	2806	2807	2808	2809	2807	2807	7	7	0	-1	-1
3909	2810	2810	2810	2810	2810	2810	2810	2810	2810	7	7	1	-1	-1
3910	2811	2811	2811	2811	2811	2811	2811	2811	2811	7	7	1	-1	-1
3911	2812	2812	2812	2812	2812	2812	2812	2812	2812	7	7	0	-1	-1
3912	2813	2813	2813	2813	2813	2813	2813	2813	2813	7	7	1	-1	-1
3913	2814	2814	2814	2814	2814	2814	2814	2814	2814	7	7	1	-1	-1
3914	2815	2815	2815	2815	2815	2815	2815	2815	2815	7	7	1	-1	-1
3915	2816	2816	2816	2816	2816	2816	2816	2816	2816	7	7	1	-1	-1
3916	2817	2817	2817	2818	2819	2820	2821	2819	2819	7	7	0	-1	-1
3917	2822	2822	2822	2822	2822	2822	2822	2822	2822	7	7	0	-1	-1
3918	2823	2823	2823	2823	2823	2823	2823	2823	2823	7	7	0	-1	-1
3919	2824	2824	2824	2824	2824	2824	2824	2824	2824	7	7	1	-1	-1
3920	2825	2825	2825	2825	2825	2825	2825	2825	2825	7	7	1	-1	-1
3921	2826	2826	2826	2826	2826	2826	2826	2826	2826	7	7	0	-1	-1
3922	2827	2827	2827	2827	2827	2827	2827	2827	2827	7	7	1	-1	-1
3923	2828	2828	2828	2828	2828	2828	2828	2828	2828	7	7	1	-1	-1
3924	2829	2829	2829	2829	2829	2829	2829	2829	2829	7	7	0	-1	-1
3925	2830	2830	2830	2830	2830	2830	2830	2830	2830	7	7	0	-1	-1
3926	2831	2831	2831	2831	2831	2831	2831	2831	2831	7	7	0	-1	-1
3927	2832	2832	2832	2832	2832	2832	2832	2832	2832	7	7	1	-1	-1
3928	325	325	325	325	325	325	325	325	325	7	7	1	-1	-1
3929	2833	2833	2833	2833	2833	2833	2833	2833	2833	7	7	1	-1	-1
3930	2834	2834	2834	2834	2834	2834	2834	2834	2834	7	7	1	-1	-1
3931	2835	2835	2835	2835	2835	2835	2835	2835	2835	7	7	0	-1	-1
3932	2836	2836	2836	2836	2836	2836	2836	2836	2836	7	7	1	-1	-1
3933	2837	2837	2837	2837	2837	2837	2837	2837	2837	7	7	1	-1	-1
3934	2838	2838	2838	2838	2838	2838	2838	2838	2838	7	7	0	-1	-1
3935	2839	2839	2839	2839	2839	2839	2839	2839	2839	7	7	1	-1	-1
3936	2840	2840	2840	2840	2840	2840	2840	2840	2840	7	7	1	-1	-1
3937	2841	2841	2841	2841	2841	2841	2841	2841	2841	7	7	1	-1	-1
3938	2842	2842	2842	2842	2842	2842	2842	2842	2842	7	7	1	-1	-1
3939	2843	2843	2843	2843	2843	2843	2843	2843	2843	7	7	0	-1	-1
3940	2844	2844	2844	2844	2844	2844	2844	2844	2844	7	7	1	-1	-1
3941	2845	2845	2845	2845	2845	2845	2845	2845	2845	7	7	1	-1	-1
3942	2846	2846	2846	2846	2846	2846	2846	2846	2846	7	7	0	-1	-1
3943	2847	2847	2847	2847	2847	2847	2847	2847	2847	7	7	0	-1	-1
3944	2848	2848	2848	2848	2848	2848	2848	2848	2848	7	7	1	-1	-1
3945	2849	2849	2849	2849	2849	2849	2849	2849	2849	7	7	1	-1	-1
3946	2850	2850	2850	2850	2850	2850	2850	2850	2850	7	7	1	-1	-1
3947	2851	2851	2851	2851	2851	2851	2851	2851	2851	7	7	1	-1	-1
3948	2852	2852	2852	2852	2852	2852	2852	2852	2852	7	7	1	-1	-1
3949	2853	2853	2853	2853	2853	2853	2853	2853	2853	7	7	1	-1	-1
3950	2854	2854	2854	2854	2854	2854	2854	2854	2854	7	7	1	-1	-1
3951	2855	2855	2855	2855	2855	2855	2855	2855	2855	7	7	1	-1	-1
3952	2856	2856	2856	2856	2856	2856	2856	2856	2856	7	7	0	-1	-1
3953	2857	2857	2857	2857	2857	2857	2857	2857	2857	7	7	1	-1	-1
3954	2858	2858	2858	2858	2858	2858	2858	2858	2858	7	7	1	-1	-1
3955	2859	2859	2859	2859	2859	2859	2859	2859	2859	7	7	0	-1	-1
3956	2860	2860	2860	2860	2860	2860	2860	2860	2860	7	7	0	-1	-1
3957	2861	2861	2861	2861	2861	2861	2861	2861	2861	7	7	1	-1	-1
3958	2862	2862	2862	2862	2862	2862	2862	2862	2862	7	7	1	-1	-1
3959	2863	2863	2863	2863	2863	2863	2863	2863	2863	7	7	0	-1	-1
3960	2864	2864	2864	2864	2864	2864	2864	2864	2864	7	7	1	-1	-1
3961	2865	2865	2865	2865	2865	2865	2865	2865	2865	7	7	1	-1	-1
3962	2866	2866	2866	2866	2866	2866	2866	2866	2866	7	7	1	-1	-1
3963	2867	2867	2867	2867	2867	2867	2867	2867	2867	7	7	1	-1	-1
3964	2868	2868	2868	2868	2868	2868	2868	2868	2868	7	7	0	-1	-1
3965	2869	2869	2869	2869	2869	2869	2869	2869	2869	7	7	1	-1	-1
3966	2870	2870	2870	2870	2870	2870	2870	2870	2870	7	7	1	-1	-1
3967	2871	2871	2871	2871	2871	2871	2871	2871	2871	7	7	0	-1	-1
3968	2872	2872	2872	2872	2872	2872	2872	2872	2872	7	7	1	-1	-1
3969	2873	2873	2873	2873	2873	2873	2873	2873	2873	7	7	1	-1	-1
3970	2874	2874	2874	2874	2874	2874	2874	2874	2874	7	7	0	-1	-1
3971	2875	2875	2875	2875	2875	2875	2875	2875	2875	7	7	0	-1	-1
3972	2876	2876	2876	2876	2876	2876	2876	2876	2876	7	7	0	-1	-1
3973	2877	2877	2877	2877	2877	2877	2877	2877	2877	7	7	1	-1	-1
3974	2878	2878	2878	2878	2878	2878	2878	2878	2878	7	7	1	-1	-1
3975	2879	2879	2879	2879	2879	2879	2879	2879	2879	7	7	0	-1	-1
3976	2880	2880	2880	2880	2880	2880	2880	2880	2880	7	7	1	-1	-1
3977	2881	2881	2881	2881	2881	2881	2881	2881	2881	7	7	1	-1	-1
3978	2882	2882	2882	2882	2882	2882	2882	2882	2882	7	7	0	-1	-1
3979	2883	2883	2883	2883	2883	2883	2883	2883	2883	7	7	0	-1	-1
3980	2884	2884	2884	2884	2884	2884	2884	2884	2884	7	7	1	-1	-1
3981	2885	2885	2885	2885	2885	2885	2885	2885	2885	7	7	1	-1	-1
3982	2886	2886	2886	2886	2886	2886	2886	2886	2886	7	7	0	-1	-1
3983	2887	2887	2887	2887	2887	2887	2887	2887	2887	7	7	1	-1	-1
3984	2888	2888	2888	2888	2888	2888	2888	2888	2888	7	7	1	-1	-1
3985	2889	2889	2889	2889	2889	2889	2889	2889	2889	7	7	1	-1	-1
3986	2890	2890	2890	2890	2890	2890	2890	2890	2890	7	7	1	-1	-1
3987	2891	2891	2891	2891	2891	2891	2891	2891	2891	7	7	0	-1	-1
3988	2892	2892	2892	2892	2892	2892	2892	2892	2892	7	7	0	-1	-1
3989	2893	2893	2893	2893	2893	2893	2893	2893	2893	7	7	0	-1	-1
3990	2894	2894	2894	2894	2894	2894	2894	2894	2894	7	7	0	-1	-1
3991	2895	2895	2895	2895	2895	2895	2895	2895	2895	7	7	0	-1	-1
3992	2896	2896	2896	2896	2896	2896	2896	2896	2896	7	7	0	-1	-1
3993	2897	2897	2897	2897	2897	2897	2897	2897	2897	7	7	0	-1	-1
3994	2898	2898	2898	2898	2898	2898	2898	2898	2898	7	7	0	-1	-1
3995	2899	2899	2899	2899	2899	2899	2899	2899	2899	7	7	0	-1	-1
3996	2900	2900	2900	2900	2900	2900	2900	2900	2900	7	7	1	-1	-1
3997	2901	2901	2901	2901	2901	2901	2901	2901	2901	7	7	1	-1	-1
3998	2902	2902	2902	2902	2902	2902	2902	2902	2902	7	7	0	-1	-1
3999	2903	2903	2903	2903	2903	2903	2903	2903	2903	7	7	0	-1	-1
4000	2904	2904	2904	2904	2904	2904	2904	2904	2904	7	7	1	-1	-1
4001	2905	2905	2905	2905	2905	2905	2905	2905	2905	7	7	1	-1	-1
4002	2906	2906	2906	2906	2906	2906	2906	2906	2906	7	7	0	-1	-1
4003	2907	2907	2907	2907	2907	2907	2907	2907	2907	7	7	1	-1	-1
4004	2908	2908	2908	2908	2908	2908	2908	2908	2908	7	7	1	-1	-1
4005	2909	2909	2909	2909	2909	2909	2909	2909	2909	7	7	1	-1	-1
4006	2910	2910	2910	2911	2912	2913	2914	2912	2912	7	7	0	-1	-1
4007	2915	2915	2915	2916	2917	2918	2919	2917	2917	7	7	0	-1	-1
4008	2920	2920	2920	2920	2920	2920	2920	2920	2920	7	7	0	-1	-1
4009	2921	2921	2921	2921	2921	2921	2921	2921	2921	7	7	0	-1	-1
4010	2922	2922	2922	2922	2922	2922	2922	2922	2922	7	7	1	-1	-1
4011	2923	2923	2923	2923	2923	2923	2923	2923	2923	7	7	1	-1	-1
4012	2924	2924	2924	2924	2924	2924	2924	2924	2924	7	7	1	-1	-1
4013	2925	2925	2925	2925	2925	2925	2925	2925	2925	7	7	1	-1	-1
4014	2926	2926	2926	2926	2926	2926	2926	2926	2926	7	7	0	-1	-1
4015	2927	2927	2927	2927	2927	2927	2927	2927	2927	7	7	0	-1	-1
4016	2928	2928	2928	2929	2930	2931	2932	2930	2930	7	7	0	-1	-1
4017	2933	2933	2933	2933	2933	2933	2933	2933	2933	7	7	1	-1	-1
4018	2934	2934	2934	2934	2934	2934	2934	2934	2934	7	7	1	-1	-1
4019	2935	2935	2935	2935	2935	2935	2935	2935	2935	7	7	0	-1	-1
4020	2936	2936	2936	2937	2938	2939	2940	2938	2938	7	7	0	-1	-1
4021	2941	2941	2941	2941	2941	2941	2941	2941	2941	7	7	1	-1	-1
4022	2942	2942	2942	2942	2942	2942	2942	2942	2942	7	7	1	-1	-1
4023	2943	2943	2943	2943	2943	2943	2943	2943	2943	7	7	0	-1	-1
4024	2944	2944	2944	2944	2944	2944	2944	2944	2944	7	7	1	-1	-1
4025	2945	2945	2945	2945	2945	2945	2945	2945	2945	7	7	1	-1	-1
4026	2946	2946	2946	2946	2946	2946	2946	2946	2946	7	7	1	-1	-1
4027	2947	2947	2947	2947	2947	2947	2947	2947	2947	7	7	1	-1	-1
4028	2948	2948	2948	2948	2948	2948	2948	2948	2948	7	7	1	-1	-1
4029	2949	2949	2949	2949	2949	2949	2949	2949	2949	7	7	1	-1	-1
4030	2950	2950	2950	2950	2950	2950	2950	2950	2950	7	7	0	-1	-1
4031	2951	2951	2951	2951	2951	2951	2951	2951	2951	7	7	0	-1	-1
4032	2952	2952	2952	2952	2952	2952	2952	2952	2952	7	7	0	-1	-1
4033	2953	2953	2953	2953	2953	2953	2953	2953	2953	7	7	1	-1	-1
4034	2954	2954	2954	2954	2954	2954	2954	2954	2954	7	7	1	-1	-1
4035	2955	2955	2955	2955	2955	2955	2955	2955	2955	7	7	1	-1	-1
4036	2956	2956	2956	2956	2956	2956	2956	2956	2956	7	7	1	-1	-1
4037	2957	2957	2957	2957	2957	2957	2957	2957	2957	7	7	1	-1	-1
4038	2958	2958	2958	2958	2958	2958	2958	2958	2958	7	7	1	-1	-1
4039	2959	2959	2959	2959	2959	2959	2959	2959	2959	7	7	1	-1	-1
4040	2960	2960	2960	2960	2960	2960	2960	2960	2960	7	7	1	-1	-1
4041	2961	2961	2961	2961	2961	2961	2961	2961	2961	7	7	0	-1	-1
4042	2962	2962	2962	2962	2962	2962	2962	2962	2962	7	7	1	-1	-1
4043	2963	2963	2963	2963	2963	2963	2963	2963	2963	7	7	1	-1	-1
4044	2964	2964	2964	2964	2964	2964	2964	2964	2964	7	7	0	-1	-1
4045	2965	2965	2965	2965	2965	2965	2965	2965	2965	7	7	0	-1	-1
4046	2966	2966	2966	2966	2966	2966	2966	2966	2966	7	7	1	-1	-1
4047	2967	2967	2967	2967	2967	2967	2967	2967	2967	7	7	1	-1	-1
4048	2968	2968	2968	2968	2968	2968	2968	2968	2968	7	7	0	-1	-1
4049	2969	2969	2969	2969	2969	2969	2969	2969	2969	7	7	1	-1	-1
4050	2970	2970	2970	2970	2970	2970	2970	2970	2970	7	7	1	-1	-1
4051	2971	2971	2971	2971	2971	2971	2971	2971	2971	7	7	1	-1	-1
4052	2972	2972	2972	2972	2972	2972	2972	2972	2972	7	7	1	-1	-1
4053	2973	2973	2973	2973	2973	2973	2973	2973	2973	7	7	1	-1	-1
4054	2974	2974	2974	2974	2974	2974	2974	2974	2974	7	7	1	-1	-1
4055	2975	2975	2975	2975	2975	2975	2975	2975	2975	7	7	1	-1	-1
4056	2976	2976	2976	2976	2976	2976	2976	2976	2976	7	7	1	-1	-1
4057	2977	2977	2977	2977	2977	2977	2977	2977	2977	7	7	1	-1	-1
4058	2978	2978	2978	2978	2978	2978	2978	2978	2978	7	7	1	-1	-1
4059	2979	2979	2979	2979	2979	2979	2979	2979	2979	7	7	1	-1	-1
4060	2980	2980	2980	2980	2980	2980	2980	2980	2980	7	7	1	-1	-1
4061	2981	2981	2981	2981	2981	2981	2981	2981	2981	7	7	0	-1	-1
4062	2982	2982	2982	2982	2982	2982	2982	2982	2982	7	7	0	-1	-1
4063	2983	2983	2983	2983	2983	2983	2983	2983	2983	7	7	0	-1	-1
4064	2984	2984	2984	2984	2984	2984	2984	2984	2984	7	7	0	-1	-1
4065	2985	2985	2985	2985	2985	2985	2985	2985	2985	7	7	0	-1	-1
4066	2986	2986	2986	2986	2986	2986	2986	2986	2986	7	7	0	-1	-1
4067	2987	2987	2987	2987	2987	2987	2987	2987	2987	7	7	0	-1	-1
4068	2988	2988	2988	2988	2988	2988	2988	2988	2988	7	7	0	-1	-1
4069	2989	2989	2989	2989	2989	2989	2989	2989	2989	7	7	0	-1	-1
4070	2990	2990	2990	2990	2990	2990	2990	2990	2990	7	7	1	-1	-1
4071	2991	2991	2991	2991	2991	2991	2991	2991	2991	7	7	1	-1	-1
4072	1289	1289	1289	1289	1289	1289	1289	1289	1289	7	7	1	-1	-1
4073	1290	1290	1290	1290	1290	1290	1290	1290	1290	7	7	1	-1	-1
4074	2992	2993	2993	2994	2995	2995	2994	2995	2995	7	7	0	-1	-1
4075	1295	1295	1295	1295	1295	1295	1295	1295	1295	7	7	1	-1	-1
4076	1296	1296	1296	1296	1296	1296	1296	1296	1296	7	7	1	-1	-1
4077	1297	1297	1297	1297	1297	1297	1297	1297	1297	7	7	1	-1	-1
4078	1298	1298	1298	1298	1298	1298	1298	1298	1298	7	7	1	-1	-1
4079	1299	1299	1299	1299	1299	1299	1299	1299	1299	7	7	1	-1	-1
4080	1300	1300	1300	1300	1300	1300	1300	1300	1300	7	7	1	-1	-1
4081	1301	1301	1301	1301	1301	1301	1301	1301	1301	7	7	1	-1	-1
4082	1302	1302	1302	1302	1302	1302	1302	1302	1302	7	7	1	-1	-1
4083	1303	1303	1303	1303	1303	1303	1303	1303	1303	7	7	1	-1	-1
4084	1304	1304	1304	1304	1304	1304	1304	1304	1304	7	7	1	-1	-1
4085	1305	1305	1305	1305	1305	1305	1305	1305	1305	7	7	1	-1	-1
4086	1306	1306	1306	1306	1306	1306	1306	1306	1306	7	7	1	-1	-1
4087	1307	1307	1307	1307	1307	1307	1307	1307	1307	7	7	1	-1	-1
4088	1308	1308	1308	1308	1308	1308	1308	1308	1308	7	7	1	-1	-1
4089	1309	1309	1309	1309	1309	1309	1309	1309	1309	7	7	1	-1	-1
4090	1310	1310	1310	1310	1310	1310	1310	1310	1310	7	7	1	-1	-1
4091	1311	1311	1311	1311	1311	1311	1311	1311	1311	7	7	1	-1	-1
4092	1312	1312	1312	1312	1312	1312	1312	1312	1312	7	7	1	-1	-1
4093	1313	1313	1313	1313	1313	1313	1313	1313	1313	7	7	1	-1	-1
4094	1314	1314	1314	1314	1314	1314	1314	1314	1314	7	7	1	-1	-1
4095	1315	1315	1315	1315	1315	1315	1315	1315	1315	7	7	1	-1	-1
4096	1316	1316	1316	1316	1316	1316	1316	1316	1316	7	7	1	-1	-1
4097	1317	1317	1317	1317	1317	1317	1317	1317	1317	7	7	1	-1	-1
4098	1318	1318	1318	1318	1318	1318	1318	1318	1318	7	7	1	-1	-1
4099	1319	1319	1319	1319	1319	1319	1319	1319	1319	7	7	1	-1	-1
4100	1320	1320	1320	1320	1320	1320	1320	1320	1320	7	7	1	-1	-1
4101	1321	1321	1321	1321	1321	1321	1321	1321	1321	7	7	1	-1	-1
4102	1322	1322	1322	1322	1322	1322	1322	1322	1322	7	7	1	-1	-1
4103	1323	1323	1323	1323	1323	1323	1323	1323	1323	7	7	1	-1	-1
4104	1324	1324	1324	1324	1324	1324	1324	1324	1324	7	7	1	-1	-1
4105	1325	1325	1325	1325	1325	1325	1325	1325	1325	7	7	1	-1	-1
4106	1326	1326	1326	1326	1326	1326	1326	1326	1326	7	7	1	-1	-1
4107	1327	1327	1327	1327	1327	1327	1327	1327	1327	7	7	1	-1	-1
4108	1328	1328	1328	1328	1328	1328	1328	1328	1328	7	7	1	-1	-1
4109	1329	1329	1329	1329	1329	1329	1329	1329	1329	7	7	1	-1	-1
4110	3358	3358	3358	3358	3358	3358	3358	3358	3358	7	7	0	-1	-1
4111	3359	3359	3359	3359	3359	3359	3359	3359	3359	7	7	0	-1	-1
4112	3360	3360	3360	3360	3360	3360	3360	3360	3360	7	7	0	-1	-1
4113	3361	3361	3361	3361	3361	3361	3361	3361	3361	7	7	0	-1	-1
4114	3362	3362	3362	3362	3362	3362	3362	3362	3362	7	7	0	-1	-1
4115	3363	3363	3363	3363	3363	3363	3363	3363	3363	7	7	0	-1	-1
4116	3364	3364	3364	3364	3364	3364	3364	3364	3364	7	7	0	-1	-1
4117	3365	3365	3365	3365	3365	3365	3365	3365	3365	7	7	0	-1	-1
4118	3366	3366	3366	3366	3366	3366	3366	3366	3366	7	7	0	-1	-1
4119	3367	3367	3367	3367	3367	3367	3367	3367	3367	7	7	0	-1	-1
4120	3368	3368	3368	3368	3368	3368	3368	3368	3368	7	7	0	-1	-1
4121	3369	3369	3369	3369	3369	3369	3369	3369	3369	7	7	0	-1	-1
4122	3013	3013	3013	3013	3013	3013	3013	3013	3013	7	7	1	642	-1
4123	3370	3370	3370	3370	3370	3370	3370	3370	3370	7	7	0	-1	-1
4124	3371	3371	3371	3371	3371	3371	3371	3371	3371	7	7	0	-1	-1
4125	2704	2704	2705	2706	3372	2708	2709	3372	3372	7	7	0	-1	-1
4126	3373	3373	3373	3373	3373	3373	3373	3373	3373	7	7	0	-1	-1
4127	3374	3374	3374	3374	3374	3374	3374	3374	3374	7	7	0	-1	-1
4128	3375	3375	3375	3375	3375	3375	3375	3375	3375	7	7	0	-1	-1
4129	3376	3376	3376	3376	3376	3376	3376	3376	3376	7	7	0	-1	-1
4130	1360	1360	1360	1360	1360	1360	1360	1360	1360	7	7	1	-1	-1
4131	1361	1361	1361	1361	1361	1361	1361	1361	1361	7	7	1	-1	-1
4132	1362	1362	1362	1362	1362	1362	1362	1362	1362	7	7	1	-1	-1
4133	1363	1363	1363	1363	1363	1363	1363	1363	1363	7	7	1	-1	-1
4134	1364	1364	1364	1364	1364	1364	1364	1364	1364	7	7	1	-1	-1
4135	1365	1365	1365	1365	1365	1365	1365	1365	1365	7	7	1	-1	-1
4136	1366	1366	1366	1366	1366	1366	1366	1366	1366	7	7	1	-1	-1
4137	1367	1367	1367	1367	1367	1367	1367	1367	1367	7	7	1	-1	-1
4138	1368	1368	1368	1368	1368	1368	1368	1368	1368	7	7	1	-1	-1
4139	1369	1369	1369	1369	1369	1369	1369	1369	1369	7	7	1	-1	-1
4140	1370	1370	1370	1370	1370	1370	1370	1370	1370	7	7	1	-1	-1
4141	1371	1371	1371	1371	1371	1371	1371	1371	1371	7	7	1	-1	-1
4142	1372	1372	1372	1372	1372	1372	1372	1372	1372	7	7	1	-1	-1
4143	1373	1373	1373	1373	1373	1373	1373	1373	1373	7	7	1	-1	-1
4144	1374	1374	1374	1374	1374	1374	1374	1374	1374	7	7	1	-1	-1
4145	1375	1375	1375	1375	1375	1375	1375	1375	1375	7	7	1	-1	-1
4146	3377	3377	3377	3377	3377	3377	3377	3377	3377	7	7	1	-1	-1
4147	3378	3378	3378	3378	3378	3378	3378	3378	3378	7	7	1	-1	-1
4148	3050	3050	3050	3050	3050	3050	3050	3050	3050	7	7	1	-1	-1
4149	3051	3051	3051	3051	3051	3051	3051	3051	3051	7	7	1	-1	-1
4150	3052	3052	3052	3052	3052	3052	3052	3052	3052	7	7	1	-1	-1
4151	3053	3053	3053	3053	3053	3053	3053	3053	3053	7	7	1	-1	-1
4152	3054	3054	3054	3054	3054	3054	3054	3054	3054	7	7	1	-1	-1
4153	3055	3055	3055	3055	3055	3055	3055	3055	3055	7	7	1	-1	-1
4154	3056	3056	3056	3056	3056	3056	3056	3056	3056	7	7	1	-1	-1
4155	3057	3057	3057	3057	3057	3057	3057	3057	3057	7	7	1	-1	-1
4156	3058	3058	3058	3058	3058	3058	3058	3058	3058	7	7	1	-1	-1
4157	3059	3059	3059	3059	3059	3059	3059	3059	3059	7	7	1	-1	-1
4158	3060	3060	3060	3060	3060	3060	3060	3060	3060	7	7	1	-1	-1
4159	3061	3061	3061	3061	3061	3061	3061	3061	3061	7	7	1	-1	-1
4160	3062	3062	3062	3062	3062	3062	3062	3062	3062	7	7	1	-1	-1
4161	3063	3063	3063	3063	3063	3063	3063	3063	3063	7	7	1	-1	-1
4162	3064	3064	3064	3064	3064	3064	3064	3064	3064	7	7	1	-1	-1
4163	3065	3065	3065	3065	3065	3065	3065	3065	3065	7	7	1	-1	-1
4164	3066	3066	3066	3066	3066	3066	3066	3066	3066	7	7	1	-1	-1
4165	3067	3067	3067	3067	3067	3067	3067	3067	3067	7	7	1	-1	-1
4166	3068	3068	3068	3068	3068	3068	3068	3068	3068	7	7	1	-1	-1
4167	3069	3069	3069	3069	3069	3069	3069	3069	3069	7	7	1	-1	-1
4168	3070	3070	3070	3070	3070	3070	3070	3070	3070	7	7	1	-1	-1
4169	3071	3071	3071	3071	3071	3071	3071	3071	3071	7	7	1	-1	-1
4170	3072	3072	3072	3072	3072	3072	3072	3072	3072	7	7	1	-1	-1
4171	3073	3073	3073	3073	3073	3073	3073	3073	3073	7	7	1	-1	-1
4172	3074	3074	3074	3074	3074	3074	3074	3074	3074	7	7	1	-1	-1
4173	3075	3075	3075	3075	3075	3075	3075	3075	3075	7	7	1	-1	-1
4174	3076	3076	3076	3076	3076	3076	3076	3076	3076	7	7	1	-1	-1
4175	3077	3077	3077	3077	3077	3077	3077	3077	3077	7	7	1	-1	-1
4176	3078	3078	3078	3078	3078	3078	3078	3078	3078	7	7	1	-1	-1
4177	3079	3079	3079	3079	3079	3079	3079	3079	3079	7	7	1	-1	-1
4178	3093	3093	3093	3093	3093	3093	3093	3093	3093	7	7	1	-1	-1
4179	3094	3094	3094	3094	3094	3094	3094	3094	3094	7	7	1	-1	-1
4180	3095	3095	3095	3095	3095	3095	3095	3095	3095	7	7	1	-1	-1
4181	1494	1494	1494	1494	1494	1494	1494	1494	1494	7	7	1	-1	-1
4182	1495	1495	1495	1495	1495	1495	1495	1495	1495	7	7	1	-1	-1
4183	1496	1496	1496	1496	1496	1496	1496	1496	1496	7	7	1	-1	-1
4184	3379	3379	3379	3379	3379	3379	3379	3379	3379	7	7	1	726	-1
4185	3096	3096	3096	3096	3096	3096	3096	3096	3096	7	7	1	-1	-1
4186	3097	3097	3097	3097	3097	3097	3097	3097	3097	7	7	1	-1	-1
4187	3098	3098	3098	3098	3098	3098	3098	3098	3098	7	7	1	-1	-1
4188	3099	3099	3099	3099	3099	3099	3099	3099	3099	7	7	1	-1	-1
4189	3100	3100	3100	3100	3100	3100	3100	3100	3100	7	7	1	-1	-1
4190	3101	3101	3101	3101	3101	3101	3101	3101	3101	7	7	1	-1	-1
4191	3129	3129	3129	3129	3129	3129	3129	3129	3129	7	7	1	-1	-1
4192	3130	3130	3130	3130	3130	3130	3130	3130	3130	7	7	1	-1	-1
4193	3131	3131	3131	3131	3131	3131	3131	3131	3131	7	7	1	-1	-1
4194	3132	3132	3132	3132	3132	3132	3132	3132	3132	7	7	1	-1	-1
4195	3133	3133	3133	3133	3133	3133	3133	3133	3133	7	7	1	-1	-1
4196	3134	3134	3134	3134	3134	3134	3134	3134	3134	7	7	1	-1	-1
4197	3080	3080	3080	3080	3080	3080	3080	3080	3080	7	7	1	-1	-1
4198	3081	3081	3081	3081	3081	3081	3081	3081	3081	7	7	1	-1	-1
4199	3082	3082	3082	3082	3082	3082	3082	3082	3082	7	7	1	-1	-1
4200	3083	3083	3083	3083	3083	3083	3083	3083	3083	7	7	1	-1	-1
4201	3084	3084	3084	3084	3084	3084	3084	3084	3084	7	7	1	-1	-1
4202	3085	3085	3085	3085	3085	3085	3085	3085	3085	7	7	1	-1	-1
4203	1473	1473	1473	1473	1473	1473	1473	1473	1473	7	7	1	-1	-1
4204	1474	1474	1474	1474	1474	1474	1474	1474	1474	7	7	1	-1	-1
4205	1475	1475	1475	1475	1475	1475	1475	1475	1475	7	7	1	-1	-1
4206	1489	1489	1489	1489	1489	1489	1489	1489	1489	7	7	1	-1	-1
4207	1490	1490	1490	1490	1490	1490	1490	1490	1490	7	7	1	-1	-1
4208	3126	3126	3126	3126	3126	3126	3126	3126	3126	7	7	1	-1	-1
4209	3127	3127	3127	3127	3127	3127	3127	3127	3127	7	7	1	-1	-1
4210	3092	3092	3092	3092	3092	3092	3092	3092	3092	7	7	1	-1	-1
4211	3120	3120	3120	3120	3120	3120	3120	3120	3120	7	7	1	-1	-1
4212	3121	3121	3121	3121	3121	3121	3121	3121	3121	7	7	1	-1	-1
4213	3122	3122	3122	3122	3122	3122	3122	3122	3122	7	7	1	-1	-1
4214	3123	3123	3123	3123	3123	3123	3123	3123	3123	7	7	1	-1	-1
4215	3124	3124	3124	3124	3124	3124	3124	3124	3124	7	7	1	-1	-1
4216	3125	3125	3125	3125	3125	3125	3125	3125	3125	7	7	1	-1	-1
4217	3086	3086	3086	3086	3086	3086	3086	3086	3086	7	7	1	-1	-1
4218	3087	3087	3087	3087	3087	3087	3087	3087	3087	7	7	1	-1	-1
4219	3088	3088	3088	3088	3088	3088	3088	3088	3088	7	7	1	-1	-1
4220	3089	3089	3089	3089	3089	3089	3089	3089	3089	7	7	1	-1	-1
4221	3090	3090	3090	3090	3090	3090	3090	3090	3090	7	7	1	-1	-1
4222	3091	3091	3091	3091	3091	3091	3091	3091	3091	7	7	1	-1	-1
4223	3138	3138	3138	3138	3138	3138	3138	3138	3138	7	7	1	-1	-1
4224	3139	3139	3139	3139	3139	3139	3139	3139	3139	7	7	1	-1	-1
4225	3102	3102	3102	3102	3102	3102	3102	3102	3102	7	7	1	-1	-1
4226	3103	3103	3103	3103	3103	3103	3103	3103	3103	7	7	1	-1	-1
4227	3104	3104	3104	3104	3104	3104	3104	3104	3104	7	7	1	-1	-1
4228	3105	3105	3105	3105	3105	3105	3105	3105	3105	7	7	1	-1	-1
4229	3106	3106	3106	3106	3106	3106	3106	3106	3106	7	7	1	-1	-1
4230	3107	3107	3107	3107	3107	3107	3107	3107	3107	7	7	1	-1	-1
4231	3108	3108	3108	3108	3108	3108	3108	3108	3108	7	7	1	-1	-1
4232	3109	3109	3109	3109	3109	3109	3109	3109	3109	7	7	1	-1	-1
4233	3110	3110	3110	3110	3110	3110	3110	3110	3110	7	7	1	-1	-1
4234	3111	3111	3111	3111	3111	3111	3111	3111	3111	7	7	1	-1	-1
4235	3112	3112	3112	3112	3112	3112	3112	3112	3112	7	7	1	-1	-1
4236	3113	3113	3113	3113	3113	3113	3113	3113	3113	7	7	1	-1	-1
4237	3114	3114	3114	3114	3114	3114	3114	3114	3114	7	7	1	-1	-1
4238	3115	3115	3115	3115	3115	3115	3115	3115	3115	7	7	1	-1	-1
4239	3116	3116	3116	3116	3116	3116	3116	3116	3116	7	7	1	-1	-1
4240	3117	3117	3117	3117	3117	3117	3117	3117	3117	7	7	1	-1	-1
4241	3118	3118	3118	3118	3118	3118	3118	3118	3118	7	7	1	-1	-1
4242	3119	3119	3119	3119	3119	3119	3119	3119	3119	7	7	1	-1	-1
4243	1416	1416	1416	1416	1416	1416	1416	1416	1416	7	7	0	-1	-1
4244	3380	3380	3380	3380	3380	3380	3380	3380	3380	7	7	0	-1	-1
4245	3381	3381	3381	3381	3381	3381	3381	3381	3381	7	7	0	-1	-1
4246	1422	1422	1422	1422	1422	1422	1422	1422	1422	7	7	1	-1	-1
4247	3128	3128	3128	3128	3128	3128	3128	3128	3128	7	7	1	-1	-1
4248	3135	3135	3135	3135	3135	3135	3135	3135	3135	7	7	1	-1	-1
4249	3136	3136	3136	3136	3136	3136	3136	3136	3136	7	7	1	-1	-1
4250	3137	3137	3137	3137	3137	3137	3137	3137	3137	7	7	1	-1	-1
4251	3140	3140	3140	3140	3140	3140	3140	3140	3140	7	7	1	-1	-1
4252	3141	3141	3141	3141	3141	3141	3141	3141	3141	7	7	1	748	-1
4253	3142	3142	3142	3142	3142	3142	3142	3142	3142	7	7	1	748	-1
4254	3382	3382	3382	3382	3382	3382	3382	3382	3382	7	7	0	-1	-1
4255	3037	3037	3037	3037	3037	3037	3037	3037	3037	7	7	1	-1	-1
4256	3038	3038	3038	3038	3038	3038	3038	3038	3038	7	7	1	-1	-1
4257	3039	3039	3039	3039	3039	3039	3039	3039	3039	7	7	1	-1	-1
4258	3040	3040	3040	3040	3040	3040	3040	3040	3040	7	7	1	-1	-1
4259	3041	3041	3041	3041	3041	3041	3041	3041	3041	7	7	1	-1	-1
4260	3383	3383	3383	3383	3383	3383	3383	3383	3383	7	7	1	-1	-1
4261	3384	3384	3384	3384	3384	3384	3384	3384	3384	7	7	1	-1	-1
4262	3385	3385	3385	3385	3385	3385	3385	3385	3385	7	7	1	-1	-1
4263	3386	3386	3386	3386	3386	3386	3386	3386	3386	7	7	1	-1	-1
4264	3387	3387	3387	3387	3387	3387	3387	3387	3387	7	7	1	-1	-1
4265	3388	3388	3388	2706	2707	2708	2709	2707	2707	7	7	0	-1	-1
4266	3389	3389	3389	3389	3389	3389	3389	3389	3389	7	7	0	-1	-1
4267	3390	3390	3390	3390	3390	3390	3390	3390	3390	7	7	0	-1	-1
4268	3391	3391	3391	3391	3391	3391	3391	3391	3391	7	7	0	-1	-1
4269	3392	3392	3392	3392	3392	3392	3392	3392	3392	7	7	0	-1	-1
4270	3393	3393	3393	2706	2707	2708	2709	2707	2707	7	7	0	-1	-1
4271	3394	3394	3394	3394	3394	3394	3394	3394	3394	7	7	1	-1	-1
4272	3395	3395	3395	3395	3395	3395	3395	3395	3395	7	7	0	-1	-1
4273	3396	3396	3396	3396	3396	3396	3396	3396	3396	7	7	1	-1	-1
4274	3397	3397	3397	3397	3397	3397	3397	3397	3397	7	7	0	-1	-1
4275	3398	3398	3398	2706	2707	2708	2709	2707	2707	7	7	0	-1	-1
4276	3399	3399	3399	3399	3399	3399	3399	3399	3399	7	7	0	-1	-1
4277	3400	3400	3400	3400	3400	3400	3400	3400	3400	7	7	0	-1	-1
4278	3401	3401	3401	3401	3401	3401	3401	3401	3401	7	7	1	-1	-1
4279	3402	3402	3402	3402	3402	3402	3402	3402	3402	7	7	0	-1	-1
4280	2704	2704	2705	2706	2707	2708	3403	2707	2707	7	7	0	-1	-1
4281	3404	3404	3404	3404	3404	3404	3404	3404	3404	7	7	0	-1	-1
4282	3405	3405	3405	3405	3405	3405	3405	3405	3405	7	7	0	-1	-1
4283	3406	3406	3406	3406	3406	3406	3406	3406	3406	7	7	0	-1	-1
4284	3407	3407	3407	3407	3407	3407	3407	3407	3407	7	7	0	-1	-1
4285	2704	2704	2705	2706	3408	2708	2709	3408	3408	7	7	0	-1	-1
4286	3409	3409	3409	3409	3409	3409	3409	3409	3409	7	7	0	-1	-1
4287	3410	3410	3410	3410	3410	3410	3410	3410	3410	7	7	0	-1	-1
4288	3411	3411	3411	3411	3411	3411	3411	3411	3411	7	7	0	-1	-1
4289	3412	3412	3412	3412	3412	3412	3412	3412	3412	7	7	1	-1	-1
4290	3413	3413	3413	3413	3413	3413	3413	3413	3413	7	7	0	-1	-1
4291	3414	3414	3414	3414	3414	3414	3414	3414	3414	7	7	1	-1	-1
4292	3415	3415	3415	3415	3415	3415	3415	3415	3415	7	7	1	-1	-1
4293	3416	3416	3416	3416	3416	3416	3416	3416	3416	7	7	0	-1	-1
4294	3417	3417	3417	3417	3417	3417	3417	3417	3417	7	7	1	-1	-1
4295	3418	3418	3418	3418	3418	3418	3418	3418	3418	7	7	0	-1	-1
4296	3419	3419	3419	3419	3419	3419	3419	3419	3419	7	7	0	-1	-1
4297	3420	3420	3420	3420	3420	3420	3420	3420	3420	7	7	1	-1	-1
4298	3421	3421	3421	3421	3421	3421	3421	3421	3421	7	7	0	-1	-1
4299	3422	3422	3422	3422	3422	3422	3422	3422	3422	7	7	1	-1	-1
4300	3423	3423	3423	3423	3423	3423	3423	3423	3423	7	7	1	-1	-1
4301	3424	3424	3424	3424	3424	3424	3424	3424	3424	7	7	0	-1	-1
4302	3425	3425	3425	3425	3425	3425	3425	3425	3425	7	7	0	-1	-1
4303	3426	3426	3426	3426	3426	3426	3426	3426	3426	7	7	0	-1	-1
4304	3427	3427	3427	3427	3427	3427	3427	3427	3427	7	7	1	-1	-1
4305	3428	3428	3428	3428	3428	3428	3428	3428	3428	7	7	1	-1	-1
4306	3429	3429	3429	3429	3429	3429	3429	3429	3429	7	7	1	-1	-1
4307	3430	3430	3430	3430	3430	3430	3430	3430	3430	7	7	0	-1	-1
4308	3431	3431	3431	3431	3431	3431	3431	3431	3431	7	7	1	-1	-1
4309	3432	3432	3432	3432	3432	3432	3432	3432	3432	7	7	1	-1	-1
4310	3433	3433	3433	3433	3433	3433	3433	3433	3433	7	7	1	-1	-1
4311	3434	3434	3434	3434	3434	3434	3434	3434	3434	7	7	0	-1	-1
4312	3435	3435	3435	3435	3435	3435	3435	3435	3435	7	7	0	-1	-1
4313	3436	3436	3436	3436	3436	3436	3436	3436	3436	7	7	0	-1	-1
4314	3437	3437	3437	3437	3437	3437	3437	3437	3437	7	7	1	-1	-1
4315	3438	3438	3438	3438	3438	3438	3438	3438	3438	7	7	1	-1	-1
4316	3439	3439	3439	3439	3439	3439	3439	3439	3439	7	7	0	-1	-1
4317	3440	3440	3440	3440	3440	3440	3440	3440	3440	7	7	0	-1	-1
4318	3441	3441	3441	3441	3441	3441	3441	3441	3441	7	7	1	-1	-1
4319	3442	3442	3442	3442	3442	3442	3442	3442	3442	7	7	0	-1	-1
4320	80	80	80	80	80	80	80	80	80	3443	3443	0	-1	-1
4321	395	395	395	395	395	395	395	395	395	3444	3444	0	-1	-1
4322	80	80	80	80	80	80	80	80	80	3445	3445	0	-1	-1
4323	8	8	8	8	8	8	8	8	8	394	394	0	-1	-1
4324	80	80	80	80	80	80	80	80	80	3446	3446	0	-1	-1
4325	395	395	395	395	395	395	395	395	395	3447	3447	0	-1	-1
4326	80	80	80	80	80	80	80	80	80	3448	3448	0	-1	-1
4327	80	80	80	80	80	80	80	80	80	3449	3449	0	-1	-1
4328	395	395	395	395	395	395	395	395	395	3450	3450	0	-1	-1
4329	80	80	80	80	80	80	80	80	80	3451	3451	0	-1	-1
4330	395	395	395	395	395	395	395	395	395	3452	3452	0	-1	-1
4331	80	80	80	80	80	80	80	80	80	3453	3453	0	-1	-1
4332	80	80	80	80	80	80	80	80	80	3454	3454	0	-1	-1
4333	3455	3455	3455	3455	3455	3455	3455	3455	3455	3455	3455	0	-1	-1
4334	3456	3456	3456	3456	3456	3456	3456	3456	3456	3456	3456	0	-1	-1
4335	3457	3457	3457	3457	3457	3457	3457	3457	3457	3457	3457	0	-1	-1
4336	3458	3458	3458	3458	3458	3458	3458	3458	3458	3458	3458	0	-1	-1
4337	3459	3459	3459	3459	3459	3459	3459	3459	3459	3459	3459	0	-1	-1
4338	3460	3460	3460	3460	3460	3460	3460	3460	3460	3460	3460	0	-1	-1
4339	3461	3461	3461	3461	3461	3461	3461	3461	3461	3461	3461	0	-1	-1
4340	3462	3462	3462	3462	3462	3462	3462	3462	3462	3462	3462	0	-1	-1
4341	3463	3463	3463	3463	3463	3463	3463	3463	3463	3463	3463	0	-1	-1
4342	322	322	322	322	322	322	322	322	322	322	322	0	-1	-1
4343	3464	3464	3464	3464	3464	3464	3464	3464	3464	3464	3464	0	-1	-1
4344	3465	3465	3465	3465	3465	3465	3465	3465	3465	3465	3465	0	-1	-1
4345	3466	3466	3466	3466	3466	3466	3466	3466	3466	3466	3466	0	-1	-1
4346	3467	3467	3467	3467	3467	3467	3467	3467	3467	3467	3467	0	-1	-1
4347	3468	3468	3468	3468	3468	3468	3468	3468	3468	3468	3468	0	-1	-1
4348	3469	3469	3469	3469	3469	3469	3469	3469	3469	3469	3469	0	-1	-1
4349	3470	3470	3470	3470	3470	3470	3470	3470	3470	3470	3470	0	-1	-1
4350	3471	3471	3471	3471	3471	3471	3471	3471	3471	3471	3471	0	-1	-1
4351	75	75	75	75	75	75	75	75	75	75	75	0	-1	-1
4352	322	8	8	8	8	8	8	8	8	8	8	0	-1	-1
4353	3472	3472	3472	3472	3472	3472	3472	3472	3472	3472	3472	0	-1	-1
4354	3473	3473	3473	3473	3473	3473	3473	3473	3473	3473	3473	0	-1	-1
4355	3474	3474	3474	3474	3474	3474	3474	3474	3474	3474	3474	0	-1	-1
4356	3475	3475	3475	3475	3475	3475	3475	3475	3475	3475	3475	0	-1	-1
4357	3476	3476	3476	3476	3476	3476	3476	3476	3476	3476	3476	0	-1	-1
4358	3477	3477	3477	3477	3477	3477	3477	3477	3477	3477	3477	0	-1	-1
4359	3478	3478	3478	3478	3478	3478	3478	3478	3478	3478	3478	0	-1	-1
4360	3479	3479	3479	3479	3479	3479	3479	3479	3479	3479	3479	0	-1	-1
4361	3480	3480	3480	3480	3480	3480	3480	3480	3480	3480	3480	0	-1	-1
4362	3481	3481	3481	3481	3481	3481	3481	3481	3481	3481	3481	0	-1	-1
4363	3482	3482	3482	3482	3482	3482	3482	3482	3482	3482	3482	0	-1	-1
4364	3483	3483	3483	3483	3483	3483	3483	3483	3483	3483	3483	0	-1	-1
4365	3484	3484	3484	3484	3484	3484	3484	3484	3484	3484	3484	0	-1	-1
4366	3485	3485	3485	3485	3485	3485	3485	3485	3485	3485	3485	0	-1	-1
4367	3486	3486	3486	3486	3486	3486	3486	3486	3486	3486	3486	0	-1	-1
4368	3487	3487	3487	3487	3487	3487	3487	3487	3487	3487	3487	0	-1	-1
4369	3488	3488	3488	3488	3488	3488	3488	3488	3488	3488	3488	0	-1	-1
4370	3489	3489	3489	3489	3489	3489	3489	3489	3489	3489	3489	0	-1	-1
4371	3490	3490	3490	3490	3490	3490	3490	3490	3490	3490	3490	0	-1	-1
4372	3491	3491	3491	3491	3491	3491	3491	3491	3491	3491	3491	0	-1	-1
4373	3492	3492	3492	3492	3492	3492	3492	3492	3492	3492	3492	0	-1	-1
4374	3493	3493	3493	3493	3493	3493	3493	3493	3493	3493	3493	0	-1	-1
4375	3494	3494	3494	3494	3494	3494	3494	3494	3494	3494	3494	0	-1	-1
4376	3495	3495	3495	3495	3495	3495	3495	3495	3495	3495	3495	0	-1	-1
4377	3496	3496	3496	3496	3496	3496	3496	3496	3496	3496	3496	0	-1	-1
4378	3497	3497	3497	3497	3497	3497	3497	3497	3497	3497	3497	0	-1	-1
4379	3498	3498	3498	3498	3498	3498	3498	3498	3498	3498	3498	0	-1	-1
4380	3499	3499	3499	3499	3499	3499	3499	3499	3499	3499	3499	0	-1	-1
4381	3500	3500	3500	3500	3500	3500	3500	3500	3500	3500	3500	0	-1	-1
4382	3501	3501	3501	3501	3501	3501	3501	3501	3501	3501	3501	0	-1	-1
4383	3502	3502	3502	3502	3502	3502	3502	3502	3502	3502	3502	0	-1	-1
4384	3503	3503	3503	3503	3503	3503	3503	3503	3503	3503	3503	0	-1	-1
4385	3504	3504	3504	3504	3504	3504	3504	3504	3504	3504	3504	0	-1	-1
4386	3505	3505	3505	3505	3505	3505	3505	3505	3505	3505	3505	0	-1	-1
4387	3506	3506	3506	3506	3506	3506	3506	3506	3506	3506	3506	0	-1	-1
4388	3507	3507	3507	3507	3507	3507	3507	3507	3507	3507	3507	0	-1	-1
4389	3508	3508	3508	3508	3508	3508	3508	3508	3508	3508	3508	0	-1	-1
4390	3509	3509	3509	3509	3509	3509	3509	3509	3509	3509	3509	0	-1	-1
4391	3510	3510	3510	3510	3510	3510	3510	3510	3510	3510	3510	0	-1	-1
4392	3511	3511	3511	3511	3511	3511	3511	3511	3511	3511	3511	0	-1	-1
4393	3512	3512	3512	3512	3512	3512	3512	3512	3512	3512	3512	0	-1	-1
4394	3513	3513	3513	3513	3513	3513	3513	3513	3513	3513	3513	0	-1	-1
4395	3514	3514	3514	3514	3514	3514	3514	3514	3514	3514	3514	0	-1	-1
4396	3515	3515	3515	3515	3515	3515	3515	3515	3515	3515	3515	0	-1	-1
4397	9	9	9	9	9	9	9	9	9	3516	3516	0	-1	-1
4398	10	11	11	12	13	14	15	13	13	3516	3516	0	-1	-1
4399	16	17	18	19	20	21	22	20	20	3516	3516	0	-1	-1
4400	10	10	10	10	10	10	10	10	10	3516	3516	0	-1	-1
4401	23	24	25	26	27	28	29	27	27	3516	3516	0	-1	-1
4402	31	31	31	31	31	31	31	31	31	3516	3516	0	-1	-1
4403	33	33	33	33	33	33	33	33	33	3516	3516	0	-1	-1
4404	41	41	41	41	41	41	41	41	41	3516	3516	0	-1	-1
4405	42	42	42	42	42	42	42	42	42	3516	3516	0	-1	-1
4406	43	43	43	43	43	43	43	43	43	3516	3516	0	-1	-1
4407	44	44	44	44	44	44	44	44	44	3516	3516	0	-1	-1
4408	43	45	45	46	43	43	46	43	43	3516	3516	0	-1	-1
4409	43	48	48	49	50	50	49	50	50	3516	3516	0	-1	-1
4410	51	51	51	51	51	51	51	51	51	3516	3516	0	-1	-1
4411	52	52	52	52	52	52	52	52	52	3516	3516	0	-1	-1
4412	43	53	53	54	55	55	54	55	55	3516	3516	0	-1	-1
4413	43	56	56	57	58	58	57	58	58	3516	3516	0	-1	-1
4414	43	59	59	60	61	61	60	61	61	3516	3516	0	-1	-1
4415	62	63	64	65	66	67	68	66	66	3516	3516	0	-1	-1
4416	62	63	69	3	4	5	6	4	4	3516	3516	0	-1	-1
4417	62	63	2	3	4	70	6	4	4	3516	3516	0	-1	-1
4418	62	63	2	3	71	5	6	71	71	3516	3516	0	-1	-1
4419	62	63	2	3	72	5	6	72	72	3516	3516	0	-1	-1
4420	62	63	2	3	72	5	73	72	72	3516	3516	0	-1	-1
4421	74	74	74	74	74	74	74	74	74	3516	3516	0	-1	-1
4422	75	75	75	75	75	75	75	75	75	3516	3516	0	-1	-1
4423	76	76	76	76	76	76	76	76	76	3516	3516	0	-1	-1
4424	77	77	77	77	77	77	77	77	77	3516	3516	0	-1	-1
4425	78	79	79	79	79	79	79	79	79	3516	3516	0	-1	-1
4426	78	81	81	81	81	81	81	81	81	3516	3516	0	-1	-1
4427	78	82	82	82	82	82	82	82	82	3516	3516	0	-1	-1
4428	78	83	83	83	83	83	83	83	83	3516	3516	0	-1	-1
4429	78	84	84	84	84	84	84	84	84	3516	3516	0	-1	-1
4430	78	85	85	85	85	85	85	85	85	3516	3516	0	-1	-1
4431	86	86	86	86	86	86	86	86	86	3516	3516	0	-1	-1
4432	88	88	88	88	88	88	88	88	88	3516	3516	0	-1	-1
4433	89	89	89	89	89	89	89	89	89	3516	3516	0	-1	-1
4434	90	90	90	90	90	90	90	90	90	3516	3516	0	-1	-1
4435	91	91	91	91	91	91	91	91	91	3516	3516	0	-1	-1
4436	92	92	92	92	92	92	92	92	92	3516	3516	0	-1	-1
4437	93	93	93	93	93	93	93	93	93	3516	3516	0	-1	-1
4438	94	94	94	94	94	94	94	94	94	3516	3516	0	-1	-1
4439	95	95	95	95	95	95	95	95	95	3516	3516	0	-1	-1
4440	96	96	96	96	96	96	96	96	96	3516	3516	0	-1	-1
4441	78	97	98	99	100	101	102	100	100	3516	3516	0	-1	-1
4442	78	104	105	106	107	108	109	107	107	3516	3516	0	-1	-1
4443	78	110	111	112	113	114	115	113	113	3516	3516	0	-1	-1
4444	78	116	116	116	116	116	116	116	116	3516	3516	0	-1	-1
4445	78	117	117	117	117	117	117	117	117	3516	3516	0	-1	-1
4446	78	118	118	118	118	118	118	118	118	3516	3516	0	-1	-1
4447	78	119	119	119	119	119	119	119	119	3516	3516	0	-1	-1
4448	78	120	120	120	120	120	120	120	120	3516	3516	0	-1	-1
4449	78	121	121	121	121	121	121	121	121	3516	3516	0	-1	-1
4450	78	122	122	122	122	122	122	122	122	3516	3516	0	-1	-1
4451	78	123	123	123	123	123	123	123	123	3516	3516	0	-1	-1
4452	124	124	124	124	124	124	124	124	124	3516	3516	0	-1	-1
4453	78	125	125	125	125	125	125	125	125	3516	3516	0	-1	-1
4454	126	126	126	126	126	126	126	126	126	3516	3516	0	-1	-1
4455	127	127	127	127	127	127	127	127	127	3516	3516	0	-1	-1
4456	128	128	128	128	128	128	128	128	128	3516	3516	0	-1	-1
4457	129	129	129	129	129	129	129	129	129	3516	3516	0	-1	-1
4458	130	130	130	130	130	130	130	130	130	3516	3516	0	-1	-1
4459	131	131	131	131	131	131	131	131	131	3516	3516	0	-1	-1
4460	78	132	132	132	132	132	132	132	132	3516	3516	0	-1	-1
4461	133	133	133	133	133	133	133	133	133	3516	3516	0	-1	-1
4462	78	134	134	134	134	134	134	134	134	3516	3516	0	-1	-1
4463	78	135	135	135	135	135	135	135	135	3516	3516	0	-1	-1
4464	136	136	136	136	136	136	136	136	136	3516	3516	0	-1	-1
4465	137	137	137	137	137	137	137	137	137	3516	3516	0	-1	-1
4466	138	138	138	138	138	138	138	138	138	3516	3516	0	-1	-1
4467	139	139	139	139	139	139	139	139	139	3516	3516	0	-1	-1
4468	78	140	140	140	140	140	140	140	140	3516	3516	0	-1	-1
4469	78	141	141	141	141	141	141	141	141	3516	3516	0	-1	-1
4470	78	142	142	142	142	142	142	142	142	3516	3516	0	-1	-1
4471	143	143	143	143	143	143	143	143	143	3516	3516	0	-1	-1
4472	144	144	144	144	144	144	144	144	144	3516	3516	0	-1	-1
4473	145	145	145	145	145	145	145	145	145	3516	3516	0	-1	-1
4474	146	146	146	146	146	146	146	146	146	3516	3516	0	-1	-1
4475	147	147	147	147	147	147	147	147	147	3516	3516	0	-1	-1
4476	148	148	148	148	148	148	148	148	148	3516	3516	0	-1	-1
4477	84	84	84	84	84	84	84	84	84	3516	3516	0	-1	-1
4478	149	149	149	149	149	149	149	149	149	3516	3516	0	-1	-1
4479	150	150	150	150	150	150	150	150	150	3516	3516	0	-1	-1
4480	78	97	97	99	100	100	99	100	100	3516	3516	0	-1	-1
4481	78	104	104	106	107	107	106	107	107	3516	3516	0	-1	-1
4482	78	110	110	112	113	113	112	113	113	3516	3516	0	-1	-1
4483	3517	3517	3517	3517	3517	3517	3517	3517	3517	3517	3517	0	-1	-1
4484	3518	3518	3518	3518	3518	3518	3518	3518	3518	3518	3518	0	-1	-1
4485	3519	3519	3519	3519	3519	3519	3519	3519	3519	3519	3519	0	-1	-1
4486	3520	3520	3520	3520	3520	3520	3520	3520	3520	3520	3520	0	-1	-1
4487	3521	3521	3521	3521	3521	3521	3521	3521	3521	3521	3521	0	-1	-1
4488	3522	3522	3522	3522	3522	3522	3522	3522	3522	3522	3522	0	-1	-1
4489	3523	3523	3523	3523	3523	3523	3523	3523	3523	3523	3523	0	-1	-1
4490	3524	3524	3524	3524	3524	3524	3524	3524	3524	3524	3524	0	-1	-1
4491	3525	3525	3525	3525	3525	3525	3525	3525	3525	3525	3525	0	-1	-1
4492	3526	3526	3526	3526	3526	3526	3526	3526	3526	3526	3526	0	-1	-1
4493	3527	3527	3527	3527	3527	3527	3527	3527	3527	3527	3527	0	-1	-1
4494	3528	3528	3528	3528	3528	3528	3528	3528	3528	3528	3528	0	-1	-1
4495	3529	3529	3529	3529	3529	3529	3529	3529	3529	3529	3529	0	-1	-1
4496	3530	3530	3530	3530	3530	3530	3530	3530	3530	3530	3530	0	-1	-1
4497	3531	3531	3531	3531	3531	3531	3531	3531	3531	3531	3531	0	-1	-1
4498	3532	3532	3532	3532	3532	3532	3532	3532	3532	3532	3532	0	-1	-1
4499	3533	3533	3533	3533	3533	3533	3533	3533	3533	3533	3533	0	-1	-1
4500	3534	3534	3534	3534	3534	3534	3534	3534	3534	3534	3534	0	-1	-1
4501	3535	3535	3535	3535	3535	3535	3535	3535	3535	3535	3535	0	-1	-1
4502	3536	3536	3536	3536	3536	3536	3536	3536	3536	3536	3536	0	-1	-1
4503	3537	3537	3537	3537	3537	3537	3537	3537	3537	3537	3537	0	-1	-1
4504	3538	3538	3538	3538	3538	3538	3538	3538	3538	3538	3538	0	-1	-1
4505	3539	3539	3539	3539	3539	3539	3539	3539	3539	3539	3539	0	-1	-1
4506	3540	3540	3540	3540	3540	3540	3540	3540	3540	3540	3540	0	-1	-1
4507	3541	3541	3541	3541	3541	3541	3541	3541	3541	3541	3541	0	-1	-1
4508	78	97	98	99	100	101	102	100	100	3542	3542	0	-1	-1
4509	78	104	105	106	107	108	109	107	107	3543	3543	0	-1	-1
4510	78	110	111	112	113	114	115	113	113	3544	3544	0	-1	-1
4511	0	0	0	0	0	0	0	0	0	3545	3545	0	-1	-1
4512	78	97	98	99	100	101	102	100	100	3546	3546	0	-1	-1
4513	78	104	105	106	107	108	109	107	107	3547	3547	0	-1	-1
4514	78	110	111	112	113	114	115	113	113	3548	3548	0	-1	-1
4515	3549	3549	3549	3549	3549	3549	3549	3549	3549	3549	3549	1	-1	0
4516	3550	3550	3550	3550	3550	3550	3550	3550	3550	3550	3550	1	-1	-1
4517	3551	3551	3551	3551	3551	3551	3551	3551	3551	3551	3551	0	-1	-1
4518	3552	3552	3552	3552	3552	3552	3552	3552	3552	3552	3552	0	-1	-1
4519	3553	3553	3553	3553	3553	3553	3553	3553	3553	3553	3553	0	-1	-1
4520	3554	3554	3554	3554	3554	3554	3554	3554	3554	3554	3554	0	-1	-1
4521	3555	3555	3555	3555	3555	3555	3555	3555	3555	3555	3555	0	-1	-1
4522	3556	3556	3556	3556	3556	3556	3556	3556	3556	3556	3556	0	-1	-1
4523	3557	3557	3557	3557	3557	3557	3557	3557	3557	3557	3557	0	-1	-1
4524	3558	3558	3558	3558	3558	3558	3558	3558	3558	3558	3558	0	-1	-1
4525	3559	3559	3559	3559	3559	3559	3559	3559	3559	3559	3559	0	-1	-1
4526	3560	3560	3560	3560	3560	3560	3560	3560	3560	3560	3560	0	-1	-1
4527	3561	3561	3561	3561	3561	3561	3561	3561	3561	3561	3561	0	-1	-1
4528	3562	3562	3562	3562	3562	3562	3562	3562	3562	3562	3562	0	-1	-1
4529	3563	3563	3563	3563	3563	3563	3563	3563	3563	3563	3563	0	-1	-1
4530	3564	3564	3564	3564	3564	3564	3564	3564	3564	3564	3564	0	-1	-1
4531	3565	3565	3565	3565	3565	3565	3565	3565	3565	3565	3565	0	-1	-1
4532	3566	3566	3566	3566	3566	3566	3566	3566	3566	3566	3566	0	-1	-1
4533	3567	3567	3567	3567	3567	3567	3567	3567	3567	3567	3567	0	-1	-1
4534	3568	3568	3568	3568	3568	3568	3568	3568	3568	3568	3568	0	-1	-1
4535	3569	3569	3569	3569	3569	3569	3569	3569	3569	3569	3569	0	-1	-1
4536	3570	3570	3570	3570	3570	3570	3570	3570	3570	3570	3570	0	-1	-1
4537	3571	3571	3571	3571	3571	3571	3571	3571	3571	3571	3571	0	-1	-1
4538	3572	3572	3572	3572	3572	3572	3572	3572	3572	3572	3572	0	-1	-1
4539	3573	3573	3573	3573	3573	3573	3573	3573	3573	3573	3573	0	-1	-1
4540	3574	3574	3574	3574	3574	3574	3574	3574	3574	3574	3574	0	-1	-1
4541	3575	3575	3575	3575	3575	3575	3575	3575	3575	3575	3575	0	-1	-1
4542	3576	3576	3576	3576	3576	3576	3576	3576	3576	3576	3576	0	-1	-1
4543	3577	3577	3577	3577	3577	3577	3577	3577	3577	3577	3577	0	-1	-1
4544	3578	3578	3578	3578	3578	3578	3578	3578	3578	3578	3578	0	-1	-1
4545	3579	3579	3579	3579	3579	3579	3579	3579	3579	3579	3579	0	-1	-1
4546	3580	3580	3580	3580	3580	3580	3580	3580	3580	3580	3580	0	-1	-1
4547	3581	3581	3581	3581	3581	3581	3581	3581	3581	3581	3581	0	-1	-1
4548	3582	3582	3582	3582	3582	3582	3582	3582	3582	3582	3582	0	-1	-1
4549	3583	3583	3583	3583	3583	3583	3583	3583	3583	3583	3583	0	-1	-1
4550	3584	3584	3584	3584	3584	3584	3584	3584	3584	3584	3584	0	-1	-1
4551	3585	3585	3585	3585	3585	3585	3585	3585	3585	3585	3585	0	-1	-1
4552	3586	3586	3586	3586	3586	3586	3586	3586	3586	3586	3586	0	-1	-1
4553	3587	3587	3587	3587	3587	3587	3587	3587	3587	3587	3587	0	-1	-1
4554	3588	3588	3588	3588	3588	3588	3588	3588	3588	3588	3588	0	-1	-1
4555	3589	3589	3589	3589	3589	3589	3589	3589	3589	3589	3589	0	-1	-1
4556	3590	3590	3590	3590	3590	3590	3590	3590	3590	3590	3590	0	-1	-1
4557	3591	3591	3591	3591	3591	3591	3591	3591	3591	3591	3591	0	-1	-1
4558	3592	3592	3592	3592	3592	3592	3592	3592	3592	3592	3592	0	-1	-1
4559	3593	3593	3593	3593	3593	3593	3593	3593	3593	3593	3593	0	-1	-1
4560	3594	3594	3594	3594	3594	3594	3594	3594	3594	3594	3594	0	-1	-1
4561	3595	3595	3595	3595	3595	3595	3595	3595	3595	3595	3595	0	-1	-1
4562	3596	3596	3596	3596	3596	3596	3596	3596	3596	3596	3596	0	-1	-1
4563	3597	3597	3597	3597	3597	3597	3597	3597	3597	3597	3597	0	-1	-1
4564	3598	3598	3598	3598	3598	3598	3598	3598	3598	3598	3598	0	-1	-1
4565	3599	3599	3599	3599	3599	3599	3599	3599	3599	3599	3599	0	-1	-1
4566	3600	3600	3600	3600	3600	3600	3600	3600	3600	3600	3600	0	765	-1
4567	9	9	9	9	9	9	9	9	9	9	9	0	0	0
4568	3601	3601	3601	3601	3601	3601	3601	3601	3601	3601	3601	0	765	-1
4569	3602	3602	3602	3602	3602	3602	3602	3602	3602	3602	3602	0	-1	-1
4570	3603	3603	3603	3603	3603	3603	3603	3603	3603	3603	3603	0	-1	-1
4571	3604	3604	3604	3604	3604	3604	3604	3604	3604	3604	3604	0	-1	-1
4572	0	0	0	0	0	0	0	0	0	3605	3605	0	-1	-1
4573	3606	3606	3606	3606	3606	3606	3606	3606	3606	3606	3606	0	-1	-1
4574	78	97	98	99	100	101	102	100	100	3607	3607	0	-1	-1
4575	78	104	105	106	107	108	109	107	107	3608	3608	0	-1	-1
4576	78	110	111	112	113	114	115	113	113	3609	3609	0	-1	-1
4577	78	97	98	99	100	101	102	100	100	3610	3610	0	-1	-1
4578	78	104	105	106	107	108	109	107	107	3611	3611	0	-1	-1
4579	78	110	111	112	113	114	115	113	113	3612	3612	0	-1	-1
4580	31	31	31	31	31	31	31	31	31	75	75	0	-1	-1
4581	3613	3613	3613	3613	3613	3613	3613	3613	3613	3613	3613	0	-1	-1
4582	3614	3614	3614	3614	3614	3614	3614	3614	3614	3614	3614	0	-1	-1
4583	3615	3615	3615	3615	3615	3615	3615	3615	3615	3615	3615	0	-1	-1
4584	3616	3616	3616	3616	3616	3616	3616	3616	3616	3616	3616	0	-1	-1
4585	3617	3617	3617	3617	3617	3617	3617	3617	3617	3617	3617	0	-1	-1
4586	3618	3618	3618	3618	3618	3618	3618	3618	3618	3618	3618	0	-1	-1
4587	3619	3619	3619	3619	3619	3619	3619	3619	3619	3619	3619	0	-1	-1
4588	3620	3620	3620	3620	3620	3620	3620	3620	3620	3620	3620	0	-1	-1
4589	3621	3621	3621	3621	3621	3621	3621	3621	3621	3621	3621	0	-1	-1
4590	3622	3622	3622	3622	3622	3622	3622	3622	3622	3622	3622	0	-1	-1
4591	3623	3623	3623	3623	3623	3623	3623	3623	3623	3623	3623	0	-1	-1
4592	3624	3624	3624	3624	3624	3624	3624	3624	3624	3624	3624	0	-1	-1
4593	3625	3625	3625	3625	3625	3625	3625	3625	3625	3625	3625	0	-1	-1
4594	3626	3626	3626	3626	3626	3626	3626	3626	3626	3626	3626	0	-1	-1
4595	3627	3627	3627	3627	3627	3627	3627	3627	3627	3627	3627	0	-1	-1
4596	3628	3628	3628	3628	3628	3628	3628	3628	3628	3628	3628	0	-1	-1
4597	3629	3629	3629	3629	3629	3629	3629	3629	3629	3629	3629	0	-1	-1
4598	3630	3630	3630	3630	3630	3630	3630	3630	3630	3630	3630	0	-1	-1
4599	3631	3631	3631	3631	3631	3631	3631	3631	3631	3631	3631	0	-1	-1
4600	3632	3632	3632	3632	3632	3632	3632	3632	3632	3632	3632	0	-1	-1
4601	3633	3633	3633	3633	3633	3633	3633	3633	3633	3633	3633	0	-1	-1
4602	3634	3634	3634	3634	3634	3634	3634	3634	3634	3634	3634	0	-1	-1
4603	3635	3635	3635	3635	3635	3635	3635	3635	3635	3635	3635	0	-1	-1
4604	3636	3636	3636	3636	3636	3636	3636	3636	3636	3636	3636	0	-1	-1
4605	3637	3637	3637	3637	3637	3637	3637	3637	3637	3637	3637	0	-1	-1
4606	3638	3638	3638	3638	3638	3638	3638	3638	3638	3638	3638	0	-1	-1
4607	403	403	403	403	403	403	403	403	403	403	403	0	-1	-1
4608	3639	3639	3639	3639	3639	3639	3639	3639	3639	3639	3639	0	-1	-1
4609	3640	3640	3640	3640	3640	3640	3640	3640	3640	3640	3640	0	-1	-1
4610	3641	3641	3641	3641	3641	3641	3641	3641	3641	3641	3641	0	-1	-1
4611	8	8	8	8	8	8	8	8	8	8	8	1	-1	-1
4612	394	394	394	394	394	394	394	394	394	394	394	1	-1	-1
4613	10	10	10	10	10	10	10	10	10	10	10	1	-1	-1
4614	459	459	459	459	459	459	459	459	459	459	459	1	-1	-1
4615	31	31	31	31	31	31	31	31	31	31	31	1	-1	-1
4616	33	33	33	33	33	33	33	33	33	33	33	1	-1	-1
4617	3642	3642	3642	3642	3642	3642	3642	3642	3642	3642	3642	0	-1	-1
4618	3643	3643	3643	3643	3643	3643	3643	3643	3643	3643	3643	0	-1	-1
4619	3644	3644	3644	3644	3644	3644	3644	3644	3644	3644	3644	0	-1	-1
4620	3645	3645	3645	3645	3645	3645	3645	3645	3645	3645	3645	0	-1	-1
4621	3646	3646	3646	3646	3646	3646	3646	3646	3646	3646	3646	0	-1	-1
4622	3647	3647	3647	3647	3647	3647	3647	3647	3647	3647	3647	0	-1	-1
4623	3648	3648	3648	3648	3648	3648	3648	3648	3648	3648	3648	0	-1	-1
4624	3649	3649	3649	3649	3649	3649	3649	3649	3649	3649	3649	0	-1	-1
4625	3650	3650	3650	3650	3650	3650	3650	3650	3650	3650	3650	0	-1	-1
4626	3651	3651	3651	3651	3651	3651	3651	3651	3651	3651	3651	0	-1	-1
4627	3652	3652	3652	3652	3652	3652	3652	3652	3652	3652	3652	0	-1	-1
4628	403	403	403	403	403	403	403	403	403	403	403	1	-1	-1
4629	3642	3642	3642	3642	3642	3642	3642	3642	3642	3653	3653	0	-1	-1
4630	3643	3643	3643	3643	3643	3643	3643	3643	3643	3654	3654	0	-1	-1
4631	3644	3644	3644	3644	3644	3644	3644	3644	3644	3655	3655	0	-1	-1
4632	78	97	97	99	100	100	99	100	100	3653	3653	0	-1	-1
4633	78	104	104	106	107	107	106	107	107	3654	3654	0	-1	-1
4634	78	110	110	112	113	113	112	113	113	3655	3655	0	-1	-1
4635	3642	3642	3642	3642	3642	3642	3642	3642	3642	3656	3656	0	-1	-1
4636	3643	3643	3643	3643	3643	3643	3643	3643	3643	3657	3657	0	-1	-1
4637	3644	3644	3644	3644	3644	3644	3644	3644	3644	3658	3658	0	-1	-1
4638	78	97	97	99	100	100	99	100	100	3656	3656	0	-1	-1
4639	78	104	104	106	107	107	106	107	107	3657	3657	0	-1	-1
4640	78	110	110	112	113	113	112	113	113	3658	3658	0	-1	-1
4641	3642	3642	3642	3642	3642	3642	3642	3642	3642	3659	3659	0	-1	-1
4642	3643	3643	3643	3643	3643	3643	3643	3643	3643	3660	3660	0	-1	-1
4643	3644	3644	3644	3644	3644	3644	3644	3644	3644	3661	3661	0	-1	-1
4644	78	97	97	99	100	100	99	100	100	3659	3659	0	-1	-1
4645	78	104	104	106	107	107	106	107	107	3660	3660	0	-1	-1
4646	78	110	110	112	113	113	112	113	113	3661	3661	0	-1	-1
4647	3642	3642	3642	3642	3642	3642	3642	3642	3642	3662	3662	0	-1	-1
4648	3643	3643	3643	3643	3643	3643	3643	3643	3643	3663	3663	0	-1	-1
4649	3644	3644	3644	3644	3644	3644	3644	3644	3644	3664	3664	0	-1	-1
4650	78	97	97	99	100	100	99	100	100	3662	3662	0	-1	-1
4651	78	104	104	106	107	107	106	107	107	3663	3663	0	-1	-1
4652	78	110	110	112	113	113	112	113	113	3664	3664	0	-1	-1
4653	3642	3642	3642	3642	3642	3642	3642	3642	3642	3665	3665	0	-1	-1
4654	3643	3643	3643	3643	3643	3643	3643	3643	3643	3666	3666	0	-1	-1
4655	3644	3644	3644	3644	3644	3644	3644	3644	3644	3667	3667	0	-1	-1
4656	78	97	97	99	100	100	99	100	100	3665	3665	0	-1	-1
4657	78	104	104	106	107	107	106	107	107	3666	3666	0	-1	-1
4658	78	110	110	112	113	113	112	113	113	3667	3667	0	-1	-1
4659	3642	3642	3642	3642	3642	3642	3642	3642	3642	3668	3668	0	-1	-1
4660	3644	3644	3644	3644	3644	3644	3644	3644	3644	3669	3669	0	-1	-1
4661	78	97	97	99	100	100	99	100	100	3668	3668	0	-1	-1
4662	78	110	110	112	113	113	112	113	113	3669	3669	0	-1	-1
4663	3642	3642	3642	3642	3642	3642	3642	3642	3642	3670	3670	0	-1	-1
4664	3643	3643	3643	3643	3643	3643	3643	3643	3643	3671	3671	0	-1	-1
4665	3644	3644	3644	3644	3644	3644	3644	3644	3644	3672	3672	0	-1	-1
4666	78	97	97	99	100	100	99	100	100	3670	3670	0	-1	-1
4667	78	104	104	106	107	107	106	107	107	3671	3671	0	-1	-1
4668	78	110	110	112	113	113	112	113	113	3672	3672	0	-1	-1
4669	3673	3673	3673	3673	3673	3673	3673	3673	3673	3673	3673	1	-1	-1
4670	3642	3642	3642	3642	3642	3642	3642	3642	3642	3674	3674	0	-1	-1
4671	3643	3643	3643	3643	3643	3643	3643	3643	3643	3675	3675	0	-1	-1
4672	3644	3644	3644	3644	3644	3644	3644	3644	3644	3676	3676	0	-1	-1
4673	78	97	97	99	100	100	99	100	100	3674	3674	0	-1	-1
4674	78	104	104	106	107	107	106	107	107	3675	3675	0	-1	-1
4675	78	110	110	112	113	113	112	113	113	3676	3676	0	-1	-1
4676	3677	3677	3677	3677	3677	3677	3677	3677	3677	3677	3677	0	-1	-1
4677	3678	3678	3678	3678	3678	3678	3678	3678	3678	3678	3678	0	-1	-1
4678	3679	3679	3679	3679	3679	3679	3679	3679	3679	3679	3679	0	-1	-1
4679	3680	3680	3680	3680	3680	3680	3680	3680	3680	3680	3680	0	-1	-1
4680	3681	3681	3681	3681	3681	3681	3681	3681	3681	3681	3681	0	-1	-1
4681	3682	3682	3682	3682	3682	3682	3682	3682	3682	3682	3682	0	-1	-1
4682	3683	3683	3683	3683	3683	3683	3683	3683	3683	3683	3683	0	-1	-1
4683	3684	3684	3684	3684	3684	3684	3684	3684	3684	3684	3684	0	-1	-1
4684	3685	3685	3685	3685	3685	3685	3685	3685	3685	3685	3685	0	-1	-1
4685	3686	3686	3686	3686	3686	3686	3686	3686	3686	3686	3686	0	-1	-1
4686	3687	3687	3687	3687	3687	3687	3687	3687	3687	3687	3687	0	-1	-1
4687	3688	3688	3688	3688	3688	3688	3688	3688	3688	3688	3688	0	-1	-1
4688	3689	3689	3689	3689	3689	3689	3689	3689	3689	3689	3689	0	-1	-1
4689	3690	3690	3690	3690	3690	3690	3690	3690	3690	3690	3690	0	-1	-1
4690	3691	3691	3691	3691	3691	3691	3691	3691	3691	3691	3691	0	-1	-1
4691	3692	3692	3692	3692	3692	3692	3692	3692	3692	3692	3692	0	-1	-1
4692	3693	3693	3693	3693	3693	3693	3693	3693	3693	3693	3693	0	-1	-1
4693	3694	3694	3694	3694	3694	3694	3694	3694	3694	3694	3694	0	-1	-1
4694	3695	3695	3695	3695	3695	3695	3695	3695	3695	3695	3695	0	-1	-1
4695	3696	3696	3696	3696	3696	3696	3696	3696	3696	3696	3696	0	-1	-1
4696	3697	3697	3697	3697	3697	3697	3697	3697	3697	3697	3697	0	-1	-1
4697	3698	3698	3698	3698	3698	3698	3698	3698	3698	3698	3698	0	-1	-1
4698	3699	3699	3699	3699	3699	3699	3699	3699	3699	3699	3699	0	-1	-1
4699	3700	3700	3700	3700	3700	3700	3700	3700	3700	3700	3700	0	-1	-1
4700	3701	3701	3701	3701	3701	3701	3701	3701	3701	3701	3701	0	-1	-1
4701	3702	3702	3702	3702	3702	3702	3702	3702	3702	3702	3702	0	-1	-1
4702	3703	3703	3703	3703	3703	3703	3703	3703	3703	3703	3703	0	-1	-1
4703	3704	3704	3704	3704	3704	3704	3704	3704	3704	3704	3704	0	-1	-1
4704	3705	3705	3705	3705	3705	3705	3705	3705	3705	3705	3705	0	-1	-1
4705	3706	3706	3706	3706	3706	3706	3706	3706	3706	3706	3706	0	-1	-1
4706	3707	3707	3707	3707	3707	3707	3707	3707	3707	3707	3707	0	-1	-1
4707	3708	3708	3708	3708	3708	3708	3708	3708	3708	3708	3708	0	-1	-1
4708	3709	3709	3709	3709	3709	3709	3709	3709	3709	3709	3709	0	-1	-1
4709	3710	3710	3710	3710	3710	3710	3710	3710	3710	3710	3710	0	-1	-1
4710	3711	3711	3711	3711	3711	3711	3711	3711	3711	3711	3711	0	-1	-1
4711	3712	3712	3712	3712	3712	3712	3712	3712	3712	3712	3712	0	-1	-1
4712	3713	3713	3713	3713	3713	3713	3713	3713	3713	3713	3713	0	-1	-1
4713	3714	3714	3714	3714	3714	3714	3714	3714	3714	3714	3714	0	-1	-1
4714	3715	3715	3715	3715	3715	3715	3715	3715	3715	3715	3715	0	-1	-1
4715	3716	3716	3716	3716	3716	3716	3716	3716	3716	3716	3716	0	-1	-1
4716	3717	3717	3717	3717	3717	3717	3717	3717	3717	3717	3717	0	-1	-1
4717	3718	3718	3718	3718	3718	3718	3718	3718	3718	3718	3718	0	-1	-1
4718	3719	3719	3719	3719	3719	3719	3719	3719	3719	3719	3719	0	-1	-1
4719	3720	3720	3720	3720	3720	3720	3720	3720	3720	3720	3720	0	-1	-1
4720	3721	3721	3721	3721	3721	3721	3721	3721	3721	3721	3721	0	-1	-1
4721	3722	3722	3722	3722	3722	3722	3722	3722	3722	3722	3722	0	-1	-1
4722	3723	3723	3723	3723	3723	3723	3723	3723	3723	3723	3723	0	-1	-1
4723	3724	3724	3724	3724	3724	3724	3724	3724	3724	3724	3724	0	-1	-1
4724	3725	3725	3725	3725	3725	3725	3725	3725	3725	3725	3725	0	-1	-1
4725	3726	3726	3726	3726	3726	3726	3726	3726	3726	3726	3726	0	-1	-1
4726	3727	3727	3727	3727	3727	3727	3727	3727	3727	3727	3727	0	-1	-1
4727	3728	3728	3728	3728	3728	3728	3728	3728	3728	3728	3728	0	-1	-1
4728	3729	3729	3729	3729	3729	3729	3729	3729	3729	3729	3729	0	-1	-1
4729	3730	3730	3730	3730	3730	3730	3730	3730	3730	3730	3730	0	-1	-1
4730	3731	3731	3731	3731	3731	3731	3731	3731	3731	3731	3731	0	-1	-1
4731	3732	3732	3732	3732	3732	3732	3732	3732	3732	3732	3732	0	-1	-1
4732	3733	3733	3733	3733	3733	3733	3733	3733	3733	3733	3733	0	-1	-1
4733	3734	3734	3734	3734	3734	3734	3734	3734	3734	3734	3734	0	-1	-1
4734	3735	3735	3735	3735	3735	3735	3735	3735	3735	3735	3735	0	-1	-1
4735	3736	3736	3736	3736	3736	3736	3736	3736	3736	3736	3736	0	-1	-1
4736	3737	3737	3737	3737	3737	3737	3737	3737	3737	3737	3737	0	-1	-1
4737	3738	3738	3738	3738	3738	3738	3738	3738	3738	3738	3738	0	-1	-1
4738	3739	3739	3739	3739	3739	3739	3739	3739	3739	3739	3739	0	-1	-1
4739	3740	3740	3740	3740	3740	3740	3740	3740	3740	3740	3740	0	-1	-1
4740	3741	3741	3741	3741	3741	3741	3741	3741	3741	3741	3741	0	-1	-1
4741	3742	3742	3742	3742	3742	3742	3742	3742	3742	3742	3742	0	-1	-1
4742	3743	3743	3743	3743	3743	3743	3743	3743	3743	3743	3743	0	-1	-1
4743	3744	3744	3744	3744	3744	3744	3744	3744	3744	3744	3744	0	-1	-1
4744	3745	3745	3745	3745	3745	3745	3745	3745	3745	3745	3745	0	-1	-1
4745	3746	3746	3746	3746	3746	3746	3746	3746	3746	3746	3746	0	-1	-1
4746	3747	3747	3747	3747	3747	3747	3747	3747	3747	3747	3747	0	-1	-1
4747	3748	3748	3748	3748	3748	3748	3748	3748	3748	3748	3748	0	-1	-1
4748	3749	3749	3749	3749	3749	3749	3749	3749	3749	3749	3749	0	-1	-1
4749	3750	3750	3750	3750	3750	3750	3750	3750	3750	3750	3750	0	-1	-1
4750	3751	3751	3751	3751	3751	3751	3751	3751	3751	3751	3751	0	-1	-1
4751	3752	3752	3752	3752	3752	3752	3752	3752	3752	3752	3752	0	-1	-1
4752	3753	3753	3753	3753	3753	3753	3753	3753	3753	3753	3753	0	-1	-1
4753	3754	3754	3754	3754	3754	3754	3754	3754	3754	3754	3754	0	-1	-1
4754	3754	3754	3754	3754	3754	3754	3754	3754	3754	3754	3754	1	-1	-1
4755	3755	3755	3755	3755	3755	3755	3755	3755	3755	3755	3755	0	-1	-1
4756	3755	3755	3755	3755	3755	3755	3755	3755	3755	3755	3755	1	-1	-1
4757	3756	3756	3756	3756	3756	3756	3756	3756	3756	3756	3756	0	-1	-1
4758	3757	3757	3757	3757	3757	3757	3757	3757	3757	3757	3757	0	-1	-1
4759	3758	3758	3758	3758	3758	3758	3758	3758	3758	3758	3758	0	-1	-1
4760	3759	3759	3759	3759	3759	3759	3759	3759	3759	3759	3759	0	-1	-1
4761	3760	3760	3760	3760	3760	3760	3760	3760	3760	3760	3760	0	-1	-1
4762	3760	3760	3760	3760	3760	3760	3760	3760	3760	3760	3760	1	-1	-1
4763	3761	3761	3761	3761	3761	3761	3761	3761	3761	3761	3761	0	-1	-1
4764	3762	3762	3762	3762	3762	3762	3762	3762	3762	3762	3762	0	-1	-1
4765	3763	3763	3763	3763	3763	3763	3763	3763	3763	3763	3763	0	-1	-1
4766	3764	3764	3764	3764	3764	3764	3764	3764	3764	3764	3764	0	-1	-1
4767	3764	3764	3764	3764	3764	3764	3764	3764	3764	3764	3764	1	-1	-1
4768	3765	3765	3765	3765	3765	3765	3765	3765	3765	3765	3765	0	-1	-1
4769	3766	3766	3766	3766	3766	3766	3766	3766	3766	3766	3766	0	-1	-1
4770	3767	3767	3767	3767	3767	3767	3767	3767	3767	3767	3767	0	-1	-1
4771	3768	3768	3768	3768	3768	3768	3768	3768	3768	3768	3768	0	-1	-1
4772	3769	3769	3769	3769	3769	3769	3769	3769	3769	3769	3769	0	-1	-1
4773	78	97	98	99	100	101	102	100	100	3770	3770	0	-1	-1
4774	78	104	105	106	107	108	109	107	107	3771	3771	0	-1	-1
4775	78	110	111	112	113	114	115	113	113	3772	3772	0	-1	-1
4776	78	97	98	99	100	101	102	100	100	3773	3773	0	-1	-1
4777	78	104	105	106	107	108	109	107	107	3774	3774	0	-1	-1
4778	78	110	111	112	113	114	115	113	113	3775	3775	0	-1	-1
4779	78	97	97	99	100	100	99	100	100	3776	3776	0	-1	-1
4780	78	104	104	106	107	107	106	107	107	3777	3777	0	-1	-1
4781	78	110	110	112	113	113	112	113	113	3778	3778	0	-1	-1
4782	78	97	98	99	100	101	102	100	100	3779	3779	0	-1	-1
4783	78	104	105	106	107	108	109	107	107	3780	3780	0	-1	-1
4784	78	110	111	112	113	114	115	113	113	3781	3781	0	-1	-1
4785	0	0	0	0	0	0	0	0	0	3782	3782	0	-1	-1
4786	78	97	98	99	100	101	102	100	100	3783	3783	0	-1	-1
4787	78	104	105	106	107	108	109	107	107	3784	3784	0	-1	-1
4788	78	110	111	112	113	114	115	113	113	3785	3785	0	-1	-1
4789	78	97	98	99	100	101	102	100	100	3786	3786	0	-1	-1
4790	78	104	105	106	107	108	109	107	107	3787	3787	0	-1	-1
4791	78	110	111	112	113	114	115	113	113	3788	3788	0	-1	-1
4792	78	97	98	99	100	101	102	100	100	3789	3789	0	-1	-1
4793	78	104	105	106	107	108	109	107	107	3790	3790	0	-1	-1
4794	78	110	111	112	113	114	115	113	113	3791	3791	0	-1	-1
4795	78	97	98	99	100	101	102	100	100	3792	3792	0	-1	-1
4796	78	104	105	106	107	108	109	107	107	3793	3793	0	-1	-1
4797	78	110	111	112	113	114	115	113	113	3794	3794	0	-1	-1
4798	78	97	98	99	100	101	102	100	100	3795	3795	0	-1	-1
4799	78	104	105	106	107	108	109	107	107	3796	3796	0	-1	-1
4800	78	110	111	112	113	114	115	113	113	3797	3797	0	-1	-1
4801	78	97	98	99	100	101	102	100	100	3798	3798	0	-1	-1
4802	78	104	105	106	107	108	109	107	107	3799	3799	0	-1	-1
4803	78	110	111	112	113	114	115	113	113	3800	3800	0	-1	-1
4804	3801	3801	3801	3801	3801	3801	3801	3801	3801	3801	3801	0	-1	-1
4805	3802	3802	3802	3802	3802	3802	3802	3802	3802	3802	3802	0	-1	-1
4806	3803	3803	3803	3803	3803	3803	3803	3803	3803	3803	3803	0	-1	-1
4807	3729	3729	3729	3729	3729	3729	3729	3729	3729	3729	3729	1	-1	-1
4808	3804	3804	3804	3804	3804	3804	3804	3804	3804	3804	3804	0	-1	-1
4809	3804	3804	3804	3804	3804	3804	3804	3804	3804	3804	3804	1	-1	-1
4810	3805	3805	3805	3805	3805	3805	3805	3805	3805	3805	3805	0	-1	-1
4811	3806	3806	3806	3806	3806	3806	3806	3806	3806	3806	3806	0	-1	-1
4812	3807	3807	3807	3807	3807	3807	3807	3807	3807	3807	3807	0	-1	-1
4813	3808	3808	3808	3808	3808	3808	3808	3808	3808	3808	3808	0	-1	-1
4814	3809	3809	3809	3809	3809	3809	3809	3809	3809	3809	3809	0	-1	-1
4815	3809	3809	3809	3809	3809	3809	3809	3809	3809	3809	3809	1	-1	-1
4816	3810	3810	3810	3810	3810	3810	3810	3810	3810	3810	3810	0	-1	-1
4817	3811	3811	3811	3811	3811	3811	3811	3811	3811	3811	3811	0	-1	-1
4818	3812	3812	3812	3812	3812	3812	3812	3812	3812	3812	3812	0	-1	-1
4819	3813	3813	3813	3813	3813	3813	3813	3813	3813	3813	3813	0	-1	-1
4820	3814	3814	3814	3814	3814	3814	3814	3814	3814	3814	3814	0	-1	-1
4821	3814	3814	3814	3814	3814	3814	3814	3814	3814	3814	3814	1	-1	-1
4822	3815	3815	3815	3815	3815	3815	3815	3815	3815	3815	3815	0	-1	-1
4823	3816	3816	3816	3816	3816	3816	3816	3816	3816	3816	3816	0	-1	-1
4824	3817	3817	3817	3817	3817	3817	3817	3817	3817	3817	3817	0	-1	-1
4825	3818	3818	3818	3818	3818	3818	3818	3818	3818	3818	3818	0	-1	-1
4826	3819	3819	3819	3819	3819	3819	3819	3819	3819	3819	3819	0	-1	-1
4827	3819	3819	3819	3819	3819	3819	3819	3819	3819	3819	3819	1	-1	-1
4828	3820	3820	3820	3820	3820	3820	3820	3820	3820	3820	3820	0	-1	-1
4829	3821	3821	3821	3821	3821	3821	3821	3821	3821	3821	3821	0	-1	-1
4830	3822	3822	3822	3822	3822	3822	3822	3822	3822	3822	3822	0	-1	-1
4831	3823	3823	3823	3823	3823	3823	3823	3823	3823	3823	3823	0	-1	-1
4832	3824	3824	3824	3824	3824	3824	3824	3824	3824	3824	3824	0	-1	-1
4833	3825	3825	3825	3825	3825	3825	3825	3825	3825	3825	3825	0	-1	-1
4834	9	9	9	9	9	9	9	9	9	3826	3826	0	-1	-1
4835	9	9	9	9	9	9	9	9	9	3827	3827	0	-1	-1
4836	9	9	9	9	9	9	9	9	9	3828	3828	0	-1	-1
4837	9	9	9	9	9	9	9	9	9	3829	3829	0	-1	-1
4838	9	9	9	9	9	9	9	9	9	3830	3830	0	-1	-1
4839	9	9	9	9	9	9	9	9	9	3831	3831	0	-1	-1
4840	9	9	9	9	9	9	9	9	9	3832	3832	0	-1	-1
4841	9	9	9	9	9	9	9	9	9	3833	3833	0	-1	-1
4842	9	9	9	9	9	9	9	9	9	3834	3834	0	-1	-1
4843	9	9	9	9	9	9	9	9	9	3835	3835	0	-1	-1
4844	9	9	9	9	9	9	9	9	9	3836	3836	0	-1	-1
4845	9	9	9	9	9	9	9	9	9	3837	3837	0	-1	-1
4846	9	9	9	9	9	9	9	9	9	3838	3838	0	-1	-1
4847	3839	3839	3839	3839	3839	3839	3839	3839	3839	3839	3839	0	-1	-1
4848	3840	3840	3840	3840	3840	3840	3840	3840	3840	3840	3840	0	-1	-1
4849	3841	3841	3841	3841	3841	3841	3841	3841	3841	3841	3841	0	-1	-1
4850	3842	3842	3842	3842	3842	3842	3842	3842	3842	3842	3842	0	-1	-1
4851	3843	3843	3843	3843	3843	3843	3843	3843	3843	3843	3843	0	-1	-1
4852	3844	3844	3844	3844	3844	3844	3844	3844	3844	3844	3844	0	-1	-1
4853	3845	3845	3845	3845	3845	3845	3845	3845	3845	3845	3845	0	-1	-1
4854	9	9	9	9	9	9	9	9	9	3846	3846	0	-1	-1
4855	9	9	9	9	9	9	9	9	9	3847	3847	0	-1	-1
4856	3848	3848	3848	3848	3848	3848	3848	3848	3848	3848	3848	0	-1	-1
4857	3849	3849	3849	3849	3849	3849	3849	3849	3849	3849	3849	0	-1	-1
4858	3850	3850	3850	3850	3850	3850	3850	3850	3850	3850	3850	0	-1	-1
4859	3851	3851	3851	3851	3851	3851	3851	3851	3851	3851	3851	0	-1	-1
4860	3852	3852	3852	3852	3852	3852	3852	3852	3852	3852	3852	0	-1	-1
4861	3853	3853	3853	3853	3853	3853	3853	3853	3853	3853	3853	0	-1	-1
4862	3854	3854	3854	3854	3854	3854	3854	3854	3854	3854	3854	0	-1	-1
4863	3855	3855	3855	3855	3855	3855	3855	3855	3855	3855	3855	0	-1	-1
4864	3856	3856	3856	3856	3856	3856	3856	3856	3856	3856	3856	0	-1	-1
4865	3857	3857	3857	3857	3857	3857	3857	3857	3857	3857	3857	0	-1	-1
4866	3858	3858	3858	3858	3858	3858	3858	3858	3858	3858	3858	0	-1	-1
4867	3859	3859	3859	3859	3859	3859	3859	3859	3859	3859	3859	0	-1	-1
4868	3860	3860	3860	3860	3860	3860	3860	3860	3860	3860	3860	0	-1	-1
4869	3861	3861	3861	3861	3861	3861	3861	3861	3861	3861	3861	0	-1	-1
4870	3862	3862	3862	3862	3862	3862	3862	3862	3862	3862	3862	0	-1	-1
4871	3863	3863	3863	3863	3863	3863	3863	3863	3863	3863	3863	0	-1	-1
4872	3864	3864	3864	3864	3864	3864	3864	3864	3864	3864	3864	0	-1	-1
4873	3865	3865	3865	3865	3865	3865	3865	3865	3865	3865	3865	0	-1	-1
4874	3866	3866	3866	3866	3866	3866	3866	3866	3866	3866	3866	0	-1	-1
4875	3867	3867	3867	3867	3867	3867	3867	3867	3867	3867	3867	0	-1	-1
4876	3868	3868	3868	3868	3868	3868	3868	3868	3868	3868	3868	0	-1	-1
4877	3869	3869	3869	3869	3869	3869	3869	3869	3869	3869	3869	0	-1	-1
4878	3870	3870	3870	3870	3870	3870	3870	3870	3870	3870	3870	0	-1	-1
4879	3871	3871	3871	3871	3871	3871	3871	3871	3871	3871	3871	0	-1	-1
4880	3872	3872	3872	3872	3872	3872	3872	3872	3872	3872	3872	0	-1	-1
4881	3873	3873	3873	3873	3873	3873	3873	3873	3873	3873	3873	0	-1	-1
4882	3874	3874	3874	3874	3874	3874	3874	3874	3874	3874	3874	0	-1	-1
4883	3875	3875	3875	3875	3875	3875	3875	3875	3875	3875	3875	0	-1	-1
4884	3876	3876	3876	3876	3876	3876	3876	3876	3876	3876	3876	0	-1	-1
4885	3877	3877	3877	3877	3877	3877	3877	3877	3877	3877	3877	0	-1	-1
4886	3878	3878	3878	3878	3878	3878	3878	3878	3878	3878	3878	0	-1	-1
4887	3879	3879	3879	3879	3879	3879	3879	3879	3879	3879	3879	0	-1	-1
4888	3880	3880	3880	3880	3880	3880	3880	3880	3880	3880	3880	0	-1	-1
4889	3881	3881	3881	3881	3881	3881	3881	3881	3881	3881	3881	0	-1	-1
4890	3882	3882	3882	3882	3882	3882	3882	3882	3882	3882	3882	0	-1	-1
4891	3883	3883	3883	3883	3883	3883	3883	3883	3883	3883	3883	0	-1	-1
4892	3884	3884	3884	3884	3884	3884	3884	3884	3884	3884	3884	0	-1	-1
4893	3885	3885	3885	3885	3885	3885	3885	3885	3885	3885	3885	0	-1	-1
4894	3886	3886	3886	3886	3886	3886	3886	3886	3886	3886	3886	0	-1	-1
4895	3887	3887	3887	3887	3887	3887	3887	3887	3887	3887	3887	0	-1	-1
4896	3888	3888	3888	3888	3888	3888	3888	3888	3888	3888	3888	0	-1	-1
4897	3889	3889	3889	3889	3889	3889	3889	3889	3889	3889	3889	0	-1	-1
4898	3890	3890	3890	3890	3890	3890	3890	3890	3890	3890	3890	0	-1	-1
4899	3891	3891	3891	3891	3891	3891	3891	3891	3891	3891	3891	0	-1	-1
4900	3892	3892	3892	3892	3892	3892	3892	3892	3892	3892	3892	0	-1	-1
4901	3893	3893	3893	3893	3893	3893	3893	3893	3893	3893	3893	0	-1	-1
4902	3894	3894	3894	3894	3894	3894	3894	3894	3894	3894	3894	0	-1	-1
4903	3895	3895	3895	3895	3895	3895	3895	3895	3895	3895	3895	0	-1	-1
4904	3896	3896	3896	3896	3896	3896	3896	3896	3896	3896	3896	0	-1	-1
4905	3897	3897	3897	3897	3897	3897	3897	3897	3897	3897	3897	0	-1	-1
4906	3898	3898	3898	3898	3898	3898	3898	3898	3898	3898	3898	0	-1	-1
4907	3899	3899	3899	3899	3899	3899	3899	3899	3899	3899	3899	0	-1	-1
4908	3900	3900	3900	3900	3900	3900	3900	3900	3900	3900	3900	0	-1	-1
4909	3901	3901	3901	3901	3901	3901	3901	3901	3901	3901	3901	0	-1	-1
4910	3902	3902	3902	3902	3902	3902	3902	3902	3902	3902	3902	0	-1	-1
4911	3903	3903	3903	3903	3903	3903	3903	3903	3903	3903	3903	1	-1	-1
4912	0	1	2	3	4	5	6	7	7	7	7	0	-1	-1
4913	0	0	0	0	0	0	0	8	8	8	8	0	-1	-1
4914	0	0	0	0	0	0	0	394	394	394	394	0	-1	-1
4915	9	9	9	9	9	9	9	10	10	10	10	0	-1	-1
4916	10	11	11	12	13	14	15	10	10	10	10	0	-1	-1
4917	198	198	198	198	198	198	198	7	7	7	7	1	-1	-1
4918	199	199	199	199	199	199	199	7	7	7	7	1	-1	-1
4919	200	200	200	200	200	200	200	7	7	7	7	1	-1	-1
4920	16	17	18	19	20	21	22	7	7	7	7	0	-1	-1
4921	23	24	25	26	27	28	29	30	30	30	30	0	-1	-1
4922	33	33	33	33	33	33	33	31	31	31	31	0	-1	-1
4923	34	35	35	36	37	38	39	10	10	10	10	0	-1	-1
4924	43	45	45	46	43	43	46	47	47	47	47	0	-1	-1
4925	43	48	48	49	50	50	49	47	47	47	47	0	-1	-1
4926	51	51	51	51	51	51	51	47	47	47	47	0	-1	-1
4927	52	52	52	52	52	52	52	47	47	47	47	0	-1	-1
4928	43	53	53	54	55	55	54	47	47	47	47	0	-1	-1
4929	43	56	56	57	58	58	57	47	47	47	47	0	-1	-1
4930	43	59	59	60	61	61	60	47	47	47	47	0	-1	-1
4931	62	63	64	65	66	67	68	47	47	47	47	0	-1	-1
4932	62	63	69	3	4	5	6	47	47	47	47	0	-1	-1
4933	62	63	2	3	4	70	6	47	47	47	47	0	-1	-1
4934	62	63	2	3	71	5	6	47	47	47	47	0	-1	-1
4935	62	63	2	3	72	5	6	47	47	47	47	0	-1	-1
4936	62	63	2	3	72	5	73	47	47	47	47	0	-1	-1
4937	74	74	74	74	74	74	74	47	47	47	47	0	-1	-1
4938	75	75	75	75	75	75	75	47	47	47	47	0	-1	-1
4939	76	76	76	76	76	76	76	47	47	47	47	0	-1	-1
4940	77	77	77	77	77	77	77	47	47	47	47	0	-1	-1
4941	78	79	79	79	79	79	79	80	80	80	80	0	-1	-1
4942	78	81	81	81	81	81	81	80	80	80	80	0	-1	-1
4943	78	82	82	82	82	82	82	80	80	80	80	0	-1	-1
4944	78	83	83	83	83	83	83	80	80	80	80	0	-1	-1
4945	78	84	84	84	84	84	84	80	80	80	80	0	-1	-1
4946	78	85	85	85	85	85	85	80	80	80	80	0	-1	-1
4947	86	86	86	86	86	86	86	87	87	87	87	0	-1	-1
4948	88	88	88	88	88	88	88	87	87	87	87	0	-1	-1
4949	89	89	89	89	89	89	89	87	87	87	87	0	-1	-1
4950	90	90	90	90	90	90	90	87	87	87	87	0	-1	-1
4951	91	91	91	91	91	91	91	87	87	87	87	0	-1	-1
4952	92	92	92	92	92	92	92	87	87	87	87	0	-1	-1
4953	93	93	93	93	93	93	93	87	87	87	87	0	-1	-1
4954	94	94	94	94	94	94	94	87	87	87	87	0	-1	-1
4955	95	95	95	95	95	95	95	87	87	87	87	0	-1	-1
4956	96	96	96	96	96	96	96	87	87	87	87	0	-1	-1
4957	78	97	98	99	100	101	102	3904	3904	3904	3904	0	-1	-1
4958	78	104	105	106	107	108	109	3905	3905	3905	3905	0	-1	-1
4959	78	110	111	112	113	114	115	3906	3906	3906	3906	0	-1	-1
4960	78	116	116	116	116	116	116	80	80	80	80	0	-1	-1
4961	78	117	117	117	117	117	117	80	80	80	80	0	-1	-1
4962	78	118	118	118	118	118	118	80	80	80	80	0	-1	-1
4963	78	119	119	119	119	119	119	80	80	80	80	0	-1	-1
4964	78	120	120	120	120	120	120	80	80	80	80	0	-1	-1
4965	78	121	121	121	121	121	121	80	80	80	80	0	-1	-1
4966	78	122	122	122	122	122	122	80	80	80	80	0	-1	-1
4967	78	123	123	123	123	123	123	80	80	80	80	0	-1	-1
4968	124	124	124	124	124	124	124	80	80	80	80	0	-1	-1
4969	78	125	125	125	125	125	125	80	80	80	80	0	-1	-1
4970	126	126	126	126	126	126	126	80	80	80	80	0	-1	-1
4971	127	127	127	127	127	127	127	80	80	80	80	0	-1	-1
4972	128	128	128	128	128	128	128	80	80	80	80	0	-1	-1
4973	129	129	129	129	129	129	129	80	80	80	80	0	-1	-1
4974	130	130	130	130	130	130	130	80	80	80	80	0	-1	-1
4975	131	131	131	131	131	131	131	80	80	80	80	0	-1	-1
4976	78	132	132	132	132	132	132	80	80	80	80	0	-1	-1
4977	133	133	133	133	133	133	133	80	80	80	80	0	-1	-1
4978	78	134	134	134	134	134	134	80	80	80	80	0	-1	-1
4979	78	135	135	135	135	135	135	80	80	80	80	0	-1	-1
4980	136	136	136	136	136	136	136	80	80	80	80	0	-1	-1
4981	137	137	137	137	137	137	137	80	80	80	80	0	-1	-1
4982	138	138	138	138	138	138	138	80	80	80	80	0	-1	-1
4983	139	139	139	139	139	139	139	80	80	80	80	0	-1	-1
4984	78	140	140	140	140	140	140	80	80	80	80	0	-1	-1
4985	78	141	141	141	141	141	141	80	80	80	80	0	-1	-1
4986	78	142	142	142	142	142	142	80	80	80	80	0	-1	-1
4987	143	143	143	143	143	143	143	80	80	80	80	0	-1	-1
4988	84	84	84	84	84	84	84	80	80	80	80	0	-1	-1
4989	149	149	149	149	149	149	149	80	80	80	80	0	-1	-1
4990	150	150	150	150	150	150	150	80	80	80	80	0	-1	-1
4991	78	97	97	99	100	100	99	80	80	80	80	0	-1	-1
4992	78	104	104	106	107	107	106	80	80	80	80	0	-1	-1
4993	78	110	110	112	113	113	112	80	80	80	80	0	-1	-1
4994	9	9	9	9	9	9	9	151	151	151	151	0	-1	-1
4995	9	9	9	9	9	9	9	80	80	80	80	0	-1	-1
4996	9	9	9	9	9	9	9	153	153	153	153	0	-1	-1
4997	9	9	9	9	9	9	9	154	154	154	154	0	-1	-1
4998	9	9	9	9	9	9	9	155	155	155	155	0	-1	-1
4999	9	9	9	9	9	9	9	156	156	156	156	0	-1	-1
5000	9	9	9	9	9	9	9	157	157	157	157	0	-1	-1
5001	9	9	9	9	9	9	9	158	158	158	158	0	-1	-1
5002	9	9	9	9	9	9	9	159	159	159	159	0	-1	-1
5003	9	9	9	9	9	9	9	160	160	160	160	0	-1	-1
5004	9	9	9	9	9	9	9	161	161	161	161	0	-1	-1
5005	9	9	9	9	9	9	9	162	162	162	162	0	-1	-1
5006	9	9	9	9	9	9	9	206	206	206	206	0	-1	-1
5007	9	9	9	9	9	9	9	164	164	164	164	0	-1	-1
5008	9	9	9	9	9	9	9	165	165	165	165	0	-1	-1
5009	9	9	9	9	9	9	9	166	166	166	166	0	-1	-1
5010	9	9	9	9	9	9	9	167	167	167	167	0	-1	-1
5011	9	9	9	9	9	9	9	168	168	168	168	0	-1	-1
5012	9	9	9	9	9	9	9	169	169	169	169	0	-1	-1
5013	9	9	9	9	9	9	9	170	170	170	170	0	-1	-1
5014	9	9	9	9	9	9	9	171	171	171	171	0	-1	-1
5015	9	9	9	9	9	9	9	173	173	173	173	0	-1	-1
5016	9	9	9	9	9	9	9	174	174	174	174	0	-1	-1
5017	9	9	9	9	9	9	9	175	175	175	175	0	-1	-1
5018	9	9	9	9	9	9	9	176	176	176	176	0	-1	-1
5019	9	9	9	9	9	9	9	177	177	177	177	0	-1	-1
5020	9	9	9	9	9	9	9	178	178	178	178	0	-1	-1
5021	9	9	9	9	9	9	9	179	179	179	179	0	-1	-1
5022	9	9	9	9	9	9	9	180	180	180	180	0	-1	-1
5023	9	9	9	9	9	9	9	181	181	181	181	0	-1	-1
5024	9	9	9	9	9	9	9	182	182	182	182	0	-1	-1
5025	9	9	9	9	9	9	9	183	183	183	183	0	-1	-1
5026	9	9	9	9	9	9	9	184	184	184	184	0	-1	-1
5027	9	9	9	9	9	9	9	185	185	185	185	0	-1	-1
5028	9	9	9	9	9	9	9	186	186	186	186	0	-1	-1
5029	9	9	9	9	9	9	9	187	187	187	187	0	-1	-1
5030	9	9	9	9	9	9	9	188	188	188	188	0	-1	-1
5031	9	9	9	9	9	9	9	189	189	189	189	0	-1	-1
5032	9	9	9	9	9	9	9	190	190	190	190	0	-1	-1
5033	9	9	9	9	9	9	9	191	191	191	191	0	-1	-1
5034	9	9	9	9	9	9	9	192	192	192	192	0	-1	-1
5035	9	9	9	9	9	9	9	193	193	193	193	0	-1	-1
5036	9	9	9	9	9	9	9	194	194	194	194	0	-1	-1
5037	9	9	9	9	9	9	9	195	195	195	195	0	-1	-1
5038	9	9	9	9	9	9	9	196	196	196	196	0	-1	-1
5039	9	9	9	9	9	9	9	197	197	197	197	0	-1	-1
5040	9	9	9	9	9	9	9	352	352	352	352	0	-1	-1
5041	9	9	9	9	9	9	9	353	353	353	353	0	-1	-1
5042	9	9	9	9	9	9	9	354	354	354	354	0	-1	-1
5043	9	9	9	9	9	9	9	355	355	355	355	0	-1	-1
5044	78	97	98	99	100	101	102	3907	3907	3907	3907	0	-1	-1
5045	78	104	105	106	107	108	109	3908	3908	3908	3908	0	-1	-1
5046	78	110	111	112	113	114	115	3909	3909	3909	3909	0	-1	-1
5047	78	97	98	99	100	101	102	3910	3910	3910	3910	0	-1	-1
5048	78	104	105	106	107	108	109	3911	3911	3911	3911	0	-1	-1
5049	78	110	111	112	113	114	115	3912	3912	3912	3912	0	-1	-1
5050	0	0	0	0	0	0	0	3913	3913	3913	3913	0	-1	-1
5051	78	97	98	99	100	101	102	3914	3914	3914	3914	0	-1	-1
5052	78	104	105	106	107	108	109	3915	3915	3915	3915	0	-1	-1
5053	78	110	111	112	113	114	115	3916	3916	3916	3916	0	-1	-1
5054	3917	3917	3917	3917	3917	3917	3917	3917	3917	3917	3917	0	-1	-1
5055	78	97	98	99	100	101	102	3918	3918	3918	3918	0	-1	-1
5056	78	104	105	106	107	108	109	3919	3919	3919	3919	0	-1	-1
5057	78	110	111	112	113	114	115	3920	3920	3920	3920	0	-1	-1
5058	3921	3921	3921	3921	3921	3921	3921	3921	3921	3921	3921	1	-1	-1
5059	9	9	9	9	9	9	9	9	9	3922	3922	0	-1	-1
5060	3923	3923	3923	3923	3923	3923	3923	3923	3923	3923	3923	0	-1	-1
5061	8	8	8	8	8	8	8	394	394	394	394	0	-1	-1
5062	245	245	245	245	245	245	245	10	10	10	10	0	-1	-1
5063	80	80	80	80	80	80	80	47	47	47	47	0	-1	-1
5064	395	395	395	395	395	395	395	247	247	247	247	0	-1	-1
5065	80	80	80	80	80	80	80	246	246	246	246	0	-1	-1
5066	3924	3924	3924	3924	3924	3924	3924	3924	3924	3924	3924	0	-1	-1
5067	3925	3925	3925	3925	3925	3925	3925	3925	3925	3925	3925	0	-1	-1
5068	3926	3926	3926	3926	3926	3926	3926	3926	3926	3926	3926	0	-1	-1
5069	3927	3927	3927	3927	3927	3927	3927	3927	3927	3927	3927	0	-1	-1
5070	3928	3928	3928	3928	3928	3928	3928	3928	3928	3928	3928	0	-1	-1
5071	3929	3929	3929	3929	3929	3929	3929	3929	3929	3929	3929	0	-1	-1
5072	3930	3930	3930	3930	3930	3930	3930	3930	3930	3930	3930	0	-1	-1
5073	3931	3931	3931	3931	3931	3931	3931	3931	3931	3931	3931	0	-1	-1
5074	3932	3932	3932	3932	3932	3932	3932	3932	3932	3932	3932	0	-1	-1
5075	7	7	7	7	7	7	7	268	268	268	268	0	-1	-1
5076	7	7	7	7	7	7	7	269	269	269	269	0	-1	-1
5077	10	10	10	10	10	10	10	270	270	270	270	0	-1	-1
5078	262	262	262	262	262	262	262	270	270	270	270	0	-1	-1
5079	30	30	30	30	30	30	30	271	271	271	271	0	-1	-1
5080	263	263	263	263	263	263	263	272	272	272	272	0	-1	-1
5081	31	31	31	31	31	31	31	272	272	272	272	0	-1	-1
5082	10	10	10	10	10	10	10	272	272	272	272	0	-1	-1
5083	3933	3933	3933	3933	3933	3933	3933	3933	3933	3933	3933	0	-1	-1
5084	3934	3934	3934	3934	3934	3934	3934	3934	3934	3934	3934	0	-1	-1
5085	3935	3935	3935	3935	3935	3935	3935	3935	3935	3935	3935	0	-1	-1
5086	3936	3936	3936	3936	3936	3936	3936	3936	3936	3936	3936	0	-1	-1
5087	3937	3937	3937	3937	3937	3937	3937	3937	3937	3937	3937	0	-1	-1
5088	3938	3938	3938	3938	3938	3938	3938	3938	3938	3938	3938	0	-1	-1
5089	3939	3939	3939	3939	3939	3939	3939	3939	3939	3939	3939	0	-1	-1
5090	3940	3940	3940	3940	3940	3940	3940	3940	3940	3940	3940	0	-1	-1
5091	3941	3941	3941	3941	3941	3941	3941	3941	3941	3941	3941	0	-1	-1
5092	3942	3942	3942	3942	3942	3942	3942	3942	3942	3942	3942	0	-1	-1
5093	3943	3943	3943	3943	3943	3943	3943	3943	3943	3943	3943	0	-1	-1
5094	3944	3944	3944	3944	3944	3944	3944	3944	3944	3944	3944	0	-1	-1
5095	3945	3945	3945	3945	3945	3945	3945	3945	3945	3945	3945	0	-1	-1
5096	3946	3946	3946	3946	3946	3946	3946	3946	3946	3946	3946	0	-1	-1
5097	3947	3947	3947	3947	3947	3947	3947	3947	3947	3947	3947	0	-1	-1
5098	3948	3948	3948	3948	3948	3948	3948	3948	3948	3948	3948	0	-1	-1
5099	3949	3949	3949	3949	3949	3949	3949	3949	3949	3949	3949	0	-1	-1
5100	3950	3950	3950	3950	3950	3950	3950	3950	3950	3950	3950	0	-1	-1
5101	3951	3951	3951	3951	3951	3951	3951	3951	3951	3951	3951	0	-1	-1
5102	3952	3952	3952	3952	3952	3952	3952	3952	3952	3952	3952	0	-1	-1
5103	3953	3953	3953	3953	3953	3953	3953	3953	3953	3953	3953	0	-1	-1
5104	3954	3954	3954	3954	3954	3954	3954	3954	3954	3954	3954	0	-1	-1
5105	3955	3955	3955	3955	3955	3955	3955	3955	3955	3955	3955	0	-1	-1
5106	3956	3956	3956	3956	3956	3956	3956	3956	3956	3956	3956	0	-1	-1
5107	3957	3957	3957	3957	3957	3957	3957	3957	3957	3957	3957	0	-1	-1
5108	3958	3958	3958	3958	3958	3958	3958	3958	3958	3958	3958	0	-1	-1
5109	3959	3959	3959	3959	3959	3959	3959	3959	3959	3959	3959	0	-1	-1
5110	3960	3960	3960	3960	3960	3960	3960	3960	3960	3960	3960	0	-1	-1
5111	3961	3961	3961	3961	3961	3961	3961	3961	3961	3961	3961	0	-1	-1
5112	3962	3962	3962	3962	3962	3962	3962	3962	3962	3962	3962	0	-1	-1
5113	3963	3963	3963	3963	3963	3963	3963	3963	3963	3963	3963	0	-1	-1
5114	3964	3964	3964	3964	3964	3964	3964	3964	3964	3964	3964	0	-1	-1
5115	3965	3965	3965	3965	3965	3965	3965	3965	3965	3965	3965	0	-1	-1
5116	3966	3966	3966	3966	3966	3966	3966	3966	3966	3966	3966	0	-1	-1
5117	3967	3967	3967	3967	3967	3967	3967	3967	3967	3967	3967	0	-1	-1
5118	3968	3968	3968	3968	3968	3968	3968	3968	3968	3968	3968	0	-1	-1
5119	3969	3969	3969	3969	3969	3969	3969	3969	3969	3969	3969	0	-1	-1
5120	3970	3970	3970	3970	3970	3970	3970	3970	3970	3970	3970	0	-1	-1
5121	3971	3971	3971	3971	3971	3971	3971	3971	3971	3971	3971	0	-1	-1
5122	78	97	98	99	100	101	102	100	100	3972	3972	0	-1	-1
5123	78	104	105	106	107	108	109	107	107	3973	3973	0	-1	-1
5124	78	110	111	112	113	114	115	113	113	3974	3974	0	-1	-1
5125	3975	3975	3975	3975	3975	3975	3975	3975	3975	3975	3975	0	-1	-1
5126	3975	3975	3975	3975	3975	3975	3975	3975	3975	3975	3975	1	-1	-1
5127	3976	3976	3976	3976	3976	3976	3976	3976	3976	3976	3976	0	-1	-1
5128	3977	3977	3977	3977	3977	3977	3977	3977	3977	3977	3977	0	-1	-1
5129	3978	3978	3978	3978	3978	3978	3978	3978	3978	3978	3978	0	-1	-1
5130	3979	3979	3979	3979	3979	3979	3979	3979	3979	3979	3979	0	-1	-1
5131	3980	3980	3980	3980	3980	3980	3980	3980	3980	3980	3980	0	-1	-1
5132	3981	3981	3981	3981	3981	3981	3981	3981	3981	3981	3981	0	-1	-1
5133	3982	3982	3982	3982	3982	3982	3982	3982	3982	3982	3982	0	-1	-1
5134	3983	3983	3983	3983	3983	3983	3983	3983	3983	3983	3983	0	-1	-1
5135	3984	3984	3984	3984	3984	3984	3984	3984	3984	3984	3984	0	-1	-1
5136	3985	3985	3985	3985	3985	3985	3985	3985	3985	3985	3985	0	-1	-1
5137	3986	3986	3986	3986	3986	3986	3986	3986	3986	3986	3986	0	-1	-1
5138	3987	3987	3987	3987	3987	3987	3987	3987	3987	3987	3987	0	-1	-1
5139	3988	3988	3988	3988	3988	3988	3988	3988	3988	3988	3988	0	-1	-1
5140	3989	3989	3989	3989	3989	3989	3989	3989	3989	3989	3989	0	-1	-1
5141	3990	3990	3990	3990	3990	3990	3990	3990	3990	3990	3990	0	-1	-1
5142	3991	3991	3991	3991	3991	3991	3991	3991	3991	3991	3991	0	-1	-1
5143	3992	3992	3992	3992	3992	3992	3992	3992	3992	3992	3992	0	-1	-1
5144	3993	3993	3993	3993	3993	3993	3993	3993	3993	3993	3993	0	-1	-1
5145	3994	3994	3994	3994	3994	3994	3994	3994	3994	3994	3994	0	-1	-1
5146	3995	3995	3995	3995	3995	3995	3995	3995	3995	3995	3995	0	-1	-1
5147	3996	3996	3996	3996	3996	3996	3996	3996	3996	3996	3996	0	-1	-1
5148	3997	3997	3997	3997	3997	3997	3997	3997	3997	3997	3997	0	-1	-1
5149	3998	3998	3998	3998	3998	3998	3998	3998	3998	3998	3998	0	-1	-1
5150	3999	3999	3999	3999	3999	3999	3999	3999	3999	3999	3999	0	-1	-1
5151	4000	4000	4000	4000	4000	4000	4000	4000	4000	4000	4000	0	-1	-1
5152	4001	4001	4001	4001	4001	4001	4001	4001	4001	4001	4001	0	-1	-1
5153	4002	4002	4002	4002	4002	4002	4002	4002	4002	4002	4002	0	-1	-1
5154	31	31	31	31	31	31	31	31	31	4003	4003	0	-1	-1
5155	78	116	116	116	116	116	116	116	116	4004	4004	0	-1	-1
5156	4005	4005	4005	4005	4005	4005	4005	4005	4005	4005	4005	0	-1	-1
5157	4006	4006	4006	4006	4006	4006	4006	4006	4006	4006	4006	0	-1	-1
5158	4007	4007	4007	4007	4007	4007	4007	4007	4007	4007	4007	0	-1	-1
5159	4008	4008	4008	4008	4008	4008	4008	4008	4008	4008	4008	0	-1	-1
5160	4009	4009	4009	4009	4009	4009	4009	4009	4009	4009	4009	0	-1	-1
5161	4010	4010	4010	4010	4010	4010	4010	4010	4010	4010	4010	0	-1	-1
5162	4011	4011	4011	4011	4011	4011	4011	4011	4011	4011	4011	0	-1	-1
5163	4012	4012	4012	4012	4012	4012	4012	4012	4012	4012	4012	0	-1	-1
5164	4013	4013	4013	4013	4013	4013	4013	4013	4013	4013	4013	0	-1	-1
5165	4014	4014	4014	4014	4014	4014	4014	4014	4014	4014	4014	0	-1	-1
5166	31	31	31	31	31	31	31	31	31	4015	4015	0	-1	-1
5167	7	7	7	7	7	7	7	7	7	7	7	0	-1	0
5168	4016	4016	4016	4016	4016	4016	4016	4016	4016	4016	4016	0	-1	0
5169	4017	4017	4017	4017	4017	4017	4017	4017	4017	4017	4017	0	-1	0
5170	245	245	245	245	245	245	245	245	245	245	245	0	-1	0
5171	10	10	10	10	10	10	10	10	10	10	10	0	-1	0
5172	4018	4018	4018	4018	4018	4018	4018	4018	4018	4018	4018	0	-1	0
5173	459	459	459	459	459	459	459	459	459	459	459	0	-1	0
5174	4019	4019	4019	4019	4019	4019	4019	4019	4019	4019	4019	0	-1	-1
5175	4020	4020	4020	4020	4020	4020	4020	4020	4020	4020	4020	0	-1	-1
5176	3042	3042	3042	3042	3042	3042	3042	3042	3042	3042	3042	0	-1	-1
5177	4021	4021	4021	4021	4021	4021	4021	4021	4021	4021	4021	0	-1	-1
5178	1422	1422	1422	1422	1422	1422	1422	1422	1422	1422	1422	0	-1	-1
5179	4022	4022	4022	4022	4022	4022	4022	4022	4022	4022	4022	0	-1	-1
5180	4023	4023	4023	4023	4023	4023	4023	4023	4023	4023	4023	0	-1	-1
5181	4024	4024	4024	4024	4024	4024	4024	4024	4024	4024	4024	0	-1	-1
5182	4025	4025	4025	4025	4025	4025	4025	4025	4025	4025	4025	0	-1	-1
5183	4026	4026	4026	4026	4026	4026	4026	4026	4026	4026	4026	0	-1	-1
5184	4027	4027	4027	4027	4027	4027	4027	4027	4027	4027	4027	0	-1	-1
5185	4028	4028	4028	4028	4028	4028	4028	4028	4028	4028	4028	0	-1	-1
5186	4029	4029	4029	4029	4029	4029	4029	4029	4029	4029	4029	0	-1	-1
5187	9	9	9	9	9	9	9	9	9	4030	4030	0	-1	-1
5188	10	11	11	12	13	14	15	13	13	4030	4030	0	-1	-1
5189	10	10	10	10	10	10	10	10	10	4030	4030	0	-1	-1
5190	34	35	35	36	37	38	39	37	37	4030	4030	0	-1	-1
5191	78	97	98	99	100	101	102	100	100	4031	4031	0	-1	-1
5192	78	104	105	106	107	108	109	107	107	4032	4032	0	-1	-1
5193	78	110	111	112	113	114	115	113	113	4033	4033	0	-1	-1
5194	4034	4034	4034	4034	4034	4034	4034	4034	4034	4034	4034	0	-1	-1
5195	4035	4035	4035	4035	4035	4035	4035	4035	4035	4035	4035	0	-1	-1
5196	4036	4036	4036	4036	4036	4036	4036	4036	4036	4036	4036	0	-1	-1
5197	4037	4037	4037	4037	4037	4037	4037	4037	4037	4037	4037	0	-1	-1
5198	4038	4038	4038	4038	4038	4038	4038	4038	4038	4038	4038	0	-1	-1
5199	4039	4039	4039	4039	4039	4039	4039	4039	4039	4039	4039	0	-1	-1
5200	4040	4040	4040	4040	4040	4040	4040	4040	4040	4040	4040	0	-1	-1
5201	4041	4041	4041	4041	4041	4041	4041	4041	4041	4041	4041	0	-1	-1
5202	4042	4042	4042	4042	4042	4042	4042	4042	4042	4042	4042	0	-1	-1
5203	4043	4043	4043	4043	4043	4043	4043	4043	4043	4043	4043	0	-1	-1
5204	4044	4044	4044	4044	4044	4044	4044	4044	4044	4044	4044	0	-1	-1
5205	4045	4045	4045	4045	4045	4045	4045	4045	4045	4045	4045	0	-1	-1
5206	4046	4046	4046	4046	4046	4046	4046	4046	4046	4046	4046	0	-1	-1
5207	4047	4047	4047	4047	4047	4047	4047	4047	4047	4047	4047	0	-1	-1
5208	4048	4048	4048	4048	4048	4048	4048	4048	4048	4048	4048	0	-1	-1
5209	4049	4049	4049	4049	4049	4049	4049	4049	4049	4049	4049	0	-1	-1
5210	4050	4050	4050	4050	4050	4050	4050	4050	4050	4050	4050	1	-1	-1
5211	4051	4051	4051	4051	4051	4051	4051	4051	4051	4051	4051	1	-1	-1
5212	4052	4052	4052	4052	4052	4052	4052	4052	4052	4052	4052	0	-1	-1
5213	4053	4053	4053	4053	4053	4053	4053	4053	4053	4053	4053	0	-1	-1
5214	4054	4054	4054	4054	4054	4054	4054	4054	4054	4054	4054	0	-1	-1
5215	4055	4055	4055	4055	4055	4055	4055	4055	4055	4055	4055	0	-1	-1
5216	4056	4056	4056	4056	4056	4056	4056	4056	4056	4056	4056	0	-1	-1
5217	80	80	80	80	80	80	80	4057	4057	4057	4057	0	-1	-1
5218	395	395	395	395	395	395	395	4058	4058	4058	4058	0	-1	-1
5219	80	80	80	80	80	80	80	4059	4059	4059	4059	0	-1	-1
5220	4060	4060	4060	4060	4060	4060	4060	4060	4060	4060	4060	0	-1	-1
5221	4061	4061	4061	4061	4061	4061	4061	4061	4061	4061	4061	0	-1	-1
5222	4062	4062	4062	4062	4062	4062	4062	4062	4062	4062	4062	0	-1	-1
5223	4063	4063	4063	4063	4063	4063	4063	4063	4063	4063	4063	0	-1	-1
5224	4064	4064	4064	4064	4064	4064	4064	4064	4064	4064	4064	0	-1	-1
5225	4065	4065	4065	4065	4065	4065	4065	4065	4065	4065	4065	0	-1	-1
5226	4066	4066	4066	4066	4066	4066	4066	4066	4066	4066	4066	0	-1	-1
5227	4067	4067	4067	4067	4067	4067	4067	4067	4067	4067	4067	0	-1	-1
5228	4068	4068	4068	4068	4068	4068	4068	4068	4068	4068	4068	0	-1	-1
5229	4069	4069	4069	4069	4069	4069	4069	4069	4069	4069	4069	0	-1	-1
5230	4070	4070	4070	4070	4070	4070	4070	4070	4070	4070	4070	0	-1	-1
5231	4071	4071	4071	4071	4071	4071	4071	4071	4071	4071	4071	0	-1	-1
5232	9	9	9	9	9	9	9	9	9	3760	3760	0	-1	-1
5233	4072	4072	4072	4072	4072	4072	4072	4072	4072	4072	4072	0	-1	-1
5234	4072	4072	4072	4072	4072	4072	4072	4072	4072	4072	4072	1	-1	-1
5235	4073	4073	4073	4073	4073	4073	4073	4073	4073	4073	4073	0	-1	-1
5236	4074	4074	4074	4074	4074	4074	4074	4074	4074	4074	4074	0	-1	-1
5237	9	9	9	9	9	9	9	9	9	4075	4075	0	-1	-1
5238	4076	4076	4076	4076	4076	4076	4076	4076	4076	4076	4076	0	-1	-1
5239	4077	4077	4077	4077	4077	4077	4077	4077	4077	4077	4077	0	-1	-1
5240	4078	4078	4078	4078	4078	4078	4078	4078	4078	4078	4078	0	-1	-1
5241	4079	4079	4079	4079	4079	4079	4079	4079	4079	4079	4079	0	-1	-1
5242	4080	4080	4080	4080	4080	4080	4080	4080	4080	4080	4080	0	-1	-1
5243	4081	4081	4081	4081	4081	4081	4081	4081	4081	4081	4081	0	-1	-1
5244	4082	4082	4082	4082	4082	4082	4082	4082	4082	4082	4082	0	-1	-1
5245	4083	4083	4083	4083	4083	4083	4083	4083	4083	4083	4083	0	-1	-1
5246	4084	4084	4084	4084	4084	4084	4084	4084	4084	4084	4084	0	-1	-1
5247	4085	4085	4085	4085	4085	4085	4085	4085	4085	4085	4085	0	-1	-1
5248	4086	4086	4086	4086	4086	4086	4086	4086	4086	4086	4086	0	-1	-1
5249	4087	4087	4087	4087	4087	4087	4087	4087	4087	4087	4087	0	-1	-1
5250	4088	4088	4088	4088	4088	4088	4088	4088	4088	4088	4088	0	-1	-1
5251	4089	4089	4089	4089	4089	4089	4089	4089	4089	4089	4089	0	-1	-1
5252	4090	4090	4090	4090	4090	4090	4090	4090	4090	4090	4090	0	-1	-1
5253	4091	4091	4091	4091	4091	4091	4091	4091	4091	4091	4091	0	-1	-1
5254	4092	4092	4092	4092	4092	4092	4092	4092	4092	4092	4092	0	-1	-1
5255	4093	4093	4093	4093	4093	4093	4093	4093	4093	4093	4093	0	-1	-1
5256	4094	4094	4094	4094	4094	4094	4094	4094	4094	4094	4094	0	-1	-1
5257	4095	4095	4095	4095	4095	4095	4095	4095	4095	4095	4095	0	-1	-1
5258	4096	4096	4096	4096	4096	4096	4096	4096	4096	4096	4096	0	-1	-1
5259	4097	4097	4097	4097	4097	4097	4097	4097	4097	4097	4097	0	-1	-1
5260	4098	4098	4098	4098	4098	4098	4098	4098	4098	4098	4098	0	-1	-1
5261	4099	4099	4099	4099	4099	4099	4099	4099	4099	4099	4099	0	-1	-1
5262	4100	4100	4100	4100	4100	4100	4100	4100	4100	4100	4100	0	-1	-1
5263	4101	4101	4101	4101	4101	4101	4101	4101	4101	4101	4101	0	-1	-1
5264	4102	4102	4102	4102	4102	4102	4102	4102	4102	4102	4102	0	-1	-1
5265	9	9	9	9	9	9	9	9	9	4103	4103	0	-1	-1
5266	4104	4104	4104	4104	4104	4104	4104	4104	4104	4104	4104	0	-1	-1
5267	47	47	47	47	47	47	47	47	47	47	47	1	-1	-1
5268	4105	4106	4106	4107	4108	4108	4107	4108	4108	4106	4106	0	-1	0
5269	4109	4110	4110	4111	4112	4112	4111	4112	4112	4110	4110	0	-1	0
5270	4113	4114	4114	4115	4116	4116	4115	4116	4116	4114	4114	0	-1	0
5271	4117	4118	4118	4119	4120	4120	4119	4120	4120	4118	4118	0	-1	0
5272	198	198	198	198	198	198	198	198	198	198	198	0	-1	0
5273	199	199	199	199	199	199	199	199	199	199	199	0	-1	0
5274	200	200	200	200	200	200	200	200	200	200	200	0	-1	0
5275	4121	4122	4122	4123	4124	4124	4123	4124	4124	4122	4122	0	-1	0
5276	4125	4126	4126	4127	4128	4128	4127	4128	4128	4126	4126	0	-1	0
5277	4129	4130	4130	4131	4132	4132	4131	4132	4132	4130	4130	0	-1	0
5278	4133	4133	4133	4133	4133	4133	4133	4133	4133	4133	4133	1	-1	-1
5279	4134	4134	4134	4134	4134	4134	4134	4134	4134	4134	4134	0	-1	-1
5280	4135	4135	4135	4135	4135	4135	4135	4135	4135	4135	4135	0	-1	-1
5281	4136	4136	4136	4136	4136	4136	4136	4136	4136	4136	4136	0	-1	-1
5282	4137	4137	4137	4137	4137	4137	4137	4137	4137	4137	4137	0	-1	-1
5283	4138	4138	4138	4138	4138	4138	4138	4138	4138	4138	4138	0	-1	-1
5284	4139	4139	4139	4139	4139	4139	4139	4139	4139	4139	4139	0	-1	-1
5285	4140	4140	4140	4140	4140	4140	4140	4140	4140	4140	4140	0	-1	-1
5286	4141	4141	4141	4141	4141	4141	4141	4141	4141	4141	4141	0	-1	-1
5287	4142	4142	4142	4142	4142	4142	4142	4142	4142	4142	4142	0	-1	-1
5288	4143	4143	4143	4143	4143	4143	4143	4143	4143	4143	4143	0	-1	-1
5289	4144	4144	4144	4144	4144	4144	4144	4144	4144	4144	4144	0	-1	-1
5290	4145	4145	4145	4145	4145	4145	4145	4145	4145	4145	4145	0	-1	-1
5291	4146	4146	4146	4146	4146	4146	4146	4146	4146	4146	4146	0	-1	-1
5292	4147	4147	4147	4147	4147	4147	4147	4147	4147	4147	4147	0	-1	-1
5293	4148	4148	4148	4148	4148	4148	4148	4148	4148	4148	4148	0	-1	-1
5294	4149	4149	4149	4149	4149	4149	4149	4149	4149	4149	4149	0	-1	-1
5295	4150	4150	4150	4150	4150	4150	4150	4150	4150	4150	4150	0	-1	-1
5296	4151	4151	4151	4151	4151	4151	4151	4151	4151	4151	4151	0	-1	-1
5297	4152	4152	4152	4152	4152	4152	4152	4152	4152	4152	4152	0	-1	-1
5298	4153	4153	4153	4153	4153	4153	4153	4153	4153	4153	4153	0	-1	-1
5299	4154	4154	4154	4154	4154	4154	4154	4154	4154	4154	4154	0	-1	-1
5300	4155	4155	4155	4155	4155	4155	4155	4155	4155	4155	4155	0	-1	-1
5301	4156	4156	4156	4156	4156	4156	4156	4156	4156	4156	4156	0	-1	-1
5302	4157	4157	4157	4157	4157	4157	4157	4157	4157	4157	4157	0	-1	-1
5303	4158	4158	4158	4158	4158	4158	4158	4158	4158	4158	4158	0	-1	-1
5304	4159	4159	4159	4159	4159	4159	4159	4159	4159	4159	4159	0	-1	-1
5305	4160	4160	4160	4160	4160	4160	4160	4160	4160	4160	4160	0	-1	-1
5306	4161	4161	4161	4161	4161	4161	4161	4161	4161	4161	4161	0	-1	-1
5307	4162	4162	4162	4162	4162	4162	4162	4162	4162	4162	4162	0	-1	-1
5308	4163	4163	4163	4163	4163	4163	4163	4163	4163	4163	4163	0	-1	-1
5309	4164	4164	4164	4164	4164	4164	4164	4164	4164	4164	4164	0	-1	-1
5310	9	9	9	9	9	9	9	9	9	4165	4165	0	-1	-1
5311	4166	4166	4166	4166	4166	4166	4166	4166	4166	4166	4166	0	-1	-1
5312	9	9	9	9	9	9	9	9	9	4167	4167	0	-1	-1
5313	9	9	9	9	9	9	9	9	9	4168	4168	0	-1	-1
5314	9	9	9	9	9	9	9	9	9	75	75	0	-1	-1
5315	9	9	9	9	9	9	9	9	9	3971	3971	0	-1	-1
5316	9	9	9	9	9	9	9	9	9	4169	4169	0	-1	-1
5317	9	9	9	9	9	9	9	9	9	4170	4170	0	-1	-1
5318	4171	4171	4171	4171	4171	4171	4171	4171	4171	4171	4171	0	-1	-1
5319	4172	4172	4172	4172	4172	4172	4172	4172	4172	4172	4172	0	-1	-1
5320	4173	4173	4173	4173	4173	4173	4173	4173	4173	4173	4173	0	-1	-1
5321	9	9	9	9	9	9	9	9	9	4174	4174	0	-1	-1
5322	9	9	9	9	9	9	9	9	9	4175	4175	0	-1	-1
5323	4176	4176	4176	4176	4176	4176	4176	4176	4176	4176	4176	0	-1	-1
5324	4177	4177	4177	4178	4177	4177	4178	4177	4177	4177	4177	0	-1	0
5325	4179	4179	4179	4180	4179	4179	4180	4177	4177	4179	4179	0	-1	0
5326	4181	4181	4181	4178	4181	4181	4178	4181	4181	4181	4181	0	-1	0
5327	4177	4177	4177	4178	4177	4177	4178	4178	4178	4177	4177	0	-1	0
5328	4181	4181	4181	4178	4181	4181	4178	4178	4178	4181	4181	0	-1	0
5329	4177	4177	4177	4180	4177	4177	4180	4180	4180	4177	4177	0	-1	0
5330	4182	4182	4182	4182	4182	4182	4182	4182	4182	4182	4182	0	-1	-1
5331	4183	4183	4183	4183	4183	4183	4183	4183	4183	4183	4183	0	-1	-1
5332	4184	4184	4184	4184	4184	4184	4184	4184	4184	4184	4184	0	-1	-1
5333	4169	4169	4169	4169	4169	4169	4169	4169	4169	4169	4169	0	-1	-1
5334	4170	4170	4170	4170	4170	4170	4170	4170	4170	4170	4170	0	-1	-1
5335	4185	4185	4185	4185	4185	4185	4185	4185	4185	4185	4185	0	-1	-1
5336	4186	4186	4186	4186	4186	4186	4186	4186	4186	4186	4186	0	-1	-1
5337	4187	4187	4187	4187	4187	4187	4187	4187	4187	4187	4187	0	-1	-1
5338	4188	4188	4188	4188	4188	4188	4188	4188	4188	4188	4188	0	-1	-1
5339	4189	4189	4189	4189	4189	4189	4189	4189	4189	4189	4189	0	-1	-1
5340	4190	4190	4190	4190	4190	4190	4190	4190	4190	4190	4190	0	-1	-1
5341	4191	4191	4191	4191	4191	4191	4191	4191	4191	4191	4191	0	-1	-1
5342	4192	4192	4192	4192	4192	4192	4192	4192	4192	4192	4192	0	-1	-1
5343	4193	4193	4193	4193	4193	4193	4193	4193	4193	4193	4193	0	-1	-1
5344	4194	4194	4194	4194	4194	4194	4194	4194	4194	4194	4194	0	-1	-1
5345	4195	4195	4195	4195	4195	4195	4195	4195	4195	4195	4195	0	-1	-1
5346	4196	4196	4196	4196	4196	4196	4196	4196	4196	4196	4196	0	-1	-1
5347	4197	4197	4197	4197	4197	4197	4197	4197	4197	4197	4197	0	-1	-1
5348	4198	4198	4198	4198	4198	4198	4198	4198	4198	4198	4198	0	-1	-1
5349	4199	4199	4199	4199	4199	4199	4199	4199	4199	4199	4199	0	-1	-1
5350	4200	4200	4200	4200	4200	4200	4200	4200	4200	4200	4200	0	-1	-1
5351	4201	4201	4201	4201	4201	4201	4201	4201	4201	4201	4201	0	-1	-1
5352	4202	4202	4202	4202	4202	4202	4202	4202	4202	4202	4202	0	-1	-1
5353	4203	4203	4203	4203	4203	4203	4203	4203	4203	4203	4203	0	-1	-1
5354	4204	4204	4204	4204	4204	4204	4204	4204	4204	4204	4204	0	-1	-1
5355	4205	4205	4205	4205	4205	4205	4205	4205	4205	4205	4205	0	-1	-1
5356	4206	4206	4206	4206	4206	4206	4206	4206	4206	4206	4206	0	-1	-1
5357	4207	4207	4207	4207	4207	4207	4207	4207	4207	4207	4207	0	-1	-1
5358	4208	4208	4208	4208	4208	4208	4208	4208	4208	4208	4208	0	-1	-1
5359	4209	4209	4209	4209	4209	4209	4209	4209	4209	4209	4209	0	-1	-1
5360	4210	4210	4210	4210	4210	4210	4210	4210	4210	4210	4210	0	-1	-1
5361	4211	4211	4211	4211	4211	4211	4211	4211	4211	4211	4211	0	-1	-1
5362	4212	4212	4212	4212	4212	4212	4212	4212	4212	4212	4212	0	-1	-1
5363	4213	4213	4213	4213	4213	4213	4213	4213	4213	4213	4213	0	-1	-1
5364	4214	4214	4214	4214	4214	4214	4214	4214	4214	4214	4214	0	-1	-1
5365	4215	4215	4215	4215	4215	4215	4215	4215	4215	4215	4215	0	-1	-1
5366	4216	4216	4216	4216	4216	4216	4216	4216	4216	4216	4216	0	-1	-1
5367	4217	4217	4217	4217	4217	4217	4217	4217	4217	4217	4217	0	-1	-1
5368	4218	4218	4218	4218	4218	4218	4218	4218	4218	4218	4218	0	-1	-1
5369	4219	4219	4219	4219	4219	4219	4219	4219	4219	4219	4219	0	-1	-1
5370	4220	4220	4220	4220	4220	4220	4220	4220	4220	4220	4220	0	-1	-1
5371	4221	4221	4221	4221	4221	4221	4221	4221	4221	4221	4221	0	-1	-1
5372	4222	4222	4222	4222	4222	4222	4222	4222	4222	4222	4222	0	-1	-1
5373	4223	4223	4223	4223	4223	4223	4223	4223	4223	4223	4223	0	-1	-1
5374	4224	4224	4224	4224	4224	4224	4224	4224	4224	4224	4224	0	-1	-1
5375	4225	4225	4225	4225	4225	4225	4225	4225	4225	4225	4225	0	-1	-1
5376	4226	4226	4226	4226	4226	4226	4226	4226	4226	4226	4226	0	-1	-1
5377	4227	4227	4227	4227	4227	4227	4227	4227	4227	4227	4227	0	-1	-1
5378	4228	4228	4228	4228	4228	4228	4228	4228	4228	4228	4228	0	-1	-1
5379	4229	4229	4229	4229	4229	4229	4229	4229	4229	4229	4229	0	-1	-1
5380	4230	4230	4230	4230	4230	4230	4230	4230	4230	4230	4230	0	-1	-1
5381	4231	4231	4231	4231	4231	4231	4231	4231	4231	4231	4231	0	-1	-1
5382	4232	4232	4232	4232	4232	4232	4232	4232	4232	4232	4232	0	-1	-1
5383	4233	4233	4233	4233	4233	4233	4233	4233	4233	4233	4233	0	-1	-1
5384	4234	4234	4234	4234	4234	4234	4234	4234	4234	4234	4234	0	-1	-1
5385	4235	4235	4235	4235	4235	4235	4235	4235	4235	4235	4235	0	-1	-1
5386	4236	4236	4236	4236	4236	4236	4236	4236	4236	4236	4236	0	-1	-1
5387	4237	4237	4237	4237	4237	4237	4237	4237	4237	4237	4237	0	-1	-1
5388	4238	4238	4238	4238	4238	4238	4238	4238	4238	4238	4238	0	-1	-1
5389	4239	4239	4239	4239	4239	4239	4239	4239	4239	4239	4239	0	-1	-1
5390	4240	4240	4240	4240	4240	4240	4240	4240	4240	4240	4240	0	-1	-1
5391	9	9	9	9	9	9	9	9	9	33	33	0	-1	-1
5392	4241	4241	4241	4241	4241	4241	4241	4241	4241	4241	4241	0	-1	-1
5393	4242	4242	4242	4242	4242	4242	4242	4242	4242	4242	4242	0	-1	-1
5394	4243	4243	4243	4243	4243	4243	4243	4243	4243	4243	4243	0	-1	-1
5395	4244	4244	4244	4244	4244	4244	4244	4244	4244	4244	4244	0	-1	-1
5396	4245	4245	4245	4245	4245	4245	4245	4245	4245	4245	4245	0	-1	-1
5397	4246	4246	4246	4246	4246	4246	4246	4246	4246	4246	4246	0	-1	-1
5398	4247	4247	4247	4247	4247	4247	4247	4247	4247	4247	4247	0	-1	-1
5399	4248	4248	4248	4248	4248	4248	4248	4248	4248	4248	4248	0	-1	-1
5400	4249	4249	4249	4249	4249	4249	4249	4249	4249	4249	4249	0	-1	-1
5401	4250	4250	4250	4250	4250	4250	4250	4250	4250	4250	4250	0	-1	-1
5402	4251	4251	4251	4251	4251	4251	4251	4251	4251	4251	4251	0	-1	-1
5403	4252	4252	4252	4252	4252	4252	4252	4252	4252	4252	4252	0	-1	-1
5404	9	9	9	9	9	9	9	9	9	4253	4253	0	-1	-1
5405	9	9	9	9	9	9	9	9	9	4254	4254	0	-1	-1
5406	9	9	9	9	9	9	9	9	9	4255	4255	0	-1	-1
5407	9	9	9	9	9	9	9	9	9	4256	4256	0	-1	-1
5408	4257	4257	4257	4257	4257	4257	4257	4257	4257	4257	4257	0	-1	-1
5409	4258	4258	4258	4258	4258	4258	4258	4258	4258	4258	4258	0	-1	-1
5410	4259	4259	4259	4259	4259	4259	4259	4259	4259	4259	4259	0	-1	-1
5411	4260	4260	4260	4260	4260	4260	4260	4260	4260	4260	4260	0	-1	-1
5412	4261	4261	4261	4261	4261	4261	4261	4261	4261	4261	4261	0	-1	-1
5413	4262	4262	4262	4262	4262	4262	4262	4262	4262	4262	4262	0	-1	-1
5414	4263	4263	4263	4263	4263	4263	4263	4263	4263	4263	4263	0	-1	-1
5415	4264	4264	4264	4264	4264	4264	4264	4264	4264	4264	4264	0	-1	-1
5416	4265	4265	4265	4265	4265	4265	4265	4265	4265	4265	4265	0	-1	-1
5417	4266	4266	4266	4266	4266	4266	4266	4266	4266	4266	4266	0	-1	-1
5418	4267	4267	4267	4267	4267	4267	4267	4267	4267	4267	4267	0	-1	-1
5419	4268	4268	4268	4268	4268	4268	4268	4268	4268	4268	4268	0	-1	-1
5420	4269	4269	4269	4269	4269	4269	4269	4269	4269	4269	4269	0	-1	-1
5421	4270	4270	4270	4270	4270	4270	4270	4270	4270	4270	4270	0	-1	-1
5422	4271	4271	4271	4271	4271	4271	4271	4271	4271	4271	4271	0	-1	-1
5423	4272	4272	4272	4272	4272	4272	4272	4272	4272	4272	4272	0	-1	-1
5424	4273	4273	4273	4273	4273	4273	4273	4273	4273	4273	4273	0	-1	-1
5425	4274	4274	4274	4274	4274	4274	4274	4274	4274	4274	4274	0	-1	-1
5426	4275	4275	4275	4275	4275	4275	4275	4275	4275	4275	4275	0	-1	-1
5427	4276	4276	4276	4276	4276	4276	4276	4276	4276	4276	4276	0	-1	-1
5428	4277	4277	4277	4277	4277	4277	4277	4277	4277	4277	4277	0	-1	-1
5429	4278	4278	4278	4278	4278	4278	4278	4278	4278	4278	4278	0	-1	-1
5430	4279	4279	4279	4279	4279	4279	4279	4279	4279	4279	4279	0	-1	-1
5431	4280	4280	4280	4280	4280	4280	4280	4280	4280	4280	4280	0	-1	-1
5432	4281	4281	4281	4281	4281	4281	4281	4281	4281	4281	4281	0	-1	-1
5433	4282	4282	4282	4282	4282	4282	4282	4282	4282	4282	4282	0	-1	-1
5434	4283	4283	4283	4283	4283	4283	4283	4283	4283	4283	4283	0	-1	-1
5435	4284	4284	4284	4284	4284	4284	4284	4284	4284	4284	4284	0	-1	-1
5436	4285	4285	4285	4285	4285	4285	4285	4285	4285	4285	4285	0	-1	-1
5437	4286	4286	4286	4286	4286	4286	4286	4286	4286	4286	4286	0	-1	-1
5438	4287	4287	4287	4287	4287	4287	4287	4287	4287	4287	4287	0	-1	-1
5439	4288	4288	4288	4288	4288	4288	4288	4288	4288	4288	4288	0	-1	-1
5440	4289	4289	4289	4289	4289	4289	4289	4289	4289	4289	4289	0	-1	-1
5441	4290	4290	4290	4290	4290	4290	4290	4290	4290	4290	4290	0	-1	-1
5442	4291	4291	4291	4291	4291	4291	4291	4291	4291	4291	4291	0	-1	-1
5443	4292	4292	4292	4292	4292	4292	4292	4292	4292	4292	4292	0	-1	-1
5444	4293	4293	4293	4293	4293	4293	4293	4293	4293	4293	4293	0	-1	-1
5445	4294	4294	4294	4294	4294	4294	4294	4294	4294	4294	4294	0	-1	-1
5446	4295	4295	4295	4295	4295	4295	4295	4295	4295	4295	4295	0	-1	-1
5447	4296	4296	4296	4296	4296	4296	4296	4296	4296	4296	4296	0	-1	-1
5448	4297	4297	4297	4297	4297	4297	4297	4297	4297	4297	4297	0	-1	-1
5449	4298	4298	4298	4298	4298	4298	4298	4298	4298	4298	4298	0	-1	-1
5450	4299	4299	4299	4299	4299	4299	4299	4299	4299	4299	4299	0	-1	-1
5451	4300	4300	4300	4300	4300	4300	4300	4300	4300	4300	4300	0	-1	-1
5452	4301	4301	4301	4301	4301	4301	4301	4301	4301	4301	4301	0	-1	-1
5453	4302	4302	4302	4302	4302	4302	4302	4302	4302	4302	4302	0	-1	-1
5454	4303	4303	4303	4303	4303	4303	4303	4303	4303	4303	4303	0	-1	-1
5455	4304	4304	4304	4304	4304	4304	4304	4304	4304	4304	4304	0	-1	-1
5456	4305	4305	4305	4305	4305	4305	4305	4305	4305	4305	4305	0	-1	-1
5457	4304	4304	4304	4304	4304	4304	4304	4304	4304	4304	4304	1	-1	-1
5458	4306	4306	4306	4306	4306	4306	4306	4306	4306	4306	4306	0	-1	-1
5459	4307	4307	4307	4307	4307	4307	4307	4307	4307	4307	4307	0	-1	-1
5460	4308	4308	4308	4308	4308	4308	4308	4308	4308	4308	4308	0	-1	-1
5461	4307	4307	4307	4307	4307	4307	4307	4307	4307	4307	4307	1	-1	-1
5462	4309	4309	4309	4309	4309	4309	4309	4309	4309	4309	4309	0	-1	-1
5463	4310	4310	4310	4310	4310	4310	4310	4310	4310	4310	4310	0	-1	-1
5464	4309	4309	4309	4309	4309	4309	4309	4309	4309	4309	4309	1	-1	-1
5465	4311	4311	4311	4311	4311	4311	4311	4311	4311	4311	4311	0	-1	-1
5466	4312	4312	4312	4312	4312	4312	4312	4312	4312	4312	4312	0	-1	-1
5467	4313	4313	4313	4313	4313	4313	4313	4313	4313	4313	4313	0	-1	-1
5468	4314	4314	4314	4314	4314	4314	4314	4314	4314	4314	4314	0	-1	-1
5469	4315	4315	4315	4315	4315	4315	4315	4315	4315	4315	4315	0	-1	-1
5470	4316	4316	4316	4316	4316	4316	4316	4316	4316	4316	4316	0	-1	-1
5471	4317	4317	4317	4317	4317	4317	4317	4317	4317	4317	4317	0	-1	-1
5472	4318	4318	4318	4318	4318	4318	4318	4318	4318	4318	4318	0	-1	-1
5473	4317	4317	4317	4317	4317	4317	4317	4317	4317	4317	4317	1	-1	-1
5474	4319	4319	4319	4319	4319	4319	4319	4319	4319	4319	4319	0	-1	-1
5475	4320	4320	4320	4320	4320	4320	4320	4320	4320	4320	4320	0	-1	-1
5476	4321	4321	4321	4321	4321	4321	4321	4321	4321	4321	4321	0	-1	-1
5477	4322	4322	4322	4322	4322	4322	4322	4322	4322	4322	4322	0	-1	-1
5478	4323	4323	4323	4323	4323	4323	4323	4323	4323	4323	4323	0	-1	-1
5479	4324	4324	4324	4324	4324	4324	4324	4324	4324	4324	4324	0	-1	-1
5480	4325	4325	4325	4325	4325	4325	4325	4325	4325	4325	4325	0	-1	-1
5481	4326	4326	4326	4326	4326	4326	4326	4326	4326	4326	4326	0	-1	-1
5482	4327	4327	4327	4327	4327	4327	4327	4327	4327	4327	4327	0	-1	-1
5483	4326	4326	4326	4326	4326	4326	4326	4326	4326	4326	4326	1	-1	-1
5484	4327	4327	4327	4327	4327	4327	4327	4327	4327	4327	4327	1	-1	-1
5485	4328	4328	4328	4328	4328	4328	4328	4328	4328	4328	4328	0	-1	-1
5486	4329	4329	4329	4329	4329	4329	4329	4329	4329	4329	4329	0	-1	-1
5487	4330	4330	4330	4330	4330	4330	4330	4330	4330	4330	4330	0	-1	-1
5488	4331	4331	4331	4331	4331	4331	4331	4331	4331	4331	4331	0	-1	-1
5489	4332	4332	4332	4332	4332	4332	4332	4332	4332	4332	4332	0	-1	-1
5490	4333	4333	4333	4333	4333	4333	4333	4333	4333	4333	4333	0	-1	-1
5491	4334	4334	4334	4334	4334	4334	4334	4334	4334	4334	4334	0	-1	-1
5492	4335	4335	4335	4335	4335	4335	4335	4335	4335	4335	4335	0	-1	-1
5493	4336	4336	4336	4336	4336	4336	4336	4336	4336	4336	4336	0	-1	-1
5494	4337	4337	4337	4337	4337	4337	4337	4337	4337	4337	4337	0	-1	-1
5495	4338	4338	4338	4338	4338	4338	4338	4338	4338	4338	4338	0	-1	-1
5496	4339	4339	4339	4339	4339	4339	4339	4339	4339	4339	4339	0	-1	-1
5497	7	7	7	7	7	7	7	9	9	7	7	0	-1	-1
5498	8	8	8	8	8	8	8	9	9	8	8	0	-1	-1
5499	394	394	394	394	394	394	394	9	9	394	394	0	-1	-1
5500	10	10	10	10	10	10	10	9	9	10	10	0	-1	-1
5501	7	7	7	7	7	7	7	9	9	7	7	1	-1	-1
5502	30	30	30	30	30	30	30	9	9	30	30	0	-1	-1
5503	31	31	31	31	31	31	31	9	9	31	31	0	-1	-1
5504	202	202	202	202	202	202	202	9	9	202	202	0	-1	-1
5505	41	41	41	41	41	41	41	9	9	41	41	0	-1	-1
5506	42	42	42	42	42	42	42	9	9	42	42	0	-1	-1
5507	43	43	43	43	43	43	43	9	9	43	43	0	-1	-1
5508	44	44	44	44	44	44	44	9	9	44	44	0	-1	-1
5509	47	47	47	47	47	47	47	9	9	47	47	0	-1	-1
5510	80	80	80	80	80	80	80	9	9	80	80	0	-1	-1
5511	87	87	87	87	87	87	87	9	9	87	87	0	-1	-1
5512	4340	4340	4340	4340	4340	4340	4340	4340	4340	4340	4340	0	-1	-1
5513	4341	4341	4341	4341	4341	4341	4341	4341	4341	4341	4341	0	-1	-1
5514	4342	4342	4342	4342	4342	4342	4342	4342	4342	4342	4342	0	-1	-1
5515	144	144	144	144	144	144	144	9	9	144	144	0	-1	-1
5516	145	145	145	145	145	145	145	9	9	145	145	0	-1	-1
5517	146	146	146	146	146	146	146	9	9	146	146	0	-1	-1
5518	147	147	147	147	147	147	147	9	9	147	147	0	-1	-1
5519	148	148	148	148	148	148	148	9	9	148	148	0	-1	-1
5520	151	151	151	151	151	151	151	9	9	151	151	0	-1	-1
5521	153	153	153	153	153	153	153	9	9	153	153	0	-1	-1
5522	154	154	154	154	154	154	154	9	9	154	154	0	-1	-1
5523	155	155	155	155	155	155	155	9	9	155	155	0	-1	-1
5524	156	156	156	156	156	156	156	9	9	156	156	0	-1	-1
5525	157	157	157	157	157	157	157	9	9	157	157	0	-1	-1
5526	158	158	158	158	158	158	158	9	9	158	158	0	-1	-1
5527	159	159	159	159	159	159	159	9	9	159	159	0	-1	-1
5528	160	160	160	160	160	160	160	9	9	160	160	0	-1	-1
5529	161	161	161	161	161	161	161	9	9	161	161	0	-1	-1
5530	162	162	162	162	162	162	162	9	9	162	162	0	-1	-1
5531	206	206	206	206	206	206	206	9	9	206	206	0	-1	-1
5532	164	164	164	164	164	164	164	9	9	164	164	0	-1	-1
5533	165	165	165	165	165	165	165	9	9	165	165	0	-1	-1
5534	166	166	166	166	166	166	166	9	9	166	166	0	-1	-1
5535	167	167	167	167	167	167	167	9	9	167	167	0	-1	-1
5536	168	168	168	168	168	168	168	9	9	168	168	0	-1	-1
5537	169	169	169	169	169	169	169	9	9	169	169	0	-1	-1
5538	170	170	170	170	170	170	170	9	9	170	170	0	-1	-1
5539	171	171	171	171	171	171	171	9	9	171	171	0	-1	-1
5540	173	173	173	173	173	173	173	9	9	173	173	0	-1	-1
5541	174	174	174	174	174	174	174	9	9	174	174	0	-1	-1
5542	175	175	175	175	175	175	175	9	9	175	175	0	-1	-1
5543	176	176	176	176	176	176	176	9	9	176	176	0	-1	-1
5544	177	177	177	177	177	177	177	9	9	177	177	0	-1	-1
5545	178	178	178	178	178	178	178	9	9	178	178	0	-1	-1
5546	179	179	179	179	179	179	179	9	9	179	179	0	-1	-1
5547	180	180	180	180	180	180	180	9	9	180	180	0	-1	-1
5548	181	181	181	181	181	181	181	9	9	181	181	0	-1	-1
5549	182	182	182	182	182	182	182	9	9	182	182	0	-1	-1
5550	183	183	183	183	183	183	183	9	9	183	183	0	-1	-1
5551	184	184	184	184	184	184	184	9	9	184	184	0	-1	-1
5552	185	185	185	185	185	185	185	9	9	185	185	0	-1	-1
5553	186	186	186	186	186	186	186	9	9	186	186	0	-1	-1
5554	187	187	187	187	187	187	187	9	9	187	187	0	-1	-1
5555	188	188	188	188	188	188	188	9	9	188	188	0	-1	-1
5556	189	189	189	189	189	189	189	9	9	189	189	0	-1	-1
5557	190	190	190	190	190	190	190	9	9	190	190	0	-1	-1
5558	191	191	191	191	191	191	191	9	9	191	191	0	-1	-1
5559	192	192	192	192	192	192	192	9	9	192	192	0	-1	-1
5560	193	193	193	193	193	193	193	9	9	193	193	0	-1	-1
5561	194	194	194	194	194	194	194	9	9	194	194	0	-1	-1
5562	195	195	195	195	195	195	195	9	9	195	195	0	-1	-1
5563	196	196	196	196	196	196	196	9	9	196	196	0	-1	-1
5564	197	197	197	197	197	197	197	9	9	197	197	0	-1	-1
5565	352	352	352	352	352	352	352	9	9	352	352	0	-1	-1
5566	4343	4343	4343	4343	4343	4343	4343	4343	4343	4343	4343	0	-1	-1
5567	4344	4344	4344	4344	4344	4344	4344	4344	4344	4344	4344	0	-1	-1
5568	4345	4345	4345	4345	4345	4345	4345	4345	4345	4345	4345	0	-1	-1
5569	4346	4346	4346	4346	4346	4346	4346	4346	4346	4346	4346	0	-1	-1
5570	4347	4347	4347	4347	4347	4347	4347	4347	4347	4347	4347	0	-1	-1
5571	4348	4348	4348	4348	4348	4348	4348	4348	4348	4348	4348	0	-1	-1
5572	4349	4349	4349	4349	4349	4349	4349	4349	4349	4349	4349	0	-1	-1
5573	4350	4350	4350	4350	4350	4350	4350	4350	4350	4350	4350	0	-1	-1
5574	4351	4351	4351	4351	4351	4351	4351	4351	4351	4351	4351	0	-1	-1
5575	4352	4352	4352	4352	4352	4352	4352	4352	4352	4352	4352	0	-1	-1
5576	4353	4353	4353	4353	4353	4353	4353	4353	4353	4353	4353	0	-1	-1
5577	4354	4354	4354	4354	4354	4354	4354	4354	4354	4354	4354	0	-1	-1
5578	4355	4355	4355	4355	4355	4355	4355	4355	4355	4355	4355	0	-1	-1
5579	4356	4356	4356	4356	4356	4356	4356	4356	4356	4356	4356	0	-1	-1
5580	4357	4357	4357	4357	4357	4357	4357	4357	4357	4357	4357	0	-1	-1
5581	4358	4358	4358	4358	4358	4358	4358	4358	4358	4358	4358	0	-1	-1
5582	4359	4359	4359	4359	4359	4359	4359	4359	4359	4359	4359	0	-1	-1
5583	4360	4360	4360	4360	4360	4360	4360	4360	4360	4360	4360	0	-1	-1
5584	4361	4361	4361	4361	4361	4361	4361	4361	4361	4361	4361	0	-1	-1
5585	4362	4362	4362	4362	4362	4362	4362	4362	4362	4362	4362	0	-1	-1
5586	4363	4363	4363	4363	4363	4363	4363	4363	4363	4363	4363	0	-1	-1
5587	4364	4364	4364	4364	4364	4364	4364	4364	4364	4364	4364	0	-1	-1
5588	4365	4365	4365	4365	4365	4365	4365	4365	4365	4365	4365	0	-1	-1
5589	4366	4366	4366	4366	4366	4366	4366	4366	4366	4366	4366	0	-1	-1
5590	4367	4367	4367	4367	4367	4367	4367	4367	4367	4367	4367	0	-1	-1
5591	4368	4368	4368	4368	4368	4368	4368	4368	4368	4368	4368	0	-1	-1
5592	4369	4369	4369	4369	4369	4369	4369	4369	4369	4369	4369	0	-1	-1
5593	4370	4370	4370	4370	4370	4370	4370	4370	4370	4370	4370	0	-1	-1
5594	4371	4371	4371	4371	4371	4371	4371	4371	4371	4371	4371	0	-1	-1
5595	4372	4372	4372	4372	4372	4372	4372	4372	4372	4372	4372	0	-1	-1
5596	4373	4373	4373	4373	4373	4373	4373	4373	4373	4373	4373	0	-1	-1
5597	9	9	9	9	9	9	9	9	9	3458	3458	0	-1	-1
5598	9	9	9	9	9	9	9	9	9	4374	4374	0	-1	-1
5599	4375	4375	4375	4375	4375	4375	4375	4375	4375	4375	4375	0	-1	-1
5600	4376	4376	4376	4376	4376	4376	4376	4376	4376	4376	4376	0	-1	-1
5601	4377	4377	4377	4377	4377	4377	4377	4377	4377	4377	4377	0	-1	-1
5602	4378	4378	4378	4378	4378	4378	4378	4378	4378	4378	4378	0	-1	-1
5603	4379	4379	4379	4379	4379	4379	4379	4379	4379	4379	4379	0	-1	-1
5604	4380	4380	4380	4380	4380	4380	4380	4380	4380	4380	4380	0	-1	-1
5605	4381	4381	4381	4381	4381	4381	4381	4381	4381	4381	4381	0	-1	-1
5606	4382	4382	4382	4382	4382	4382	4382	4382	4382	4382	4382	1	-1	-1
5607	31	31	31	31	31	31	31	31	31	4383	4383	0	-1	-1
5608	4383	4383	4383	4383	4383	4383	4383	4383	4383	4383	4383	0	-1	-1
5609	31	31	31	31	31	31	31	31	31	4384	4384	0	-1	-1
5610	4384	4384	4384	4384	4384	4384	4384	4384	4384	4384	4384	0	-1	-1
5611	1725	1725	1725	1725	1725	1725	1725	1725	1725	1725	1725	0	-1	-1
5612	1727	1727	1727	1727	1727	1727	1727	1727	1727	1727	1727	0	-1	-1
5613	1723	1723	1723	1723	1723	1723	1723	1723	1723	1723	1723	0	-1	-1
5614	1726	1726	1726	1726	1726	1726	1726	1726	1726	1726	1726	0	-1	-1
5615	1724	1724	1724	1724	1724	1724	1724	1724	1724	1724	1724	0	-1	-1
5616	4385	4385	4385	4385	4385	4385	4385	4385	4385	4385	4385	0	-1	-1
5617	4386	4386	4386	4386	4386	4386	4386	4386	4386	4386	4386	0	-1	-1
5618	4387	4387	4387	4387	4387	4387	4387	4387	4387	4387	4387	0	-1	-1
5619	4388	4388	4388	4388	4388	4388	4388	4388	4388	4388	4388	0	-1	-1
5620	9	9	9	9	9	9	9	9	9	4389	4389	0	-1	-1
5621	9	9	9	9	9	9	9	9	9	4390	4390	0	-1	-1
5622	9	9	9	9	9	9	9	9	9	4391	4391	0	-1	-1
5623	9	9	9	9	9	9	9	9	9	4392	4392	0	-1	-1
5624	9	9	9	9	9	9	9	9	9	4393	4393	0	-1	-1
5625	9	9	9	9	9	9	9	9	9	4394	4394	0	-1	-1
5626	4395	4395	4395	4395	4395	4395	4395	4395	4395	4395	4395	0	-1	-1
5627	4396	4396	4396	4396	4396	4396	4396	4396	4396	4396	4396	0	-1	-1
5628	4397	4397	4397	4397	4397	4397	4397	4397	4397	4397	4397	0	-1	-1
5629	4398	4398	4398	4398	4398	4398	4398	4398	4398	4398	4398	0	-1	-1
5630	4399	4399	4399	4399	4399	4399	4399	4399	4399	4399	4399	0	-1	-1
5631	4400	4400	4400	4400	4400	4400	4400	4400	4400	4400	4400	0	-1	-1
5632	4401	4401	4401	4401	4401	4401	4401	4401	4401	4401	4401	0	-1	-1
5633	4402	4402	4402	4402	4402	4402	4402	4402	4402	4402	4402	0	-1	-1
5634	4403	4403	4403	4403	4403	4403	4403	4403	4403	4403	4403	0	-1	-1
5635	4404	4404	4404	4404	4404	4404	4404	4404	4404	4404	4404	0	-1	-1
5636	4405	4405	4405	4405	4405	4405	4405	4405	4405	4405	4405	0	-1	-1
5637	4406	4406	4406	4406	4406	4406	4406	4406	4406	4406	4406	0	-1	-1
5638	4407	4407	4407	4407	4407	4407	4407	4407	4407	4407	4407	0	-1	-1
5639	4408	4408	4408	4408	4408	4408	4408	4408	4408	4408	4408	0	-1	-1
5640	4409	4409	4409	4409	4409	4409	4409	4409	4409	4409	4409	0	-1	-1
5641	4410	4410	4410	4410	4410	4410	4410	4410	4410	4410	4410	0	-1	-1
5642	4411	4411	4411	4411	4411	4411	4411	4411	4411	4411	4411	0	-1	-1
5643	4412	4412	4412	4412	4412	4412	4412	4412	4412	4412	4412	0	-1	-1
5644	4413	4413	4413	4413	4413	4413	4413	4413	4413	4413	4413	0	-1	-1
5645	4414	4414	4414	4414	4414	4414	4414	4414	4414	4414	4414	0	-1	-1
5646	4415	4415	4415	4415	4415	4415	4415	4415	4415	4415	4415	0	-1	-1
5647	4416	4416	4416	4416	4416	4416	4416	4416	4416	4416	4416	0	-1	-1
5648	4417	4417	4417	4417	4417	4417	4417	4417	4417	4417	4417	0	-1	-1
5649	4418	4418	4418	4418	4418	4418	4418	4418	4418	4418	4418	0	-1	-1
5650	4419	4419	4419	4419	4419	4419	4419	4419	4419	4419	4419	0	-1	-1
5651	4420	4420	4420	4420	4420	4420	4420	4420	4420	4420	4420	0	-1	-1
5652	4421	4421	4421	4421	4421	4421	4421	4421	4421	4421	4421	0	-1	-1
5653	4422	4422	4422	4422	4422	4422	4422	4422	4422	4422	4422	0	-1	-1
5654	4423	4423	4423	4423	4423	4423	4423	4423	4423	4423	4423	0	-1	-1
5655	4424	4424	4424	4424	4424	4424	4424	4424	4424	4424	4424	0	-1	-1
5656	4425	4425	4425	4425	4425	4425	4425	4425	4425	4425	4425	0	-1	-1
5657	4426	4426	4426	4426	4426	4426	4426	4426	4426	4426	4426	0	-1	-1
5658	4427	4427	4427	4427	4427	4427	4427	4427	4427	4427	4427	0	-1	-1
5659	4428	4428	4428	4428	4428	4428	4428	4428	4428	4428	4428	0	-1	-1
5660	4429	4429	4429	4429	4429	4429	4429	4429	4429	4429	4429	0	-1	-1
5661	4430	4430	4430	4430	4430	4430	4430	4430	4430	4430	4430	0	-1	-1
5662	4431	4431	4431	4431	4431	4431	4431	4431	4431	4431	4431	0	1302	-1
5663	4432	4432	4432	4432	4432	4432	4432	4432	4432	4432	4432	1	-1	-1
5664	4433	4433	4433	4433	4433	4433	4433	4433	4433	4433	4433	0	-1	-1
5665	4434	4434	4434	4434	4434	4434	4434	4434	4434	4434	4434	0	-1	-1
5666	4435	4435	4435	4435	4435	4435	4435	4435	4435	4435	4435	0	-1	-1
5667	4436	4436	4436	4436	4436	4436	4436	4436	4436	4436	4436	0	-1	-1
5668	4437	4437	4437	4437	4437	4437	4437	4437	4437	4437	4437	0	-1	-1
5669	4438	4438	4438	4438	4438	4438	4438	4438	4438	4438	4438	0	-1	-1
5670	4439	4439	4439	4439	4439	4439	4439	4439	4439	4439	4439	0	-1	-1
5671	4440	4440	4440	4440	4440	4440	4440	4440	4440	4440	4440	0	-1	-1
5672	4441	4441	4441	4441	4441	4441	4441	4441	4441	4441	4441	0	-1	-1
5673	4442	4442	4442	4442	4442	4442	4442	4442	4442	4442	4442	0	-1	-1
5674	4443	4443	4443	4443	4443	4443	4443	4443	4443	4443	4443	0	-1	-1
5675	4444	4444	4444	4444	4444	4444	4444	4444	4444	4444	4444	0	-1	-1
5676	4445	4445	4445	4445	4445	4445	4445	4445	4445	4445	4445	0	-1	-1
5677	4446	4446	4446	4446	4446	4446	4446	4446	4446	4446	4446	0	-1	-1
5678	4447	4447	4447	4447	4447	4447	4447	4447	4447	4447	4447	0	-1	-1
5679	4448	4448	4448	4448	4448	4448	4448	4448	4448	4448	4448	0	-1	-1
5680	4449	4449	4449	4449	4449	4449	4449	4449	4449	4449	4449	0	-1	-1
5681	4450	4450	4450	4450	4450	4450	4450	4450	4450	4450	4450	0	-1	-1
5682	4451	4451	4451	4451	4451	4451	4451	4451	4451	4451	4451	0	-1	-1
5683	4452	4452	4452	4452	4452	4452	4452	4452	4452	4452	4452	0	-1	-1
5684	4453	4453	4453	4453	4453	4453	4453	4453	4453	4453	4453	0	-1	-1
5685	4454	4454	4454	4454	4454	4454	4454	4454	4454	4454	4454	0	-1	-1
5686	4455	4455	4455	4455	4455	4455	4455	4455	4455	4455	4455	0	-1	-1
5687	4456	4456	4456	4456	4456	4456	4456	4456	4456	4456	4456	0	-1	-1
5688	4457	4457	4457	4457	4457	4457	4457	4457	4457	4457	4457	0	-1	-1
5689	4458	4458	4458	4458	4458	4458	4458	4458	4458	4458	4458	0	-1	-1
5690	4459	4459	4459	4459	4459	4459	4459	4459	4459	4459	4459	0	-1	-1
5691	4460	4460	4460	4460	4460	4460	4460	4460	4460	4460	4460	0	-1	-1
5692	4461	4461	4461	4461	4461	4461	4461	4461	4461	4461	4461	0	-1	-1
5693	4462	4462	4462	4462	4462	4462	4462	4462	4462	4462	4462	0	-1	-1
5694	4463	4463	4463	4463	4463	4463	4463	4463	4463	4463	4463	0	-1	-1
5695	4464	4464	4464	4464	4464	4464	4464	4464	4464	4464	4464	0	-1	-1
5696	4465	4465	4465	4465	4465	4465	4465	4465	4465	4465	4465	0	-1	-1
5697	4466	4466	4466	4466	4466	4466	4466	4466	4466	4466	4466	0	-1	-1
5698	4467	4467	4467	4467	4467	4467	4467	4467	4467	4467	4467	0	-1	-1
5699	4468	4468	4468	4468	4468	4468	4468	4468	4468	4468	4468	0	-1	-1
5700	4469	4469	4469	4469	4469	4469	4469	4469	4469	4469	4469	0	-1	-1
5701	4470	4470	4470	4470	4470	4470	4470	4470	4470	4470	4470	0	-1	-1
5702	4471	4471	4471	4471	4471	4471	4471	4471	4471	4471	4471	0	-1	-1
5703	4472	4472	4472	4472	4472	4472	4472	4472	4472	4472	4472	0	-1	-1
5704	4473	4473	4473	4473	4473	4473	4473	4473	4473	4473	4473	0	-1	-1
5705	4474	4474	4474	4474	4474	4474	4474	4474	4474	4474	4474	0	-1	-1
5706	4475	4475	4475	4475	4475	4475	4475	4475	4475	4475	4475	0	-1	-1
5707	4476	4476	4476	4476	4476	4476	4476	4476	4476	4476	4476	0	-1	-1
5708	4477	4477	4477	4477	4477	4477	4477	4477	4477	4477	4477	0	-1	-1
5709	4478	4478	4478	4478	4478	4478	4478	4478	4478	4478	4478	0	-1	-1
5710	4479	4479	4479	4479	4479	4479	4479	4479	4479	4479	4479	0	-1	-1
5711	4480	4480	4480	4480	4480	4480	4480	4480	4480	4480	4480	0	-1	-1
5712	4481	4481	4481	4481	4481	4481	4481	4481	4481	4481	4481	0	-1	-1
5713	4482	4482	4482	4482	4482	4482	4482	4482	4482	4482	4482	0	-1	-1
5714	4483	4483	4483	4483	4483	4483	4483	4483	4483	4483	4483	0	-1	-1
5715	4484	4484	4484	4484	4484	4484	4484	4484	4484	4484	4484	0	-1	-1
5716	4485	4485	4485	4485	4485	4485	4485	4485	4485	4485	4485	0	-1	-1
5717	4486	4486	4486	4486	4486	4486	4486	4486	4486	4486	4486	0	-1	-1
5718	4487	4487	4487	4487	4487	4487	4487	4487	4487	4487	4487	0	-1	-1
5719	4488	4488	4488	4488	4488	4488	4488	4488	4488	4488	4488	0	-1	-1
5720	4489	4489	4489	4489	4489	4489	4489	4489	4489	4489	4489	0	-1	-1
5721	4490	4490	4490	4490	4490	4490	4490	4490	4490	4490	4490	0	-1	-1
5722	4491	4491	4491	4491	4491	4491	4491	4491	4491	4491	4491	0	-1	-1
5723	4492	4492	4492	4492	4492	4492	4492	4492	4492	4492	4492	0	-1	-1
5724	4493	4493	4493	4493	4493	4493	4493	4493	4493	4493	4493	0	-1	-1
5725	4494	4494	4494	4494	4494	4494	4494	4494	4494	4494	4494	0	-1	-1
5726	4495	4495	4495	4495	4495	4495	4495	4495	4495	4495	4495	0	-1	-1
5727	4496	4496	4496	4496	4496	4496	4496	4496	4496	4496	4496	0	-1	-1
5728	4497	4497	4497	4497	4497	4497	4497	4497	4497	4497	4497	0	-1	-1
5729	4498	4498	4498	4498	4498	4498	4498	4498	4498	4498	4498	0	-1	-1
5730	4499	4499	4499	4499	4499	4499	4499	4499	4499	4499	4499	0	-1	-1
5731	4500	4500	4500	4500	4500	4500	4500	4500	4500	4500	4500	0	-1	-1
5732	4501	4501	4501	4501	4501	4501	4501	4501	4501	4501	4501	0	-1	-1
5733	4502	4502	4502	4502	4502	4502	4502	4502	4502	4502	4502	0	-1	-1
5734	4503	4503	4503	4503	4503	4503	4503	4503	4503	4503	4503	0	-1	-1
5735	4504	4504	4504	4504	4504	4504	4504	4504	4504	4504	4504	0	-1	-1
5736	4505	4505	4505	4505	4505	4505	4505	4505	4505	4505	4505	0	-1	-1
5737	4506	4506	4506	4506	4506	4506	4506	4506	4506	4506	4506	0	-1	-1
5738	4507	4507	4507	4507	4507	4507	4507	4507	4507	4507	4507	0	-1	-1
5739	4508	4508	4508	4508	4508	4508	4508	4508	4508	4508	4508	0	-1	-1
5740	4509	4509	4509	4509	4509	4509	4509	4509	4509	4509	4509	0	-1	-1
5741	4510	4510	4510	4510	4510	4510	4510	4510	4510	4510	4510	0	-1	-1
5742	4511	4511	4511	4511	4511	4511	4511	4511	4511	4511	4511	0	-1	-1
5743	4512	4512	4512	4512	4512	4512	4512	4512	4512	4512	4512	0	-1	-1
5744	4513	4513	4513	4513	4513	4513	4513	4513	4513	4513	4513	0	-1	-1
5745	4514	4514	4514	4514	4514	4514	4514	4514	4514	4514	4514	0	-1	-1
5746	78	97	98	99	100	101	102	9	4515	4515	4515	0	-1	-1
5747	78	104	105	106	107	108	109	9	4516	4516	4516	0	-1	-1
5748	78	110	111	112	113	114	115	9	4517	4517	4517	0	-1	-1
5749	78	104	105	106	107	108	109	9	4518	4518	4518	0	-1	-1
5750	4519	4519	4519	4519	4519	4519	4519	4519	4519	4519	4519	0	-1	-1
5751	4520	4520	4520	4520	4520	4520	4520	4520	4520	4520	4520	0	-1	-1
5752	4521	4521	4521	4521	4521	4521	4521	4521	4521	4521	4521	0	-1	-1
5753	4522	4522	4522	4522	4522	4522	4522	4522	4522	4522	4522	0	-1	-1
5754	4523	4523	4523	4523	4523	4523	4523	4523	4523	4523	4523	0	-1	-1
5755	4524	4524	4524	4524	4524	4524	4524	4524	4524	4524	4524	0	-1	-1
5756	4525	4525	4525	4525	4525	4525	4525	4525	4525	4525	4525	0	-1	-1
5757	4526	4526	4526	4526	4526	4526	4526	4526	4526	4526	4526	0	-1	-1
5758	4527	4527	4527	4527	4527	4527	4527	4527	4527	4527	4527	0	-1	-1
5759	4528	4528	4528	4529	4528	4528	4529	4528	4528	4528	4528	0	-1	-1
5760	4530	4530	4530	4530	4530	4530	4530	4530	4530	4530	4530	0	-1	-1
5761	4528	4528	4528	4531	4528	4528	4531	4528	4528	4528	4528	0	-1	-1
5762	4532	4532	4532	4532	4532	4532	4532	4532	4532	4532	4532	0	-1	-1
5763	4533	4533	4533	4533	4533	4533	4533	4533	4533	4533	4533	0	-1	-1
5764	4534	4534	4534	4534	4534	4534	4534	4534	4534	4534	4534	0	-1	-1
5765	4535	4535	4535	4535	4535	4535	4535	4535	4535	4535	4535	0	-1	-1
5766	4536	4536	4536	4536	4536	4536	4536	4536	4536	4536	4536	0	-1	-1
5767	4537	4537	4537	4537	4537	4537	4537	4537	4537	4537	4537	0	-1	-1
5768	4538	4538	4538	4538	4538	4538	4538	4538	4538	4538	4538	0	-1	-1
5769	4539	4539	4539	4539	4539	4539	4539	4539	4539	4539	4539	0	-1	-1
5770	4540	4540	4540	4540	4540	4540	4540	4540	4540	4540	4540	0	-1	-1
5771	4541	4541	4541	4541	4541	4541	4541	4541	4541	4541	4541	0	-1	-1
5772	4542	4542	4542	4542	4542	4542	4542	4542	4542	4542	4542	0	-1	-1
5773	4543	4543	4543	4543	4543	4543	4543	4543	4543	4543	4543	0	-1	-1
5774	4544	4544	4544	4544	4544	4544	4544	4544	4544	4544	4544	0	-1	-1
5775	4545	4545	4545	4545	4545	4545	4545	4545	4545	4545	4545	0	-1	-1
5776	4546	4546	4546	4546	4546	4546	4546	4546	4546	4546	4546	0	-1	-1
5777	4547	4547	4547	4547	4547	4547	4547	4547	4547	4547	4547	0	-1	-1
5778	4548	4548	4548	4548	4548	4548	4548	4548	4548	4548	4548	0	-1	-1
5779	4549	4549	4549	4549	4549	4549	4549	4549	4549	4549	4549	0	-1	-1
5780	4550	4550	4550	4550	4550	4550	4550	4550	4550	4550	4550	0	-1	-1
5781	4551	4551	4551	4551	4551	4551	4551	4551	4551	4551	4551	0	-1	-1
5782	4552	4552	4552	4552	4552	4552	4552	4552	4552	4552	4552	0	-1	-1
5783	4553	4553	4553	4553	4553	4553	4553	4553	4553	4553	4553	0	-1	-1
5784	4554	4554	4554	4554	4554	4554	4554	4554	4554	4554	4554	0	-1	-1
5785	4555	4555	4555	4555	4555	4555	4555	4555	4555	4555	4555	0	-1	-1
5786	4556	4556	4556	4556	4556	4556	4556	4556	4556	4556	4556	0	-1	-1
5787	4557	4557	4557	4557	4557	4557	4557	4557	4557	4557	4557	0	-1	-1
5788	4558	4558	4558	4558	4558	4558	4558	4558	4558	4558	4558	0	-1	-1
5789	4559	4559	4559	4559	4559	4559	4559	4559	4559	4559	4559	0	-1	-1
5790	4560	4560	4560	4560	4560	4560	4560	4560	4560	4560	4560	0	-1	-1
5791	4561	4561	4561	4561	4561	4561	4561	4561	4561	4561	4561	0	-1	-1
5792	4562	4562	4562	4562	4562	4562	4562	4562	4562	4562	4562	0	-1	-1
5793	4563	4563	4563	4563	4563	4563	4563	4563	4563	4563	4563	0	-1	-1
5794	4564	4564	4564	4564	4564	4564	4564	4564	4564	4564	4564	0	-1	-1
5795	4565	4565	4565	4565	4565	4565	4565	4565	4565	4565	4565	0	-1	-1
5796	4566	4566	4566	4566	4566	4566	4566	4566	4566	4566	4566	0	-1	-1
5797	4567	4567	4567	4567	4567	4567	4567	4567	4567	4567	4567	0	-1	-1
5798	4568	4568	4568	4568	4568	4568	4568	4568	4568	4568	4568	0	-1	-1
5799	4569	4569	4569	4569	4569	4569	4569	4569	4569	4569	4569	0	-1	-1
5800	4570	4570	4570	4570	4570	4570	4570	4570	4570	4570	4570	0	-1	-1
5801	4571	4571	4571	4571	4571	4571	4571	4571	4571	4571	4571	0	-1	-1
5802	4572	4572	4572	4572	4572	4572	4572	4572	4572	4572	4572	0	-1	-1
5803	4573	4573	4573	4573	4573	4573	4573	4573	4573	4573	4573	0	-1	-1
5804	4574	4574	4574	4574	4574	4574	4574	4574	4574	4574	4574	0	-1	-1
5805	4575	4575	4575	4575	4575	4575	4575	4575	4575	4575	4575	0	-1	-1
5806	4576	4576	4576	4576	4576	4576	4576	4576	4576	4576	4576	0	-1	-1
5807	4577	4577	4577	4577	4577	4577	4577	4577	4577	4577	4577	0	-1	-1
5808	4578	4578	4578	4578	4578	4578	4578	4578	4578	4578	4578	0	-1	-1
5809	4579	4579	4579	4579	4579	4579	4579	4579	4579	4579	4579	0	-1	-1
5810	4580	4580	4580	4580	4580	4580	4580	4580	4580	4580	4580	0	-1	-1
5811	4581	4581	4581	4581	4581	4581	4581	4581	4581	4581	4581	0	-1	-1
5812	4582	4582	4582	4582	4582	4582	4582	4582	4582	4582	4582	0	-1	-1
5813	4583	4583	4583	4583	4583	4583	4583	4583	4583	4583	4583	0	-1	-1
5814	4584	4584	4584	4584	4584	4584	4584	4584	4584	4584	4584	0	-1	-1
5815	4585	4585	4585	4585	4585	4585	4585	4585	4585	4585	4585	0	-1	-1
5816	4586	4586	4586	4586	4586	4586	4586	4586	4586	4586	4586	0	-1	-1
5817	9	9	9	9	9	9	9	9	9	4587	4587	0	-1	-1
5818	9	9	9	9	9	9	9	9	9	4588	4588	0	-1	-1
5819	9	9	9	9	9	9	9	9	9	3917	3917	0	-1	-1
5820	4589	4589	4589	4589	4589	4589	4589	4589	4589	4589	4589	0	-1	-1
5821	4589	4589	4589	4589	4589	4589	4589	4589	4589	4589	4589	1	-1	-1
5822	4590	4590	4590	4590	4590	4590	4590	4590	4590	4590	4590	0	-1	-1
5823	3917	3917	3917	3917	3917	3917	3917	3917	3917	3917	3917	1	-1	-1
5824	9	9	9	9	9	9	9	9	9	4591	4591	0	-1	-1
5825	4592	4592	4592	4592	4592	4592	4592	4592	4592	4592	4592	0	-1	-1
5826	4593	4593	4593	4593	4593	4593	4593	4593	4593	4593	4593	0	-1	-1
5827	4594	4594	4594	4594	4594	4594	4594	4594	4594	4594	4594	0	-1	-1
5828	4595	4595	4595	4595	4595	4595	4595	4595	4595	4595	4595	0	-1	-1
5829	4596	4596	4596	4596	4596	4596	4596	4596	4596	4596	4596	0	-1	-1
5830	4597	4597	4597	4597	4597	4597	4597	4597	4597	4597	4597	0	-1	-1
5831	4598	4598	4598	4598	4598	4598	4598	4598	4598	4598	4598	0	-1	-1
5832	4599	4599	4599	4599	4599	4599	4599	4599	4599	4599	4599	0	-1	-1
5833	4600	4600	4600	4600	4600	4600	4600	4600	4600	4600	4600	0	-1	-1
5834	4601	4601	4601	4601	4601	4601	4601	4601	4601	4601	4601	0	-1	-1
5835	4602	4602	4602	4602	4602	4602	4602	4602	4602	4602	4602	0	-1	-1
5836	4603	4603	4603	4603	4603	4603	4603	4603	4603	4603	4603	0	-1	-1
5837	4604	4604	4604	4604	4604	4604	4604	4604	4604	4604	4604	0	-1	-1
5838	4605	4605	4605	4605	4605	4605	4605	4605	4605	4605	4605	0	-1	-1
5839	4606	4606	4606	4606	4606	4606	4606	4606	4606	4606	4606	0	-1	-1
5840	9	9	9	9	9	9	9	9	9	4607	4607	0	-1	-1
5841	9	9	9	9	9	9	9	9	9	4608	4608	0	-1	-1
5842	4609	4609	4609	4609	4609	4609	4609	4609	4609	4609	4609	0	-1	-1
5843	1749	1749	1749	1749	1749	1749	1749	1749	1749	1749	1749	0	-1	-1
5844	4610	4610	4610	4610	4610	4610	4610	4610	4610	4610	4610	0	-1	-1
5845	4611	4611	4611	4611	4611	4611	4611	4611	4611	4611	4611	0	-1	-1
5846	4612	4612	4612	4612	4612	4612	4612	4612	4612	4612	4612	0	-1	-1
5847	4613	4613	4613	4613	4613	4613	4613	4613	4613	4613	4613	0	-1	-1
5848	4614	4614	4614	4614	4614	4614	4614	4614	4614	4614	4614	0	-1	-1
5849	4615	4615	4615	4615	4615	4615	4615	4615	4615	4615	4615	0	-1	-1
5850	4616	4616	4616	4616	4616	4616	4616	4616	4616	4616	4616	0	-1	-1
5851	4617	4617	4617	4617	4617	4617	4617	4617	4617	4617	4617	0	-1	-1
5852	4618	4618	4618	4618	4618	4618	4618	4618	4618	4618	4618	0	-1	-1
5853	4619	4619	4619	4619	4619	4619	4619	4619	4619	4619	4619	0	-1	-1
5854	4620	4620	4620	4620	4620	4620	4620	4620	4620	4620	4620	1	-1	0
5855	4621	4621	4621	4621	4621	4621	4621	4621	4621	4621	4621	1	-1	0
5856	4622	4622	4622	4622	4622	4622	4622	4622	4622	4622	4622	1	-1	0
5857	198	198	198	198	198	198	198	198	198	198	198	1	-1	0
5858	199	199	199	199	199	199	199	199	199	199	199	1	-1	0
5859	200	200	200	200	200	200	200	200	200	200	200	1	-1	0
5860	9	9	9	9	9	9	9	9	9	9	9	1	-1	0
5861	31	31	31	31	31	31	31	31	31	31	31	1	-1	0
5862	33	33	33	33	33	33	33	33	33	33	33	1	-1	0
5863	4623	4623	4623	4623	4623	4623	4623	4623	4623	4623	4623	0	-1	-1
5864	31	31	31	31	31	31	31	31	31	4624	4624	0	-1	-1
5865	31	31	31	31	31	31	31	31	31	4625	4625	0	-1	-1
5866	4626	4626	4626	4626	4626	4626	4626	4626	4626	4626	4626	0	-1	-1
5867	4627	4627	4627	4627	4627	4627	4627	4627	4627	4627	4627	0	-1	-1
5868	4628	4628	4628	4628	4628	4628	4628	4628	4628	4628	4628	0	-1	-1
5869	4629	4629	4629	4629	4629	4629	4629	4629	4629	4629	4629	0	-1	-1
5870	4630	4630	4630	4630	4630	4630	4630	4630	4630	4630	4630	0	-1	-1
5871	4631	4631	4631	4631	4631	4631	4631	4631	4631	4631	4631	0	-1	-1
5872	4632	4632	4632	4632	4632	4632	4632	4632	4632	4632	4632	0	-1	-1
5873	4633	4633	4633	4633	4633	4633	4633	4633	4633	4633	4633	0	-1	-1
5874	4634	4634	4634	4634	4634	4634	4634	4634	4634	4634	4634	0	-1	-1
5875	4635	4635	4635	4635	4635	4635	4635	4635	4635	4635	4635	0	-1	-1
5876	4636	4636	4636	4636	4636	4636	4636	4636	4636	4636	4636	0	-1	-1
5877	4637	4637	4637	4637	4637	4637	4637	4637	4637	4637	4637	0	-1	-1
5878	4638	4638	4638	4638	4638	4638	4638	4638	4638	4638	4638	0	-1	-1
5879	4639	4639	4639	4639	4639	4639	4639	4639	4639	4639	4639	0	-1	-1
5880	4640	4640	4640	4640	4640	4640	4640	4640	4640	4640	4640	0	-1	-1
5881	4641	4641	4641	4641	4641	4641	4641	4641	4641	4641	4641	0	-1	-1
5882	4642	4642	4642	4642	4642	4642	4642	4642	4642	4642	4642	0	-1	-1
5883	4643	4643	4643	4643	4643	4643	4643	4643	4643	4643	4643	0	-1	-1
5884	4644	4644	4644	4644	4644	4644	4644	4644	4644	4644	4644	0	-1	-1
5885	4645	4645	4645	4645	4645	4645	4645	4645	4645	4645	4645	0	-1	-1
5886	4646	4646	4646	4646	4646	4646	4646	4646	4646	4646	4646	0	-1	-1
5887	4647	4647	4647	4647	4647	4647	4647	4647	4647	4647	4647	0	-1	-1
5888	4648	4648	4648	4648	4648	4648	4648	4648	4648	4648	4648	0	-1	-1
5889	4649	4649	4649	4649	4649	4649	4649	4649	4649	4649	4649	0	-1	-1
5890	4650	4650	4650	4650	4650	4650	4650	4650	4650	4650	4650	0	-1	-1
5891	4651	4651	4651	4651	4651	4651	4651	4651	4651	4651	4651	0	-1	-1
5892	4652	4652	4652	4652	4652	4652	4652	4652	4652	4652	4652	0	-1	-1
5893	4653	4653	4653	4653	4653	4653	4653	4653	4653	4653	4653	0	-1	-1
5894	4654	4654	4654	4654	4654	4654	4654	4654	4654	4654	4654	0	-1	-1
5895	4655	4655	4655	4655	4655	4655	4655	4655	4655	4655	4655	0	-1	-1
5896	4656	4656	4656	4656	4656	4656	4656	4656	4656	4656	4656	0	-1	-1
5897	4657	4657	4657	4657	4657	4657	4657	4657	4657	4657	4657	0	-1	-1
5898	4658	4658	4658	4658	4658	4658	4658	4658	4658	4658	4658	0	-1	-1
5899	4659	4659	4659	4659	4659	4659	4659	4659	4659	4659	4659	0	-1	-1
5900	4660	4660	4660	4660	4660	4660	4660	4660	4660	4660	4660	0	-1	-1
5901	4661	4661	4661	4661	4661	4661	4661	4661	4661	4661	4661	0	-1	-1
5902	4662	4662	4662	4662	4662	4662	4662	4662	4662	4662	4662	0	-1	-1
5903	4663	4663	4663	4663	4663	4663	4663	4663	4663	4663	4663	0	-1	-1
5904	4664	4664	4664	4664	4664	4664	4664	4664	4664	4664	4664	0	-1	-1
5905	4665	4665	4665	4665	4665	4665	4665	4665	4665	4665	4665	0	-1	-1
5906	4666	4666	4666	4666	4666	4666	4666	4666	4666	4666	4666	0	-1	-1
5907	4667	4667	4667	4667	4667	4667	4667	4667	4667	4667	4667	0	-1	-1
5908	4668	4668	4668	4668	4668	4668	4668	4668	4668	4668	4668	0	-1	-1
5909	4669	4669	4669	4669	4669	4669	4669	4669	4669	4669	4669	0	-1	-1
5910	4670	4670	4670	4670	4670	4670	4670	4670	4670	4670	4670	0	-1	-1
5911	4671	4671	4671	4671	4671	4671	4671	4671	4671	4671	4671	0	-1	-1
5912	4672	4672	4672	4672	4672	4672	4672	4672	4672	4672	4672	0	-1	-1
5913	4673	4673	4673	4673	4673	4673	4673	4673	4673	4673	4673	0	-1	-1
5914	4674	4674	4674	4674	4674	4674	4674	4674	4674	4674	4674	0	-1	-1
5915	4675	4675	4675	4675	4675	4675	4675	4675	4675	4675	4675	0	-1	-1
5916	4676	4676	4676	4676	4676	4676	4676	4676	4676	4676	4676	0	-1	-1
5917	4677	4677	4677	4677	4677	4677	4677	4677	4677	4677	4677	0	-1	-1
5918	4678	4678	4678	4678	4678	4678	4678	4678	4678	4678	4678	0	-1	-1
5919	4679	4679	4679	4679	4679	4679	4679	4679	4679	4679	4679	0	-1	-1
5920	4680	4680	4680	4680	4680	4680	4680	4680	4680	4680	4680	0	-1	-1
5921	4681	4681	4681	4681	4681	4681	4681	4681	4681	4681	4681	0	-1	-1
5922	4682	4682	4682	4682	4682	4682	4682	4682	4682	4682	4682	0	-1	-1
5923	4683	4683	4683	4683	4683	4683	4683	4683	4683	4683	4683	0	-1	-1
5924	4684	4684	4684	4684	4684	4684	4684	4684	4684	4684	4684	0	-1	-1
5925	4685	4685	4685	4685	4685	4685	4685	4685	4685	4685	4685	0	-1	-1
5926	4686	4686	4686	4686	4686	4686	4686	4686	4686	4686	4686	0	-1	-1
5927	4687	4687	4687	4687	4687	4687	4687	4687	4687	4687	4687	0	-1	-1
5928	4688	4688	4688	4688	4688	4688	4688	4688	4688	4688	4688	0	-1	-1
5929	4689	4689	4689	4689	4689	4689	4689	4689	4689	4689	4689	0	-1	-1
5930	4690	4690	4690	4690	4690	4690	4690	4690	4690	4690	4690	0	-1	-1
5931	4691	4691	4691	4691	4691	4691	4691	4691	4691	4691	4691	0	-1	-1
5932	4692	4692	4692	4692	4692	4692	4692	4692	4692	4692	4692	0	-1	-1
5933	4693	4693	4693	4693	4693	4693	4693	4693	4693	4693	4693	0	-1	-1
5934	4694	4694	4694	4694	4694	4694	4694	4694	4694	4694	4694	0	-1	-1
5935	4695	4695	4695	4695	4695	4695	4695	4695	4695	4695	4695	0	-1	-1
5936	4696	4696	4696	4696	4696	4696	4696	4696	4696	4696	4696	0	-1	-1
5937	4697	4697	4697	4697	4697	4697	4697	4697	4697	4697	4697	0	-1	-1
5938	4698	4698	4698	4698	4698	4698	4698	4698	4698	4698	4698	0	-1	-1
5939	4699	4699	4699	4699	4699	4699	4699	4699	4699	4699	4699	0	-1	-1
5940	4700	4700	4700	4700	4700	4700	4700	4700	4700	4700	4700	0	-1	-1
5941	9	9	9	9	9	9	9	9	9	4004	4004	0	-1	-1
5942	9	9	9	9	9	9	9	9	9	4701	4701	0	-1	-1
5943	4702	4702	4702	4702	4702	4702	4702	4702	4702	4702	4702	0	-1	-1
5944	4703	4703	4703	4703	4703	4703	4703	4703	4703	4703	4703	0	-1	-1
5945	4704	4704	4704	4704	4704	4704	4704	4704	4704	4704	4704	0	-1	-1
5946	4705	4705	4705	4705	4705	4705	4705	4705	4705	4705	4705	0	-1	-1
5947	9	9	9	9	9	9	9	9	9	4706	4706	0	-1	-1
5948	9	9	9	9	9	9	9	9	9	4707	4707	0	-1	-1
5949	4708	4708	4708	4708	4708	4708	4708	4708	4708	4708	4708	0	-1	-1
5950	4709	4709	4709	4709	4709	4709	4709	4709	4709	4709	4709	0	-1	-1
5951	4710	4710	4710	4710	4710	4710	4710	4710	4710	4710	4710	0	-1	-1
5952	4711	4711	4711	4711	4711	4711	4711	4711	4711	4711	4711	0	-1	-1
5953	4712	4712	4712	4712	4712	4712	4712	4712	4712	4712	4712	0	-1	-1
5954	4713	4713	4713	4713	4713	4713	4713	4713	4713	4713	4713	0	-1	-1
5955	4714	4714	4714	4714	4714	4714	4714	4714	4714	4714	4714	0	-1	-1
5956	4715	4715	4715	4715	4715	4715	4715	4715	4715	4715	4715	0	-1	-1
5957	4716	4716	4716	4716	4716	4716	4716	4716	4716	4716	4716	0	-1	-1
5958	4717	4717	4717	4717	4717	4717	4717	4717	4717	4717	4717	0	-1	-1
5959	9	9	9	9	9	9	9	9	9	4718	4718	0	-1	-1
5960	9	9	9	9	9	9	9	9	9	4719	4719	0	-1	-1
5961	7	7	7	7	7	7	7	7	7	75	75	0	-1	-1
5962	4720	4720	4720	4720	4720	4720	4720	4720	4720	4720	4720	0	-1	-1
5963	4721	4721	4721	4721	4721	4721	4721	4721	4721	4721	4721	0	-1	-1
5964	4722	4722	4722	4722	4722	4722	4722	4722	4722	4722	4722	0	-1	-1
5965	4723	4723	4723	4723	4723	4723	4723	4723	4723	4723	4723	0	-1	-1
5966	4724	4724	4724	4724	4724	4724	4724	4724	4724	4724	4724	0	-1	-1
5967	4725	4725	4725	4725	4725	4725	4725	4725	4725	4725	4725	0	-1	-1
5968	4726	4726	4726	4726	4726	4726	4726	4726	4726	4726	4726	0	-1	-1
5969	4727	4727	4727	4727	4727	4727	4727	4727	4727	4727	4727	0	-1	-1
5970	4728	4728	4728	4728	4728	4728	4728	4728	4728	4728	4728	0	-1	-1
5971	4729	4729	4729	4729	4729	4729	4729	4729	4729	4729	4729	0	-1	-1
5972	4730	4730	4730	4730	4730	4730	4730	4730	4730	4730	4730	0	-1	-1
5973	4731	4731	4731	4731	4731	4731	4731	4731	4731	4731	4731	0	-1	-1
5974	4732	4732	4732	4732	4732	4732	4732	4732	4732	4732	4732	0	-1	-1
5975	4733	4733	4733	4733	4733	4733	4733	4733	4733	4733	4733	0	-1	-1
5976	4734	4734	4734	4734	4734	4734	4734	4734	4734	4734	4734	0	-1	-1
5977	4735	4735	4735	4735	4735	4735	4735	4735	4735	4735	4735	0	-1	-1
5978	4736	4736	4736	4736	4736	4736	4736	4736	4736	4736	4736	0	-1	-1
5979	4737	4737	4737	4737	4737	4737	4737	4737	4737	4737	4737	0	-1	-1
5980	4738	4738	4738	4738	4738	4738	4738	4738	4738	4738	4738	0	-1	-1
5981	4739	4739	4739	4739	4739	4739	4739	4739	4739	4739	4739	0	-1	-1
5982	4740	4740	4740	4740	4740	4740	4740	4740	4740	4740	4740	0	-1	-1
5983	4741	4741	4741	4741	4741	4741	4741	4741	4741	4741	4741	0	-1	-1
5984	4742	4742	4742	4742	4742	4742	4742	4742	4742	4742	4742	0	-1	-1
5985	4743	4743	4743	4743	4743	4743	4743	4743	4743	4743	4743	0	-1	-1
5986	4744	4744	4744	4744	4744	4744	4744	4744	4744	4744	4744	0	-1	-1
5987	4745	4745	4745	4745	4745	4745	4745	4745	4745	4745	4745	0	-1	-1
5988	4746	4746	4746	4746	4746	4746	4746	4746	4746	4746	4746	0	-1	-1
5989	4747	4747	4747	4747	4747	4747	4747	4747	4747	4747	4747	0	-1	-1
5990	4748	4748	4748	4748	4748	4748	4748	4748	4748	4748	4748	0	-1	-1
5991	4749	4749	4749	4749	4749	4749	4749	4749	4749	4749	4749	0	-1	-1
5992	4750	4750	4750	4750	4750	4750	4750	4750	4750	4750	4750	0	-1	-1
5993	4751	4751	4751	4751	4751	4751	4751	4751	4751	4751	4751	0	-1	-1
5994	4752	4752	4752	4752	4752	4752	4752	4752	4752	4752	4752	0	-1	-1
5995	4753	4753	4753	4753	4753	4753	4753	4753	4753	4753	4753	0	-1	-1
5996	4754	4754	4754	4754	4754	4754	4754	4754	4754	4754	4754	0	-1	-1
5997	4755	4755	4755	4755	4755	4755	4755	4755	4755	4755	4755	0	-1	-1
5998	4756	4756	4756	4756	4756	4756	4756	4756	4756	4756	4756	0	-1	-1
5999	4757	4758	4758	4758	4758	4758	4758	4758	4758	4758	4758	0	-1	-1
6000	4759	4760	4760	4760	4760	4760	4760	4760	4760	4760	4760	0	-1	-1
6001	4761	4762	4762	4762	4762	4762	4762	4762	4762	4762	4762	0	-1	0
6002	9	9	9	9	9	9	9	9	9	4763	4763	0	-1	-1
6003	4764	4764	4764	4764	4764	4764	4764	4764	4764	4764	4764	0	-1	-1
6004	4765	4765	4765	4765	4765	4765	4765	4765	4765	4765	4765	0	-1	-1
6005	4766	4766	4766	4766	4766	4766	4766	4766	4766	4766	4766	0	-1	-1
6006	4767	4767	4767	4767	4767	4767	4767	4767	4767	4767	4767	0	-1	-1
6007	4768	4768	4768	4768	4768	4768	4768	4768	4768	4768	4768	0	-1	-1
6008	4769	4769	4769	4769	4769	4769	4769	4769	4769	4769	4769	0	-1	-1
6009	4770	4770	4770	4770	4770	4770	4770	4770	4770	4770	4770	0	-1	-1
6010	4771	4771	4771	4771	4771	4771	4771	4771	4771	4771	4771	0	-1	-1
6011	4772	4772	4772	4772	4772	4772	4772	4772	4772	4772	4772	0	-1	-1
6012	4773	4773	4773	4773	4773	4773	4773	4773	4773	4773	4773	0	-1	-1
6013	4774	4774	4774	4774	4774	4774	4774	4774	4774	4774	4774	0	-1	-1
6014	4775	4775	4775	4775	4775	4775	4775	4775	4775	4775	4775	0	-1	-1
6015	4776	4776	4776	4776	4776	4776	4776	4776	4776	4776	4776	0	-1	-1
6016	4777	4777	4777	4777	4777	4777	4777	4777	4777	4777	4777	0	-1	-1
6017	4778	4778	4778	4778	4778	4778	4778	4778	4778	4778	4778	0	-1	-1
6018	4779	4779	4779	4779	4779	4779	4779	4779	4779	4779	4779	0	-1	-1
6019	4780	4780	4780	4780	4780	4780	4780	4780	4780	4780	4780	0	-1	-1
6020	4781	4781	4781	4781	4781	4781	4781	4781	4781	4781	4781	0	-1	-1
6021	4782	4782	4782	4782	4782	4782	4782	4782	4782	4782	4782	0	-1	-1
6022	4783	4783	4783	4783	4783	4783	4783	4783	4783	4783	4783	0	-1	-1
6023	4784	4784	4784	4784	4784	4784	4784	4784	4784	4784	4784	0	-1	-1
6024	4785	4785	4785	4785	4785	4785	4785	4785	4785	4785	4785	0	-1	-1
6025	4786	4786	4786	4786	4786	4786	4786	4786	4786	4786	4786	0	-1	-1
6026	4787	4787	4787	4787	4787	4787	4787	4787	4787	4787	4787	0	-1	-1
6027	4788	4788	4788	4788	4788	4788	4788	4788	4788	4788	4788	0	-1	-1
6028	4789	4789	4789	4789	4789	4789	4789	4789	4789	4789	4789	0	-1	-1
6029	4790	4790	4790	4790	4790	4790	4790	4790	4790	4790	4790	0	-1	-1
6030	4791	4791	4791	4791	4791	4791	4791	4791	4791	4791	4791	0	-1	-1
6031	4792	4792	4792	4792	4792	4792	4792	4792	4792	4792	4792	0	-1	-1
6032	4793	4793	4793	4793	4793	4793	4793	4793	4793	4793	4793	0	-1	-1
6033	4794	4794	4794	4794	4794	4794	4794	4794	4794	4794	4794	0	-1	-1
6034	4795	4795	4795	4795	4795	4795	4795	4795	4795	4795	4795	0	-1	-1
6035	4796	4796	4796	4796	4796	4796	4796	4796	4796	4796	4796	0	-1	-1
6036	4797	4797	4797	4797	4797	4797	4797	4797	4797	4797	4797	0	-1	-1
6037	4798	4798	4798	4798	4798	4798	4798	4798	4798	4798	4798	0	-1	-1
6038	4799	4799	4799	4799	4799	4799	4799	4799	4799	4799	4799	0	-1	-1
6039	4800	4800	4800	4800	4800	4800	4800	4800	4800	4800	4800	0	-1	-1
6040	4801	4801	4801	4801	4801	4801	4801	4801	4801	4801	4801	0	-1	-1
6041	4802	4802	4802	4802	4802	4802	4802	4802	4802	4802	4802	0	-1	-1
6042	4803	4803	4803	4803	4803	4803	4803	4803	4803	4803	4803	0	-1	-1
6043	4804	4804	4804	4804	4804	4804	4804	4804	4804	4804	4804	0	-1	-1
6044	4805	4805	4805	4805	4805	4805	4805	4805	4805	4805	4805	0	-1	-1
6045	4806	4806	4806	4806	4806	4806	4806	4806	4806	4806	4806	0	-1	-1
6046	9	9	9	9	9	9	9	9	9	4807	4807	0	-1	-1
6047	9	9	9	9	9	9	9	9	9	4808	4808	0	-1	-1
6048	9	9	9	9	9	9	9	9	9	4809	4809	0	-1	-1
6049	9	9	9	9	9	9	9	9	9	4810	4810	0	-1	-1
6050	9	9	9	9	9	9	9	9	9	4811	4811	0	-1	-1
6051	4812	4812	4812	4812	4812	4812	4812	4812	4812	4812	4812	0	-1	-1
6052	4813	4813	4813	4813	4813	4813	4813	4813	4813	4813	4813	0	-1	-1
6053	4814	4814	4814	4814	4814	4814	4814	4814	4814	4814	4814	0	-1	-1
6054	4815	4815	4815	4815	4815	4815	4815	4815	4815	4815	4815	0	-1	-1
6055	4816	4816	4816	4816	4816	4816	4816	4816	4816	4816	4816	0	-1	-1
6056	4817	4817	4817	4817	4817	4817	4817	4817	4817	4817	4817	0	-1	-1
6057	4818	4818	4818	4818	4818	4818	4818	4818	4818	4818	4818	0	-1	-1
6058	4819	4819	4819	4819	4819	4819	4819	4819	4819	4819	4819	0	-1	-1
6059	4820	4820	4820	4820	4820	4820	4820	4820	4820	4820	4820	0	-1	-1
6060	4821	4821	4821	4821	4821	4821	4821	4821	4821	4821	4821	0	-1	-1
6061	4822	4822	4822	4822	4822	4822	4822	4822	4822	4822	4822	0	-1	-1
6062	4823	4823	4823	4823	4823	4823	4823	4823	4823	4823	4823	0	-1	-1
6063	9	9	9	9	9	9	9	9	9	4824	4824	0	-1	-1
6064	9	9	9	9	9	9	9	9	9	4825	4825	0	-1	-1
6065	9	9	9	9	9	9	9	9	9	4826	4826	0	-1	-1
6066	9	9	9	9	9	9	9	9	9	4827	4827	0	-1	-1
6067	9	9	9	9	9	9	9	9	9	4828	4828	0	-1	-1
6068	9	9	9	9	9	9	9	9	9	4829	4829	0	-1	-1
6069	9	9	9	9	9	9	9	9	9	4830	4830	0	-1	-1
6070	9	9	9	9	9	9	9	9	9	4831	4831	0	-1	-1
6071	4832	4832	4832	4832	4832	4832	4832	4832	4832	4832	4832	0	-1	-1
6072	9	9	9	9	9	9	9	9	9	30	30	0	-1	-1
6073	9	9	9	9	9	9	9	9	9	31	31	0	-1	-1
6074	9	9	9	9	9	9	9	9	9	10	10	0	-1	0
6075	9	9	9	9	9	9	9	9	9	4833	4833	0	-1	-1
6076	9	9	9	9	9	9	9	9	9	4834	4834	0	-1	-1
6077	9	9	9	9	9	9	9	9	9	4835	4835	0	-1	-1
6078	9	9	9	9	9	9	9	9	9	4836	4836	0	-1	-1
6079	9	9	9	9	9	9	9	9	9	4837	4837	0	-1	-1
6080	9	9	9	9	9	9	9	9	9	4752	4752	0	-1	-1
6081	9	9	9	9	9	9	9	9	9	8	8	0	-1	-1
6082	4838	4838	4838	4838	4838	4838	4838	4838	4838	4838	4838	1	-1	-1
6083	4839	4839	4839	4839	4839	4839	4839	4839	4839	4839	4839	1	-1	-1
6084	4840	4840	4840	4840	4840	4840	4840	4840	4840	4840	4840	1	-1	-1
6085	4841	4841	4841	4841	4841	4841	4841	4841	4841	4841	4841	1	-1	-1
6086	4842	4842	4842	4842	4842	4842	4842	4842	4842	4842	4842	1	-1	-1
6087	4843	4843	4843	4843	4843	4843	4843	4843	4843	4843	4843	1	-1	-1
6088	7	7	7	7	7	7	7	9	7	7	7	0	-1	-1
6089	8	8	8	8	8	8	8	9	8	8	8	0	-1	-1
6090	394	394	394	394	394	394	394	9	394	394	394	0	-1	-1
6091	10	10	10	10	10	10	10	9	10	10	10	0	-1	-1
6092	7	7	7	7	7	7	7	9	7	7	7	1	-1	-1
6093	30	30	30	30	30	30	30	9	30	30	30	0	-1	-1
6094	31	31	31	31	31	31	31	9	31	31	31	0	-1	-1
6095	202	202	202	202	202	202	202	9	202	202	202	0	-1	-1
6096	41	41	41	41	41	41	41	9	41	41	41	0	-1	-1
6097	42	42	42	42	42	42	42	9	42	42	42	0	-1	-1
6098	43	43	43	43	43	43	43	9	43	43	43	0	-1	-1
6099	44	44	44	44	44	44	44	9	44	44	44	0	-1	-1
6100	47	47	47	47	47	47	47	9	47	47	47	0	-1	-1
6101	80	80	80	80	80	80	80	9	80	80	80	0	-1	-1
6102	87	87	87	87	87	87	87	9	87	87	87	0	-1	-1
6103	80	80	80	80	80	80	80	9	80	4844	4844	0	-1	-1
6104	395	395	395	395	395	395	395	9	395	4845	4845	0	-1	-1
6105	80	80	80	80	80	80	80	9	80	4846	4846	0	-1	-1
6106	144	144	144	144	144	144	144	9	144	144	144	0	-1	-1
6107	145	145	145	145	145	145	145	9	145	145	145	0	-1	-1
6108	146	146	146	146	146	146	146	9	146	146	146	0	-1	-1
6109	147	147	147	147	147	147	147	9	147	147	147	0	-1	-1
6110	148	148	148	148	148	148	148	9	148	148	148	0	-1	-1
6111	151	151	151	151	151	151	151	9	151	151	151	0	-1	-1
6112	153	153	153	153	153	153	153	9	153	153	153	0	-1	-1
6113	154	154	154	154	154	154	154	9	154	154	154	0	-1	-1
6114	155	155	155	155	155	155	155	9	155	155	155	0	-1	-1
6115	156	156	156	156	156	156	156	9	156	156	156	0	-1	-1
6116	157	157	157	157	157	157	157	9	157	157	157	0	-1	-1
6117	158	158	158	158	158	158	158	9	158	158	158	0	-1	-1
6118	159	159	159	159	159	159	159	9	159	159	159	0	-1	-1
6119	160	160	160	160	160	160	160	9	160	160	160	0	-1	-1
6120	161	161	161	161	161	161	161	9	161	161	161	0	-1	-1
6121	162	162	162	162	162	162	162	9	162	162	162	0	-1	-1
6122	206	206	206	206	206	206	206	9	206	206	206	0	-1	-1
6123	164	164	164	164	164	164	164	9	164	164	164	0	-1	-1
6124	165	165	165	165	165	165	165	9	165	165	165	0	-1	-1
6125	166	166	166	166	166	166	166	9	166	166	166	0	-1	-1
6126	167	167	167	167	167	167	167	9	167	167	167	0	-1	-1
6127	168	168	168	168	168	168	168	9	168	168	168	0	-1	-1
6128	169	169	169	169	169	169	169	9	169	169	169	0	-1	-1
6129	170	170	170	170	170	170	170	9	170	170	170	0	-1	-1
6130	171	171	171	171	171	171	171	9	171	171	171	0	-1	-1
6131	173	173	173	173	173	173	173	9	173	173	173	0	-1	-1
6132	174	174	174	174	174	174	174	9	174	174	174	0	-1	-1
6133	175	175	175	175	175	175	175	9	175	175	175	0	-1	-1
6134	176	176	176	176	176	176	176	9	176	176	176	0	-1	-1
6135	177	177	177	177	177	177	177	9	177	177	177	0	-1	-1
6136	178	178	178	178	178	178	178	9	178	178	178	0	-1	-1
6137	179	179	179	179	179	179	179	9	179	179	179	0	-1	-1
6138	180	180	180	180	180	180	180	9	180	180	180	0	-1	-1
6139	181	181	181	181	181	181	181	9	181	181	181	0	-1	-1
6140	182	182	182	182	182	182	182	9	182	182	182	0	-1	-1
6141	183	183	183	183	183	183	183	9	183	183	183	0	-1	-1
6142	184	184	184	184	184	184	184	9	184	184	184	0	-1	-1
6143	185	185	185	185	185	185	185	9	185	185	185	0	-1	-1
6144	186	186	186	186	186	186	186	9	186	186	186	0	-1	-1
6145	187	187	187	187	187	187	187	9	187	187	187	0	-1	-1
6146	188	188	188	188	188	188	188	9	188	188	188	0	-1	-1
6147	189	189	189	189	189	189	189	9	189	189	189	0	-1	-1
6148	190	190	190	190	190	190	190	9	190	190	190	0	-1	-1
6149	191	191	191	191	191	191	191	9	191	191	191	0	-1	-1
6150	192	192	192	192	192	192	192	9	192	192	192	0	-1	-1
6151	193	193	193	193	193	193	193	9	193	193	193	0	-1	-1
6152	194	194	194	194	194	194	194	9	194	194	194	0	-1	-1
6153	195	195	195	195	195	195	195	9	195	195	195	0	-1	-1
6154	196	196	196	196	196	196	196	9	196	196	196	0	-1	-1
6155	197	197	197	197	197	197	197	9	197	197	197	0	-1	-1
6156	352	352	352	352	352	352	352	9	352	352	352	0	-1	-1
6157	80	80	80	80	80	80	80	9	80	4847	4847	0	-1	-1
6158	395	395	395	395	395	395	395	9	395	4848	4848	0	-1	-1
6159	80	80	80	80	80	80	80	9	80	4849	4849	0	-1	-1
6160	80	80	80	80	80	80	80	9	80	4850	4850	0	-1	-1
6161	395	395	395	395	395	395	395	9	395	4851	4851	0	-1	-1
6162	80	80	80	80	80	80	80	9	80	4852	4852	0	-1	-1
6163	80	80	80	80	80	80	80	9	80	4853	4853	0	-1	-1
6164	395	395	395	395	395	395	395	9	395	4854	4854	0	-1	-1
6165	80	80	80	80	80	80	80	9	80	4855	4855	0	-1	-1
6166	80	80	80	80	80	80	80	9	80	4856	4856	0	-1	-1
6167	395	395	395	395	395	395	395	9	395	4857	4857	0	-1	-1
6168	80	80	80	80	80	80	80	9	80	4858	4858	0	-1	-1
6169	80	80	80	80	80	80	80	9	80	4859	4859	0	-1	-1
6170	395	395	395	395	395	395	395	9	395	4860	4860	0	-1	-1
6171	80	80	80	80	80	80	80	9	80	4861	4861	0	-1	-1
6172	80	80	80	80	80	80	80	9	80	4862	4862	0	-1	-1
6173	395	395	395	395	395	395	395	9	395	4863	4863	0	-1	-1
6174	80	80	80	80	80	80	80	9	80	4864	4864	0	-1	-1
6175	80	80	80	80	80	80	80	9	80	4865	4865	0	-1	-1
6176	395	395	395	395	395	395	395	9	395	4866	4866	0	-1	-1
6177	80	80	80	80	80	80	80	9	80	4867	4867	0	-1	-1
6178	80	80	80	80	80	80	80	9	80	4868	4868	0	-1	-1
6179	395	395	395	395	395	395	395	9	395	4869	4869	0	-1	-1
6180	80	80	80	80	80	80	80	9	80	4870	4870	0	-1	-1
6181	4871	4871	4871	4871	4871	4871	4871	4871	4871	4871	4871	0	-1	-1
6182	4872	4872	4872	4872	4872	4872	4872	4872	4872	4872	4872	0	-1	-1
6183	4873	4873	4873	4873	4873	4873	4873	4873	4873	4873	4873	0	-1	-1
6184	4874	4874	4874	4874	4874	4874	4874	4874	4874	4874	4874	0	-1	-1
6185	4875	4875	4875	4875	4875	4875	4875	4875	4875	4875	4875	0	-1	-1
6186	4876	4876	4876	4876	4876	4876	4876	4876	4876	4876	4876	0	-1	-1
6187	4877	4877	4877	4877	4877	4877	4877	4877	4877	4877	4877	0	-1	-1
6188	4878	4878	4878	4878	4878	4878	4878	4878	4878	4878	4878	0	-1	-1
6189	4879	4879	4879	4879	4879	4879	4879	4879	4879	4879	4879	0	-1	-1
6190	4880	4880	4880	4880	4880	4880	4880	4880	4880	4880	4880	0	-1	-1
6191	4881	4881	4881	4881	4881	4881	4881	4881	4881	4881	4881	0	-1	-1
6192	4882	4882	4882	4882	4882	4882	4882	4882	4882	4882	4882	0	-1	-1
6193	4883	4883	4883	4883	4883	4883	4883	4883	4883	4883	4883	0	-1	-1
6194	4884	4884	4884	4884	4884	4884	4884	4884	4884	4884	4884	0	-1	-1
6195	4885	4885	4885	4885	4885	4885	4885	4885	4885	4885	4885	0	-1	-1
6196	4886	4886	4886	4886	4886	4886	4886	4886	4886	4886	4886	0	-1	-1
6197	459	459	459	459	459	9	459	459	459	459	459	0	-1	-1
6198	4887	4887	4887	4887	4887	4887	4887	4887	4887	4887	4887	0	-1	-1
6199	4887	4887	4887	4887	4887	4887	4887	4887	4887	4887	4887	0	-1	0
6200	4888	4888	4888	4888	4888	4888	4888	4888	4888	4888	4888	0	-1	-1
6201	4889	4889	4889	4889	4889	4889	4889	4889	4889	4889	4889	0	-1	-1
6202	4890	4890	4890	4890	4890	4890	4890	4890	4890	4890	4890	0	-1	-1
6203	4891	4891	4891	4891	4891	4891	4891	4891	4891	4891	4891	0	-1	-1
6204	4892	4892	4892	4892	4892	4892	4892	4892	4892	4892	4892	0	-1	-1
6205	4893	4893	4893	4893	4893	4893	4893	4893	4893	4893	4893	0	-1	-1
6206	4894	4894	4894	4894	4894	4894	4894	4894	4894	4894	4894	0	-1	-1
6207	4895	4895	4895	4895	4895	4895	4895	4895	4895	4895	4895	0	-1	-1
6208	4896	4896	4896	4896	4896	4896	4896	4896	4896	4896	4896	0	-1	-1
6209	4897	4897	4897	4897	4897	4897	4897	4897	4897	4897	4897	0	-1	-1
6210	4898	4898	4898	4898	4898	4898	4898	4898	4898	4898	4898	0	-1	-1
6211	9	9	9	9	9	9	9	9	9	4899	4899	0	-1	-1
6212	9	9	9	9	9	9	9	9	9	4900	4900	0	-1	-1
6213	9	9	9	9	9	9	9	9	9	4901	4901	0	-1	-1
6214	9	9	9	9	9	9	9	9	9	4902	4902	0	-1	-1
6215	4903	4903	4903	4903	4903	4903	4903	4903	4903	4903	4903	0	-1	-1
6216	4904	4904	4904	4904	4904	4904	4904	4904	4904	4904	4904	0	-1	-1
6217	4905	4905	4905	4905	4905	4905	4905	4905	4905	4905	4905	0	-1	-1
6218	4906	4906	4906	4906	4906	4906	4906	4906	4906	4906	4906	0	-1	-1
6219	4907	4907	4907	4907	4907	4907	4907	4907	4907	4907	4907	0	-1	-1
6220	4908	4908	4908	4908	4908	4908	4908	4908	4908	4908	4908	0	-1	-1
6221	4909	4909	4909	4909	4909	4909	4909	4909	4909	4909	4909	0	-1	-1
6222	4910	4910	4910	4910	4910	4910	4910	4910	4910	4910	4910	0	-1	-1
6223	4911	4911	4911	4911	4911	4911	4911	4911	4911	4911	4911	0	-1	-1
6224	4912	4912	4912	4912	4912	4912	4912	4912	4912	4912	4912	0	-1	-1
6225	4913	4913	4913	4913	4913	4913	4913	4913	4913	4913	4913	0	-1	-1
6226	4914	4914	4914	4914	4914	4914	4914	4914	4914	4914	4914	0	-1	-1
6227	4915	4915	4915	4915	4915	4915	4915	4915	4915	4915	4915	0	-1	-1
6228	4916	4916	4916	4916	4916	4916	4916	4916	4916	4916	4916	0	-1	-1
6229	9	9	9	9	9	9	9	9	9	527	527	0	-1	-1
6230	9	9	9	9	9	9	9	9	9	4917	4917	0	-1	-1
6231	4918	4918	4918	4918	4918	4918	4918	4918	4918	4918	4918	0	-1	-1
6232	4919	4919	4919	4919	4919	4919	4919	4919	4919	4919	4919	0	-1	-1
6233	4920	4920	4920	4920	4920	4920	4920	4920	4920	4920	4920	0	-1	-1
6234	9	9	9	9	9	9	9	9	9	4921	4921	0	-1	-1
6235	4922	4922	4922	4922	4922	4922	4922	4922	4922	4922	4922	0	-1	-1
6236	4923	4923	4923	4923	4923	4923	4923	4923	4923	4923	4923	0	-1	-1
6237	9	9	9	9	9	9	9	9	9	7	7	1	-1	-1
6238	9	9	9	9	9	9	9	9	9	202	202	0	-1	-1
6239	9	9	9	9	9	9	9	9	9	41	41	0	-1	-1
6240	9	9	9	9	9	9	9	9	9	42	42	0	-1	-1
6241	9	9	9	9	9	9	9	9	9	43	43	0	-1	-1
6242	9	9	9	9	9	9	9	9	9	44	44	0	-1	-1
6243	9	9	9	9	9	9	9	9	9	87	87	0	-1	-1
6244	9	9	9	9	9	9	9	9	9	4924	4924	0	-1	-1
6245	9	9	9	9	9	9	9	9	9	4925	4925	0	-1	-1
6246	9	9	9	9	9	9	9	9	9	4926	4926	0	-1	-1
6247	9	9	9	9	9	9	9	9	9	144	144	0	-1	-1
6248	9	9	9	9	9	9	9	9	9	145	145	0	-1	-1
6249	9	9	9	9	9	9	9	9	9	146	146	0	-1	-1
6250	9	9	9	9	9	9	9	9	9	147	147	0	-1	-1
6251	9	9	9	9	9	9	9	9	9	148	148	0	-1	-1
6252	9	9	9	9	9	9	9	9	9	4927	4927	0	-1	-1
6253	9	9	9	9	9	9	9	9	9	4928	4928	0	-1	-1
6254	9	9	9	9	9	9	9	9	9	4929	4929	0	-1	-1
6255	9	9	9	9	9	9	9	9	9	4930	4930	0	-1	-1
6256	9	9	9	9	9	9	9	9	9	4931	4931	0	-1	-1
6257	9	9	9	9	9	9	9	9	9	4932	4932	0	-1	-1
6258	9	9	9	9	9	9	9	9	9	4933	4933	0	-1	-1
6259	9	9	9	9	9	9	9	9	9	4934	4934	0	-1	-1
6260	9	9	9	9	9	9	9	9	9	4935	4935	0	-1	-1
6261	9	9	9	9	9	9	9	9	9	4936	4936	0	-1	-1
6262	9	9	9	9	9	9	9	9	9	4937	4937	0	-1	-1
6263	9	9	9	9	9	9	9	9	9	4938	4938	0	-1	-1
6264	9	9	9	9	9	9	9	9	9	4939	4939	0	-1	-1
6265	9	9	9	9	9	9	9	9	9	4940	4940	0	-1	-1
6266	9	9	9	9	9	9	9	9	9	4941	4941	0	-1	-1
6267	9	9	9	9	9	9	9	9	9	4942	4942	0	-1	-1
6268	9	9	9	9	9	9	9	9	9	4943	4943	0	-1	-1
6269	9	9	9	9	9	9	9	9	9	4944	4944	0	-1	-1
6270	9	9	9	9	9	9	9	9	9	4945	4945	0	-1	-1
6271	9	9	9	9	9	9	9	9	9	4946	4946	0	-1	-1
6272	9	9	9	9	9	9	9	9	9	4947	4947	0	-1	-1
6273	9	9	9	9	9	9	9	9	9	4948	4948	0	-1	-1
6274	9	9	9	9	9	9	9	9	9	4949	4949	0	-1	-1
6275	9	9	9	9	9	9	9	9	9	4950	4950	0	-1	-1
6276	9	9	9	9	9	9	9	9	9	4951	4951	0	-1	-1
6277	9	9	9	9	9	9	9	9	9	4952	4952	0	-1	-1
6278	9	9	9	9	9	9	9	9	9	4953	4953	0	-1	-1
6279	9	9	9	9	9	9	9	9	9	4954	4954	0	-1	-1
6280	9	9	9	9	9	9	9	9	9	4955	4955	0	-1	-1
6281	9	9	9	9	9	9	9	9	9	4956	4956	0	-1	-1
6282	9	9	9	9	9	9	9	9	9	403	403	0	-1	-1
6283	4957	4957	4957	4957	4957	4957	4957	4957	4957	4957	4957	0	-1	-1
6284	4958	4958	4958	4958	4958	4958	4958	4958	4958	4958	4958	0	-1	-1
6285	4959	4959	4959	4959	4959	4959	4959	4959	4959	4959	4959	0	-1	-1
6286	4960	4960	4960	4960	4960	4960	4960	4960	4960	4960	4960	0	-1	-1
6287	4961	4961	4961	4961	4961	4961	4961	4961	4961	4961	4961	0	-1	-1
6288	4962	4962	4962	4962	4962	4962	4962	4962	4962	4962	4962	0	-1	-1
6289	4963	4963	4963	4963	4963	4963	4963	4963	4963	4963	4963	0	-1	-1
6290	4964	4964	4964	4964	4964	4964	4964	4964	4964	4964	4964	0	-1	-1
6291	4965	4965	4965	4965	4965	4965	4965	4965	4965	4965	4965	0	-1	-1
6292	4966	4966	4966	4966	4966	4966	4966	4966	4966	4966	4966	0	-1	-1
6293	4967	4967	4967	4967	4967	4967	4967	4967	4967	4967	4967	0	-1	-1
6294	4968	4968	4968	4968	4968	4968	4968	4968	4968	4968	4968	0	-1	-1
6295	4969	4969	4969	4969	4969	4969	4969	4969	4969	4969	4969	0	-1	-1
6296	4970	4970	4970	4970	4970	4970	4970	4970	4970	4970	4970	0	-1	-1
6297	4971	4971	4971	4971	4971	4971	4971	4971	4971	4971	4971	0	-1	-1
6298	4972	4972	4972	4972	4972	4972	4972	4972	4972	4972	4972	0	-1	-1
6299	4973	4973	4973	4973	4973	4973	4973	4973	4973	4973	4973	0	-1	-1
6300	4974	4974	4974	4974	4974	4974	4974	4974	4974	4974	4974	0	-1	-1
6301	4975	4975	4975	4975	4975	4975	4975	4975	4975	4975	4975	0	-1	-1
6302	4976	4976	4976	4976	4976	4976	4976	4976	4976	4976	4976	0	-1	-1
6303	4977	4977	4977	4977	4977	4977	4977	4977	4977	4977	4977	0	-1	-1
6304	4978	4978	4978	4978	4978	4978	4978	4978	4978	4978	4978	0	-1	-1
6305	4979	4979	4979	4979	4979	4979	4979	4979	4979	4979	4979	0	-1	-1
6306	4980	4980	4980	4980	4980	4980	4980	4980	4980	4980	4980	0	-1	-1
6307	4981	4981	4981	4981	4981	4981	4981	4981	4981	4981	4981	0	-1	-1
6308	4982	4982	4982	4982	4982	4982	4982	4982	4982	4982	4982	0	-1	-1
6309	4983	4983	4983	4983	4983	4983	4983	4983	4983	4983	4983	0	-1	-1
6310	4984	4984	4984	4984	4984	4984	4984	4984	4984	4984	4984	0	-1	-1
6311	4985	4985	4985	4985	4985	4985	4985	4985	4985	4985	4985	0	-1	-1
6312	4986	4986	4986	4986	4986	4986	4986	4986	4986	4986	4986	0	-1	-1
6313	4987	4987	4987	4987	4987	4987	4987	4987	4987	4987	4987	0	-1	-1
6314	4988	4988	4988	4988	4988	4988	4988	4988	4988	4988	4988	0	-1	-1
6315	4989	4989	4989	4989	4989	4989	4989	4989	4989	4989	4989	0	-1	-1
6316	4990	4990	4990	4990	4990	4990	4990	4990	4990	4990	4990	0	-1	-1
6317	4991	4991	4991	4991	4991	4991	4991	4991	4991	4991	4991	0	-1	-1
6318	4992	4992	4992	4992	4992	4992	4992	4992	4992	4992	4992	0	-1	-1
6319	4993	4993	4993	4993	4993	4993	4993	4993	4993	4993	4993	0	-1	-1
6320	4994	4994	4994	4994	4994	4994	4994	4994	4994	4994	4994	0	-1	-1
6321	4995	4995	4995	4995	4995	4995	4995	4995	4995	4995	4995	0	-1	-1
6322	4996	4996	4996	4996	4996	4996	4996	4996	4996	4996	4996	0	-1	-1
6323	4997	4997	4997	4997	4997	4997	4997	4997	4997	4997	4997	0	-1	-1
6324	4998	4998	4998	4998	4998	4998	4998	4998	4998	4998	4998	0	-1	-1
6325	4999	4999	4999	4999	4999	4999	4999	4999	4999	4999	4999	0	-1	-1
6326	5000	5000	5000	5000	5000	5000	5000	5000	5000	5000	5000	0	-1	-1
6327	5001	5001	5001	5001	5001	5001	5001	5001	5001	5001	5001	0	-1	-1
6328	5002	5002	5002	5002	5002	5002	5002	5002	5002	5002	5002	0	-1	-1
6329	5003	5003	5003	5003	5003	5003	5003	5003	5003	5003	5003	0	-1	-1
6330	5004	5004	5004	5004	5004	5004	5004	5004	5004	5004	5004	0	-1	-1
6331	5005	5005	5005	5005	5005	5005	5005	5005	5005	5005	5005	0	-1	-1
6332	5006	5006	5006	5006	5006	5006	5006	5006	5006	5006	5006	0	-1	-1
6333	5007	5007	5007	5007	5007	5007	5007	5007	5007	5007	5007	0	-1	-1
6334	5008	5008	5008	5008	5008	5008	5008	5008	5008	5008	5008	0	-1	-1
6335	5009	5009	5009	5009	5009	5009	5009	5009	5009	5009	5009	0	-1	-1
6336	5010	5010	5010	5010	5010	5010	5010	5010	5010	5010	5010	0	-1	-1
6337	5011	5011	5011	5011	5011	5011	5011	5011	5011	5011	5011	0	-1	-1
6338	5012	5012	5012	5012	5012	5012	5012	5012	5012	5012	5012	0	-1	-1
6339	5013	5013	5013	5013	5013	5013	5013	5013	5013	5013	5013	0	-1	-1
6340	9	9	9	9	9	9	9	9	9	4280	4280	0	-1	-1
6341	9	9	9	9	9	9	9	9	9	5014	5014	0	-1	-1
6342	9	9	9	9	9	9	9	9	9	5015	5015	0	-1	-1
6343	9	9	9	9	9	9	9	9	9	5016	5016	0	-1	-1
6344	9	9	9	9	9	9	9	9	9	5017	5017	0	-1	-1
6345	5018	5018	5018	5018	5018	5018	5018	5018	5018	5018	5018	0	-1	-1
6346	5019	5019	5019	5019	5019	5019	5019	5019	5019	5019	5019	0	-1	-1
6347	5020	5020	5020	5020	5020	5020	5020	5020	5020	5020	5020	0	-1	-1
6348	5021	5021	5021	5021	5021	5021	5021	5021	5021	5021	5021	0	-1	-1
6349	5022	5022	5022	5022	5022	5022	5022	5022	5022	5022	5022	0	-1	-1
6350	5023	5023	5023	5023	5023	5023	5023	5023	5023	5023	5023	0	-1	-1
6351	5024	5024	5024	5024	5024	5024	5024	5024	5024	5024	5024	0	-1	-1
6352	5025	5025	5025	5025	5025	5025	5025	5025	5025	5025	5025	0	-1	-1
6353	4979	4979	4979	4979	4979	4979	4979	4979	4979	4979	4979	1	-1	-1
6354	5026	5026	5026	5026	5026	5026	5026	5026	5026	5026	5026	0	-1	-1
6355	5027	5027	5027	5027	5027	5027	5027	5027	5027	5027	5027	0	-1	-1
6356	5026	394	394	394	394	394	394	394	394	394	394	0	-1	-1
6357	5028	5029	5029	5029	5029	5029	5029	5029	5029	5029	5029	0	-1	-1
6358	5030	4523	4523	4523	4523	4523	4523	4523	4523	4523	4523	0	-1	-1
6359	5031	5032	5032	5032	5032	5032	5032	5032	5032	5032	5032	0	-1	-1
6360	5033	5033	5033	5033	5033	5033	5033	5033	5033	5033	5033	0	-1	-1
6361	5034	5034	5034	5034	5034	5034	5034	5034	5034	5034	5034	0	-1	-1
6362	5035	5036	5036	5037	5036	5036	5037	5036	5036	5037	5037	0	-1	0
6363	5038	5039	5039	5040	5039	5039	5040	5039	5039	5040	5040	0	-1	0
6364	5041	5041	5041	5042	5041	5041	5042	5041	5041	5042	5042	1	-1	-1
6365	5043	5044	5044	5045	5044	5044	5045	5044	5044	5045	5045	0	-1	0
6366	5041	5041	5041	5042	5041	5041	5042	5041	5041	5042	5042	0	-1	0
6367	9	9	9	9	9	9	9	9	9	5046	5046	0	-1	-1
6368	9	9	9	9	9	9	9	9	9	5047	5047	0	-1	-1
6369	9	9	9	9	9	9	9	9	9	5048	5048	0	-1	-1
6370	9	9	9	9	9	9	9	9	9	5049	5049	0	-1	-1
6371	9	9	9	9	9	9	9	9	9	5050	5050	0	-1	-1
6372	9	9	9	9	9	9	9	9	9	5051	5051	0	-1	-1
6373	9	9	9	9	9	9	9	9	9	5052	5052	0	-1	-1
6374	9	9	9	9	9	9	9	9	9	5053	5053	0	-1	-1
6375	9	9	9	9	9	9	9	9	9	5054	5054	0	-1	-1
6376	9	9	9	9	9	9	9	9	9	5055	5055	0	-1	-1
6377	9	9	9	9	9	9	9	9	9	5056	5056	0	-1	-1
6378	9	9	9	9	9	9	9	9	9	5057	5057	0	-1	-1
6379	9	9	9	9	9	9	9	9	9	5058	5058	0	-1	-1
6380	9	9	9	9	9	9	9	9	9	5059	5059	0	-1	-1
6381	9	9	9	9	9	9	9	9	9	5060	5060	0	-1	-1
6382	9	9	9	9	9	9	9	9	9	5061	5061	0	-1	-1
6383	9	9	9	9	9	9	9	9	9	5062	5062	0	-1	-1
6384	9	9	9	9	9	9	9	9	9	5063	5063	0	-1	-1
6385	9	9	9	9	9	9	9	9	9	5064	5064	0	-1	-1
6386	9	9	9	9	9	9	9	9	9	5065	5065	0	-1	-1
6387	9	9	9	9	9	9	9	9	9	5066	5066	0	-1	-1
6388	9	9	9	9	9	9	9	9	9	5067	5067	0	-1	-1
6389	5068	5068	5068	5068	5068	5068	5068	5068	5068	5068	5068	0	-1	-1
6390	5069	5069	5069	5069	5069	5069	5069	5069	5069	5069	5069	0	-1	-1
6391	5070	5070	5070	5070	5070	5070	5070	5070	5070	5070	5070	0	-1	-1
6392	5071	5071	5071	5071	5071	5071	5071	5071	5071	5071	5071	0	-1	-1
6393	5072	5072	5072	5072	5072	5072	5072	5072	5072	5072	5072	0	-1	-1
6394	5073	5073	5073	5073	5073	5073	5073	5073	5073	5073	5073	0	-1	-1
6395	5074	5074	5074	5074	5074	5074	5074	5074	5074	5074	5074	0	-1	-1
6396	5075	5075	5075	5075	5075	5075	5075	5075	5075	5075	5075	0	-1	-1
6397	5076	5076	5076	5076	5076	5076	5076	5076	5076	5076	5076	0	-1	-1
6398	5077	5077	5077	5077	5077	5077	5077	5077	5077	5077	5077	0	-1	-1
6399	5078	5078	5078	5078	5078	5078	5078	5078	5078	5078	5078	0	-1	-1
6400	5079	5079	5079	5079	5079	5079	5079	5079	5079	5079	5079	0	-1	-1
6401	5080	5080	5080	5080	5080	5080	5080	5080	5080	5080	5080	0	-1	-1
6402	5081	5081	5081	5081	5081	5081	5081	5081	5081	5081	5081	0	-1	-1
6403	5082	5082	5082	5082	5082	5082	5082	5082	5082	5082	5082	0	-1	-1
6404	5083	5083	5083	5083	5083	5083	5083	5083	5083	5083	5083	0	-1	-1
6405	9	9	9	9	9	9	9	9	9	5084	5084	0	-1	-1
6406	9	9	9	9	9	9	9	9	9	5085	5085	0	-1	-1
6407	9	9	9	9	9	9	9	9	9	5086	5086	0	-1	-1
6408	9	9	9	9	9	9	9	9	9	5087	5087	0	-1	-1
6409	9	9	9	9	9	9	9	9	9	5088	5088	0	-1	-1
6410	9	9	9	9	9	9	9	9	9	5089	5089	0	-1	-1
6411	9	9	9	9	9	9	9	9	9	5090	5090	0	-1	-1
6412	9	9	9	9	9	9	9	9	9	5091	5091	0	-1	-1
6413	9	9	9	9	9	9	9	9	9	5092	5092	0	-1	-1
6414	9	9	9	9	9	9	9	9	9	5093	5093	0	-1	-1
6415	9	9	9	9	9	9	9	9	9	5094	5094	0	-1	-1
6416	9	9	9	9	9	9	9	9	9	5095	5095	0	-1	-1
6417	9	9	9	9	9	9	9	9	9	5096	5096	0	-1	-1
6418	9	9	9	9	9	9	9	9	9	5097	5097	0	-1	-1
6419	9	9	9	9	9	9	9	9	9	5098	5098	0	-1	-1
6420	9	9	9	9	9	9	9	9	9	5099	5099	0	-1	-1
6421	9	9	9	9	9	9	9	9	9	5100	5100	0	-1	-1
6422	9	9	9	9	9	9	9	9	9	5101	5101	0	-1	-1
6423	9	9	9	9	9	9	9	9	9	5102	5102	0	-1	-1
6424	9	9	9	9	9	9	9	9	9	5103	5103	0	-1	-1
6425	9	9	9	9	9	9	9	9	9	5104	5104	0	-1	-1
6426	9	9	9	9	9	9	9	9	9	5105	5105	0	-1	-1
6427	9	9	9	9	9	9	9	9	9	5106	5106	0	-1	-1
6428	9	9	9	9	9	9	9	9	9	5107	5107	0	-1	-1
6429	9	9	9	9	9	9	9	9	9	5108	5108	0	-1	-1
6430	9	9	9	9	9	9	9	9	9	5109	5109	0	-1	-1
6431	9	9	9	9	9	9	9	9	9	5110	5110	0	-1	-1
6432	9	9	9	9	9	9	9	9	9	5111	5111	0	-1	-1
6433	9	9	9	9	9	9	9	9	9	5112	5112	0	-1	-1
6434	9	9	9	9	9	9	9	9	9	5113	5113	0	-1	-1
6435	9	9	9	9	9	9	9	9	9	5114	5114	0	-1	-1
6436	9	9	9	9	9	9	9	9	9	5115	5115	0	-1	-1
6437	5116	5116	5116	5116	5116	5116	5116	5116	5116	5116	5116	0	-1	-1
6438	5117	5117	5117	5117	5117	5117	5117	5117	5117	5117	5117	0	-1	-1
6439	5118	5118	5118	5118	5118	5118	5118	5118	5118	5118	5118	0	-1	-1
6440	5119	5119	5119	5119	5119	5119	5119	5119	5119	5119	5119	0	-1	-1
6441	5120	5120	5120	5120	5120	5120	5120	5120	5120	5120	5120	0	-1	-1
6442	4175	4175	4175	4175	4175	4175	4175	4175	4175	4175	4175	0	-1	-1
6443	0	0	0	0	0	0	0	0	0	5121	5121	0	-1	-1
6444	0	0	0	0	0	0	0	0	0	5122	5122	0	-1	-1
6445	5123	5123	5123	5123	5123	5123	5123	5123	5123	5123	5123	0	-1	-1
6446	5124	5124	5124	5124	5124	5124	5124	5124	5124	5124	5124	0	-1	-1
6447	5125	5125	5125	5125	5125	5125	5125	5125	5125	5125	5125	0	-1	-1
6448	5126	5126	5126	5126	5126	5126	5126	5126	5126	5126	5126	0	-1	-1
6449	5127	5127	5127	5127	5127	5127	5127	5127	5127	5127	5127	0	-1	-1
6450	5128	5128	5128	5128	5128	5128	5128	5128	5128	5128	5128	0	-1	-1
6451	5129	5129	5129	5129	5129	5129	5129	5129	5129	5129	5129	0	-1	-1
6452	5130	5130	5130	5130	5130	5130	5130	5130	5130	5130	5130	0	-1	-1
6453	5131	5131	5131	5131	5131	5131	5131	5131	5131	5131	5131	0	-1	-1
6454	5132	5132	5132	5132	5132	5132	5132	5132	5132	5132	5132	0	1345	-1
6455	5133	5133	5133	5133	5133	5133	5133	5133	5133	5133	5133	0	1346	-1
6456	5134	5134	5134	5134	5134	5134	5134	5134	5134	5134	5134	0	1347	-1
6457	5135	5135	5135	5135	5135	5135	5135	5135	5135	5135	5135	0	1348	-1
6458	5136	5136	5136	5136	5136	5136	5136	5136	5136	5136	5136	0	1355	-1
6459	5136	5136	5136	5136	5136	5136	5136	5136	5136	5136	5136	0	1356	-1
6460	5136	5136	5136	5136	5136	5136	5136	5136	5136	5136	5136	0	1357	-1
6461	5136	5136	5136	5136	5136	5136	5136	5136	5136	5136	5136	0	1358	-1
6462	5137	5137	5137	5137	5137	5137	5137	5137	5137	5137	5137	0	1360	-1
6463	5137	5137	5137	5137	5137	5137	5137	5137	5137	5137	5137	0	1361	-1
6464	5137	5137	5137	5137	5137	5137	5137	5137	5137	5137	5137	0	1362	-1
6465	5137	5137	5137	5137	5137	5137	5137	5137	5137	5137	5137	0	1363	-1
6466	5138	5138	5138	5138	5138	5138	5138	5138	5138	5138	5138	0	1365	-1
6467	5138	5138	5138	5138	5138	5138	5138	5138	5138	5138	5138	0	1366	-1
6468	5138	5138	5138	5138	5138	5138	5138	5138	5138	5138	5138	0	1367	-1
6469	5138	5138	5138	5138	5138	5138	5138	5138	5138	5138	5138	0	1368	-1
6470	5138	5138	5138	5138	5138	5138	5138	5138	5138	5138	5138	0	1375	-1
6471	5138	5138	5138	5138	5138	5138	5138	5138	5138	5138	5138	0	1376	-1
6472	5138	5138	5138	5138	5138	5138	5138	5138	5138	5138	5138	0	1377	-1
6473	5138	5138	5138	5138	5138	5138	5138	5138	5138	5138	5138	0	1378	-1
6474	5132	5132	5132	5132	5132	5132	5132	5132	5132	5132	5132	0	1390	-1
6475	5133	5133	5133	5133	5133	5133	5133	5133	5133	5133	5133	0	1391	-1
6476	5134	5134	5134	5134	5134	5134	5134	5134	5134	5134	5134	0	1392	-1
6477	5135	5135	5135	5135	5135	5135	5135	5135	5135	5135	5135	0	1393	-1
6478	5132	5132	5132	5132	5132	5132	5132	5132	5132	5132	5132	0	1446	-1
6479	5132	5132	5132	5132	5132	5132	5132	5132	5132	5132	5132	0	1447	-1
6480	5132	5132	5132	5132	5132	5132	5132	5132	5132	5132	5132	0	1448	-1
6481	5132	5132	5132	5132	5132	5132	5132	5132	5132	5132	5132	0	1449	-1
6482	5132	5132	5132	5132	5132	5132	5132	5132	5132	5132	5132	0	1461	-1
6483	5132	5132	5132	5132	5132	5132	5132	5132	5132	5132	5132	0	1462	-1
6484	5132	5132	5132	5132	5132	5132	5132	5132	5132	5132	5132	0	1463	-1
6485	5132	5132	5132	5132	5132	5132	5132	5132	5132	5132	5132	0	1464	-1
6486	5132	5132	5132	5132	5132	5132	5132	5132	5132	5132	5132	0	1556	-1
6487	5139	5139	5139	5139	5139	5139	5139	5139	5139	5139	5139	0	1557	-1
6488	5140	5140	5140	5140	5140	5140	5140	5140	5140	5140	5140	0	1558	-1
6489	5141	5141	5141	5141	5141	5141	5141	5141	5141	5141	5141	0	1559	-1
6490	5132	5132	5132	5132	5132	5132	5132	5132	5132	5132	5132	0	1571	-1
6491	5142	5142	5142	5142	5142	5142	5142	5142	5142	5142	5142	0	1572	-1
6492	5143	5143	5143	5143	5143	5143	5143	5143	5143	5143	5143	0	1573	-1
6493	5144	5144	5144	5144	5144	5144	5144	5144	5144	5144	5144	0	1574	-1
6494	5145	5145	5145	5145	5145	5145	5145	5145	5145	5145	5145	0	-1	-1
6495	5146	5146	5146	5146	5146	5146	5146	5146	5146	5146	5146	0	-1	-1
6496	5147	5147	5147	5147	5147	5147	5147	5147	5147	5147	5147	0	-1	-1
6497	5148	5148	5148	5148	5148	5148	5148	5148	5148	5148	5148	0	-1	-1
6498	5132	5132	5132	5132	5132	5132	5132	5132	5132	5132	5132	0	1849	-1
6499	5139	5139	5139	5139	5139	5139	5139	5139	5139	5139	5139	0	1850	-1
6500	5140	5140	5140	5140	5140	5140	5140	5140	5140	5140	5140	0	1851	-1
6501	5141	5141	5141	5141	5141	5141	5141	5141	5141	5141	5141	0	1852	-1
6502	5149	5149	5149	5149	5149	5149	5149	5149	5149	5149	5149	0	-1	-1
6503	5150	5150	5150	5150	5150	5150	5150	5150	5150	5150	5150	0	1949	-1
6504	5150	5150	5150	5150	5150	5150	5150	5150	5150	5150	5150	0	1950	-1
6505	5150	5150	5150	5150	5150	5150	5150	5150	5150	5150	5150	0	1951	-1
6506	5150	5150	5150	5150	5150	5150	5150	5150	5150	5150	5150	0	1952	-1
6507	5151	5151	5151	5151	5151	5151	5151	5151	5151	5151	5151	0	1989	-1
6508	5151	5151	5151	5151	5151	5151	5151	5151	5151	5151	5151	0	1990	-1
6509	5151	5151	5151	5151	5151	5151	5151	5151	5151	5151	5151	0	1991	-1
6510	5151	5151	5151	5151	5151	5151	5151	5151	5151	5151	5151	0	1992	-1
6511	5152	5152	5152	5152	5152	5152	5152	5152	5152	5152	5152	0	2023	-1
6512	5152	5152	5152	5152	5152	5152	5152	5152	5152	5152	5152	0	2024	-1
6513	5152	5152	5152	5152	5152	5152	5152	5152	5152	5152	5152	0	2025	-1
6514	5152	5152	5152	5152	5152	5152	5152	5152	5152	5152	5152	0	2026	-1
6515	5152	5152	5152	5152	5152	5152	5152	5152	5152	5152	5152	0	2038	-1
6516	5152	5152	5152	5152	5152	5152	5152	5152	5152	5152	5152	0	2039	-1
6517	5152	5152	5152	5152	5152	5152	5152	5152	5152	5152	5152	0	2040	-1
6518	5152	5152	5152	5152	5152	5152	5152	5152	5152	5152	5152	0	2041	-1
6519	5153	5153	5153	5153	5153	5153	5153	5153	5153	5153	5153	0	2069	-1
6520	5153	5153	5153	5153	5153	5153	5153	5153	5153	5153	5153	0	2070	-1
6521	5153	5153	5153	5153	5153	5153	5153	5153	5153	5153	5153	0	2071	-1
6522	5153	5153	5153	5153	5153	5153	5153	5153	5153	5153	5153	0	2072	-1
6523	5154	5154	5154	5154	5154	5154	5154	5154	5154	5154	5154	0	2094	-1
6524	5154	5154	5154	5154	5154	5154	5154	5154	5154	5154	5154	0	2095	-1
6525	5154	5154	5154	5154	5154	5154	5154	5154	5154	5154	5154	0	2096	-1
6526	5154	5154	5154	5154	5154	5154	5154	5154	5154	5154	5154	0	2097	-1
6527	5155	5155	5155	5155	5155	5155	5155	5155	5155	5155	5155	0	-1	-1
6528	5156	5156	5156	5156	5156	5156	5156	5156	5156	5156	5156	0	-1	-1
6529	5157	5157	5157	5157	5157	5157	5157	5157	5157	5157	5157	0	2193	-1
6530	5157	5157	5157	5157	5157	5157	5157	5157	5157	5157	5157	0	2194	-1
6531	5157	5157	5157	5157	5157	5157	5157	5157	5157	5157	5157	0	2195	-1
6532	5157	5157	5157	5157	5157	5157	5157	5157	5157	5157	5157	0	2196	-1
6533	5158	5158	5158	5158	5158	5158	5158	5158	5158	5158	5158	0	2203	-1
6534	5158	5158	5158	5158	5158	5158	5158	5158	5158	5158	5158	0	2204	-1
6535	5158	5158	5158	5158	5158	5158	5158	5158	5158	5158	5158	0	2205	-1
6536	5158	5158	5158	5158	5158	5158	5158	5158	5158	5158	5158	0	2206	-1
6537	5159	5159	5159	5159	5159	5159	5159	5159	5159	5159	5159	0	2388	-1
6538	5159	5159	5159	5159	5159	5159	5159	5159	5159	5159	5159	0	2389	-1
6539	5159	5159	5159	5159	5159	5159	5159	5159	5159	5159	5159	0	2390	-1
6540	5159	5159	5159	5159	5159	5159	5159	5159	5159	5159	5159	0	2391	-1
6541	5160	5160	5160	5160	5160	5160	5160	5160	5160	5160	5160	0	-1	-1
6542	5132	5132	5132	5132	5132	5132	5132	5132	5132	5132	5132	0	2428	-1
6543	5161	5161	5161	5161	5161	5161	5161	5161	5161	5161	5161	0	2429	-1
6544	5162	5162	5162	5162	5162	5162	5162	5162	5162	5162	5162	0	2430	-1
6545	5163	5163	5163	5163	5163	5163	5163	5163	5163	5163	5163	0	2431	-1
6546	5164	5164	5164	5164	5164	5164	5164	5164	5164	5164	5164	0	-1	-1
6547	5165	5165	5165	5165	5165	5165	5165	5165	5165	5165	5165	0	-1	-1
6548	5166	5166	5166	5166	5166	5166	5166	5166	5166	5166	5166	0	-1	-1
6549	5167	5167	5167	5167	5167	5167	5167	5167	5167	5167	5167	0	-1	-1
6550	5168	5168	5168	5168	5168	5168	5168	5168	5168	5168	5168	0	-1	-1
6551	5169	5169	5169	5169	5169	5169	5169	5169	5169	5169	5169	0	-1	-1
6552	5170	5170	5170	5170	5170	5170	5170	5170	5170	5170	5170	0	2483	-1
6553	5171	5171	5171	5171	5171	5171	5171	5171	5171	5171	5171	0	2484	-1
6554	5172	5172	5172	5172	5172	5172	5172	5172	5172	5172	5172	0	2485	-1
6555	5173	5173	5173	5173	5173	5173	5173	5173	5173	5173	5173	0	2486	-1
6556	5174	5174	5174	5174	5174	5174	5174	5174	5174	5174	5174	0	-1	-1
6557	5175	5175	5175	5175	5175	5175	5175	5175	5175	5175	5175	0	-1	-1
6558	5176	5176	5176	5176	5176	5176	5176	5176	5176	5176	5176	0	-1	-1
6559	5177	5177	5177	5177	5177	5177	5177	5177	5177	5177	5177	0	-1	-1
6560	5178	5178	5178	5178	5178	5178	5178	5178	5178	5178	5178	0	-1	-1
6561	5179	5179	5179	5179	5179	5179	5179	5179	5179	5179	5179	0	-1	-1
6562	5180	5180	5180	5180	5180	5180	5180	5180	5180	5180	5180	0	-1	-1
6563	5181	5181	5181	5181	5181	5181	5181	5181	5181	5181	5181	0	2574	-1
6564	5181	5181	5181	5181	5181	5181	5181	5181	5181	5181	5181	0	2575	-1
6565	5181	5181	5181	5181	5181	5181	5181	5181	5181	5181	5181	0	2576	-1
6566	5181	5181	5181	5181	5181	5181	5181	5181	5181	5181	5181	0	2577	-1
6567	5182	5182	5182	5182	5182	5182	5182	5182	5182	5182	5182	0	-1	-1
6568	5183	5183	5183	5183	5183	5183	5183	5183	5183	5183	5183	0	-1	-1
6569	5184	5184	5184	5184	5184	5184	5184	5184	5184	5184	5184	0	-1	-1
6570	5185	5185	5185	5185	5185	5185	5185	5185	5185	5185	5185	0	-1	-1
6571	5186	5186	5186	5186	5186	5186	5186	5186	5186	5186	5186	0	-1	-1
6572	5187	5187	5187	5187	5187	5187	5187	5187	5187	5187	5187	0	-1	-1
6573	5188	5188	5188	5188	5188	5188	5188	5188	5188	5188	5188	0	2686	-1
6574	5188	5188	5188	5188	5188	5188	5188	5188	5188	5188	5188	0	2687	-1
6575	5188	5188	5188	5188	5188	5188	5188	5188	5188	5188	5188	0	2688	-1
6576	5188	5188	5188	5188	5188	5188	5188	5188	5188	5188	5188	0	2689	-1
6577	5189	5189	5189	5189	5189	5189	5189	5189	5189	5189	5189	0	2696	-1
6578	5189	5189	5189	5189	5189	5189	5189	5189	5189	5189	5189	0	2697	-1
6579	5189	5189	5189	5189	5189	5189	5189	5189	5189	5189	5189	0	2698	-1
6580	5189	5189	5189	5189	5189	5189	5189	5189	5189	5189	5189	0	2699	-1
6581	5190	5190	5190	5190	5190	5190	5190	5190	5190	5190	5190	0	-1	-1
6582	5191	5191	5191	5191	5191	5191	5191	5191	5191	5191	5191	0	-1	-1
6583	5192	5192	5192	5192	5192	5192	5192	5192	5192	5192	5192	0	-1	-1
6584	5193	5193	5193	5193	5193	5193	5193	5193	5193	5193	5193	0	-1	-1
6585	5194	5194	5194	5194	5194	5194	5194	5194	5194	5194	5194	0	-1	-1
6586	5195	5195	5195	5195	5195	5195	5195	5195	5195	5195	5195	0	2754	-1
6587	5196	5196	5196	5196	5196	5196	5196	5196	5196	5196	5196	0	2755	-1
6588	5197	5197	5197	5197	5197	5197	5197	5197	5197	5197	5197	0	2756	-1
6589	5198	5198	5198	5198	5198	5198	5198	5198	5198	5198	5198	0	2757	-1
6590	5199	5199	5199	5199	5199	5199	5199	5199	5199	5199	5199	0	-1	-1
6591	5200	5200	5200	5200	5200	5200	5200	5200	5200	5200	5200	0	-1	-1
6592	5201	5201	5201	5201	5201	5201	5201	5201	5201	5201	5201	0	-1	-1
6593	5202	5202	5202	5202	5202	5202	5202	5202	5202	5202	5202	0	-1	-1
6594	5203	5203	5203	5203	5203	5203	5203	5203	5203	5203	5203	0	-1	-1
6595	5204	5204	5204	5204	5204	5204	5204	5204	5204	5204	5204	0	-1	-1
6596	5205	5205	5205	5205	5205	5205	5205	5205	5205	5205	5205	0	-1	-1
6597	5206	5206	5206	5206	5206	5206	5206	5206	5206	5206	5206	0	-1	-1
6598	5207	5207	5207	5207	5207	5207	5207	5207	5207	5207	5207	0	-1	-1
6599	5208	5208	5208	5208	5208	5208	5208	5208	5208	5208	5208	0	-1	-1
6600	1783	1783	1783	1783	1783	1783	1783	1783	1783	1783	1783	0	-1	-1
6601	5209	5209	5209	5209	5209	5209	5209	5209	5209	5209	5209	0	-1	-1
6602	5210	5210	5210	5210	5210	5210	5210	5210	5210	5210	5210	0	-1	-1
6603	5211	5211	5211	5211	5211	5211	5211	5211	5211	5211	5211	0	3212	-1
6604	5211	5211	5211	5211	5211	5211	5211	5211	5211	5211	5211	0	3213	-1
6605	5211	5211	5211	5211	5211	5211	5211	5211	5211	5211	5211	0	3214	-1
6606	5211	5211	5211	5211	5211	5211	5211	5211	5211	5211	5211	0	3215	-1
6607	5212	5212	5212	5212	5212	5212	5212	5212	5212	5212	5212	0	-1	-1
6608	5213	5213	5213	5213	5213	5213	5213	5213	5213	5213	5213	0	1340	-1
6609	5214	5214	5214	5214	5214	5214	5214	5214	5214	5214	5214	0	1341	-1
6610	5215	5215	5215	5215	5215	5215	5215	5215	5215	5215	5215	0	1342	-1
6611	5216	5216	5216	5216	5216	5216	5216	5216	5216	5216	5216	0	1343	-1
6612	5217	5217	5217	5217	5217	5217	5217	5217	5217	5217	5217	0	1355	-1
6613	5217	5217	5217	5217	5217	5217	5217	5217	5217	5217	5217	0	1356	-1
6614	5217	5217	5217	5217	5217	5217	5217	5217	5217	5217	5217	0	1357	-1
6615	5217	5217	5217	5217	5217	5217	5217	5217	5217	5217	5217	0	1358	-1
6616	5218	5218	5218	5218	5218	5218	5218	5218	5218	5218	5218	0	1360	-1
6617	5218	5218	5218	5218	5218	5218	5218	5218	5218	5218	5218	0	1361	-1
6618	5218	5218	5218	5218	5218	5218	5218	5218	5218	5218	5218	0	1362	-1
6619	5218	5218	5218	5218	5218	5218	5218	5218	5218	5218	5218	0	1363	-1
6620	5219	5219	5219	5219	5219	5219	5219	5219	5219	5219	5219	0	1365	-1
6621	5219	5219	5219	5219	5219	5219	5219	5219	5219	5219	5219	0	1366	-1
6622	5219	5219	5219	5219	5219	5219	5219	5219	5219	5219	5219	0	1367	-1
6623	5219	5219	5219	5219	5219	5219	5219	5219	5219	5219	5219	0	1368	-1
6624	5219	5219	5219	5219	5219	5219	5219	5219	5219	5219	5219	0	1375	-1
6625	5219	5219	5219	5219	5219	5219	5219	5219	5219	5219	5219	0	1376	-1
6626	5219	5219	5219	5219	5219	5219	5219	5219	5219	5219	5219	0	1377	-1
6627	5219	5219	5219	5219	5219	5219	5219	5219	5219	5219	5219	0	1378	-1
6628	5213	5213	5213	5213	5213	5213	5213	5213	5213	5213	5213	0	1385	-1
6629	5214	5214	5214	5214	5214	5214	5214	5214	5214	5214	5214	0	1386	-1
6630	5215	5215	5215	5215	5215	5215	5215	5215	5215	5215	5215	0	1387	-1
6631	5216	5216	5216	5216	5216	5216	5216	5216	5216	5216	5216	0	1388	-1
6632	5213	5213	5213	5213	5213	5213	5213	5213	5213	5213	5213	0	1441	-1
6633	5213	5213	5213	5213	5213	5213	5213	5213	5213	5213	5213	0	1442	-1
6634	5213	5213	5213	5213	5213	5213	5213	5213	5213	5213	5213	0	1443	-1
6635	5213	5213	5213	5213	5213	5213	5213	5213	5213	5213	5213	0	1444	-1
6636	5213	5213	5213	5213	5213	5213	5213	5213	5213	5213	5213	0	1456	-1
6637	5213	5213	5213	5213	5213	5213	5213	5213	5213	5213	5213	0	1457	-1
6638	5213	5213	5213	5213	5213	5213	5213	5213	5213	5213	5213	0	1458	-1
6639	5213	5213	5213	5213	5213	5213	5213	5213	5213	5213	5213	0	1459	-1
6640	5213	5213	5213	5213	5213	5213	5213	5213	5213	5213	5213	0	1551	-1
6641	5220	5220	5220	5220	5220	5220	5220	5220	5220	5220	5220	0	1552	-1
6642	5221	5221	5221	5221	5221	5221	5221	5221	5221	5221	5221	0	1553	-1
6643	5222	5222	5222	5222	5222	5222	5222	5222	5222	5222	5222	0	1554	-1
6644	5213	5213	5213	5213	5213	5213	5213	5213	5213	5213	5213	0	1566	-1
6645	5223	5223	5223	5223	5223	5223	5223	5223	5223	5223	5223	0	1567	-1
6646	5224	5224	5224	5224	5224	5224	5224	5224	5224	5224	5224	0	1568	-1
6647	5225	5225	5225	5225	5225	5225	5225	5225	5225	5225	5225	0	1569	-1
6648	5226	5226	5226	5226	5226	5226	5226	5226	5226	5226	5226	0	-1	-1
6649	5227	5227	5227	5227	5227	5227	5227	5227	5227	5227	5227	0	-1	-1
6650	5228	5228	5228	5228	5228	5228	5228	5228	5228	5228	5228	0	-1	-1
6651	5229	5229	5229	5229	5229	5229	5229	5229	5229	5229	5229	0	-1	-1
6652	5213	5213	5213	5213	5213	5213	5213	5213	5213	5213	5213	0	1844	-1
6653	5220	5220	5220	5220	5220	5220	5220	5220	5220	5220	5220	0	1845	-1
6654	5221	5221	5221	5221	5221	5221	5221	5221	5221	5221	5221	0	1846	-1
6655	5222	5222	5222	5222	5222	5222	5222	5222	5222	5222	5222	0	1847	-1
6656	5230	5230	5230	5230	5230	5230	5230	5230	5230	5230	5230	0	-1	-1
6657	5231	5231	5231	5231	5231	5231	5231	5231	5231	5231	5231	0	1944	-1
6658	5231	5231	5231	5231	5231	5231	5231	5231	5231	5231	5231	0	1945	-1
6659	5231	5231	5231	5231	5231	5231	5231	5231	5231	5231	5231	0	1946	-1
6660	5231	5231	5231	5231	5231	5231	5231	5231	5231	5231	5231	0	1947	-1
6661	5232	5232	5232	5232	5232	5232	5232	5232	5232	5232	5232	0	1984	-1
6662	5232	5232	5232	5232	5232	5232	5232	5232	5232	5232	5232	0	1985	-1
6663	5232	5232	5232	5232	5232	5232	5232	5232	5232	5232	5232	0	1986	-1
6664	5232	5232	5232	5232	5232	5232	5232	5232	5232	5232	5232	0	1987	-1
6665	5233	5233	5233	5233	5233	5233	5233	5233	5233	5233	5233	0	2018	-1
6666	5233	5233	5233	5233	5233	5233	5233	5233	5233	5233	5233	0	2019	-1
6667	5233	5233	5233	5233	5233	5233	5233	5233	5233	5233	5233	0	2020	-1
6668	5233	5233	5233	5233	5233	5233	5233	5233	5233	5233	5233	0	2021	-1
6669	5233	5233	5233	5233	5233	5233	5233	5233	5233	5233	5233	0	2033	-1
6670	5233	5233	5233	5233	5233	5233	5233	5233	5233	5233	5233	0	2034	-1
6671	5233	5233	5233	5233	5233	5233	5233	5233	5233	5233	5233	0	2035	-1
6672	5233	5233	5233	5233	5233	5233	5233	5233	5233	5233	5233	0	2036	-1
6673	5234	5234	5234	5234	5234	5234	5234	5234	5234	5234	5234	0	2064	-1
6674	5234	5234	5234	5234	5234	5234	5234	5234	5234	5234	5234	0	2065	-1
6675	5234	5234	5234	5234	5234	5234	5234	5234	5234	5234	5234	0	2066	-1
6676	5234	5234	5234	5234	5234	5234	5234	5234	5234	5234	5234	0	2067	-1
6677	5235	5235	5235	5235	5235	5235	5235	5235	5235	5235	5235	0	2089	-1
6678	5235	5235	5235	5235	5235	5235	5235	5235	5235	5235	5235	0	2090	-1
6679	5235	5235	5235	5235	5235	5235	5235	5235	5235	5235	5235	0	2091	-1
6680	5235	5235	5235	5235	5235	5235	5235	5235	5235	5235	5235	0	2092	-1
6681	5236	5236	5236	5236	5236	5236	5236	5236	5236	5236	5236	0	-1	-1
6682	5237	5237	5237	5237	5237	5237	5237	5237	5237	5237	5237	0	-1	-1
6683	5238	5238	5238	5238	5238	5238	5238	5238	5238	5238	5238	0	2188	-1
6684	5238	5238	5238	5238	5238	5238	5238	5238	5238	5238	5238	0	2189	-1
6685	5238	5238	5238	5238	5238	5238	5238	5238	5238	5238	5238	0	2190	-1
6686	5238	5238	5238	5238	5238	5238	5238	5238	5238	5238	5238	0	2191	-1
6687	5239	5239	5239	5239	5239	5239	5239	5239	5239	5239	5239	0	2198	-1
6688	5239	5239	5239	5239	5239	5239	5239	5239	5239	5239	5239	0	2199	-1
6689	5239	5239	5239	5239	5239	5239	5239	5239	5239	5239	5239	0	2200	-1
6690	5239	5239	5239	5239	5239	5239	5239	5239	5239	5239	5239	0	2201	-1
6691	5240	5240	5240	5240	5240	5240	5240	5240	5240	5240	5240	0	2383	-1
6692	5240	5240	5240	5240	5240	5240	5240	5240	5240	5240	5240	0	2384	-1
6693	5240	5240	5240	5240	5240	5240	5240	5240	5240	5240	5240	0	2385	-1
6694	5240	5240	5240	5240	5240	5240	5240	5240	5240	5240	5240	0	2386	-1
6695	5241	5241	5241	5241	5241	5241	5241	5241	5241	5241	5241	0	-1	-1
6696	5213	5213	5213	5213	5213	5213	5213	5213	5213	5213	5213	0	2423	-1
6697	5242	5242	5242	5242	5242	5242	5242	5242	5242	5242	5242	0	2424	-1
6698	5243	5243	5243	5243	5243	5243	5243	5243	5243	5243	5243	0	2425	-1
6699	5244	5244	5244	5244	5244	5244	5244	5244	5244	5244	5244	0	2426	-1
6700	5245	5245	5245	5245	5245	5245	5245	5245	5245	5245	5245	0	-1	-1
6701	5246	5246	5246	5246	5246	5246	5246	5246	5246	5246	5246	0	-1	-1
6702	5247	5247	5247	5247	5247	5247	5247	5247	5247	5247	5247	0	-1	-1
6703	5248	5248	5248	5248	5248	5248	5248	5248	5248	5248	5248	0	-1	-1
6704	5249	5249	5249	5249	5249	5249	5249	5249	5249	5249	5249	0	-1	-1
6705	5250	5250	5250	5250	5250	5250	5250	5250	5250	5250	5250	0	-1	-1
6706	5251	5251	5251	5251	5251	5251	5251	5251	5251	5251	5251	0	2478	-1
6707	5252	5252	5252	5252	5252	5252	5252	5252	5252	5252	5252	0	2479	-1
6708	5253	5253	5253	5253	5253	5253	5253	5253	5253	5253	5253	0	2480	-1
6709	5254	5254	5254	5254	5254	5254	5254	5254	5254	5254	5254	0	2481	-1
6710	5255	5255	5255	5255	5255	5255	5255	5255	5255	5255	5255	0	-1	-1
6711	5256	5256	5256	5256	5256	5256	5256	5256	5256	5256	5256	0	-1	-1
6712	5257	5257	5257	5257	5257	5257	5257	5257	5257	5257	5257	0	-1	-1
6713	5258	5258	5258	5258	5258	5258	5258	5258	5258	5258	5258	0	-1	-1
6714	5259	5259	5259	5259	5259	5259	5259	5259	5259	5259	5259	0	-1	-1
6715	5260	5260	5260	5260	5260	5260	5260	5260	5260	5260	5260	0	-1	-1
6716	5261	5261	5261	5261	5261	5261	5261	5261	5261	5261	5261	0	-1	-1
6717	5262	5262	5262	5262	5262	5262	5262	5262	5262	5262	5262	0	2574	-1
6718	5262	5262	5262	5262	5262	5262	5262	5262	5262	5262	5262	0	2575	-1
6719	5262	5262	5262	5262	5262	5262	5262	5262	5262	5262	5262	0	2576	-1
6720	5262	5262	5262	5262	5262	5262	5262	5262	5262	5262	5262	0	2577	-1
6721	5263	5263	5263	5263	5263	5263	5263	5263	5263	5263	5263	0	-1	-1
6722	5264	5264	5264	5264	5264	5264	5264	5264	5264	5264	5264	0	-1	-1
6723	5265	5265	5265	5265	5265	5265	5265	5265	5265	5265	5265	0	-1	-1
6724	5266	5266	5266	5266	5266	5266	5266	5266	5266	5266	5266	0	-1	-1
6725	5267	5267	5267	5267	5267	5267	5267	5267	5267	5267	5267	0	-1	-1
6726	5187	5187	5187	5187	5187	5187	5187	5187	5187	5187	5187	0	-1	-1
6727	5268	5268	5268	5268	5268	5268	5268	5268	5268	5268	5268	0	2686	-1
6728	5268	5268	5268	5268	5268	5268	5268	5268	5268	5268	5268	0	2687	-1
6729	5268	5268	5268	5268	5268	5268	5268	5268	5268	5268	5268	0	2688	-1
6730	5268	5268	5268	5268	5268	5268	5268	5268	5268	5268	5268	0	2689	-1
6731	5269	5269	5269	5269	5269	5269	5269	5269	5269	5269	5269	0	2701	-1
6732	5269	5269	5269	5269	5269	5269	5269	5269	5269	5269	5269	0	2702	-1
6733	5269	5269	5269	5269	5269	5269	5269	5269	5269	5269	5269	0	2703	-1
6734	5269	5269	5269	5269	5269	5269	5269	5269	5269	5269	5269	0	2704	-1
6735	5270	5270	5270	5270	5270	5270	5270	5270	5270	5270	5270	0	-1	-1
6736	5271	5271	5271	5271	5271	5271	5271	5271	5271	5271	5271	0	-1	-1
6737	5272	5272	5272	5272	5272	5272	5272	5272	5272	5272	5272	0	-1	-1
6738	5273	5273	5273	5273	5273	5273	5273	5273	5273	5273	5273	0	-1	-1
6739	5194	5194	5194	5194	5194	5194	5194	5194	5194	5194	5194	0	-1	-1
6740	5274	5274	5274	5274	5274	5274	5274	5274	5274	5274	5274	0	2759	-1
6741	5275	5275	5275	5275	5275	5275	5275	5275	5275	5275	5275	0	2760	-1
6742	5276	5276	5276	5276	5276	5276	5276	5276	5276	5276	5276	0	2761	-1
6743	5277	5277	5277	5277	5277	5277	5277	5277	5277	5277	5277	0	2762	-1
6744	5278	5278	5278	5278	5278	5278	5278	5278	5278	5278	5278	0	-1	-1
6745	5279	5279	5279	5279	5279	5279	5279	5279	5279	5279	5279	0	-1	-1
6746	5280	5280	5280	5280	5280	5280	5280	5280	5280	5280	5280	0	-1	-1
6747	5281	5281	5281	5281	5281	5281	5281	5281	5281	5281	5281	0	-1	-1
6748	5282	5282	5282	5282	5282	5282	5282	5282	5282	5282	5282	0	-1	-1
6749	5283	5283	5283	5283	5283	5283	5283	5283	5283	5283	5283	0	-1	-1
6750	5284	5284	5284	5284	5284	5284	5284	5284	5284	5284	5284	0	-1	-1
6751	5206	5206	5206	5206	5206	5206	5206	5206	5206	5206	5206	0	-1	-1
6752	5285	5285	5285	5285	5285	5285	5285	5285	5285	5285	5285	0	-1	-1
6753	5286	5286	5286	5286	5286	5286	5286	5286	5286	5286	5286	0	-1	-1
6754	3230	3230	3230	3230	3230	3230	3230	3230	3230	3230	3230	0	-1	-1
6755	5287	5287	5287	5287	5287	5287	5287	5287	5287	5287	5287	0	-1	-1
6756	5210	5210	5210	5210	5210	5210	5210	5210	5210	5210	5210	0	-1	-1
6757	5288	5288	5288	5288	5288	5288	5288	5288	5288	5288	5288	0	3207	-1
6758	5288	5288	5288	5288	5288	5288	5288	5288	5288	5288	5288	0	3208	-1
6759	5288	5288	5288	5288	5288	5288	5288	5288	5288	5288	5288	0	3209	-1
6760	5288	5288	5288	5288	5288	5288	5288	5288	5288	5288	5288	0	3210	-1
6761	5289	5289	5289	5289	5289	5289	5289	5289	5289	5289	5289	1	-1	-1
6762	5290	5290	5290	5290	5290	5290	5290	5290	5290	5290	5290	0	2048	-1
6763	5291	5291	5291	5291	5291	5291	5291	5291	5291	5291	5291	1	-1	-1
6764	5292	5292	5292	5292	5292	5292	5292	5292	5292	5292	5292	0	2508	-1
6765	5293	5293	5293	5293	5293	5293	5293	5293	5293	5293	5293	0	2508	-1
6766	5294	5294	5294	5294	5294	5294	5294	5294	5294	5294	5294	0	2508	-1
6767	5295	5295	5295	5295	5295	5295	5295	5295	5295	5295	5295	1	-1	-1
6768	5290	5290	5290	5290	5290	5290	5290	5290	5290	5290	5290	0	2048	-1
6769	5296	5296	5296	5296	5296	5296	5296	5296	5296	5296	5296	1	-1	-1
6770	5297	5297	5297	5297	5297	5297	5297	5297	5297	5297	5297	0	2507	-1
6771	5298	5298	5298	5298	5298	5298	5298	5298	5298	5298	5298	0	2507	-1
6772	5299	5299	5299	5299	5299	5299	5299	5299	5299	5299	5299	0	2507	-1
6773	5300	5300	5300	5300	5300	5300	5300	5300	5300	5300	5300	0	-1	-1
6774	5301	5301	5301	5301	5301	5301	5301	5301	5301	5301	5301	0	-1	-1
6775	5302	5302	5302	5302	5302	5302	5302	5302	5302	5302	5302	0	-1	-1
6776	5303	5303	5303	5303	5303	5303	5303	5303	5303	5303	5303	0	-1	-1
6777	5304	5304	5304	5304	5304	5304	5304	5304	5304	5304	5304	0	-1	-1
6778	5304	5304	5304	5304	5304	5304	5304	5304	5304	5304	5304	0	-1	-1
6779	5304	5304	5304	5304	5304	5304	5304	5304	5304	5304	5304	0	-1	-1
6780	5304	5304	5304	5304	5304	5304	5304	5304	5304	5304	5304	0	-1	-1
6781	5300	5300	5300	5300	5300	5300	5300	5300	5300	5300	5300	0	-1	-1
6782	5301	5301	5301	5301	5301	5301	5301	5301	5301	5301	5301	0	-1	-1
6783	5302	5302	5302	5302	5302	5302	5302	5302	5302	5302	5302	0	-1	-1
6784	5303	5303	5303	5303	5303	5303	5303	5303	5303	5303	5303	0	-1	-1
6785	5304	5304	5304	5304	5304	5304	5304	5304	5304	5304	5304	0	-1	-1
6786	5304	5304	5304	5304	5304	5304	5304	5304	5304	5304	5304	0	-1	-1
6787	5304	5304	5304	5304	5304	5304	5304	5304	5304	5304	5304	0	-1	-1
6788	5304	5304	5304	5304	5304	5304	5304	5304	5304	5304	5304	0	-1	-1
6789	5305	5305	5305	5305	5305	5305	5305	5305	5305	5305	5305	0	-1	-1	5305	5305	5305	5305	5305
6790	5306	5306	5306	5306	5306	5306	5306	5306	5306	5306	5306	0	-1	-1	5306	5306	5306	5306	5306
6791	5305	5305	5305	5305	5305	5305	5305	5305	5305	5305	5305	0	-1	-1	5305	5305	5305	5305	5305
6792	5307	5307	5307	5307	5307	5307	5307	5307	5307	5307	5307	0	-1	-1	5307	5307	5307	5307	5307
6793	5305	5305	5305	5305	5305	5305	5305	5305	5305	5305	5305	0	-1	-1	5305	5305	5305	5305	5305
6794	5307	5307	5307	5307	5307	5307	5307	5307	5307	5307	5307	0	-1	-1	5307	5307	5307	5307	5307
6795	5308	5308	5308	5308	5308	5308	5308	5308	5308	5308	5308	0	-1	-1	5308	5308	5308	5308	5308
6796	5309	5309	5309	5309	5309	5309	5309	5309	5309	5309	5309	0	-1	-1	5309	5309	5309	5309	5309
6797	5310	5310	5310	5310	5310	5310	5310	5310	5310	5310	5310	0	-1	-1	5310	5310	5310	5310	5310
6798	5310	5310	5310	5310	5310	5310	5310	5310	5310	5310	5310	0	-1	-1	5310	5310	5310	5310	5310
6799	5311	5311	5311	5311	5311	5311	5311	5311	5311	5311	5311	0	-1	-1	5311	5311	5311	5311	5311
6800	5312	5312	5312	5312	5312	5312	5312	5312	5312	5312	5312	0	-1	-1	5312	5312	5312	5312	5312
6801	5313	5313	5313	5313	5313	5313	5313	5313	5313	5313	5313	0	-1	-1	5313	5313	5313	5313	5313
6802	5314	5314	5314	5314	5314	5314	5314	5314	5314	5314	5314	0	-1	-1	5314	5314	5314	5314	5314
6803	5315	5315	5315	5315	5315	5315	5315	5315	5315	5315	5315	0	-1	-1	5315	5315	5315	5315	5315
6804	5316	5316	5316	5316	5316	5316	5316	5316	5316	5316	5316	0	-1	-1	5316	5316	5316	5316	5316
6805	5316	5316	5316	5316	5316	5316	5316	5316	5316	5316	5316	0	-1	-1	5316	5316	5316	5316	5316
6806	5314	5314	5314	5314	5314	5314	5314	5314	5314	5314	5314	0	-1	-1	5314	5314	5314	5314	5314
6807	5313	5313	5313	5313	5313	5313	5313	5313	5313	5313	5313	0	-1	-1	5313	5313	5313	5313	5313
6808	5316	5316	5316	5316	5316	5316	5316	5316	5316	5316	5316	0	-1	-1	5316	5316	5316	5316	5316
6809	5316	5316	5316	5316	5316	5316	5316	5316	5316	5316	5316	0	-1	-1	5316	5316	5316	5316	5316
6810	5317	5317	5317	5317	5317	5317	5317	5317	5317	5317	5317	0	-1	-1	5317	5317	5317	5317	5317
6811	5318	5318	5318	5318	5318	5318	5318	5318	5318	5318	5318	0	-1	-1	5318	5318	5318	5318	5318
6812	5319	5319	5319	5319	5319	5319	5319	5319	5319	5319	5319	0	-1	-1	5319	5319	5319	5319	5319
6813	5320	5320	5320	5320	5320	5320	5320	5320	5320	5320	5320	0	-1	-1	5320	5320	5320	5320	5320
6814	5320	5320	5320	5320	5320	5320	5320	5320	5320	5320	5320	0	-1	-1	5320	5320	5320	5320	5320
6815	5319	5319	5319	5319	5319	5319	5319	5319	5319	5319	5319	0	-1	-1	5319	5319	5319	5319	5319
6816	5317	5317	5317	5317	5317	5317	5317	5317	5317	5317	5317	0	-1	-1	5317	5317	5317	5317	5317
6817	5320	5320	5320	5320	5320	5320	5320	5320	5320	5320	5320	0	-1	-1	5320	5320	5320	5320	5320
6818	5320	5320	5320	5320	5320	5320	5320	5320	5320	5320	5320	0	-1	-1	5320	5320	5320	5320	5320
6819	5321	5321	5321	5321	5321	5321	5321	5321	5321	5321	5321	0	-1	-1	5321	5321	5321	5321	5321
6820	5322	5322	5322	5322	5322	5322	5322	5322	5322	5322	5322	0	-1	-1	5322	5322	5322	5322	5322
6821	5322	5322	5322	5322	5322	5322	5322	5322	5322	5322	5322	0	-1	-1	5322	5322	5322	5322	5322
6822	5322	5322	5322	5322	5322	5322	5322	5322	5322	5322	5322	0	-1	-1	5322	5322	5322	5322	5322
6823	8	8	8	8	8	8	8	8	8	5323	5323	0	-1	-1	8	8	8	8	8
6824	5324	5324	5324	5324	5324	5324	5324	5324	5324	5324	5324	0	-1	-1	5324	5324	5324	5324	5324
6825	5325	5325	5325	5325	5325	5325	5325	5325	5325	5325	5325	0	-1	-1	5325	5325	5325	5325	5325
6826	5326	5326	5326	5326	5326	5326	5326	5326	5326	5326	5326	0	-1	-1	5326	5326	5326	5326	5326
6827	5327	5327	5327	5327	5327	5327	5327	5327	5327	5327	5327	0	-1	-1	5327	5327	5327	5327	5327
6828	5327	5327	5327	5327	5327	5327	5327	5327	5327	5327	5327	0	-1	-1	5327	5327	5327	5327	5327
6829	5325	5325	5325	5325	5325	5325	5325	5325	5325	5325	5325	0	-1	-1	5325	5325	5325	5325	5325
6830	5324	5324	5324	5324	5324	5324	5324	5324	5324	5324	5324	0	-1	-1	5324	5324	5324	5324	5324
6831	5327	5327	5327	5327	5327	5327	5327	5327	5327	5327	5327	0	-1	-1	5327	5327	5327	5327	5327
6832	5327	5327	5327	5327	5327	5327	5327	5327	5327	5327	5327	0	-1	-1	5327	5327	5327	5327	5327
6833	5328	5328	5328	5328	5328	5328	5328	5328	5328	5328	5328	0	-1	-1	5328	5328	5328	5328	5328
6834	5329	5329	5329	5329	5329	5329	5329	5329	5329	5329	5329	0	-1	-1	5329	5329	5329	5329	5329
6835	5330	5330	5330	5330	5330	5330	5330	5330	5330	5330	5330	0	-1	-1	5330	5330	5330	5330	5330
6836	5331	5331	5331	5331	5331	5331	5331	5331	5331	5331	5331	0	-1	-1	5331	5331	5331	5331	5331
6837	5332	5332	5332	5332	5332	5332	5332	5332	5332	5332	5332	0	-1	-1	5332	5332	5332	5332	5332
6838	5332	5332	5332	5332	5332	5332	5332	5332	5332	5332	5332	0	-1	-1	5332	5332	5332	5332	5332
6839	5332	5332	5332	5332	5332	5332	5332	5332	5332	5332	5332	0	-1	-1	5332	5332	5332	5332	5332
6840	5332	5332	5332	5332	5332	5332	5332	5332	5332	5332	5332	0	-1	-1	5332	5332	5332	5332	5332
6841	5333	5333	5333	5333	5333	5333	5333	5333	5333	5333	5333	0	-1	-1	5333	5333	5333	5333	5333
6842	5334	5334	5334	5334	5334	5334	5334	5334	5334	5334	5334	0	-1	-1	5334	5334	5334	5334	5334
6843	5334	5334	5334	5334	5334	5334	5334	5334	5334	5334	5334	0	-1	-1	5334	5334	5334	5334	5334
6844	5334	5334	5334	5334	5334	5334	5334	5334	5334	5334	5334	0	-1	-1	5334	5334	5334	5334	5334
6845	5335	5335	5335	5335	5335	5335	5335	5335	5335	5335	5335	0	-1	-1	5335	5335	5335	5335	5335
6846	5336	5336	5336	5336	5336	5336	5336	5336	5336	5336	5336	0	-1	-1	5336	5336	5336	5336	5336
6847	5337	5337	5337	5337	5337	5337	5337	5337	5337	5337	5337	0	-1	-1	5337	5337	5337	5337	5337
6848	5337	5337	5337	5337	5337	5337	5337	5337	5337	5337	5337	0	-1	-1	5337	5337	5337	5337	5337
6849	5338	5338	5338	5338	5338	5338	5338	5338	5338	5338	5338	0	-1	-1	5338	5338	5338	5338	5338
6850	5337	5337	5337	5337	5337	5337	5337	5337	5337	5337	5337	0	-1	-1	5337	5337	5337	5337	5337
6851	5337	5337	5337	5337	5337	5337	5337	5337	5337	5337	5337	0	-1	-1	5337	5337	5337	5337	5337
6852	5338	5338	5338	5338	5338	5338	5338	5338	5338	5338	5338	0	-1	-1	5338	5338	5338	5338	5338
6853	5339	5339	5339	5339	5339	5339	5339	5339	5339	5339	5339	0	-1	-1	5339	5339	5339	5339	5339
6854	5340	5340	5340	5340	5340	5340	5340	5340	5340	5340	5340	0	-1	-1	5340	5340	5340	5340	5340
6855	5341	5341	5341	5341	5341	5341	5341	5341	5341	5341	5341	0	-1	-1	5341	5341	5341	5341	5341
6856	5341	5341	5341	5341	5341	5341	5341	5341	5341	5341	5341	0	-1	-1	5341	5341	5341	5341	5341
6857	5339	5339	5339	5339	5339	5339	5339	5339	5339	5339	5339	0	-1	-1	5339	5339	5339	5339	5339
6858	5341	5341	5341	5341	5341	5341	5341	5341	5341	5341	5341	0	-1	-1	5341	5341	5341	5341	5341
6859	5341	5341	5341	5341	5341	5341	5341	5341	5341	5341	5341	0	-1	-1	5341	5341	5341	5341	5341
6860	5339	5339	5339	5339	5339	5339	5339	5339	5339	5339	5339	0	-1	-1	5339	5339	5339	5339	5339
6861	5342	5342	5342	5342	5342	5342	5342	5342	5342	5342	5342	0	-1	-1	5342	5342	5342	5342	5342
6862	5342	5342	5342	5342	5342	5342	5342	5342	5342	5342	5342	0	-1	-1	5342	5342	5342	5342	5342
6863	5342	5342	5342	5342	5342	5342	5342	5342	5342	5342	5342	0	-1	-1	5342	5342	5342	5342	5342
6864	5342	5342	5342	5342	5342	5342	5342	5342	5342	5342	5342	0	-1	-1	5342	5342	5342	5342	5342
6865	5343	5343	5343	5343	5343	5343	5343	5343	5343	5343	5343	0	-1	-1	5343	5343	5343	5343	5343
6866	5343	5343	5343	5343	5343	5343	5343	5343	5343	5343	5343	0	-1	-1	5343	5343	5343	5343	5343
6867	5343	5343	5343	5343	5343	5343	5343	5343	5343	5343	5343	0	-1	-1	5343	5343	5343	5343	5343
6868	5343	5343	5343	5343	5343	5343	5343	5343	5343	5343	5343	0	-1	-1	5343	5343	5343	5343	5343
6869	5344	5344	5344	5344	5344	5344	5344	5344	5344	5344	5344	0	-1	-1	5344	5344	5344	5344	5344
6870	5345	5345	5345	5345	5345	5345	5345	5345	5345	5345	5345	0	-1	-1	5345	5345	5345	5345	5345
6871	5346	5346	5346	5346	5346	5346	5346	5346	5346	5346	5346	0	-1	-1	5346	5346	5346	5346	5346
6872	5346	5346	5346	5346	5346	5346	5346	5346	5346	5346	5346	0	-1	-1	5346	5346	5346	5346	5346
6873	5347	5347	5347	5347	5347	5347	5347	5347	5347	5347	5347	0	-1	-1	5347	5347	5347	5347	5347
6874	5347	5347	5347	5347	5347	5347	5347	5347	5347	5347	5347	0	-1	-1	5347	5347	5347	5347	5347
6875	5346	5346	5346	5346	5346	5346	5346	5346	5346	5346	5346	0	-1	-1	5346	5346	5346	5346	5346
6876	5346	5346	5346	5346	5346	5346	5346	5346	5346	5346	5346	0	-1	-1	5346	5346	5346	5346	5346
6877	5347	5347	5347	5347	5347	5347	5347	5347	5347	5347	5347	0	-1	-1	5347	5347	5347	5347	5347
6878	5347	5347	5347	5347	5347	5347	5347	5347	5347	5347	5347	0	-1	-1	5347	5347	5347	5347	5347
6879	5348	5348	5348	5348	5348	5348	5348	5348	5348	5348	5348	0	-1	-1	5348	5348	5348	5348	5348
6880	5349	5349	5349	5349	5349	5349	5349	5349	5349	5349	5349	0	-1	-1	5349	5349	5349	5349	5349
6881	459	459	459	459	459	459	459	459	459	459	10	0	-1	-1	459	10	459	459	459
6882	459	459	459	459	459	459	459	459	459	459	10	0	-1	-1	459	10	459	459	459
6883	5350	5350	5350	5350	5350	5350	5350	5350	5350	5350	5350	0	-1	-1	5350	5350	5350	5350	5350
6884	7	7	7	7	7	7	7	7	7	7	9	0	-1	-1	7	7	7	7	7
6885	7	7	7	7	7	7	7	7	7	7	9	0	-1	-1	7	7	7	7	7
6886	394	394	394	394	394	394	394	394	394	394	9	0	-1	-1	394	394	394	394	394
6887	10	10	10	10	10	10	10	10	10	10	9	0	-1	-1	10	10	10	10	10
6888	10	10	10	10	10	10	10	10	10	10	9	0	-1	-1	10	10	10	10	10
6889	77	77	77	77	77	77	77	77	77	77	9	0	-1	-1	77	77	77	77	77
6890	459	459	459	459	459	459	459	459	459	459	9	0	-1	-1	459	459	459	459	459
6891	7	7	7	7	7	7	7	7	7	7	9	0	-1	-1	7	7	7	7	7
6892	10	10	10	10	10	10	10	10	10	10	9	0	-1	-1	10	10	10	10	10
6893	10	10	10	10	10	10	10	10	10	10	9	0	-1	-1	10	10	10	10	10
6894	77	77	77	77	77	77	77	77	77	77	9	0	-1	-1	77	77	77	77	77
6895	459	459	459	459	459	459	459	459	459	459	9	0	-1	-1	459	459	459	459	459
6896	7	7	7	7	7	7	7	7	7	7	9	0	-1	-1	7	7	7	7	7
6897	8	8	8	8	8	8	8	8	8	8	9	0	-1	-1	8	8	8	8	8
6898	394	394	394	394	394	394	394	394	394	394	9	0	-1	-1	394	394	394	394	394
6899	10	10	10	10	10	10	10	10	10	10	9	0	-1	-1	10	10	10	10	10
6900	10	10	10	10	10	10	10	10	10	10	9	0	-1	-1	10	10	10	10	10
6901	77	77	77	77	77	77	77	77	77	77	9	0	-1	-1	77	77	77	77	77
6902	459	459	459	459	459	459	459	459	459	459	9	0	-1	-1	459	459	459	459	459
6903	7	7	7	7	7	7	7	7	7	7	9	0	-1	-1	7	7	7	7	7
6904	10	10	10	10	10	10	10	10	10	10	9	0	-1	-1	10	10	10	10	10
6905	10	10	10	10	10	10	10	10	10	10	9	0	-1	-1	10	10	10	10	10
6906	77	77	77	77	77	77	77	77	77	77	9	0	-1	-1	77	77	77	77	77
6907	459	459	459	459	459	459	459	459	459	459	9	0	-1	-1	459	459	459	459	459
6908	5351	5351	5351	5351	5351	5351	5351	5351	5351	5351	5351	0	-1	-1	5351	5351	5351	5351	5351
6909	5352	5352	5352	5352	5352	5352	5352	5352	5352	5352	5352	0	-1	-1	5352	5352	5352	5352	5352
6910	5352	5352	5352	5352	5352	5352	5352	5352	5352	5352	5352	0	-1	-1	5352	5352	5352	5352	5352
6911	5353	5353	5353	5353	5353	5353	5353	5353	5353	5353	5353	0	-1	-1	5353	5353	5353	5353	5353
6912	5353	5353	5353	5353	5353	5353	5353	5353	5353	5353	5353	0	-1	-1	5353	5353	5353	5353	5353
6913	5354	5354	5354	5354	5354	5354	5354	5354	5354	5354	5354	0	-1	-1	5354	5354	5354	5354	5354
6914	5354	5354	5354	5354	5354	5354	5354	5354	5354	5354	5354	0	-1	-1	5354	5354	5354	5354	5354
6915	5354	5354	5354	5354	5354	5354	5354	5354	5354	5354	5354	0	-1	-1	5354	5354	5354	5354	5354
6916	7	7	7	7	7	7	7	7	7	7	9	0	-1	-1	7	7	7	7	7
6917	8	8	8	8	8	8	8	8	8	8	9	0	-1	-1	8	8	8	8	8
6918	5355	5355	5355	5355	5355	5355	5355	5355	5355	5355	9	0	-1	-1	5355	5355	5355	5355	5355
6919	10	10	10	10	10	10	10	10	10	10	9	0	-1	-1	10	10	10	10	10
6920	10	10	10	10	10	10	10	10	10	10	9	0	-1	-1	10	10	10	10	10
6921	77	77	77	77	77	77	77	77	77	77	9	0	-1	-1	77	77	77	77	77
6922	459	459	459	459	459	459	459	459	459	459	9	0	-1	-1	459	459	459	459	459
6923	7	7	7	7	7	7	7	7	7	7	9	0	-1	-1	7	7	7	7	7
6924	10	10	10	10	10	10	10	10	10	10	9	0	-1	-1	10	10	10	10	10
6925	10	10	10	10	10	10	10	10	10	10	9	0	-1	-1	10	10	10	10	10
6926	77	77	77	77	77	77	77	77	77	77	9	0	-1	-1	77	77	77	77	77
6927	459	459	459	459	459	459	459	459	459	459	9	0	-1	-1	459	459	459	459	459
6928	5356	5356	5356	5356	5356	5356	5356	5356	5356	5356	5356	0	-1	-1	5356	5356	5356	5356	5356
6929	5356	5356	5356	5356	5356	5356	5356	5356	5356	5356	5356	0	-1	-1	5356	5356	5356	5356	5356
6930	5356	5356	5356	5356	5356	5356	5356	5356	5356	5356	5356	0	-1	-1	5356	5356	5356	5356	5356
6931	5356	5356	5356	5356	5356	5356	5356	5356	5356	5356	5356	0	-1	-1	5356	5356	5356	5356	5356
6932	5356	5356	5356	5356	5356	5356	5356	5356	5356	5356	5356	0	-1	-1	5356	5356	5356	5356	5356
6933	5357	5357	5357	5357	5357	5357	5357	5357	5357	5357	5357	0	-1	-1	5357	5357	5357	5357	5357
6934	5357	5357	5357	5357	5357	5357	5357	5357	5357	5357	5357	0	-1	-1	5357	5357	5357	5357	5357
6935	5357	5357	5357	5357	5357	5357	5357	5357	5357	5357	5357	0	-1	-1	5357	5357	5357	5357	5357
6936	5357	5357	5357	5357	5357	5357	5357	5357	5357	5357	5357	0	-1	-1	5357	5357	5357	5357	5357
6937	5358	5358	5358	5358	5358	5358	5358	5358	5358	5358	5358	0	-1	-1	5358	5358	5358	5358	5358
6938	5358	5358	5358	5358	5358	5358	5358	5358	5358	5358	5358	0	-1	-1	5358	5358	5358	5358	5358
6939	5358	5358	5358	5358	5358	5358	5358	5358	5358	5358	5358	0	-1	-1	5358	5358	5358	5358	5358
6940	5358	5358	5358	5358	5358	5358	5358	5358	5358	5358	5358	0	-1	-1	5358	5358	5358	5358	5358
6941	5344	5344	5344	5344	5344	5344	5344	5344	5344	5344	5344	0	-1	-1	5344	5344	5344	5344	5344
6942	5345	5345	5345	5345	5345	5345	5345	5345	5345	5345	5345	0	-1	-1	5345	5345	5345	5345	5345
6943	5359	5359	5359	5359	5359	5359	5359	5359	5359	5359	5359	0	-1	-1	5359	5359	5359	5359	5359
6944	5359	5359	5359	5359	5359	5359	5359	5359	5359	5359	5359	0	-1	-1	5359	5359	5359	5359	5359
6945	5344	5344	5344	5344	5344	5344	5344	5344	5344	5344	5344	0	-1	-1	5344	5344	5344	5344	5344
6946	5347	5347	5347	5347	5347	5347	5347	5347	5347	5347	5347	0	-1	-1	5347	5347	5347	5347	5347
6947	5359	5359	5359	5359	5359	5359	5359	5359	5359	5359	5359	0	-1	-1	5359	5359	5359	5359	5359
6948	5359	5359	5359	5359	5359	5359	5359	5359	5359	5359	5359	0	-1	-1	5359	5359	5359	5359	5359
6949	5344	5344	5344	5344	5344	5344	5344	5344	5344	5344	5344	0	-1	-1	5344	5344	5344	5344	5344
6950	5347	5347	5347	5347	5347	5347	5347	5347	5347	5347	5347	0	-1	-1	5347	5347	5347	5347	5347
6951	5360	5360	5360	5360	5360	5360	5360	5360	5360	5360	5360	0	-1	-1	5360	5360	5360	5360	5360
6952	5360	5360	5360	5360	5360	5360	5360	5360	5360	5360	5360	0	-1	-1	5360	5360	5360	5360	5360
6953	5360	5360	5360	5360	5360	5360	5360	5360	5360	5360	5360	0	-1	-1	5360	5360	5360	5360	5360
6954	5360	5360	5360	5360	5360	5360	5360	5360	5360	5360	5360	0	-1	-1	5360	5360	5360	5360	5360
6955	5361	5361	5361	5361	5361	5361	5361	5361	5361	5361	5361	0	-1	-1	5361	5361	5361	5361	5361
6956	5361	5361	5361	5361	5361	5361	5361	5361	5361	5361	5361	0	-1	-1	5361	5361	5361	5361	5361
6957	5362	5362	5362	5362	5362	5362	5362	5362	5362	5362	5362	0	-1	-1	5362	5362	5362	5362	5362
6958	5361	5361	5361	5361	5361	5361	5361	5361	5361	5361	5361	0	-1	-1	5361	5361	5361	5361	5361
6959	5361	5361	5361	5361	5361	5361	5361	5361	5361	5361	5361	0	-1	-1	5361	5361	5361	5361	5361
6960	5362	5362	5362	5362	5362	5362	5362	5362	5362	5362	5362	0	-1	-1	5362	5362	5362	5362	5362
6961	5363	5363	5363	5363	5363	5363	5363	5363	5363	5363	5363	0	-1	-1	5363	5363	5363	5363	5363
6962	5364	5364	5364	5364	5364	5364	5364	5364	5364	5364	5364	0	-1	-1	5364	5364	5364	5364	5364
6963	5029	5029	5029	5029	5029	5029	5029	5029	5029	5029	5029	0	-1	-1	5029	5029	5029	5029	5029
6964	5029	5029	5029	5029	5029	5029	5029	5029	5029	5029	5029	0	-1	-1	5029	5029	5029	5029	5029
6965	5365	5365	5365	5365	5365	5365	5365	5365	5365	5365	5365	0	-1	-1	5365	5365	5365	5365	5365
6966	5366	5366	5366	5366	5366	5366	5366	5366	5366	5366	5366	0	-1	-1	5366	5366	5366	5366	5366
6967	5029	5029	5029	5029	5029	5029	5029	5029	5029	5029	5029	0	-1	-1	5029	5029	5029	5029	5029
6968	5029	5029	5029	5029	5029	5029	5029	5029	5029	5029	5029	0	-1	-1	5029	5029	5029	5029	5029
6969	5032	5032	5032	5032	5032	5032	5032	5032	5032	5032	5032	0	-1	-1	5032	5032	5032	5032	5032
6970	5367	5367	5367	5367	5367	5367	5367	5367	5367	5367	5367	0	-1	-1	5367	5367	5367	5367	5367
6971	5367	5367	5367	5367	5367	5367	5367	5367	5367	5367	5367	0	-1	-1	5367	5367	5367	5367	5367
6972	5367	5367	5367	5367	5367	5367	5367	5367	5367	5367	5367	0	-1	-1	5367	5367	5367	5367	5367
6973	5367	5367	5367	5367	5367	5367	5367	5367	5367	5367	5367	0	-1	-1	5367	5367	5367	5367	5367
6974	5029	5029	5029	5029	5029	5029	5029	5029	5029	5029	5029	0	-1	-1	5029	5029	5029	5029	5029
6975	5029	5029	5029	5029	5029	5029	5029	5029	5029	5029	5029	0	-1	-1	5029	5029	5029	5029	5029
6976	5032	5032	5032	5032	5032	5032	5032	5032	5032	5032	5032	0	-1	-1	5032	5032	5032	5032	5032
6977	5344	5344	5344	5344	5344	5344	5344	5344	5344	5344	5344	0	-1	-1	5344	5344	5344	5344	5344
6978	5368	5368	5368	5368	5368	5368	5368	5368	5368	5368	5368	0	-1	-1	5368	5368	5368	5368	5368
6979	5346	5346	5346	5346	5346	5346	5346	5346	5346	5346	5346	0	-1	-1	5346	5346	5346	5346	5346
6980	5346	5346	5346	5346	5346	5346	5346	5346	5346	5346	5346	0	-1	-1	5346	5346	5346	5346	5346
6981	5344	5344	5344	5344	5344	5344	5344	5344	5344	5344	5344	0	-1	-1	5344	5344	5344	5344	5344
6982	5347	5347	5347	5347	5347	5347	5347	5347	5347	5347	5347	0	-1	-1	5347	5347	5347	5347	5347
6983	5346	5346	5346	5346	5346	5346	5346	5346	5346	5346	5346	0	-1	-1	5346	5346	5346	5346	5346
6984	5346	5346	5346	5346	5346	5346	5346	5346	5346	5346	5346	0	-1	-1	5346	5346	5346	5346	5346
6985	5347	5347	5347	5347	5347	5347	5347	5347	5347	5347	5347	0	-1	-1	5347	5347	5347	5347	5347
6986	5347	5347	5347	5347	5347	5347	5347	5347	5347	5347	5347	0	-1	-1	5347	5347	5347	5347	5347
6987	5369	5369	5369	5369	5369	5369	5369	5369	5369	5369	5369	0	-1	-1	5369	5369	5369	5369	5369
6988	5369	5369	5369	5369	5369	5369	5369	5369	5369	5369	5369	0	-1	-1	5369	5369	5369	5369	5369
6989	5370	5370	5370	5370	5370	5370	5370	5370	5370	5370	5370	0	-1	-1	5370	5370	5370	5370	5370
6990	5370	5370	5370	5370	5370	5370	5370	5370	5370	5370	5370	0	-1	-1	5370	5370	5370	5370	5370
6991	5369	5369	5369	5369	5369	5369	5369	5369	5369	5369	5369	0	-1	-1	5369	5369	5369	5369	5369
6992	5371	5371	5371	5371	5371	5371	5371	5371	5371	5371	5371	0	-1	-1	5371	5371	5371	5371	5371
6993	5370	5370	5370	5370	5370	5370	5370	5370	5370	5370	5370	0	-1	-1	5370	5370	5370	5370	5370
6994	5370	5370	5370	5370	5370	5370	5370	5370	5370	5370	5370	0	-1	-1	5370	5370	5370	5370	5370
6995	5371	5371	5371	5371	5371	5371	5371	5371	5371	5371	5371	0	-1	-1	5371	5371	5371	5371	5371
6996	5371	5371	5371	5371	5371	5371	5371	5371	5371	5371	5371	0	-1	-1	5371	5371	5371	5371	5371
6997	5372	5372	5372	5372	5372	5372	5372	5372	5372	5372	5372	0	-1	-1	5372	5372	5372	5372	5372
6998	5373	5373	5373	5373	5373	5373	5373	5373	5373	5373	5373	0	-1	-1	5373	5373	5373	5373	5373
6999	5374	5374	5374	5374	5374	5374	5374	5374	5374	5374	5374	0	-1	-1	5374	5374	5374	5374	5374
7000	5375	5375	5375	5375	5375	5375	5375	5375	5375	5375	5375	0	-1	-1	5375	5375	5375	5375	5375
7001	5376	5376	5376	5376	5376	5376	5376	5376	5376	5376	5376	0	-1	-1	5376	5376	5376	5376	5376
7002	5344	5344	5344	5344	5344	5344	5344	5344	5344	5344	5344	0	-1	-1	5344	5344	5344	5344	5344
7003	5377	5377	5377	5377	5377	5377	5377	5377	5377	5377	5377	0	-1	-1	5377	5377	5377	5377	5377
7004	5346	5346	5346	5346	5346	5346	5346	5346	5346	5346	5346	0	-1	-1	5346	5346	5346	5346	5346
7005	5346	5346	5346	5346	5346	5346	5346	5346	5346	5346	5346	0	-1	-1	5346	5346	5346	5346	5346
7006	5344	5344	5344	5344	5344	5344	5344	5344	5344	5344	5344	0	-1	-1	5344	5344	5344	5344	5344
7007	5347	5347	5347	5347	5347	5347	5347	5347	5347	5347	5347	0	-1	-1	5347	5347	5347	5347	5347
7008	5346	5346	5346	5346	5346	5346	5346	5346	5346	5346	5346	0	-1	-1	5346	5346	5346	5346	5346
7009	5346	5346	5346	5346	5346	5346	5346	5346	5346	5346	5346	0	-1	-1	5346	5346	5346	5346	5346
7010	5344	5344	5344	5344	5344	5344	5344	5344	5344	5344	5344	0	-1	-1	5344	5344	5344	5344	5344
7011	5347	5347	5347	5347	5347	5347	5347	5347	5347	5347	5347	0	-1	-1	5347	5347	5347	5347	5347
7012	5378	5378	5378	5378	5378	5378	5378	5378	5378	5378	5378	0	-1	-1	5378	5378	5378	5378	5378
7013	5378	5378	5378	5378	5378	5378	5378	5378	5378	5378	5378	0	-1	-1	5378	5378	5378	5378	5378
7014	5379	5379	5379	5379	5379	5379	5379	5379	5379	5379	5379	0	-1	-1	5379	5379	5379	5379	5379
7015	5380	5380	5380	5380	5380	5380	5380	5380	5380	5380	5380	0	-1	-1	5380	5380	5380	5380	5380
7016	5380	5380	5380	5380	5380	5380	5380	5380	5380	5380	5380	0	-1	-1	5380	5380	5380	5380	5380
7017	5379	5379	5379	5379	5379	5379	5379	5379	5379	5379	5379	0	-1	-1	5379	5379	5379	5379	5379
7018	5380	5380	5380	5380	5380	5380	5380	5380	5380	5380	5380	0	-1	-1	5380	5380	5380	5380	5380
7019	5380	5380	5380	5380	5380	5380	5380	5380	5380	5380	5380	0	-1	-1	5380	5380	5380	5380	5380
7020	5381	5381	5381	5381	5381	5381	5381	5381	5381	5381	5381	0	-1	-1	5381	5381	5381	5381	5381
7021	5029	5029	5029	5029	5029	5029	5029	5029	5029	5029	5029	0	-1	-1	5029	5029	5029	5029	5029
7022	5382	5382	5382	5382	5382	5382	5382	5382	5382	5382	5382	0	-1	-1	5382	5382	5382	5382	5382
7023	5383	5383	5383	5383	5383	5383	5383	5383	5383	5383	5383	0	-1	-1	5383	5383	5383	5383	5383
7024	5384	5384	5384	5384	5384	5384	5384	5384	5384	5384	5384	0	-1	-1	5384	5384	5384	5384	5384
7025	5383	5383	5383	5383	5383	5383	5383	5383	5383	5383	5383	0	-1	-1	5383	5383	5383	5383	5383
7026	5385	5385	5385	5385	5385	5385	5385	5385	5385	5385	5385	0	-1	-1	5385	5385	5385	5385	5385
7027	5385	5385	5385	5385	5385	5385	5385	5385	5385	5385	5385	0	-1	-1	5385	5385	5385	5385	5385
7028	5383	5383	5383	5383	5383	5383	5383	5383	5383	5383	5383	1	-1	-1	5383	5383	5383	5383	5383
7029	5383	5383	5383	5383	5383	5383	5383	5383	5383	5383	5383	1	-1	-1	5383	5383	5383	5383	5383
7030	5383	5383	5383	5383	5383	5383	5383	5383	5383	5383	5383	1	-1	-1	5383	5383	5383	5383	5383
7031	5384	5384	5384	5384	5384	5384	5384	5384	5384	5384	5384	0	-1	-1	5384	5384	5384	5384	5384
7032	5383	5383	5383	5383	5383	5383	5383	5383	5383	5383	5383	0	-1	-1	5383	5383	5383	5383	5383
7033	5385	5385	5385	5385	5385	5385	5385	5385	5385	5385	5385	0	-1	-1	5385	5385	5385	5385	5385
7034	5385	5385	5385	5385	5385	5385	5385	5385	5385	5385	5385	0	-1	-1	5385	5385	5385	5385	5385
7035	5386	5386	5386	5386	5386	5386	5386	5386	5386	5386	5386	0	-1	-1	5386	5386	5386	5386	5386
7036	5386	5386	5386	5386	5386	5386	5386	5386	5386	5386	5386	0	-1	-1	5386	5386	5386	5386	5386
7037	5387	5387	5387	5387	5387	5387	5387	5387	5387	5387	5387	0	-1	-1	5387	5387	5387	5387	5387
7038	5029	5029	5029	5029	5029	5029	5029	5029	5029	5029	5029	0	-1	-1	5029	5029	5029	5029	5029
7039	5029	5029	5029	5029	5029	5029	5029	5029	5029	5029	5029	0	-1	-1	5029	5029	5029	5029	5029
7040	5032	5032	5032	5032	5032	5032	5032	5032	5032	5032	5032	0	-1	-1	5032	5032	5032	5032	5032
7041	5388	5388	5388	5388	5388	5388	5388	5388	5388	5388	5388	0	-1	-1	5388	5388	5388	5388	5388
7042	5389	5389	5389	5389	5389	5389	5389	5389	5389	5389	5389	0	-1	-1	5389	5389	5389	5389	5389
7043	5390	5390	5390	5390	5390	5390	5390	5390	5390	5390	5390	0	-1	-1	5390	5390	5390	5390	5390
7044	5391	5391	5391	5391	5391	5391	5391	5391	5391	5391	5391	0	-1	-1	5391	5391	5391	5391	5391
7045	5391	5391	5391	5391	5391	5391	5391	5391	5391	5391	5391	0	-1	-1	5391	5391	5391	5391	5391
7046	5388	5388	5388	5388	5388	5388	5388	5388	5388	5388	5388	1	-1	-1	5388	5388	5388	5388	5388
7047	5388	5388	5388	5388	5388	5388	5388	5388	5388	5388	5388	1	-1	-1	5388	5388	5388	5388	5388
7048	5388	5388	5388	5388	5388	5388	5388	5388	5388	5388	5388	1	-1	-1	5388	5388	5388	5388	5388
7049	5391	5391	5391	5391	5391	5391	5391	5391	5391	5391	5391	0	-1	-1	5391	5391	5391	5391	5391
7050	5391	5391	5391	5391	5391	5391	5391	5391	5391	5391	5391	0	-1	-1	5391	5391	5391	5391	5391
7051	5028	5028	5028	5028	5028	5028	5028	5028	5028	5028	5028	0	-1	-1	5028	5028	5028	5028	5028
7052	5030	5030	5030	5030	5030	5030	5030	5030	5030	5030	5030	0	-1	-1	5030	5030	5030	5030	5030
7053	5028	5028	5028	5028	5028	5028	5028	5028	5028	5028	5028	0	-1	-1	5028	5028	5028	5028	5028
7054	5031	5031	5031	5031	5031	5031	5031	5031	5031	5031	5031	0	-1	-1	5031	5031	5031	5031	5031
7055	5392	5392	5392	5392	5392	5392	5392	5392	5392	5392	5392	0	-1	-1	5392	5392	5392	5392	5392
7056	5392	5392	5392	5392	5392	5392	5392	5392	5392	5392	5392	0	-1	-1	5392	5392	5392	5392	5392
7057	5392	5392	5392	5392	5392	5392	5392	5392	5392	5392	5392	0	-1	-1	5392	5392	5392	5392	5392
7058	5392	5392	5392	5392	5392	5392	5392	5392	5392	5392	5392	0	-1	-1	5392	5392	5392	5392	5392
7059	5393	5393	5393	5393	5393	5393	5393	5393	5393	5393	5393	0	-1	-1	5393	5393	5393	5393	5393
7060	5394	5394	5394	5394	5394	5394	5394	5394	5394	5394	5394	0	-1	-1	5394	5394	5394	5394	5394
7061	5395	5395	5395	5395	5395	5395	5395	5395	5395	5395	5395	0	-1	-1	5395	5395	5395	5395	5395
7062	5395	5395	5395	5395	5395	5395	5395	5395	5395	5395	5395	0	-1	-1	5395	5395	5395	5395	5395
7063	5395	5395	5395	5395	5395	5395	5395	5395	5395	5395	5395	0	-1	-1	5395	5395	5395	5395	5395
7064	5395	5395	5395	5395	5395	5395	5395	5395	5395	5395	5395	0	-1	-1	5395	5395	5395	5395	5395
7065	5396	5396	5396	5396	5396	5396	5396	5396	5396	5396	5396	0	-1	-1	5396	5396	5396	5396	5396
7066	5029	5029	5029	5029	5029	5029	5029	5029	5029	5029	5029	0	-1	-1	5029	5029	5029	5029	5029
7067	5397	5397	5397	5397	5397	5397	5397	5397	5397	5397	5397	0	-1	-1	5397	5397	5397	5397	5397
7068	5398	5398	5398	5398	5398	5398	5398	5398	5398	5398	5398	0	-1	-1	5398	5398	5398	5398	5398
7069	5399	5399	5399	5399	5399	5399	5399	5399	5399	5399	5399	0	-1	-1	5399	5399	5399	5399	5399
7070	5400	5400	5400	5400	5400	5400	5400	5400	5400	5400	5400	0	-1	-1	5400	5400	5400	5400	5400
7071	5400	5400	5400	5400	5400	5400	5400	5400	5400	5400	5400	0	-1	-1	5400	5400	5400	5400	5400
7072	5400	5400	5400	5400	5400	5400	5400	5400	5400	5400	5400	0	-1	-1	5400	5400	5400	5400	5400
7073	5400	5400	5400	5400	5400	5400	5400	5400	5400	5400	5400	0	-1	-1	5400	5400	5400	5400	5400
7074	5401	5401	5401	5401	5401	5401	5401	5401	5401	5401	5401	0	-1	-1	5401	5401	5401	5401	5401
7075	5029	5029	5029	5029	5029	5029	5029	5029	5029	5029	5029	0	-1	-1	5029	5029	5029	5029	5029
7076	5402	5402	5402	5402	5402	5402	5402	5402	5402	5402	5402	0	-1	-1	5402	5402	5402	5402	5402
7077	5403	5403	5403	5403	5403	5403	5403	5403	5403	5403	5403	0	-1	-1	5403	5403	5403	5403	5403
7078	5404	5404	5404	5404	5404	5404	5404	5404	5404	5404	5404	0	-1	-1	5404	5404	5404	5404	5404
7079	5404	5404	5404	5404	5404	5404	5404	5404	5404	5404	5404	0	-1	-1	5404	5404	5404	5404	5404
7080	5403	5403	5403	5403	5403	5403	5403	5403	5403	5403	5403	0	-1	-1	5403	5403	5403	5403	5403
7081	5404	5404	5404	5404	5404	5404	5404	5404	5404	5404	5404	0	-1	-1	5404	5404	5404	5404	5404
7082	5404	5404	5404	5404	5404	5404	5404	5404	5404	5404	5404	0	-1	-1	5404	5404	5404	5404	5404
7083	5405	5405	5405	5405	5405	5405	5405	5405	5405	5405	5405	0	-1	-1	5405	5405	5405	5405	5405
7084	5406	5406	5406	5406	5406	5406	5406	5406	5406	5406	5406	0	-1	-1	5406	5406	5406	5406	5406
7085	4256	4256	4256	4256	4256	4256	4256	4256	4256	4256	4256	0	-1	-1	4256	4256	4256	4256	4256
7086	5407	5407	5407	5407	5407	5407	5407	5407	5407	5407	5407	0	-1	-1	5407	5407	5407	5407	5407
7087	5408	5408	5408	5408	5408	5408	5408	5408	5408	5408	5408	0	-1	-1	5408	5408	5408	5408	5408
7088	5406	5406	5406	5406	5406	5406	5406	5406	5406	5406	5406	0	-1	-1	5406	5406	5406	5406	5406
7089	5409	5409	5409	5409	5409	5409	5409	5409	5409	5409	5409	1	-1	-1	5409	5409	5409	5409	5409
7090	5409	5409	5409	5409	5409	5409	5409	5409	5409	5409	5409	1	-1	-1	5409	5409	5409	5409	5409
7091	5409	5409	5409	5409	5409	5409	5409	5409	5409	5409	5409	1	-1	-1	5409	5409	5409	5409	5409
7092	5410	5410	5410	5410	5410	5410	5410	5410	5410	5410	5410	1	-1	-1	5410	5410	5410	5410	5410
7093	5410	5410	5410	5410	5410	5410	5410	5410	5410	5410	5410	1	-1	-1	5410	5410	5410	5410	5410
7094	5409	5409	5409	5409	5409	5409	5409	5409	5409	5409	5409	1	-1	-1	5409	5409	5409	5409	5409
7095	5409	5409	5409	5409	5409	5409	5409	5409	5409	5409	5409	1	-1	-1	5409	5409	5409	5409	5409
7096	5409	5409	5409	5409	5409	5409	5409	5409	5409	5409	5409	1	-1	-1	5409	5409	5409	5409	5409
7097	5409	5409	5409	5409	5409	5409	5409	5409	5409	5409	5409	1	-1	-1	5409	5409	5409	5409	5409
7098	5409	5409	5409	5409	5409	5409	5409	5409	5409	5409	5409	1	-1	-1	5409	5409	5409	5409	5409
7099	5409	5409	5409	5409	5409	5409	5409	5409	5409	5409	5409	1	-1	-1	5409	5409	5409	5409	5409
7100	5410	5410	5410	5410	5410	5410	5410	5410	5410	5410	5410	1	-1	-1	5410	5410	5410	5410	5410
7101	5410	5410	5410	5410	5410	5410	5410	5410	5410	5410	5410	1	-1	-1	5410	5410	5410	5410	5410
7102	5409	5409	5409	5409	5409	5409	5409	5409	5409	5409	5409	1	-1	-1	5409	5409	5409	5409	5409
7103	5409	5409	5409	5409	5409	5409	5409	5409	5409	5409	5409	1	-1	-1	5409	5409	5409	5409	5409
7104	5409	5409	5409	5409	5409	5409	5409	5409	5409	5409	5409	1	-1	-1	5409	5409	5409	5409	5409
7105	5409	5409	5409	5409	5409	5409	5409	5409	5409	5409	5409	1	-1	-1	5409	5409	5409	5409	5409
7106	5409	5409	5409	5409	5409	5409	5409	5409	5409	5409	5409	1	-1	-1	5409	5409	5409	5409	5409
7107	5409	5409	5409	5409	5409	5409	5409	5409	5409	5409	5409	1	-1	-1	5409	5409	5409	5409	5409
7108	5409	5409	5409	5409	5409	5409	5409	5409	5409	5409	5409	1	-1	-1	5409	5409	5409	5409	5409
7109	5409	5409	5409	5409	5409	5409	5409	5409	5409	5409	5409	1	-1	-1	5409	5409	5409	5409	5409
7110	5409	5409	5409	5409	5409	5409	5409	5409	5409	5409	5409	1	-1	-1	5409	5409	5409	5409	5409
7111	5409	5409	5409	5409	5409	5409	5409	5409	5409	5409	5409	1	-1	-1	5409	5409	5409	5409	5409
7112	5409	5409	5409	5409	5409	5409	5409	5409	5409	5409	5409	1	-1	-1	5409	5409	5409	5409	5409
7113	5409	5409	5409	5409	5409	5409	5409	5409	5409	5409	5409	1	-1	-1	5409	5409	5409	5409	5409
7114	5409	5409	5409	5409	5409	5409	5409	5409	5409	5409	5409	1	-1	-1	5409	5409	5409	5409	5409
7115	5409	5409	5409	5409	5409	5409	5409	5409	5409	5409	5409	1	-1	-1	5409	5409	5409	5409	5409
7116	5409	5409	5409	5409	5409	5409	5409	5409	5409	5409	5409	1	-1	-1	5409	5409	5409	5409	5409
7117	5410	5410	5410	5410	5410	5410	5410	5410	5410	5410	5410	1	-1	-1	5410	5410	5410	5410	5410
7118	5410	5410	5410	5410	5410	5410	5410	5410	5410	5410	5410	1	-1	-1	5410	5410	5410	5410	5410
7119	5409	5409	5409	5409	5409	5409	5409	5409	5409	5409	5409	1	-1	-1	5409	5409	5409	5409	5409
7120	5409	5409	5409	5409	5409	5409	5409	5409	5409	5409	5409	1	-1	-1	5409	5409	5409	5409	5409
7121	5409	5409	5409	5409	5409	5409	5409	5409	5409	5409	5409	1	-1	-1	5409	5409	5409	5409	5409
7122	5409	5409	5409	5409	5409	5409	5409	5409	5409	5409	5409	1	-1	-1	5409	5409	5409	5409	5409
7123	5409	5409	5409	5409	5409	5409	5409	5409	5409	5409	5409	1	-1	-1	5409	5409	5409	5409	5409
7124	5409	5409	5409	5409	5409	5409	5409	5409	5409	5409	5409	1	-1	-1	5409	5409	5409	5409	5409
7125	5410	5410	5410	5410	5410	5410	5410	5410	5410	5410	5410	1	-1	-1	5410	5410	5410	5410	5410
7126	5410	5410	5410	5410	5410	5410	5410	5410	5410	5410	5410	1	-1	-1	5410	5410	5410	5410	5410
7127	5409	5409	5409	5409	5409	5409	5409	5409	5409	5409	5409	1	-1	-1	5409	5409	5409	5409	5409
7128	5409	5409	5409	5409	5409	5409	5409	5409	5409	5409	5409	1	-1	-1	5409	5409	5409	5409	5409
7129	5409	5409	5409	5409	5409	5409	5409	5409	5409	5409	5409	1	-1	-1	5409	5409	5409	5409	5409
7130	5409	5409	5409	5409	5409	5409	5409	5409	5409	5409	5409	1	-1	-1	5409	5409	5409	5409	5409
7131	5409	5409	5409	5409	5409	5409	5409	5409	5409	5409	5409	1	-1	-1	5409	5409	5409	5409	5409
7132	5409	5409	5409	5409	5409	5409	5409	5409	5409	5409	5409	1	-1	-1	5409	5409	5409	5409	5409
7133	5409	5409	5409	5409	5409	5409	5409	5409	5409	5409	5409	1	-1	-1	5409	5409	5409	5409	5409
7134	5409	5409	5409	5409	5409	5409	5409	5409	5409	5409	5409	1	-1	-1	5409	5409	5409	5409	5409
7135	5409	5409	5409	5409	5409	5409	5409	5409	5409	5409	5409	1	-1	-1	5409	5409	5409	5409	5409
7136	5409	5409	5409	5409	5409	5409	5409	5409	5409	5409	5409	1	-1	-1	5409	5409	5409	5409	5409
7137	5409	5409	5409	5409	5409	5409	5409	5409	5409	5409	5409	1	-1	-1	5409	5409	5409	5409	5409
7138	5409	5409	5409	5409	5409	5409	5409	5409	5409	5409	5409	1	-1	-1	5409	5409	5409	5409	5409
7139	5411	5411	5411	5411	5411	5411	5411	5411	5411	5411	5411	1	-1	-1	5411	5411	5411	5411	5411
7140	5412	5412	5412	5412	5412	5412	5412	5412	5412	5412	5412	1	-1	-1	5412	5412	5412	5412	5412
7141	5412	5412	5412	5412	5412	5412	5412	5412	5412	5412	5412	1	-1	-1	5412	5412	5412	5412	5412
7142	5413	5413	5413	5413	5413	5413	5413	5413	5413	5413	5413	1	-1	-1	5413	5413	5413	5413	5413
7143	5413	5413	5413	5413	5413	5413	5413	5413	5413	5413	5413	1	-1	-1	5413	5413	5413	5413	5413
7144	5411	5411	5411	5411	5411	5411	5411	5411	5411	5411	5411	1	-1	-1	5411	5411	5411	5411	5411
7145	5411	5411	5411	5411	5411	5411	5411	5411	5411	5411	5411	1	-1	-1	5411	5411	5411	5411	5411
7146	5411	5411	5411	5411	5411	5411	5411	5411	5411	5411	5411	1	-1	-1	5411	5411	5411	5411	5411
7147	5413	5413	5413	5413	5413	5413	5413	5413	5413	5413	5413	1	-1	-1	5413	5413	5413	5413	5413
7148	5413	5413	5413	5413	5413	5413	5413	5413	5413	5413	5413	1	-1	-1	5413	5413	5413	5413	5413
7149	5411	5411	5411	5411	5411	5411	5411	5411	5411	5411	5411	1	-1	-1	5411	5411	5411	5411	5411
7150	5413	5413	5413	5413	5413	5413	5413	5413	5413	5413	5413	1	-1	-1	5413	5413	5413	5413	5413
7151	5413	5413	5413	5413	5413	5413	5413	5413	5413	5413	5413	1	-1	-1	5413	5413	5413	5413	5413
7152	5413	5413	5413	5413	5413	5413	5413	5413	5413	5413	5413	1	-1	-1	5413	5413	5413	5413	5413
7153	5413	5413	5413	5413	5413	5413	5413	5413	5413	5413	5413	1	-1	-1	5413	5413	5413	5413	5413
7154	5411	5411	5411	5411	5411	5411	5411	5411	5411	5411	5411	1	-1	-1	5411	5411	5411	5411	5411
7155	5411	5411	5411	5411	5411	5411	5411	5411	5411	5411	5411	1	-1	-1	5411	5411	5411	5411	5411
7156	5411	5411	5411	5411	5411	5411	5411	5411	5411	5411	5411	1	-1	-1	5411	5411	5411	5411	5411
7157	5411	5411	5411	5411	5411	5411	5411	5411	5411	5411	5411	1	-1	-1	5411	5411	5411	5411	5411
7158	5411	5411	5411	5411	5411	5411	5411	5411	5411	5411	5411	1	-1	-1	5411	5411	5411	5411	5411
7159	5411	5411	5411	5411	5411	5411	5411	5411	5411	5411	5411	1	-1	-1	5411	5411	5411	5411	5411
7160	5411	5411	5411	5411	5411	5411	5411	5411	5411	5411	5411	1	-1	-1	5411	5411	5411	5411	5411
7161	5411	5411	5411	5411	5411	5411	5411	5411	5411	5411	5411	1	-1	-1	5411	5411	5411	5411	5411
7162	5411	5411	5411	5411	5411	5411	5411	5411	5411	5411	5411	1	-1	-1	5411	5411	5411	5411	5411
7163	5411	5411	5411	5411	5411	5411	5411	5411	5411	5411	5411	1	-1	-1	5411	5411	5411	5411	5411
7164	5411	5411	5411	5411	5411	5411	5411	5411	5411	5411	5411	1	-1	-1	5411	5411	5411	5411	5411
7165	5412	5412	5412	5412	5412	5412	5412	5412	5412	5412	5412	1	-1	-1	5412	5412	5412	5412	5412
7166	5412	5412	5412	5412	5412	5412	5412	5412	5412	5412	5412	1	-1	-1	5412	5412	5412	5412	5412
7167	5413	5413	5413	5413	5413	5413	5413	5413	5413	5413	5413	1	-1	-1	5413	5413	5413	5413	5413
7168	5413	5413	5413	5413	5413	5413	5413	5413	5413	5413	5413	1	-1	-1	5413	5413	5413	5413	5413
7169	5411	5411	5411	5411	5411	5411	5411	5411	5411	5411	5411	1	-1	-1	5411	5411	5411	5411	5411
7170	5411	5411	5411	5411	5411	5411	5411	5411	5411	5411	5411	1	-1	-1	5411	5411	5411	5411	5411
7171	5411	5411	5411	5411	5411	5411	5411	5411	5411	5411	5411	1	-1	-1	5411	5411	5411	5411	5411
7172	5413	5413	5413	5413	5413	5413	5413	5413	5413	5413	5413	1	-1	-1	5413	5413	5413	5413	5413
7173	5413	5413	5413	5413	5413	5413	5413	5413	5413	5413	5413	1	-1	-1	5413	5413	5413	5413	5413
7174	5411	5411	5411	5411	5411	5411	5411	5411	5411	5411	5411	1	-1	-1	5411	5411	5411	5411	5411
7175	5413	5413	5413	5413	5413	5413	5413	5413	5413	5413	5413	1	-1	-1	5413	5413	5413	5413	5413
7176	5413	5413	5413	5413	5413	5413	5413	5413	5413	5413	5413	1	-1	-1	5413	5413	5413	5413	5413
7177	5413	5413	5413	5413	5413	5413	5413	5413	5413	5413	5413	1	-1	-1	5413	5413	5413	5413	5413
7178	5413	5413	5413	5413	5413	5413	5413	5413	5413	5413	5413	1	-1	-1	5413	5413	5413	5413	5413
7179	5411	5411	5411	5411	5411	5411	5411	5411	5411	5411	5411	1	-1	-1	5411	5411	5411	5411	5411
7180	5411	5411	5411	5411	5411	5411	5411	5411	5411	5411	5411	1	-1	-1	5411	5411	5411	5411	5411
7181	5411	5411	5411	5411	5411	5411	5411	5411	5411	5411	5411	1	-1	-1	5411	5411	5411	5411	5411
7182	5411	5411	5411	5411	5411	5411	5411	5411	5411	5411	5411	1	-1	-1	5411	5411	5411	5411	5411
7183	5411	5411	5411	5411	5411	5411	5411	5411	5411	5411	5411	1	-1	-1	5411	5411	5411	5411	5411
7184	5411	5411	5411	5411	5411	5411	5411	5411	5411	5411	5411	1	-1	-1	5411	5411	5411	5411	5411
7185	5411	5411	5411	5411	5411	5411	5411	5411	5411	5411	5411	1	-1	-1	5411	5411	5411	5411	5411
7186	5411	5411	5411	5411	5411	5411	5411	5411	5411	5411	5411	1	-1	-1	5411	5411	5411	5411	5411
7187	5411	5411	5411	5411	5411	5411	5411	5411	5411	5411	5411	1	-1	-1	5411	5411	5411	5411	5411
7188	5411	5411	5411	5411	5411	5411	5411	5411	5411	5411	5411	1	-1	-1	5411	5411	5411	5411	5411
7189	4761	4762	4762	4762	4762	4762	4762	4762	4762	4762	4762	0	-1	-1	4762	4762	4762	4762	4762
7190	198	198	198	198	198	198	198	198	198	198	198	0	-1	-1	198	198	198	198	198
7191	199	199	199	199	199	199	199	199	199	199	199	0	-1	-1	199	199	199	199	199
7192	200	200	200	200	200	200	200	200	200	200	200	0	-1	-1	200	200	200	200	200
7193	4761	4762	4762	4762	4762	4762	4762	4762	4762	4762	4762	0	-1	-1	4762	4762	4762	4762	4762
7194	4761	4762	4762	4762	4762	4762	4762	4762	4762	4762	4762	0	-1	-1	4762	4762	4762	4762	4762
7195	198	198	198	198	198	198	198	198	198	198	198	0	-1	-1	198	198	198	198	198
7196	199	199	199	199	199	199	199	199	199	199	199	0	-1	-1	199	199	199	199	199
7197	200	200	200	200	200	200	200	200	200	200	200	0	-1	-1	200	200	200	200	200
7198	4761	4762	4762	4762	4762	4762	4762	4762	4762	4762	4762	0	-1	-1	4762	4762	4762	4762	4762
